2026-09-13 09:24:21 [argus.main] INFO ============================================================
2026-09-13 09:24:21 [argus.main] INFO ARGUS Security Engine — Phase 1/2/3: Process, System & Network Monitoring
2026-09-13 09:24:21 [argus.main] INFO ============================================================
2026-09-13 09:24:22 [argus.main] INFO API server is reachable at http://localhost:5000
2026-09-13 09:24:22 [argus.main] INFO Taking initial process snapshot...
2026-09-13 09:24:29 [argus.process_monitor.snapshot] INFO Snapshot collected: 285 processes
2026-09-13 09:24:29 [argus.main] INFO Snapshot: 285 processes (1 access-denied)
2026-09-13 09:24:29 [argus.process_monitor.watcher] INFO Poll loop starting — initial snapshot
2026-09-13 09:24:29 [argus.process_monitor.watcher] INFO Process watcher started (poll interval: 2.0s)
2026-09-13 09:24:29 [argus.system_monitor.watcher] INFO System monitor started (interval: 1.0s)
2026-09-13 09:24:29 [argus.network_monitor.watcher] INFO Network monitor started (interval: 3.0s)
2026-09-13 09:24:30 [argus.network_monitor.topology_watcher] INFO Network topology watcher started (interval: 3.0s)
2026-09-13 09:24:30 [argus.network_monitor.port_watcher] INFO Port intelligence watcher started (interval: 3.0s)
2026-09-13 09:24:30 [argus.file_monitor.watcher] INFO File monitor started (interval: 15.0s)
2026-09-13 09:24:30 [argus.main] INFO Engine running — process polling every 2000ms, telemetry every 1000ms, network/topology every 3000ms, ports every 3000ms, files every 15000ms
2026-09-13 09:24:30 [argus.main] INFO Press Ctrl+C to stop
2026-09-13 09:24:35 [argus.process_monitor.snapshot] INFO Snapshot collected: 287 processes
2026-09-13 09:24:35 [argus.process_monitor.watcher] INFO Initial snapshot: 287 processes tracked (1 access-denied)
2026-09-13 09:24:35 [argus.main] INFO EVENT: PROCESS_STARTED — PID 11172 (sapissvc.exe) parent=1360
2026-09-13 09:24:35 [argus.main] INFO EVENT: PROCESS_STARTED — PID 12760 (quickup.exe) parent=11712
2026-09-13 09:24:35 [argus.main] INFO EVENT: PROCESS_STARTED — PID 17064 (conhost.exe) parent=26900
2026-09-13 09:24:35 [argus.main] INFO EVENT: PROCESS_STARTED — PID 17184 (quickup.exe) parent=11712
2026-09-13 09:24:35 [argus.main] INFO EVENT: PROCESS_STARTED — PID 20524 (conhost.exe) parent=24228
2026-09-13 09:24:35 [argus.main] INFO EVENT: PROCESS_STARTED — PID 24228 (powershell.exe) parent=31368
2026-09-13 09:24:35 [argus.main] INFO EVENT: PROCESS_STARTED — PID 26900 (sapissvc.exe) parent=18788
2026-09-13 09:24:35 [argus.main] INFO EVENT: PROCESS_STARTED — PID 28984 (scanner.exe) parent=6328
2026-09-13 09:24:35 [argus.main] INFO EVENT: PROCESS_TERMINATED — PID 11712 (quickup.exe)
2026-09-13 09:24:37 [argus.main] INFO EVENT: PROCESS_STARTED — PID 14504 (conhost.exe) parent=21292
2026-09-13 09:24:37 [argus.main] INFO EVENT: PROCESS_STARTED — PID 21292 (sapissvc.exe) parent=18788
2026-09-13 09:24:39 [argus.file_monitor.scanner] INFO File scan: 4 roots, 15 candidates, 2 findings
2026-09-13 09:24:40 [argus.main] INFO EVENT: PROCESS_TERMINATED — PID 12760 (quickup.exe)
2026-09-13 09:24:40 [argus.main] INFO EVENT: PROCESS_TERMINATED — PID 20524 (conhost.exe)
2026-09-13 09:24:40 [argus.main] INFO EVENT: PROCESS_TERMINATED — PID 24228 (powershell.exe)
2026-09-13 09:24:44 [argus.main] INFO EVENT: PROCESS_TERMINATED — PID 17064 (conhost.exe)
2026-09-13 09:24:44 [argus.main] INFO EVENT: PROCESS_TERMINATED — PID 26900 (sapissvc.exe)
2026-09-13 09:24:46 [argus.main] INFO EVENT: PROCESS_TERMINATED — PID 17184 (quickup.exe)
2026-09-13 09:24:49 [argus.file_monitor.scanner] INFO File scan: 4 roots, 15 candidates, 2 findings
2026-09-13 09:25:03 [argus.file_monitor.scanner] INFO File scan: 4 roots, 15 candidates, 2 findings
2026-09-13 09:25:06 [argus.main] INFO EVENT: PROCESS_STARTED — PID 4556 (powershell.exe) parent=31368
2026-09-13 09:25:06 [argus.main] INFO EVENT: PROCESS_STARTED — PID 19968 (conhost.exe) parent=4556
2026-09-13 09:25:08 [argus.main] INFO EVENT: PROCESS_TERMINATED — PID 4556 (powershell.exe)
2026-09-13 09:25:08 [argus.main] INFO EVENT: PROCESS_TERMINATED — PID 19968 (conhost.exe)
2026-09-13 09:25:17 [argus.file_monitor.scanner] INFO File scan: 4 roots, 15 candidates, 2 findings
2026-09-13 09:25:22 [argus.main] INFO EVENT: PROCESS_STARTED — PID 2396 (ipconfig.exe) parent=31368
2026-09-13 09:25:22 [argus.main] INFO EVENT: PROCESS_STARTED — PID 12628 (conhost.exe) parent=2396
2026-09-13 09:25:24 [argus.main] INFO EVENT: PROCESS_TERMINATED — PID 2396 (ipconfig.exe)
2026-09-13 09:25:24 [argus.main] INFO EVENT: PROCESS_TERMINATED — PID 12628 (conhost.exe)
2026-09-13 09:25:32 [argus.file_monitor.scanner] INFO File scan: 4 roots, 15 candidates, 2 findings
2026-09-13 09:25:32 [argus.main] INFO EVENT: PROCESS_STARTED — PID 24340 (conhost.exe) parent=26768
2026-09-13 09:25:32 [argus.main] INFO EVENT: PROCESS_STARTED — PID 26768 (powershell.exe) parent=31368
2026-09-13 09:25:34 [argus.main] INFO EVENT: PROCESS_TERMINATED — PID 24340 (conhost.exe)
2026-09-13 09:25:34 [argus.main] INFO EVENT: PROCESS_TERMINATED — PID 26768 (powershell.exe)
2026-09-13 09:25:38 [argus.main] INFO EVENT: PROCESS_STARTED — PID 17672 (conhost.exe) parent=22592
2026-09-13 09:25:38 [argus.main] INFO EVENT: PROCESS_STARTED — PID 22592 (powershell.exe) parent=31368
2026-09-13 09:25:40 [argus.main] INFO EVENT: PROCESS_TERMINATED — PID 18788 (sapissvc.exe)
2026-09-13 09:25:40 [argus.main] INFO EVENT: PROCESS_TERMINATED — PID 14504 (conhost.exe)
2026-09-13 09:25:40 [argus.main] INFO EVENT: PROCESS_TERMINATED — PID 21292 (sapissvc.exe)
2026-09-13 09:25:40 [argus.main] INFO EVENT: PROCESS_TERMINATED — PID 17672 (conhost.exe)
2026-09-13 09:25:40 [argus.main] INFO EVENT: PROCESS_TERMINATED — PID 22592 (powershell.exe)
2026-09-13 09:25:42 [argus.main] INFO EVENT: PROCESS_STARTED — PID 4280 (qhpisvr.exe) parent=11172
2026-09-13 09:25:42 [argus.main] INFO EVENT: PROCESS_STARTED — PID 9056 (conhost.exe) parent=4280
2026-09-13 09:25:42 [argus.main] INFO EVENT: PROCESS_TERMINATED — PID 9100 (qhpisvr.exe)
2026-09-13 09:25:42 [argus.main] INFO EVENT: PROCESS_TERMINATED — PID 21644 (conhost.exe)
2026-09-13 09:25:46 [argus.file_monitor.scanner] INFO File scan: 4 roots, 15 candidates, 2 findings
2026-09-13 09:26:03 [argus.file_monitor.scanner] INFO File scan: 4 roots, 15 candidates, 2 findings
2026-09-13 09:26:09 [argus.main] INFO EVENT: PROCESS_STARTED — PID 7036 (powershell.exe) parent=31368
2026-09-13 09:26:09 [argus.main] INFO EVENT: PROCESS_STARTED — PID 12440 (conhost.exe) parent=7036
2026-09-13 09:26:11 [argus.main] INFO EVENT: PROCESS_STARTED — PID 27064 (dllhost.exe) parent=1596
2026-09-13 09:26:11 [argus.main] INFO EVENT: PROCESS_TERMINATED — PID 7036 (powershell.exe)
2026-09-13 09:26:11 [argus.main] INFO EVENT: PROCESS_TERMINATED — PID 12440 (conhost.exe)
2026-09-13 09:26:15 [argus.main] INFO EVENT: PROCESS_TERMINATED — PID 27064 (dllhost.exe)
2026-09-13 09:26:17 [argus.file_monitor.scanner] INFO File scan: 4 roots, 15 candidates, 2 findings
2026-09-13 09:26:21 [argus.main] INFO EVENT: PROCESS_STARTED — PID 13264 (dllhost.exe) parent=1596
2026-09-13 09:26:23 [argus.main] INFO EVENT: PROCESS_STARTED — PID 26912 (rundll32.exe) parent=1596
2026-09-13 09:26:25 [argus.main] INFO EVENT: PROCESS_TERMINATED — PID 13264 (dllhost.exe)
2026-09-13 09:26:25 [argus.main] INFO EVENT: PROCESS_TERMINATED — PID 26912 (rundll32.exe)
2026-09-13 09:26:27 [argus.main] INFO EVENT: PROCESS_STARTED — PID 25864 (dllhost.exe) parent=1596
2026-09-13 09:26:27 [argus.main] INFO EVENT: PROCESS_TERMINATED — PID 12176 (svchost.exe)
2026-09-13 09:26:31 [argus.main] INFO EVENT: PROCESS_STARTED — PID 8592 (conhost.exe) parent=15120
2026-09-13 09:26:32 [argus.file_monitor.scanner] INFO File scan: 4 roots, 15 candidates, 2 findings
2026-09-13 09:26:33 [argus.main] INFO EVENT: PROCESS_TERMINATED — PID 25864 (dllhost.exe)
2026-09-13 09:26:33 [argus.main] INFO EVENT: PROCESS_TERMINATED — PID 8592 (conhost.exe)
2026-09-13 09:26:35 [argus.main] INFO EVENT: PROCESS_STARTED — PID 7224 (conhost.exe) parent=9424
2026-09-13 09:26:35 [argus.main] INFO EVENT: PROCESS_STARTED — PID 9424 (powershell.exe) parent=31368
2026-09-13 09:26:37 [argus.main] INFO EVENT: PROCESS_STARTED — PID 26500 (svchost.exe) parent=1360
2026-09-13 09:26:37 [argus.main] INFO EVENT: PROCESS_STARTED — PID 28184 (dllhost.exe) parent=1596
2026-09-13 09:26:37 [argus.main] INFO EVENT: PROCESS_TERMINATED — PID 7224 (conhost.exe)
2026-09-13 09:26:37 [argus.main] INFO EVENT: PROCESS_TERMINATED — PID 9424 (powershell.exe)
2026-09-13 09:26:41 [argus.main] INFO EVENT: PROCESS_STARTED — PID 13176 (powershell.exe) parent=31368
2026-09-13 09:26:42 [argus.main] INFO EVENT: PROCESS_STARTED — PID 28280 (conhost.exe) parent=13176
2026-09-13 09:26:44 [argus.main] INFO EVENT: PROCESS_TERMINATED — PID 13176 (powershell.exe)
2026-09-13 09:26:44 [argus.main] INFO EVENT: PROCESS_TERMINATED — PID 28280 (conhost.exe)
2026-09-13 09:26:46 [argus.main] INFO EVENT: PROCESS_TERMINATED — PID 28184 (dllhost.exe)
2026-09-13 09:26:48 [argus.file_monitor.scanner] INFO File scan: 4 roots, 15 candidates, 2 findings
2026-09-13 09:27:01 [argus.file_monitor.scanner] INFO File scan: 4 roots, 15 candidates, 2 findings
2026-09-13 09:27:12 [argus.main] INFO EVENT: PROCESS_STARTED — PID 6680 (conhost.exe) parent=17388
2026-09-13 09:27:12 [argus.main] INFO EVENT: PROCESS_STARTED — PID 17388 (powershell.exe) parent=31368
2026-09-13 09:27:14 [argus.main] INFO EVENT: PROCESS_TERMINATED — PID 6680 (conhost.exe)
2026-09-13 09:27:14 [argus.main] INFO EVENT: PROCESS_TERMINATED — PID 17388 (powershell.exe)
2026-09-13 09:27:17 [argus.file_monitor.scanner] INFO File scan: 4 roots, 15 candidates, 2 findings
2026-09-13 09:27:22 [argus.main] INFO EVENT: PROCESS_STARTED — PID 14556 (conhost.exe) parent=16372
2026-09-13 09:27:24 [argus.main] INFO EVENT: PROCESS_TERMINATED — PID 14556 (conhost.exe)
2026-09-13 09:27:26 [argus.main] INFO EVENT: PROCESS_TERMINATED — PID 26500 (svchost.exe)
2026-09-13 09:27:32 [argus.file_monitor.scanner] INFO File scan: 4 roots, 15 candidates, 2 findings
2026-09-13 09:27:36 [argus.main] INFO EVENT: PROCESS_STARTED — PID 23056 (conhost.exe) parent=23084
2026-09-13 09:27:36 [argus.main] INFO EVENT: PROCESS_STARTED — PID 23084 (powershell.exe) parent=31368
2026-09-13 09:27:38 [argus.main] INFO EVENT: PROCESS_STARTED — PID 16320 (svchost.exe) parent=1360
2026-09-13 09:27:38 [argus.main] INFO EVENT: PROCESS_TERMINATED — PID 23056 (conhost.exe)
2026-09-13 09:27:38 [argus.main] INFO EVENT: PROCESS_TERMINATED — PID 23084 (powershell.exe)
2026-09-13 09:27:40 [argus.main] INFO EVENT: PROCESS_TERMINATED — PID 28984 (scanner.exe)
2026-09-13 09:27:44 [argus.main] INFO EVENT: PROCESS_STARTED — PID 12760 (conhost.exe) parent=12912
2026-09-13 09:27:44 [argus.main] INFO EVENT: PROCESS_STARTED — PID 12912 (powershell.exe) parent=31368
2026-09-13 09:27:46 [argus.main] INFO EVENT: PROCESS_TERMINATED — PID 12760 (conhost.exe)
2026-09-13 09:27:46 [argus.main] INFO EVENT: PROCESS_TERMINATED — PID 12912 (powershell.exe)
2026-09-13 09:27:47 [argus.file_monitor.scanner] INFO File scan: 4 roots, 15 candidates, 2 findings
2026-09-13 09:28:01 [argus.file_monitor.scanner] INFO File scan: 4 roots, 15 candidates, 2 findings
2026-09-13 09:28:16 [argus.file_monitor.scanner] INFO File scan: 4 roots, 15 candidates, 2 findings
2026-09-13 09:28:16 [argus.main] INFO EVENT: PROCESS_STARTED — PID 8600 (powershell.exe) parent=31368
2026-09-13 09:28:16 [argus.main] INFO EVENT: PROCESS_STARTED — PID 13440 (conhost.exe) parent=8600
2026-09-13 09:28:19 [argus.main] INFO EVENT: PROCESS_TERMINATED — PID 8600 (powershell.exe)
2026-09-13 09:28:19 [argus.main] INFO EVENT: PROCESS_TERMINATED — PID 13440 (conhost.exe)
2026-09-13 09:28:27 [argus.main] INFO EVENT: PROCESS_TERMINATED — PID 16320 (svchost.exe)
2026-09-13 09:28:31 [argus.main] INFO EVENT: PROCESS_STARTED — PID 10632 (svchost.exe) parent=1360
2026-09-13 09:28:31 [argus.file_monitor.scanner] INFO File scan: 4 roots, 15 candidates, 2 findings
2026-09-13 09:28:37 [argus.main] INFO EVENT: PROCESS_STARTED — PID 8220 (powershell.exe) parent=31368
2026-09-13 09:28:37 [argus.main] INFO EVENT: PROCESS_STARTED — PID 30096 (conhost.exe) parent=8220
2026-09-13 09:28:39 [argus.main] INFO EVENT: PROCESS_STARTED — PID 4820 (svchost.exe) parent=1360
2026-09-13 09:28:39 [argus.main] INFO EVENT: PROCESS_TERMINATED — PID 8220 (powershell.exe)
2026-09-13 09:28:39 [argus.main] INFO EVENT: PROCESS_TERMINATED — PID 30096 (conhost.exe)
2026-09-13 09:28:46 [argus.file_monitor.scanner] INFO File scan: 4 roots, 15 candidates, 2 findings
2026-09-13 09:28:49 [argus.main] INFO EVENT: PROCESS_STARTED — PID 20680 (powershell.exe) parent=31368
2026-09-13 09:28:49 [argus.main] INFO EVENT: PROCESS_STARTED — PID 28700 (conhost.exe) parent=20680
2026-09-13 09:28:51 [argus.main] INFO EVENT: PROCESS_TERMINATED — PID 20680 (powershell.exe)
2026-09-13 09:28:51 [argus.main] INFO EVENT: PROCESS_TERMINATED — PID 28700 (conhost.exe)
2026-09-13 09:29:01 [argus.file_monitor.scanner] INFO File scan: 4 roots, 15 candidates, 2 findings
2026-09-13 09:29:05 [argus.main] INFO EVENT: PROCESS_STARTED — PID 10228 (ActionsServer.exe) parent=2996
2026-09-13 09:29:05 [argus.main] INFO EVENT: PROCESS_STARTED — PID 18672 (taskhostw.exe) parent=2996
2026-09-13 09:29:07 [argus.main] INFO EVENT: PROCESS_STARTED — PID 17916 (MoUsoCoreWorker.exe) parent=2476
2026-09-13 09:29:07 [argus.main] INFO EVENT: PROCESS_STARTED — PID 21724 (svchost.exe) parent=1360
2026-09-13 09:29:07 [argus.main] INFO EVENT: PROCESS_STARTED — PID 29724 (ActionsServer.exe) parent=2996
2026-09-13 09:29:07 [argus.main] INFO EVENT: PROCESS_TERMINATED — PID 10228 (ActionsServer.exe)
2026-09-13 09:29:09 [argus.main] INFO EVENT: PROCESS_TERMINATED — PID 18672 (taskhostw.exe)
2026-09-13 09:29:09 [argus.main] INFO EVENT: PROCESS_TERMINATED — PID 29724 (ActionsServer.exe)
2026-09-13 09:29:16 [argus.file_monitor.scanner] INFO File scan: 4 roots, 15 candidates, 2 findings
2026-09-13 09:29:17 [argus.main] INFO EVENT: PROCESS_STARTED — PID 5012 (<unknown-pid-5012>) parent=none
2026-09-13 09:29:19 [argus.main] INFO EVENT: PROCESS_TERMINATED — PID 5012 (<unknown-pid-5012>)
2026-09-13 09:29:21 [argus.main] INFO EVENT: PROCESS_STARTED — PID 14372 (conhost.exe) parent=15676
2026-09-13 09:29:21 [argus.main] INFO EVENT: PROCESS_STARTED — PID 15676 (powershell.exe) parent=31368
2026-09-13 09:29:21 [argus.main] INFO EVENT: PROCESS_TERMINATED — PID 28032 (svchost.exe)
2026-09-13 09:29:23 [argus.main] INFO EVENT: PROCESS_TERMINATED — PID 14372 (conhost.exe)
2026-09-13 09:29:23 [argus.main] INFO EVENT: PROCESS_TERMINATED — PID 15676 (powershell.exe)
2026-09-13 09:29:26 [argus.main] INFO EVENT: PROCESS_STARTED — PID 7940 (chrome.exe) parent=20496
2026-09-13 09:29:26 [argus.main] INFO EVENT: PROCESS_STARTED — PID 19184 (chrome.exe) parent=20496
2026-09-13 09:29:26 [argus.main] INFO EVENT: PROCESS_TERMINATED — PID 4820 (svchost.exe)
2026-09-13 09:29:28 [argus.main] INFO EVENT: PROCESS_STARTED — PID 1576 (chrome.exe) parent=20496
2026-09-13 09:29:28 [argus.main] INFO EVENT: PROCESS_STARTED — PID 3756 (chrome.exe) parent=20496
2026-09-13 09:29:28 [argus.main] INFO EVENT: PROCESS_STARTED — PID 24292 (chrome.exe) parent=20496
2026-09-13 09:29:30 [argus.main] INFO EVENT: PROCESS_TERMINATED — PID 7616 (chrome.exe)
2026-09-13 09:29:30 [argus.main] INFO EVENT: PROCESS_TERMINATED — PID 7940 (chrome.exe)
2026-09-13 09:29:30 [argus.main] INFO EVENT: PROCESS_TERMINATED — PID 19184 (chrome.exe)
2026-09-13 09:29:31 [argus.file_monitor.scanner] INFO File scan: 4 roots, 15 candidates, 2 findings
2026-09-13 09:29:36 [argus.main] INFO EVENT: PROCESS_TERMINATED — PID 19580 (smartscreen.exe)
2026-09-13 09:29:38 [argus.main] INFO EVENT: PROCESS_STARTED — PID 4676 (powershell.exe) parent=31368
2026-09-13 09:29:38 [argus.main] INFO EVENT: PROCESS_STARTED — PID 6636 (conhost.exe) parent=4676
2026-09-13 09:29:40 [argus.main] INFO EVENT: PROCESS_STARTED — PID 23976 (svchost.exe) parent=1360
2026-09-13 09:29:40 [argus.main] INFO EVENT: PROCESS_TERMINATED — PID 4676 (powershell.exe)
2026-09-13 09:29:40 [argus.main] INFO EVENT: PROCESS_TERMINATED — PID 6636 (conhost.exe)
2026-09-13 09:29:46 [argus.main] INFO EVENT: PROCESS_STARTED — PID 21680 (chrome.exe) parent=20496
2026-09-13 09:29:46 [argus.file_monitor.scanner] INFO File scan: 4 roots, 15 candidates, 2 findings
2026-09-13 09:29:48 [argus.main] INFO EVENT: PROCESS_TERMINATED — PID 1576 (chrome.exe)
2026-09-13 09:29:52 [argus.main] INFO EVENT: PROCESS_STARTED — PID 1952 (ipconfig.exe) parent=31368
2026-09-13 09:29:54 [argus.main] INFO EVENT: PROCESS_TERMINATED — PID 1952 (ipconfig.exe)
2026-09-13 09:30:01 [argus.file_monitor.scanner] INFO File scan: 4 roots, 15 candidates, 2 findings
2026-09-13 09:30:08 [argus.main] INFO EVENT: PROCESS_TERMINATED — PID 17916 (MoUsoCoreWorker.exe)
2026-09-13 09:30:16 [argus.file_monitor.scanner] INFO File scan: 4 roots, 15 candidates, 2 findings
2026-09-13 09:30:26 [argus.main] INFO EVENT: PROCESS_TERMINATED — PID 23976 (svchost.exe)
2026-09-13 09:30:31 [argus.file_monitor.scanner] INFO File scan: 4 roots, 15 candidates, 2 findings
2026-09-13 09:30:40 [argus.main] INFO EVENT: PROCESS_STARTED — PID 1324 (conhost.exe) parent=3808
2026-09-13 09:30:40 [argus.main] INFO EVENT: PROCESS_STARTED — PID 3808 (powershell.exe) parent=31368
2026-09-13 09:30:40 [argus.main] INFO EVENT: PROCESS_STARTED — PID 31456 (svchost.exe) parent=1360
2026-09-13 09:30:42 [argus.main] INFO EVENT: PROCESS_TERMINATED — PID 1324 (conhost.exe)
2026-09-13 09:30:42 [argus.main] INFO EVENT: PROCESS_TERMINATED — PID 3808 (powershell.exe)
2026-09-13 09:30:46 [argus.file_monitor.scanner] INFO File scan: 4 roots, 15 candidates, 2 findings
2026-09-13 09:30:57 [argus.main] INFO EVENT: PROCESS_STARTED — PID 17768 (conhost.exe) parent=30780
2026-09-13 09:30:57 [argus.main] INFO EVENT: PROCESS_STARTED — PID 30780 (<unknown-pid-30780>) parent=none
2026-09-13 09:30:59 [argus.main] INFO EVENT: PROCESS_TERMINATED — PID 17768 (conhost.exe)
2026-09-13 09:30:59 [argus.main] INFO EVENT: PROCESS_TERMINATED — PID 30780 (<unknown-pid-30780>)
2026-09-13 09:31:01 [argus.file_monitor.scanner] INFO File scan: 4 roots, 15 candidates, 2 findings
2026-09-13 09:31:16 [argus.file_monitor.scanner] INFO File scan: 4 roots, 15 candidates, 2 findings
2026-09-13 09:31:27 [argus.main] INFO EVENT: PROCESS_TERMINATED — PID 31456 (svchost.exe)
2026-09-13 09:31:31 [argus.file_monitor.scanner] INFO File scan: 4 roots, 15 candidates, 2 findings
2026-09-13 09:31:41 [argus.main] INFO EVENT: PROCESS_STARTED — PID 8600 (powershell.exe) parent=31368
2026-09-13 09:31:41 [argus.main] INFO EVENT: PROCESS_STARTED — PID 24784 (conhost.exe) parent=8600
2026-09-13 09:31:43 [argus.main] INFO EVENT: PROCESS_STARTED — PID 21868 (svchost.exe) parent=1360
2026-09-13 09:31:43 [argus.main] INFO EVENT: PROCESS_TERMINATED — PID 8600 (powershell.exe)
2026-09-13 09:31:43 [argus.main] INFO EVENT: PROCESS_TERMINATED — PID 24784 (conhost.exe)
2026-09-13 09:31:45 [argus.main] INFO EVENT: PROCESS_TERMINATED — PID 13516 (svchost.exe)
2026-09-13 09:31:46 [argus.file_monitor.scanner] INFO File scan: 4 roots, 15 candidates, 2 findings
2026-09-13 09:32:01 [argus.main] INFO EVENT: PROCESS_STARTED — PID 1684 (conhost.exe) parent=14460
2026-09-13 09:32:01 [argus.main] INFO EVENT: PROCESS_STARTED — PID 14460 (powershell.exe) parent=31368
2026-09-13 09:32:01 [argus.file_monitor.scanner] INFO File scan: 4 roots, 15 candidates, 2 findings
2026-09-13 09:32:03 [argus.main] INFO EVENT: PROCESS_TERMINATED — PID 1684 (conhost.exe)
2026-09-13 09:32:03 [argus.main] INFO EVENT: PROCESS_TERMINATED — PID 14460 (powershell.exe)
2026-09-13 09:32:07 [argus.main] INFO EVENT: PROCESS_STARTED — PID 428 (backgroundTaskHost.exe) parent=1596
2026-09-13 09:32:07 [argus.main] INFO EVENT: PROCESS_STARTED — PID 9360 (HPSAAppLauncher.exe) parent=3748
2026-09-13 09:32:07 [argus.main] INFO EVENT: PROCESS_STARTED — PID 9720 (RuntimeBroker.exe) parent=1596
2026-09-13 09:32:07 [argus.main] INFO EVENT: PROCESS_STARTED — PID 26516 (OfficeC2RClient.exe) parent=2996
2026-09-13 09:32:07 [argus.main] INFO EVENT: PROCESS_STARTED — PID 26768 (backgroundTaskHost.exe) parent=1596
2026-09-13 09:32:07 [argus.main] INFO EVENT: PROCESS_TERMINATED — PID 21724 (svchost.exe)
2026-09-13 09:32:09 [argus.main] INFO EVENT: PROCESS_STARTED — PID 17456 (HPUpdate.exe) parent=9360
2026-09-13 09:32:09 [argus.main] INFO EVENT: PROCESS_TERMINATED — PID 26516 (OfficeC2RClient.exe)
2026-09-13 09:32:11 [argus.main] INFO EVENT: PROCESS_TERMINATED — PID 9360 (HPSAAppLauncher.exe)
2026-09-13 09:32:11 [argus.main] INFO EVENT: PROCESS_TERMINATED — PID 17456 (HPUpdate.exe)
2026-09-13 09:32:15 [argus.main] INFO EVENT: PROCESS_STARTED — PID 14672 (dllhost.exe) parent=1596
2026-09-13 09:32:15 [argus.main] INFO EVENT: PROCESS_STARTED — PID 24464 (dllhost.exe) parent=1596
2026-09-13 09:32:16 [argus.file_monitor.scanner] INFO File scan: 4 roots, 15 candidates, 2 findings
2026-09-13 09:32:23 [argus.main] INFO EVENT: PROCESS_TERMINATED — PID 14672 (dllhost.exe)
2026-09-13 09:32:24 [argus.main] INFO EVENT: PROCESS_TERMINATED — PID 24464 (dllhost.exe)
2026-09-13 09:32:26 [argus.main] INFO EVENT: PROCESS_TERMINATED — PID 21868 (svchost.exe)
2026-09-13 09:32:31 [argus.file_monitor.scanner] INFO File scan: 4 roots, 15 candidates, 2 findings
2026-09-13 09:32:34 [argus.main] INFO EVENT: PROCESS_STARTED — PID 8604 (conhost.exe) parent=22712
2026-09-13 09:32:34 [argus.main] INFO EVENT: PROCESS_STARTED — PID 22712 (powershell.exe) parent=31368
2026-09-13 09:32:36 [argus.main] INFO EVENT: PROCESS_TERMINATED — PID 8604 (conhost.exe)
2026-09-13 09:32:36 [argus.main] INFO EVENT: PROCESS_TERMINATED — PID 22712 (powershell.exe)
2026-09-13 09:32:42 [argus.main] INFO EVENT: PROCESS_STARTED — PID 2256 (powershell.exe) parent=31368
2026-09-13 09:32:42 [argus.main] INFO EVENT: PROCESS_STARTED — PID 25848 (conhost.exe) parent=2256
2026-09-13 09:32:44 [argus.main] INFO EVENT: PROCESS_STARTED — PID 780 (svchost.exe) parent=1360
2026-09-13 09:32:44 [argus.main] INFO EVENT: PROCESS_TERMINATED — PID 2256 (powershell.exe)
2026-09-13 09:32:44 [argus.main] INFO EVENT: PROCESS_TERMINATED — PID 25848 (conhost.exe)
2026-09-13 09:32:46 [argus.file_monitor.scanner] INFO File scan: 4 roots, 15 candidates, 2 findings
2026-09-13 09:33:01 [argus.file_monitor.scanner] INFO File scan: 4 roots, 15 candidates, 2 findings
2026-09-13 09:33:06 [argus.main] INFO EVENT: PROCESS_STARTED — PID 28668 (<unknown-pid-28668>) parent=none
2026-09-13 09:33:06 [argus.main] INFO EVENT: PROCESS_TERMINATED — PID 428 (backgroundTaskHost.exe)
2026-09-13 09:33:08 [argus.main] INFO EVENT: PROCESS_TERMINATED — PID 28668 (<unknown-pid-28668>)
2026-09-13 09:33:12 [argus.main] INFO EVENT: PROCESS_TERMINATED — PID 26768 (backgroundTaskHost.exe)
2026-09-13 09:33:16 [argus.file_monitor.scanner] INFO File scan: 4 roots, 15 candidates, 2 findings
2026-09-13 09:33:26 [argus.main] INFO EVENT: PROCESS_TERMINATED — PID 780 (svchost.exe)
2026-09-13 09:33:31 [argus.file_monitor.scanner] INFO File scan: 4 roots, 15 candidates, 2 findings
2026-09-13 09:33:38 [argus.main] INFO EVENT: PROCESS_STARTED — PID 13156 (conhost.exe) parent=29924
2026-09-13 09:33:38 [argus.main] INFO EVENT: PROCESS_STARTED — PID 29924 (powershell.exe) parent=31368
2026-09-13 09:33:40 [argus.main] INFO EVENT: PROCESS_TERMINATED — PID 13156 (conhost.exe)
2026-09-13 09:33:40 [argus.main] INFO EVENT: PROCESS_TERMINATED — PID 29924 (powershell.exe)
2026-09-13 09:33:42 [argus.main] INFO EVENT: PROCESS_STARTED — PID 14320 (powershell.exe) parent=31368
2026-09-13 09:33:42 [argus.main] INFO EVENT: PROCESS_STARTED — PID 16448 (conhost.exe) parent=14320
2026-09-13 09:33:42 [argus.main] INFO EVENT: PROCESS_STARTED — PID 17068 (chrome.exe) parent=20496
2026-09-13 09:33:42 [argus.main] INFO EVENT: PROCESS_STARTED — PID 25480 (chrome.exe) parent=20496
2026-09-13 09:33:42 [argus.main] INFO EVENT: PROCESS_TERMINATED — PID 9720 (RuntimeBroker.exe)
2026-09-13 09:33:44 [argus.main] INFO EVENT: PROCESS_STARTED — PID 22468 (chrome.exe) parent=20496
2026-09-13 09:33:44 [argus.main] INFO EVENT: PROCESS_STARTED — PID 23028 (svchost.exe) parent=1360
2026-09-13 09:33:44 [argus.main] INFO EVENT: PROCESS_STARTED — PID 23864 (chrome.exe) parent=20496
2026-09-13 09:33:45 [argus.main] INFO EVENT: PROCESS_TERMINATED — PID 14320 (powershell.exe)
2026-09-13 09:33:45 [argus.main] INFO EVENT: PROCESS_TERMINATED — PID 16448 (conhost.exe)
2026-09-13 09:33:46 [argus.file_monitor.scanner] INFO File scan: 4 roots, 15 candidates, 2 findings
2026-09-13 09:33:47 [argus.main] INFO EVENT: PROCESS_TERMINATED — PID 21680 (chrome.exe)
2026-09-13 09:33:47 [argus.main] INFO EVENT: PROCESS_TERMINATED — PID 25480 (chrome.exe)
2026-09-13 09:33:49 [argus.main] INFO EVENT: PROCESS_STARTED — PID 13460 (chrome.exe) parent=20496
2026-09-13 09:33:49 [argus.main] INFO EVENT: PROCESS_STARTED — PID 17300 (chrome.exe) parent=20496
2026-09-13 09:33:51 [argus.main] INFO EVENT: PROCESS_STARTED — PID 7912 (chrome.exe) parent=20496
2026-09-13 09:33:51 [argus.main] INFO EVENT: PROCESS_TERMINATED — PID 22468 (chrome.exe)
2026-09-13 09:33:53 [argus.main] INFO EVENT: PROCESS_STARTED — PID 14740 (chrome.exe) parent=20496
2026-09-13 09:33:53 [argus.main] INFO EVENT: PROCESS_TERMINATED — PID 17300 (chrome.exe)
2026-09-13 09:34:01 [argus.file_monitor.scanner] INFO File scan: 4 roots, 15 candidates, 2 findings
2026-09-13 09:34:05 [argus.main] INFO EVENT: PROCESS_TERMINATED — PID 14252 (PhoneExperienceHost.exe)
2026-09-13 09:34:16 [argus.file_monitor.scanner] INFO File scan: 4 roots, 15 candidates, 2 findings
2026-09-13 09:34:27 [argus.main] INFO EVENT: PROCESS_TERMINATED — PID 23028 (svchost.exe)
2026-09-13 09:34:29 [argus.main] INFO EVENT: PROCESS_STARTED — PID 13108 (chrome.exe) parent=20496
2026-09-13 09:34:31 [argus.file_monitor.scanner] INFO File scan: 4 roots, 15 candidates, 2 findings
2026-09-13 09:34:43 [argus.main] INFO EVENT: PROCESS_STARTED — PID 19408 (conhost.exe) parent=20612
2026-09-13 09:34:43 [argus.main] INFO EVENT: PROCESS_STARTED — PID 20612 (powershell.exe) parent=31368
2026-09-13 09:34:45 [argus.main] INFO EVENT: PROCESS_TERMINATED — PID 19408 (conhost.exe)
2026-09-13 09:34:45 [argus.main] INFO EVENT: PROCESS_TERMINATED — PID 20612 (powershell.exe)
2026-09-13 09:34:46 [argus.file_monitor.scanner] INFO File scan: 4 roots, 15 candidates, 2 findings
2026-09-13 09:34:47 [argus.main] INFO EVENT: PROCESS_STARTED — PID 17288 (conhost.exe) parent=24432
2026-09-13 09:34:47 [argus.main] INFO EVENT: PROCESS_STARTED — PID 24432 (powershell.exe) parent=31368
2026-09-13 09:34:49 [argus.main] INFO EVENT: PROCESS_STARTED — PID 24240 (svchost.exe) parent=1360
2026-09-13 09:34:49 [argus.main] INFO EVENT: PROCESS_TERMINATED — PID 17288 (conhost.exe)
2026-09-13 09:34:49 [argus.main] INFO EVENT: PROCESS_TERMINATED — PID 24432 (powershell.exe)
2026-09-13 09:35:01 [argus.file_monitor.scanner] INFO File scan: 4 roots, 15 candidates, 2 findings
2026-09-13 09:35:16 [argus.file_monitor.scanner] INFO File scan: 4 roots, 15 candidates, 2 findings
2026-09-13 09:35:26 [argus.main] INFO EVENT: PROCESS_TERMINATED — PID 24240 (svchost.exe)
2026-09-13 09:35:31 [argus.file_monitor.scanner] INFO File scan: 4 roots, 15 candidates, 2 findings
2026-09-13 09:35:46 [argus.file_monitor.scanner] INFO File scan: 4 roots, 15 candidates, 2 findings
2026-09-13 09:35:48 [argus.main] INFO EVENT: PROCESS_STARTED — PID 23708 (conhost.exe) parent=31332
2026-09-13 09:35:48 [argus.main] INFO EVENT: PROCESS_STARTED — PID 31332 (powershell.exe) parent=31368
2026-09-13 09:35:50 [argus.main] INFO EVENT: PROCESS_STARTED — PID 6076 (powershell.exe) parent=31368
2026-09-13 09:35:50 [argus.main] INFO EVENT: PROCESS_STARTED — PID 14236 (svchost.exe) parent=1360
2026-09-13 09:35:50 [argus.main] INFO EVENT: PROCESS_STARTED — PID 19916 (conhost.exe) parent=6076
2026-09-13 09:35:50 [argus.main] INFO EVENT: PROCESS_TERMINATED — PID 23708 (conhost.exe)
2026-09-13 09:35:50 [argus.main] INFO EVENT: PROCESS_TERMINATED — PID 31332 (powershell.exe)
2026-09-13 09:35:52 [argus.main] INFO EVENT: PROCESS_TERMINATED — PID 6076 (powershell.exe)
2026-09-13 09:35:52 [argus.main] INFO EVENT: PROCESS_TERMINATED — PID 19916 (conhost.exe)
2026-09-13 09:36:01 [argus.file_monitor.scanner] INFO File scan: 4 roots, 15 candidates, 2 findings
2026-09-13 09:36:16 [argus.main] INFO EVENT: PROCESS_TERMINATED — PID 23864 (chrome.exe)
2026-09-13 09:36:16 [argus.main] INFO EVENT: PROCESS_TERMINATED — PID 13460 (chrome.exe)
2026-09-13 09:36:16 [argus.main] INFO EVENT: PROCESS_TERMINATED — PID 7912 (chrome.exe)
2026-09-13 09:36:16 [argus.main] INFO EVENT: PROCESS_TERMINATED — PID 14740 (chrome.exe)
2026-09-13 09:36:16 [argus.file_monitor.scanner] INFO File scan: 4 roots, 15 candidates, 2 findings
2026-09-13 09:36:22 [argus.main] INFO EVENT: PROCESS_STARTED — PID 22536 (powershell.exe) parent=31368
2026-09-13 09:36:22 [argus.main] INFO EVENT: PROCESS_STARTED — PID 23044 (conhost.exe) parent=22536
2026-09-13 09:36:24 [argus.main] INFO EVENT: PROCESS_TERMINATED — PID 22536 (powershell.exe)
2026-09-13 09:36:24 [argus.main] INFO EVENT: PROCESS_TERMINATED — PID 23044 (conhost.exe)
2026-09-13 09:36:26 [argus.main] INFO EVENT: PROCESS_STARTED — PID 20752 (chrome.exe) parent=20496
2026-09-13 09:36:26 [argus.main] INFO EVENT: PROCESS_STARTED — PID 27760 (chrome.exe) parent=20496
2026-09-13 09:36:26 [argus.main] INFO EVENT: PROCESS_TERMINATED — PID 13108 (chrome.exe)
2026-09-13 09:36:26 [argus.main] INFO EVENT: PROCESS_TERMINATED — PID 14236 (svchost.exe)
2026-09-13 09:36:30 [argus.main] INFO EVENT: PROCESS_TERMINATED — PID 20752 (chrome.exe)
2026-09-13 09:36:31 [argus.file_monitor.scanner] INFO File scan: 4 roots, 15 candidates, 2 findings
2026-09-13 09:36:36 [argus.main] INFO EVENT: PROCESS_STARTED — PID 8504 (chrome.exe) parent=20496
2026-09-13 09:36:46 [argus.file_monitor.scanner] INFO File scan: 4 roots, 15 candidates, 2 findings
2026-09-13 09:36:48 [argus.main] INFO EVENT: PROCESS_STARTED — PID 12928 (conhost.exe) parent=28924
2026-09-13 09:36:48 [argus.main] INFO EVENT: PROCESS_STARTED — PID 28924 (powershell.exe) parent=31368
2026-09-13 09:36:51 [argus.main] INFO EVENT: PROCESS_STARTED — PID 23512 (svchost.exe) parent=1360
2026-09-13 09:36:51 [argus.main] INFO EVENT: PROCESS_TERMINATED — PID 12928 (conhost.exe)
2026-09-13 09:36:51 [argus.main] INFO EVENT: PROCESS_TERMINATED — PID 28924 (powershell.exe)
2026-09-13 09:37:02 [argus.file_monitor.scanner] INFO File scan: 4 roots, 15 candidates, 2 findings
2026-09-13 09:37:16 [argus.file_monitor.scanner] INFO File scan: 4 roots, 15 candidates, 2 findings
2026-09-13 09:37:23 [argus.main] INFO EVENT: PROCESS_STARTED — PID 12796 (OpenConsole.exe) parent=1596
2026-09-13 09:37:23 [argus.main] INFO EVENT: PROCESS_STARTED — PID 15192 (smartscreen.exe) parent=1596
2026-09-13 09:37:23 [argus.main] INFO EVENT: PROCESS_STARTED — PID 20668 (WindowsTerminal.exe) parent=1596
2026-09-13 09:37:23 [argus.main] INFO EVENT: PROCESS_STARTED — PID 25008 (conhost.exe) parent=30772
2026-09-13 09:37:23 [argus.main] INFO EVENT: PROCESS_STARTED — PID 29864 (RuntimeBroker.exe) parent=1596
2026-09-13 09:37:23 [argus.main] INFO EVENT: PROCESS_STARTED — PID 30544 (svchost.exe) parent=1360
2026-09-13 09:37:23 [argus.main] INFO EVENT: PROCESS_STARTED — PID 30772 (cmd.exe) parent=25620
2026-09-13 09:37:25 [argus.main] INFO EVENT: PROCESS_STARTED — PID 1616 (OpenConsole.exe) parent=20668
2026-09-13 09:37:25 [argus.main] INFO EVENT: PROCESS_STARTED — PID 9076 (taskhostw.exe) parent=2996
2026-09-13 09:37:25 [argus.main] INFO EVENT: PROCESS_STARTED — PID 10932 (powershell.exe) parent=31368
2026-09-13 09:37:25 [argus.main] INFO EVENT: PROCESS_STARTED — PID 13548 (conhost.exe) parent=10932
2026-09-13 09:37:25 [argus.main] INFO EVENT: PROCESS_STARTED — PID 24764 (powershell.exe) parent=20668
2026-09-13 09:37:27 [argus.main] INFO EVENT: PROCESS_STARTED — PID 29704 (sppsvc.exe) parent=1360
2026-09-13 09:37:27 [argus.main] INFO EVENT: PROCESS_TERMINATED — PID 23512 (svchost.exe)
2026-09-13 09:37:27 [argus.main] INFO EVENT: PROCESS_TERMINATED — PID 12796 (OpenConsole.exe)
2026-09-13 09:37:27 [argus.main] INFO EVENT: PROCESS_TERMINATED — PID 25008 (conhost.exe)
2026-09-13 09:37:27 [argus.main] INFO EVENT: PROCESS_TERMINATED — PID 30772 (cmd.exe)
2026-09-13 09:37:27 [argus.main] INFO EVENT: PROCESS_TERMINATED — PID 10932 (powershell.exe)
2026-09-13 09:37:27 [argus.main] INFO EVENT: PROCESS_TERMINATED — PID 13548 (conhost.exe)
2026-09-13 09:37:29 [argus.main] INFO EVENT: PROCESS_TERMINATED — PID 9076 (taskhostw.exe)
2026-09-13 09:37:31 [argus.file_monitor.scanner] INFO File scan: 4 roots, 15 candidates, 2 findings
2026-09-13 09:37:46 [argus.file_monitor.scanner] INFO File scan: 4 roots, 15 candidates, 2 findings
2026-09-13 09:37:51 [argus.main] INFO EVENT: PROCESS_STARTED — PID 2936 (powershell.exe) parent=31368
2026-09-13 09:37:51 [argus.main] INFO EVENT: PROCESS_STARTED — PID 24384 (conhost.exe) parent=2936
2026-09-13 09:37:53 [argus.main] INFO EVENT: PROCESS_STARTED — PID 28468 (svchost.exe) parent=1360
2026-09-13 09:37:53 [argus.main] INFO EVENT: PROCESS_TERMINATED — PID 2936 (powershell.exe)
2026-09-13 09:37:53 [argus.main] INFO EVENT: PROCESS_TERMINATED — PID 24384 (conhost.exe)
2026-09-13 09:37:56 [argus.main] INFO EVENT: PROCESS_STARTED — PID 5904 (powershell.exe) parent=31368
2026-09-13 09:37:56 [argus.main] INFO EVENT: PROCESS_STARTED — PID 16568 (conhost.exe) parent=5904
2026-09-13 09:37:58 [argus.main] INFO EVENT: PROCESS_TERMINATED — PID 29704 (sppsvc.exe)
2026-09-13 09:37:58 [argus.main] INFO EVENT: PROCESS_TERMINATED — PID 5904 (powershell.exe)
2026-09-13 09:37:58 [argus.main] INFO EVENT: PROCESS_TERMINATED — PID 16568 (conhost.exe)
2026-09-13 09:38:01 [argus.file_monitor.scanner] INFO File scan: 4 roots, 15 candidates, 2 findings
2026-09-13 09:38:04 [argus.main] INFO EVENT: PROCESS_STARTED — PID 7100 (git.exe) parent=24764
2026-09-13 09:38:04 [argus.main] INFO EVENT: PROCESS_STARTED — PID 29632 (<unknown-pid-29632>) parent=none
2026-09-13 09:38:04 [argus.main] INFO EVENT: PROCESS_TERMINATED — PID 29864 (RuntimeBroker.exe)
2026-09-13 09:38:06 [argus.main] INFO EVENT: PROCESS_TERMINATED — PID 7100 (git.exe)
2026-09-13 09:38:06 [argus.main] INFO EVENT: PROCESS_TERMINATED — PID 29632 (<unknown-pid-29632>)
2026-09-13 09:38:10 [argus.main] INFO EVENT: PROCESS_STARTED — PID 16272 (git-remote-https.exe) parent=30976
2026-09-13 09:38:10 [argus.main] INFO EVENT: PROCESS_STARTED — PID 16336 (git.exe) parent=24764
2026-09-13 09:38:10 [argus.main] INFO EVENT: PROCESS_STARTED — PID 24784 (git.exe) parent=16336
2026-09-13 09:38:10 [argus.main] INFO EVENT: PROCESS_STARTED — PID 30976 (git.exe) parent=24784
2026-09-13 09:38:12 [argus.main] INFO EVENT: PROCESS_STARTED — PID 5668 (git.exe) parent=16272
2026-09-13 09:38:14 [argus.main] INFO EVENT: PROCESS_TERMINATED — PID 16272 (git-remote-https.exe)
2026-09-13 09:38:14 [argus.main] INFO EVENT: PROCESS_TERMINATED — PID 16336 (git.exe)
2026-09-13 09:38:14 [argus.main] INFO EVENT: PROCESS_TERMINATED — PID 24784 (git.exe)
2026-09-13 09:38:14 [argus.main] INFO EVENT: PROCESS_TERMINATED — PID 30976 (git.exe)
2026-09-13 09:38:14 [argus.main] INFO EVENT: PROCESS_TERMINATED — PID 5668 (git.exe)
2026-09-13 09:38:16 [argus.file_monitor.scanner] INFO File scan: 4 roots, 15 candidates, 2 findings
2026-09-13 09:38:26 [argus.main] INFO EVENT: PROCESS_TERMINATED — PID 30544 (svchost.exe)
2026-09-13 09:38:28 [argus.main] INFO EVENT: PROCESS_STARTED — PID 2016 (powershell.exe) parent=31368
2026-09-13 09:38:28 [argus.main] INFO EVENT: PROCESS_STARTED — PID 26916 (conhost.exe) parent=2016
2026-09-13 09:38:30 [argus.main] INFO EVENT: PROCESS_TERMINATED — PID 10632 (svchost.exe)
2026-09-13 09:38:30 [argus.main] INFO EVENT: PROCESS_TERMINATED — PID 2016 (powershell.exe)
2026-09-13 09:38:30 [argus.main] INFO EVENT: PROCESS_TERMINATED — PID 26916 (conhost.exe)
2026-09-13 09:38:31 [argus.file_monitor.scanner] INFO File scan: 4 roots, 15 candidates, 2 findings
2026-09-13 09:38:42 [argus.main] INFO EVENT: PROCESS_TERMINATED — PID 20668 (WindowsTerminal.exe)
2026-09-13 09:38:42 [argus.main] INFO EVENT: PROCESS_TERMINATED — PID 1616 (OpenConsole.exe)
2026-09-13 09:38:42 [argus.main] INFO EVENT: PROCESS_TERMINATED — PID 24764 (powershell.exe)
2026-09-13 09:38:46 [argus.file_monitor.scanner] INFO File scan: 4 roots, 15 candidates, 2 findings
2026-09-13 09:38:52 [argus.main] INFO EVENT: PROCESS_STARTED — PID 7396 (conhost.exe) parent=22596
2026-09-13 09:38:52 [argus.main] INFO EVENT: PROCESS_STARTED — PID 22596 (powershell.exe) parent=31368
2026-09-13 09:38:55 [argus.main] INFO EVENT: PROCESS_TERMINATED — PID 7396 (conhost.exe)
2026-09-13 09:38:55 [argus.main] INFO EVENT: PROCESS_TERMINATED — PID 22596 (powershell.exe)
2026-09-13 09:39:01 [argus.main] INFO EVENT: PROCESS_STARTED — PID 18708 (conhost.exe) parent=22224
2026-09-13 09:39:01 [argus.main] INFO EVENT: PROCESS_STARTED — PID 22224 (powershell.exe) parent=31368
2026-09-13 09:39:01 [argus.file_monitor.scanner] INFO File scan: 4 roots, 15 candidates, 2 findings
2026-09-13 09:39:03 [argus.main] INFO EVENT: PROCESS_TERMINATED — PID 18708 (conhost.exe)
2026-09-13 09:39:03 [argus.main] INFO EVENT: PROCESS_TERMINATED — PID 22224 (powershell.exe)
2026-09-13 09:39:09 [argus.main] INFO EVENT: PROCESS_TERMINATED — PID 10648 (svchost.exe)
2026-09-13 09:39:16 [argus.file_monitor.scanner] INFO File scan: 4 roots, 15 candidates, 2 findings
2026-09-13 09:39:27 [argus.main] INFO EVENT: PROCESS_STARTED — PID 14740 (<unknown-pid-14740>) parent=none
2026-09-13 09:39:29 [argus.main] INFO EVENT: PROCESS_TERMINATED — PID 14740 (<unknown-pid-14740>)
2026-09-13 09:39:31 [argus.file_monitor.scanner] INFO File scan: 4 roots, 15 candidates, 2 findings
2026-09-13 09:39:37 [argus.main] INFO EVENT: PROCESS_STARTED — PID 21632 (chrome.exe) parent=20496
2026-09-13 09:39:39 [argus.main] INFO EVENT: PROCESS_STARTED — PID 2404 (chrome.exe) parent=20496
2026-09-13 09:39:39 [argus.main] INFO EVENT: PROCESS_STARTED — PID 5548 (chrome.exe) parent=20496
2026-09-13 09:39:39 [argus.main] INFO EVENT: PROCESS_STARTED — PID 23644 (chrome.exe) parent=20496
2026-09-13 09:39:41 [argus.main] INFO EVENT: PROCESS_TERMINATED — PID 8504 (chrome.exe)
2026-09-13 09:39:41 [argus.main] INFO EVENT: PROCESS_TERMINATED — PID 21632 (chrome.exe)
2026-09-13 09:39:41 [argus.main] INFO EVENT: PROCESS_TERMINATED — PID 5548 (chrome.exe)
2026-09-13 09:39:43 [argus.main] INFO EVENT: PROCESS_STARTED — PID 25884 (chrome.exe) parent=20496
2026-09-13 09:39:45 [argus.main] INFO EVENT: PROCESS_STARTED — PID 8924 (chrome.exe) parent=20496
2026-09-13 09:39:45 [argus.main] INFO EVENT: PROCESS_TERMINATED — PID 2404 (chrome.exe)
2026-09-13 09:39:45 [argus.main] INFO EVENT: PROCESS_TERMINATED — PID 23644 (chrome.exe)
2026-09-13 09:39:45 [argus.main] INFO EVENT: PROCESS_TERMINATED — PID 25884 (chrome.exe)
2026-09-13 09:39:47 [argus.file_monitor.scanner] INFO File scan: 4 roots, 15 candidates, 2 findings
2026-09-13 09:39:47 [argus.main] INFO EVENT: PROCESS_STARTED — PID 17192 (chrome.exe) parent=20496
2026-09-13 09:39:53 [argus.main] INFO EVENT: PROCESS_STARTED — PID 12928 (powershell.exe) parent=31368
2026-09-13 09:39:54 [argus.main] INFO EVENT: PROCESS_STARTED — PID 15600 (conhost.exe) parent=12928
2026-09-13 09:39:56 [argus.main] INFO EVENT: PROCESS_TERMINATED — PID 12928 (powershell.exe)
2026-09-13 09:39:56 [argus.main] INFO EVENT: PROCESS_TERMINATED — PID 15600 (conhost.exe)
2026-09-13 09:40:01 [argus.file_monitor.scanner] INFO File scan: 4 roots, 15 candidates, 2 findings
2026-09-13 09:40:06 [argus.main] INFO EVENT: PROCESS_STARTED — PID 27872 (conhost.exe) parent=29232
2026-09-13 09:40:06 [argus.main] INFO EVENT: PROCESS_STARTED — PID 29232 (powershell.exe) parent=31368
2026-09-13 09:40:08 [argus.main] INFO EVENT: PROCESS_TERMINATED — PID 27872 (conhost.exe)
2026-09-13 09:40:08 [argus.main] INFO EVENT: PROCESS_TERMINATED — PID 29232 (powershell.exe)
2026-09-13 09:40:10 [argus.main] INFO EVENT: PROCESS_STARTED — PID 24232 (chrome.exe) parent=20496
2026-09-13 09:40:10 [argus.main] INFO EVENT: PROCESS_STARTED — PID 28060 (chrome.exe) parent=20496
2026-09-13 09:40:10 [argus.main] INFO EVENT: PROCESS_TERMINATED — PID 17192 (chrome.exe)
2026-09-13 09:40:12 [argus.main] INFO EVENT: PROCESS_STARTED — PID 6528 (chrome.exe) parent=20496
2026-09-13 09:40:16 [argus.file_monitor.scanner] INFO File scan: 4 roots, 15 candidates, 2 findings
2026-09-13 09:40:26 [argus.main] INFO EVENT: PROCESS_TERMINATED — PID 24232 (chrome.exe)
2026-09-13 09:40:26 [argus.main] INFO EVENT: PROCESS_TERMINATED — PID 28060 (chrome.exe)
2026-09-13 09:40:30 [argus.main] INFO EVENT: PROCESS_STARTED — PID 15444 (ShellExperienceHost.exe) parent=1596
2026-09-13 09:40:30 [argus.main] INFO EVENT: PROCESS_STARTED — PID 25828 (RuntimeBroker.exe) parent=1596
2026-09-13 09:40:32 [argus.file_monitor.scanner] INFO File scan: 4 roots, 15 candidates, 2 findings
2026-09-13 09:40:32 [argus.main] INFO EVENT: PROCESS_STARTED — PID 23056 (chrome.exe) parent=20496
2026-09-13 09:40:32 [argus.main] INFO EVENT: PROCESS_STARTED — PID 28012 (chrome.exe) parent=20496
2026-09-13 09:40:32 [argus.main] INFO EVENT: PROCESS_TERMINATED — PID 6528 (chrome.exe)
2026-09-13 09:40:34 [argus.main] INFO EVENT: PROCESS_STARTED — PID 2744 (svchost.exe) parent=1360
2026-09-13 09:40:34 [argus.main] INFO EVENT: PROCESS_STARTED — PID 11488 (chrome.exe) parent=20496
2026-09-13 09:40:34 [argus.main] INFO EVENT: PROCESS_STARTED — PID 12192 (chrome.exe) parent=20496
2026-09-13 09:40:34 [argus.main] INFO EVENT: PROCESS_STARTED — PID 15708 (chrome.exe) parent=20496
2026-09-13 09:40:35 [argus.main] INFO EVENT: PROCESS_STARTED — PID 18236 (chrome.exe) parent=20496
2026-09-13 09:40:35 [argus.main] INFO EVENT: PROCESS_STARTED — PID 24420 (svchost.exe) parent=1360
2026-09-13 09:40:35 [argus.main] INFO EVENT: PROCESS_STARTED — PID 27716 (chrome.exe) parent=20496
2026-09-13 09:40:35 [argus.main] INFO EVENT: PROCESS_STARTED — PID 28908 (chrome.exe) parent=20496
2026-09-13 09:40:35 [argus.main] INFO EVENT: PROCESS_TERMINATED — PID 23056 (chrome.exe)
2026-09-13 09:40:35 [argus.main] INFO EVENT: PROCESS_TERMINATED — PID 28012 (chrome.exe)
2026-09-13 09:40:37 [argus.main] INFO EVENT: PROCESS_STARTED — PID 9424 (chrome.exe) parent=20496
2026-09-13 09:40:37 [argus.main] INFO EVENT: PROCESS_STARTED — PID 24516 (chrome.exe) parent=20496
2026-09-13 09:40:39 [argus.main] INFO EVENT: PROCESS_STARTED — PID 8044 (conhost.exe) parent=30856
2026-09-13 09:40:39 [argus.main] INFO EVENT: PROCESS_STARTED — PID 30856 (powershell.exe) parent=31368
2026-09-13 09:40:41 [argus.main] INFO EVENT: PROCESS_TERMINATED — PID 8044 (conhost.exe)
2026-09-13 09:40:41 [argus.main] INFO EVENT: PROCESS_TERMINATED — PID 30856 (powershell.exe)
2026-09-13 09:40:43 [argus.main] INFO EVENT: PROCESS_TERMINATED — PID 11488 (chrome.exe)
2026-09-13 09:40:43 [argus.main] INFO EVENT: PROCESS_TERMINATED — PID 18236 (chrome.exe)
2026-09-13 09:40:45 [argus.main] INFO EVENT: PROCESS_STARTED — PID 2156 (chrome.exe) parent=20496
2026-09-13 09:40:45 [argus.main] INFO EVENT: PROCESS_STARTED — PID 5904 (chrome.exe) parent=20496
2026-09-13 09:40:45 [argus.main] INFO EVENT: PROCESS_STARTED — PID 7036 (chrome.exe) parent=20496
2026-09-13 09:40:47 [argus.file_monitor.scanner] INFO File scan: 4 roots, 15 candidates, 2 findings
2026-09-13 09:40:47 [argus.main] INFO EVENT: PROCESS_STARTED — PID 26852 (chrome.exe) parent=20496
2026-09-13 09:40:47 [argus.main] INFO EVENT: PROCESS_TERMINATED — PID 15708 (chrome.exe)
2026-09-13 09:40:47 [argus.main] INFO EVENT: PROCESS_TERMINATED — PID 24516 (chrome.exe)
2026-09-13 09:40:47 [argus.main] INFO EVENT: PROCESS_TERMINATED — PID 2156 (chrome.exe)
2026-09-13 09:40:47 [argus.main] INFO EVENT: PROCESS_TERMINATED — PID 5904 (chrome.exe)
2026-09-13 09:40:51 [argus.main] INFO EVENT: PROCESS_TERMINATED — PID 8924 (chrome.exe)
2026-09-13 09:40:55 [argus.main] INFO EVENT: PROCESS_STARTED — PID 25044 (powershell.exe) parent=31368
2026-09-13 09:40:55 [argus.main] INFO EVENT: PROCESS_STARTED — PID 26636 (conhost.exe) parent=25044
2026-09-13 09:40:55 [argus.main] INFO EVENT: PROCESS_TERMINATED — PID 28468 (svchost.exe)
2026-09-13 09:40:58 [argus.main] INFO EVENT: PROCESS_STARTED — PID 22604 (svchost.exe) parent=1360
2026-09-13 09:40:58 [argus.main] INFO EVENT: PROCESS_TERMINATED — PID 25044 (powershell.exe)
2026-09-13 09:40:58 [argus.main] INFO EVENT: PROCESS_TERMINATED — PID 26636 (conhost.exe)
2026-09-13 09:41:01 [argus.file_monitor.scanner] INFO File scan: 4 roots, 15 candidates, 2 findings
2026-09-13 09:41:04 [argus.main] INFO EVENT: PROCESS_TERMINATED — PID 27716 (chrome.exe)
2026-09-13 09:41:08 [argus.main] INFO EVENT: PROCESS_STARTED — PID 9156 (chrome.exe) parent=20496
2026-09-13 09:41:10 [argus.main] INFO EVENT: PROCESS_STARTED — PID 10128 (chrome.exe) parent=20496
2026-09-13 09:41:10 [argus.main] INFO EVENT: PROCESS_STARTED — PID 29208 (chrome.exe) parent=20496
2026-09-13 09:41:10 [argus.main] INFO EVENT: PROCESS_TERMINATED — PID 26852 (chrome.exe)
2026-09-13 09:41:12 [argus.main] INFO EVENT: PROCESS_STARTED — PID 2344 (powershell.exe) parent=31368
2026-09-13 09:41:12 [argus.main] INFO EVENT: PROCESS_STARTED — PID 22560 (conhost.exe) parent=2344
2026-09-13 09:41:14 [argus.main] INFO EVENT: PROCESS_TERMINATED — PID 2344 (powershell.exe)
2026-09-13 09:41:14 [argus.main] INFO EVENT: PROCESS_TERMINATED — PID 22560 (conhost.exe)
2026-09-13 09:41:16 [argus.file_monitor.scanner] INFO File scan: 4 roots, 15 candidates, 2 findings
2026-09-13 09:41:31 [argus.file_monitor.scanner] INFO File scan: 4 roots, 15 candidates, 2 findings
2026-09-13 09:41:44 [argus.main] INFO EVENT: PROCESS_STARTED — PID 9872 (conhost.exe) parent=28100
2026-09-13 09:41:44 [argus.main] INFO EVENT: PROCESS_STARTED — PID 28100 (powershell.exe) parent=31368
2026-09-13 09:41:46 [argus.file_monitor.scanner] INFO File scan: 4 roots, 15 candidates, 2 findings
2026-09-13 09:41:46 [argus.main] INFO EVENT: PROCESS_TERMINATED — PID 9872 (conhost.exe)
2026-09-13 09:41:46 [argus.main] INFO EVENT: PROCESS_TERMINATED — PID 28100 (powershell.exe)
2026-09-13 09:41:56 [argus.main] INFO EVENT: PROCESS_TERMINATED — PID 22604 (svchost.exe)
2026-09-13 09:41:58 [argus.main] INFO EVENT: PROCESS_STARTED — PID 5892 (powershell.exe) parent=31368
2026-09-13 09:41:58 [argus.main] INFO EVENT: PROCESS_STARTED — PID 27980 (conhost.exe) parent=5892
2026-09-13 09:42:00 [argus.main] INFO EVENT: PROCESS_STARTED — PID 22188 (svchost.exe) parent=1360
2026-09-13 09:42:00 [argus.main] INFO EVENT: PROCESS_TERMINATED — PID 5892 (powershell.exe)
2026-09-13 09:42:00 [argus.main] INFO EVENT: PROCESS_TERMINATED — PID 27980 (conhost.exe)
2026-09-13 09:42:01 [argus.file_monitor.scanner] INFO File scan: 4 roots, 15 candidates, 2 findings
2026-09-13 09:42:13 [argus.main] INFO EVENT: PROCESS_STARTED — PID 20904 (WhatsApp.Root.exe) parent=1596
2026-09-13 09:42:15 [argus.main] INFO EVENT: PROCESS_STARTED — PID 12908 (svchost.exe) parent=1360
2026-09-13 09:42:15 [argus.main] INFO EVENT: PROCESS_STARTED — PID 31200 (RuntimeBroker.exe) parent=1596
2026-09-13 09:42:15 [argus.main] INFO EVENT: PROCESS_TERMINATED — PID 29912 (svchost.exe)
2026-09-13 09:42:16 [argus.file_monitor.scanner] INFO File scan: 4 roots, 15 candidates, 2 findings
2026-09-13 09:42:31 [argus.file_monitor.scanner] INFO File scan: 4 roots, 15 candidates, 2 findings
2026-09-13 09:42:35 [argus.main] INFO EVENT: PROCESS_TERMINATED — PID 24420 (svchost.exe)
2026-09-13 09:42:46 [argus.file_monitor.scanner] INFO File scan: 4 roots, 15 candidates, 2 findings
2026-09-13 09:42:49 [argus.main] INFO EVENT: PROCESS_STARTED — PID 13864 (conhost.exe) parent=19400
2026-09-13 09:42:49 [argus.main] INFO EVENT: PROCESS_STARTED — PID 19400 (powershell.exe) parent=31368
2026-09-13 09:42:51 [argus.main] INFO EVENT: PROCESS_TERMINATED — PID 13864 (conhost.exe)
2026-09-13 09:42:51 [argus.main] INFO EVENT: PROCESS_TERMINATED — PID 19400 (powershell.exe)
2026-09-13 09:42:57 [argus.main] INFO EVENT: PROCESS_TERMINATED — PID 22188 (svchost.exe)
2026-09-13 09:42:59 [argus.main] INFO EVENT: PROCESS_STARTED — PID 19680 (conhost.exe) parent=21304
2026-09-13 09:42:59 [argus.main] INFO EVENT: PROCESS_STARTED — PID 21304 (powershell.exe) parent=31368
2026-09-13 09:43:01 [argus.main] INFO EVENT: PROCESS_STARTED — PID 26056 (svchost.exe) parent=1360
2026-09-13 09:43:01 [argus.main] INFO EVENT: PROCESS_TERMINATED — PID 19680 (conhost.exe)
2026-09-13 09:43:01 [argus.main] INFO EVENT: PROCESS_TERMINATED — PID 21304 (powershell.exe)
2026-09-13 09:43:02 [argus.file_monitor.scanner] INFO File scan: 4 roots, 15 candidates, 2 findings
2026-09-13 09:43:16 [argus.file_monitor.scanner] INFO File scan: 4 roots, 15 candidates, 2 findings
2026-09-13 09:43:21 [argus.main] INFO EVENT: PROCESS_STARTED — PID 16428 (conhost.exe) parent=25452
2026-09-13 09:43:21 [argus.main] INFO EVENT: PROCESS_STARTED — PID 25452 (powershell.exe) parent=31368
2026-09-13 09:43:23 [argus.main] INFO EVENT: PROCESS_TERMINATED — PID 16428 (conhost.exe)
2026-09-13 09:43:23 [argus.main] INFO EVENT: PROCESS_TERMINATED — PID 25452 (powershell.exe)
2026-09-13 09:43:31 [argus.main] INFO EVENT: PROCESS_TERMINATED — PID 12192 (chrome.exe)
2026-09-13 09:43:31 [argus.main] INFO EVENT: PROCESS_TERMINATED — PID 28908 (chrome.exe)
2026-09-13 09:43:31 [argus.main] INFO EVENT: PROCESS_TERMINATED — PID 9424 (chrome.exe)
2026-09-13 09:43:31 [argus.main] INFO EVENT: PROCESS_TERMINATED — PID 7036 (chrome.exe)
2026-09-13 09:43:31 [argus.main] INFO EVENT: PROCESS_TERMINATED — PID 9156 (chrome.exe)
2026-09-13 09:43:31 [argus.main] INFO EVENT: PROCESS_TERMINATED — PID 10128 (chrome.exe)
2026-09-13 09:43:31 [argus.main] INFO EVENT: PROCESS_TERMINATED — PID 29208 (chrome.exe)
2026-09-13 09:43:32 [argus.file_monitor.scanner] INFO File scan: 4 roots, 15 candidates, 2 findings
2026-09-13 09:43:35 [argus.main] INFO EVENT: PROCESS_STARTED — PID 19100 (chrome.exe) parent=20496
2026-09-13 09:43:35 [argus.main] INFO EVENT: PROCESS_STARTED — PID 24200 (chrome.exe) parent=20496
2026-09-13 09:43:43 [argus.main] INFO EVENT: PROCESS_STARTED — PID 25132 (chrome.exe) parent=20496
2026-09-13 09:43:43 [argus.main] INFO EVENT: PROCESS_STARTED — PID 26732 (chrome.exe) parent=20496
2026-09-13 09:43:45 [argus.main] INFO EVENT: PROCESS_TERMINATED — PID 19100 (chrome.exe)
2026-09-13 09:43:46 [argus.file_monitor.scanner] INFO File scan: 4 roots, 15 candidates, 2 findings
2026-09-13 09:43:54 [argus.main] INFO EVENT: PROCESS_STARTED — PID 13888 (chrome.exe) parent=20496
2026-09-13 09:43:54 [argus.main] INFO EVENT: PROCESS_STARTED — PID 17500 (powershell.exe) parent=31368
2026-09-13 09:43:54 [argus.main] INFO EVENT: PROCESS_STARTED — PID 25528 (svchost.exe) parent=1360
2026-09-13 09:43:54 [argus.main] INFO EVENT: PROCESS_STARTED — PID 29652 (conhost.exe) parent=17500
2026-09-13 09:43:56 [argus.main] INFO EVENT: PROCESS_STARTED — PID 2156 (chrome.exe) parent=20496
2026-09-13 09:43:56 [argus.main] INFO EVENT: PROCESS_STARTED — PID 8004 (chrome.exe) parent=20496
2026-09-13 09:43:56 [argus.main] INFO EVENT: PROCESS_STARTED — PID 12708 (chrome.exe) parent=20496
2026-09-13 09:43:56 [argus.main] INFO EVENT: PROCESS_STARTED — PID 15708 (chrome.exe) parent=20496
2026-09-13 09:43:56 [argus.main] INFO EVENT: PROCESS_TERMINATED — PID 26056 (svchost.exe)
2026-09-13 09:43:56 [argus.main] INFO EVENT: PROCESS_TERMINATED — PID 25132 (chrome.exe)
2026-09-13 09:43:56 [argus.main] INFO EVENT: PROCESS_TERMINATED — PID 26732 (chrome.exe)
2026-09-13 09:43:56 [argus.main] INFO EVENT: PROCESS_TERMINATED — PID 17500 (powershell.exe)
2026-09-13 09:43:56 [argus.main] INFO EVENT: PROCESS_TERMINATED — PID 29652 (conhost.exe)
2026-09-13 09:43:58 [argus.main] INFO EVENT: PROCESS_STARTED — PID 23496 (chrome.exe) parent=20496
2026-09-13 09:43:58 [argus.main] INFO EVENT: PROCESS_TERMINATED — PID 2156 (chrome.exe)
2026-09-13 09:43:58 [argus.main] INFO EVENT: PROCESS_TERMINATED — PID 8004 (chrome.exe)
2026-09-13 09:43:58 [argus.main] INFO EVENT: PROCESS_TERMINATED — PID 15708 (chrome.exe)
2026-09-13 09:44:02 [argus.main] INFO EVENT: PROCESS_STARTED — PID 16400 (conhost.exe) parent=25116
2026-09-13 09:44:03 [argus.main] INFO EVENT: PROCESS_STARTED — PID 25116 (powershell.exe) parent=31368
2026-09-13 09:44:03 [argus.file_monitor.scanner] INFO File scan: 4 roots, 15 candidates, 2 findings
2026-09-13 09:44:05 [argus.main] INFO EVENT: PROCESS_STARTED — PID 13548 (svchost.exe) parent=1360
2026-09-13 09:44:05 [argus.main] INFO EVENT: PROCESS_TERMINATED — PID 16400 (conhost.exe)
2026-09-13 09:44:05 [argus.main] INFO EVENT: PROCESS_TERMINATED — PID 25116 (powershell.exe)
2026-09-13 09:44:09 [argus.main] INFO EVENT: PROCESS_STARTED — PID 12324 (chrome.exe) parent=20496
2026-09-13 09:44:11 [argus.main] INFO EVENT: PROCESS_TERMINATED — PID 23496 (chrome.exe)
2026-09-13 09:44:17 [argus.main] INFO EVENT: PROCESS_STARTED — PID 2692 (chrome.exe) parent=20496
2026-09-13 09:44:18 [argus.file_monitor.scanner] INFO File scan: 4 roots, 15 candidates, 2 findings
2026-09-13 09:44:19 [argus.main] INFO EVENT: PROCESS_STARTED — PID 2760 (chrome.exe) parent=20496
2026-09-13 09:44:19 [argus.main] INFO EVENT: PROCESS_STARTED — PID 18260 (chrome.exe) parent=20496
2026-09-13 09:44:19 [argus.main] INFO EVENT: PROCESS_TERMINATED — PID 12324 (chrome.exe)
2026-09-13 09:44:27 [argus.main] INFO EVENT: PROCESS_STARTED — PID 2756 (powershell.exe) parent=31368
2026-09-13 09:44:27 [argus.main] INFO EVENT: PROCESS_STARTED — PID 11200 (conhost.exe) parent=2756
2026-09-13 09:44:29 [argus.main] INFO EVENT: PROCESS_TERMINATED — PID 2756 (powershell.exe)
2026-09-13 09:44:29 [argus.main] INFO EVENT: PROCESS_TERMINATED — PID 11200 (conhost.exe)
2026-09-13 09:44:31 [argus.file_monitor.scanner] INFO File scan: 4 roots, 15 candidates, 2 findings
2026-09-13 09:44:33 [argus.main] INFO EVENT: PROCESS_TERMINATED — PID 13888 (chrome.exe)
2026-09-13 09:44:33 [argus.main] INFO EVENT: PROCESS_TERMINATED — PID 12708 (chrome.exe)
2026-09-13 09:44:33 [argus.main] INFO EVENT: PROCESS_TERMINATED — PID 2692 (chrome.exe)
2026-09-13 09:44:33 [argus.main] INFO EVENT: PROCESS_TERMINATED — PID 2760 (chrome.exe)
2026-09-13 09:44:33 [argus.main] INFO EVENT: PROCESS_TERMINATED — PID 18260 (chrome.exe)
2026-09-13 09:44:37 [argus.main] INFO EVENT: PROCESS_STARTED — PID 17108 (chrome.exe) parent=20496
2026-09-13 09:44:37 [argus.main] INFO EVENT: PROCESS_STARTED — PID 18672 (chrome.exe) parent=20496
2026-09-13 09:44:42 [argus.main] INFO EVENT: PROCESS_STARTED — PID 12520 (chrome.exe) parent=20496
2026-09-13 09:44:42 [argus.main] INFO EVENT: PROCESS_STARTED — PID 15588 (chrome.exe) parent=20496
2026-09-13 09:44:42 [argus.main] INFO EVENT: PROCESS_STARTED — PID 25836 (chrome.exe) parent=20496
2026-09-13 09:44:42 [argus.main] INFO EVENT: PROCESS_TERMINATED — PID 18672 (chrome.exe)
2026-09-13 09:44:44 [argus.main] INFO EVENT: PROCESS_STARTED — PID 4456 (chrome.exe) parent=20496
2026-09-13 09:44:44 [argus.main] INFO EVENT: PROCESS_STARTED — PID 29504 (chrome.exe) parent=20496
2026-09-13 09:44:44 [argus.main] INFO EVENT: PROCESS_TERMINATED — PID 17108 (chrome.exe)
2026-09-13 09:44:46 [argus.main] INFO EVENT: PROCESS_STARTED — PID 5188 (chrome.exe) parent=20496
2026-09-13 09:44:46 [argus.main] INFO EVENT: PROCESS_STARTED — PID 10000 (chrome.exe) parent=20496
2026-09-13 09:44:46 [argus.main] INFO EVENT: PROCESS_STARTED — PID 18256 (chrome.exe) parent=20496
2026-09-13 09:44:46 [argus.main] INFO EVENT: PROCESS_STARTED — PID 30788 (chrome.exe) parent=20496
2026-09-13 09:44:46 [argus.file_monitor.scanner] INFO File scan: 4 roots, 15 candidates, 2 findings
2026-09-13 09:44:48 [argus.main] INFO EVENT: PROCESS_TERMINATED — PID 15588 (chrome.exe)
2026-09-13 09:44:48 [argus.main] INFO EVENT: PROCESS_TERMINATED — PID 25836 (chrome.exe)
2026-09-13 09:44:50 [argus.main] INFO EVENT: PROCESS_TERMINATED — PID 30788 (chrome.exe)
2026-09-13 09:44:56 [argus.main] INFO EVENT: PROCESS_TERMINATED — PID 13548 (svchost.exe)
2026-09-13 09:44:58 [argus.main] INFO EVENT: PROCESS_STARTED — PID 7856 (chrome.exe) parent=20496
2026-09-13 09:44:58 [argus.main] INFO EVENT: PROCESS_TERMINATED — PID 10000 (chrome.exe)
2026-09-13 09:45:02 [argus.file_monitor.scanner] INFO File scan: 4 roots, 15 candidates, 2 findings
2026-09-13 09:45:04 [argus.main] INFO EVENT: PROCESS_STARTED — PID 18124 (chrome.exe) parent=20496
2026-09-13 09:45:04 [argus.main] INFO EVENT: PROCESS_STARTED — PID 31660 (chrome.exe) parent=20496
2026-09-13 09:45:04 [argus.main] INFO EVENT: PROCESS_TERMINATED — PID 7856 (chrome.exe)
2026-09-13 09:45:06 [argus.main] INFO EVENT: PROCESS_STARTED — PID 7876 (powershell.exe) parent=31368
2026-09-13 09:45:06 [argus.main] INFO EVENT: PROCESS_STARTED — PID 29756 (conhost.exe) parent=7876
2026-09-13 09:45:07 [argus.main] INFO EVENT: PROCESS_STARTED — PID 30556 (chrome.exe) parent=20496
2026-09-13 09:45:09 [argus.main] INFO EVENT: PROCESS_STARTED — PID 18064 (svchost.exe) parent=1360
2026-09-13 09:45:09 [argus.main] INFO EVENT: PROCESS_TERMINATED — PID 7876 (powershell.exe)
2026-09-13 09:45:09 [argus.main] INFO EVENT: PROCESS_TERMINATED — PID 29756 (conhost.exe)
2026-09-13 09:45:13 [argus.main] INFO EVENT: PROCESS_TERMINATED — PID 29504 (chrome.exe)
2026-09-13 09:45:17 [argus.file_monitor.scanner] INFO File scan: 4 roots, 15 candidates, 2 findings
2026-09-13 09:45:17 [argus.main] INFO EVENT: PROCESS_TERMINATED — PID 12520 (chrome.exe)
2026-09-13 09:45:17 [argus.main] INFO EVENT: PROCESS_TERMINATED — PID 4456 (chrome.exe)
2026-09-13 09:45:17 [argus.main] INFO EVENT: PROCESS_TERMINATED — PID 5188 (chrome.exe)
2026-09-13 09:45:17 [argus.main] INFO EVENT: PROCESS_TERMINATED — PID 18256 (chrome.exe)
2026-09-13 09:45:17 [argus.main] INFO EVENT: PROCESS_TERMINATED — PID 18124 (chrome.exe)
2026-09-13 09:45:17 [argus.main] INFO EVENT: PROCESS_TERMINATED — PID 31660 (chrome.exe)
2026-09-13 09:45:17 [argus.main] INFO EVENT: PROCESS_TERMINATED — PID 30556 (chrome.exe)
2026-09-13 09:45:23 [argus.main] INFO EVENT: PROCESS_STARTED — PID 11580 (chrome.exe) parent=20496
2026-09-13 09:45:23 [argus.main] INFO EVENT: PROCESS_STARTED — PID 19056 (chrome.exe) parent=20496
2026-09-13 09:45:23 [argus.main] INFO EVENT: PROCESS_STARTED — PID 25104 (chrome.exe) parent=20496
2026-09-13 09:45:23 [argus.main] INFO EVENT: PROCESS_STARTED — PID 25152 (chrome.exe) parent=20496
2026-09-13 09:45:23 [argus.main] INFO EVENT: PROCESS_STARTED — PID 27312 (chrome.exe) parent=20496
2026-09-13 09:45:25 [argus.main] INFO EVENT: PROCESS_STARTED — PID 17892 (chrome.exe) parent=20496
2026-09-13 09:45:25 [argus.main] INFO EVENT: PROCESS_TERMINATED — PID 19056 (chrome.exe)
2026-09-13 09:45:27 [argus.main] INFO EVENT: PROCESS_STARTED — PID 7532 (conhost.exe) parent=25824
2026-09-13 09:45:27 [argus.main] INFO EVENT: PROCESS_STARTED — PID 25824 (powershell.exe) parent=31368
2026-09-13 09:45:29 [argus.main] INFO EVENT: PROCESS_STARTED — PID 10892 (chrome.exe) parent=20496
2026-09-13 09:45:29 [argus.main] INFO EVENT: PROCESS_STARTED — PID 16832 (chrome.exe) parent=20496
2026-09-13 09:45:29 [argus.main] INFO EVENT: PROCESS_TERMINATED — PID 7532 (conhost.exe)
2026-09-13 09:45:29 [argus.main] INFO EVENT: PROCESS_TERMINATED — PID 25824 (powershell.exe)
2026-09-13 09:45:31 [argus.main] INFO EVENT: PROCESS_STARTED — PID 22916 (chrome.exe) parent=20496
2026-09-13 09:45:31 [argus.main] INFO EVENT: PROCESS_TERMINATED — PID 11580 (chrome.exe)
2026-09-13 09:45:31 [argus.main] INFO EVENT: PROCESS_TERMINATED — PID 27312 (chrome.exe)
2026-09-13 09:45:31 [argus.main] INFO EVENT: PROCESS_TERMINATED — PID 10892 (chrome.exe)
2026-09-13 09:45:31 [argus.main] INFO EVENT: PROCESS_TERMINATED — PID 16832 (chrome.exe)
2026-09-13 09:45:32 [argus.file_monitor.scanner] INFO File scan: 4 roots, 15 candidates, 2 findings
2026-09-13 09:45:41 [argus.main] INFO EVENT: PROCESS_STARTED — PID 30468 (chrome.exe) parent=20496
2026-09-13 09:45:43 [argus.main] INFO EVENT: PROCESS_TERMINATED — PID 22916 (chrome.exe)
2026-09-13 09:45:47 [argus.file_monitor.scanner] INFO File scan: 4 roots, 15 candidates, 2 findings
2026-09-13 09:45:48 [argus.main] INFO EVENT: PROCESS_STARTED — PID 2828 (chrome.exe) parent=20496
2026-09-13 09:45:48 [argus.main] INFO EVENT: PROCESS_STARTED — PID 13848 (chrome.exe) parent=20496
2026-09-13 09:45:50 [argus.main] INFO EVENT: PROCESS_STARTED — PID 17088 (chrome.exe) parent=20496
2026-09-13 09:45:50 [argus.main] INFO EVENT: PROCESS_TERMINATED — PID 30468 (chrome.exe)
2026-09-13 09:45:54 [argus.main] INFO EVENT: PROCESS_TERMINATED — PID 25104 (chrome.exe)
2026-09-13 09:45:56 [argus.main] INFO EVENT: PROCESS_TERMINATED — PID 18064 (svchost.exe)
2026-09-13 09:45:58 [argus.main] INFO EVENT: PROCESS_STARTED — PID 9992 (conhost.exe) parent=23404
2026-09-13 09:45:58 [argus.main] INFO EVENT: PROCESS_STARTED — PID 23404 (powershell.exe) parent=31368
2026-09-13 09:46:00 [argus.main] INFO EVENT: PROCESS_TERMINATED — PID 9992 (conhost.exe)
2026-09-13 09:46:00 [argus.main] INFO EVENT: PROCESS_TERMINATED — PID 23404 (powershell.exe)
2026-09-13 09:46:02 [argus.file_monitor.scanner] INFO File scan: 4 roots, 15 candidates, 2 findings
2026-09-13 09:46:02 [argus.main] INFO EVENT: PROCESS_STARTED — PID 21968 (chrome.exe) parent=20496
2026-09-13 09:46:10 [argus.main] INFO EVENT: PROCESS_STARTED — PID 12884 (powershell.exe) parent=31368
2026-09-13 09:46:10 [argus.main] INFO EVENT: PROCESS_STARTED — PID 21620 (conhost.exe) parent=12884
2026-09-13 09:46:12 [argus.main] INFO EVENT: PROCESS_STARTED — PID 7608 (svchost.exe) parent=1360
2026-09-13 09:46:12 [argus.main] INFO EVENT: PROCESS_TERMINATED — PID 12884 (powershell.exe)
2026-09-13 09:46:12 [argus.main] INFO EVENT: PROCESS_TERMINATED — PID 21620 (conhost.exe)
2026-09-13 09:46:17 [argus.file_monitor.scanner] INFO File scan: 4 roots, 15 candidates, 2 findings
2026-09-13 09:46:18 [argus.main] INFO EVENT: PROCESS_TERMINATED — PID 25152 (chrome.exe)
2026-09-13 09:46:18 [argus.main] INFO EVENT: PROCESS_TERMINATED — PID 17892 (chrome.exe)
2026-09-13 09:46:18 [argus.main] INFO EVENT: PROCESS_TERMINATED — PID 2828 (chrome.exe)
2026-09-13 09:46:19 [argus.main] INFO EVENT: PROCESS_TERMINATED — PID 13848 (chrome.exe)
2026-09-13 09:46:19 [argus.main] INFO EVENT: PROCESS_TERMINATED — PID 17088 (chrome.exe)
2026-09-13 09:46:19 [argus.main] INFO EVENT: PROCESS_TERMINATED — PID 21968 (chrome.exe)
2026-09-13 09:46:23 [argus.main] INFO EVENT: PROCESS_STARTED — PID 8508 (chrome.exe) parent=20496
2026-09-13 09:46:23 [argus.main] INFO EVENT: PROCESS_STARTED — PID 12332 (chrome.exe) parent=20496
2026-09-13 09:46:23 [argus.main] INFO EVENT: PROCESS_STARTED — PID 17672 (chrome.exe) parent=20496
2026-09-13 09:46:25 [argus.main] INFO EVENT: PROCESS_TERMINATED — PID 8508 (chrome.exe)
2026-09-13 09:46:25 [argus.main] INFO EVENT: PROCESS_TERMINATED — PID 12332 (chrome.exe)
2026-09-13 09:46:27 [argus.main] INFO EVENT: PROCESS_STARTED — PID 26732 (chrome.exe) parent=20496
2026-09-13 09:46:27 [argus.main] INFO EVENT: PROCESS_STARTED — PID 29424 (chrome.exe) parent=20496
2026-09-13 09:46:27 [argus.main] INFO EVENT: PROCESS_TERMINATED — PID 3756 (chrome.exe)
2026-09-13 09:46:27 [argus.main] INFO EVENT: PROCESS_TERMINATED — PID 17672 (chrome.exe)
2026-09-13 09:46:29 [argus.main] INFO EVENT: PROCESS_STARTED — PID 7768 (chrome.exe) parent=20496
2026-09-13 09:46:29 [argus.main] INFO EVENT: PROCESS_STARTED — PID 7920 (chrome.exe) parent=20496
2026-09-13 09:46:29 [argus.main] INFO EVENT: PROCESS_STARTED — PID 16912 (chrome.exe) parent=20496
2026-09-13 09:46:29 [argus.main] INFO EVENT: PROCESS_STARTED — PID 22068 (chrome.exe) parent=20496
2026-09-13 09:46:29 [argus.main] INFO EVENT: PROCESS_STARTED — PID 22144 (chrome.exe) parent=20496
2026-09-13 09:46:29 [argus.main] INFO EVENT: PROCESS_STARTED — PID 26148 (chrome.exe) parent=20496
2026-09-13 09:46:29 [argus.main] INFO EVENT: PROCESS_TERMINATED — PID 26732 (chrome.exe)
2026-09-13 09:46:29 [argus.main] INFO EVENT: PROCESS_TERMINATED — PID 29424 (chrome.exe)
2026-09-13 09:46:31 [argus.main] INFO EVENT: PROCESS_STARTED — PID 17712 (conhost.exe) parent=18656
2026-09-13 09:46:31 [argus.main] INFO EVENT: PROCESS_STARTED — PID 18656 (powershell.exe) parent=31368
2026-09-13 09:46:32 [argus.file_monitor.scanner] INFO File scan: 4 roots, 15 candidates, 2 findings
2026-09-13 09:46:33 [argus.main] INFO EVENT: PROCESS_STARTED — PID 10636 (chrome.exe) parent=20496
2026-09-13 09:46:33 [argus.main] INFO EVENT: PROCESS_STARTED — PID 22576 (chrome.exe) parent=20496
2026-09-13 09:46:33 [argus.main] INFO EVENT: PROCESS_TERMINATED — PID 17712 (conhost.exe)
2026-09-13 09:46:33 [argus.main] INFO EVENT: PROCESS_TERMINATED — PID 18656 (powershell.exe)
2026-09-13 09:46:36 [argus.main] INFO EVENT: PROCESS_STARTED — PID 10452 (chrome.exe) parent=20496
2026-09-13 09:46:38 [argus.main] INFO EVENT: PROCESS_STARTED — PID 13632 (chrome.exe) parent=20496
2026-09-13 09:46:38 [argus.main] INFO EVENT: PROCESS_TERMINATED — PID 24292 (chrome.exe)
2026-09-13 09:46:40 [argus.main] INFO EVENT: PROCESS_TERMINATED — PID 22144 (chrome.exe)
2026-09-13 09:46:40 [argus.main] INFO EVENT: PROCESS_TERMINATED — PID 26148 (chrome.exe)
2026-09-13 09:46:42 [argus.main] INFO EVENT: PROCESS_TERMINATED — PID 10452 (chrome.exe)
2026-09-13 09:46:44 [argus.main] INFO EVENT: PROCESS_STARTED — PID 27340 (chrome.exe) parent=20496
2026-09-13 09:46:46 [argus.main] INFO EVENT: PROCESS_STARTED — PID 956 (chrome.exe) parent=20496
2026-09-13 09:46:46 [argus.main] INFO EVENT: PROCESS_STARTED — PID 6844 (chrome.exe) parent=20496
2026-09-13 09:46:46 [argus.main] INFO EVENT: PROCESS_TERMINATED — PID 13632 (chrome.exe)
2026-09-13 09:46:47 [argus.file_monitor.scanner] INFO File scan: 4 roots, 15 candidates, 2 findings
2026-09-13 09:46:56 [argus.main] INFO EVENT: PROCESS_TERMINATED — PID 7608 (svchost.exe)
2026-09-13 09:46:58 [argus.main] INFO EVENT: PROCESS_TERMINATED — PID 16912 (chrome.exe)
2026-09-13 09:47:02 [argus.file_monitor.scanner] INFO File scan: 4 roots, 15 candidates, 2 findings
2026-09-13 09:47:02 [argus.main] INFO EVENT: PROCESS_STARTED — PID 8564 (powershell.exe) parent=31368
2026-09-13 09:47:02 [argus.main] INFO EVENT: PROCESS_STARTED — PID 13888 (conhost.exe) parent=8564
2026-09-13 09:47:04 [argus.main] INFO EVENT: PROCESS_TERMINATED — PID 8564 (powershell.exe)
2026-09-13 09:47:04 [argus.main] INFO EVENT: PROCESS_TERMINATED — PID 13888 (conhost.exe)
2026-09-13 09:47:06 [argus.main] INFO EVENT: PROCESS_STARTED — PID 18112 (chrome.exe) parent=20496
2026-09-13 09:47:10 [argus.main] INFO EVENT: PROCESS_STARTED — PID 4460 (powershell.exe) parent=31368
2026-09-13 09:47:10 [argus.main] INFO EVENT: PROCESS_STARTED — PID 19180 (conhost.exe) parent=4460
2026-09-13 09:47:12 [argus.main] INFO EVENT: PROCESS_STARTED — PID 25984 (svchost.exe) parent=1360
2026-09-13 09:47:12 [argus.main] INFO EVENT: PROCESS_TERMINATED — PID 4460 (powershell.exe)
2026-09-13 09:47:12 [argus.main] INFO EVENT: PROCESS_TERMINATED — PID 19180 (conhost.exe)
2026-09-13 09:47:14 [argus.main] INFO EVENT: PROCESS_TERMINATED — PID 12908 (svchost.exe)
2026-09-13 09:47:17 [argus.file_monitor.scanner] INFO File scan: 4 roots, 15 candidates, 2 findings
2026-09-13 09:47:32 [argus.main] INFO EVENT: PROCESS_STARTED — PID 19712 (powershell.exe) parent=31368
2026-09-13 09:47:32 [argus.main] INFO EVENT: PROCESS_STARTED — PID 20060 (conhost.exe) parent=19712
2026-09-13 09:47:34 [argus.main] INFO EVENT: PROCESS_TERMINATED — PID 19712 (powershell.exe)
2026-09-13 09:47:35 [argus.main] INFO EVENT: PROCESS_TERMINATED — PID 20060 (conhost.exe)
2026-09-13 09:47:35 [argus.file_monitor.scanner] INFO File scan: 4 roots, 15 candidates, 2 findings
2026-09-13 09:47:37 [argus.main] INFO EVENT: PROCESS_STARTED — PID 2596 (ROUTE.EXE) parent=31368
2026-09-13 09:47:39 [argus.main] INFO EVENT: PROCESS_TERMINATED — PID 2596 (ROUTE.EXE)
2026-09-13 09:47:49 [argus.file_monitor.scanner] INFO File scan: 4 roots, 15 candidates, 2 findings
2026-09-13 09:47:53 [argus.main] INFO EVENT: PROCESS_STARTED — PID 9176 (svchost.exe) parent=1360
2026-09-13 09:47:53 [argus.main] INFO EVENT: PROCESS_STARTED — PID 16788 (backgroundTaskHost.exe) parent=1596
2026-09-13 09:47:53 [argus.main] INFO EVENT: PROCESS_STARTED — PID 30652 (backgroundTaskHost.exe) parent=1596
2026-09-13 09:47:55 [argus.main] INFO EVENT: PROCESS_TERMINATED — PID 25984 (svchost.exe)
2026-09-13 09:48:01 [argus.main] INFO EVENT: PROCESS_STARTED — PID 8976 (powershell.exe) parent=31368
2026-09-13 09:48:01 [argus.main] INFO EVENT: PROCESS_STARTED — PID 26140 (conhost.exe) parent=8976
2026-09-13 09:48:05 [argus.file_monitor.scanner] INFO File scan: 4 roots, 15 candidates, 2 findings
2026-09-13 09:48:05 [argus.main] INFO EVENT: PROCESS_TERMINATED — PID 8976 (powershell.exe)
2026-09-13 09:48:05 [argus.main] INFO EVENT: PROCESS_TERMINATED — PID 26140 (conhost.exe)
2026-09-13 09:48:12 [argus.main] INFO EVENT: PROCESS_STARTED — PID 21444 (conhost.exe) parent=29088
2026-09-13 09:48:12 [argus.main] INFO EVENT: PROCESS_STARTED — PID 29088 (powershell.exe) parent=31368
2026-09-13 09:48:14 [argus.main] INFO EVENT: PROCESS_STARTED — PID 19936 (svchost.exe) parent=1360
2026-09-13 09:48:16 [argus.main] INFO EVENT: PROCESS_TERMINATED — PID 21444 (conhost.exe)
2026-09-13 09:48:16 [argus.main] INFO EVENT: PROCESS_TERMINATED — PID 29088 (powershell.exe)
2026-09-13 09:48:19 [argus.file_monitor.scanner] INFO File scan: 4 roots, 15 candidates, 2 findings
2026-09-13 09:48:28 [argus.main] INFO EVENT: PROCESS_TERMINATED — PID 25528 (svchost.exe)
2026-09-13 09:48:34 [argus.file_monitor.scanner] INFO File scan: 4 roots, 15 candidates, 2 findings
2026-09-13 09:48:36 [argus.main] INFO EVENT: PROCESS_STARTED — PID 24316 (conhost.exe) parent=30732
2026-09-13 09:48:36 [argus.main] INFO EVENT: PROCESS_STARTED — PID 30732 (powershell.exe) parent=31368
2026-09-13 09:48:38 [argus.main] INFO EVENT: PROCESS_TERMINATED — PID 24316 (conhost.exe)
2026-09-13 09:48:38 [argus.main] INFO EVENT: PROCESS_TERMINATED — PID 30732 (powershell.exe)
2026-09-13 09:48:49 [argus.file_monitor.scanner] INFO File scan: 4 roots, 15 candidates, 2 findings
2026-09-13 09:48:52 [argus.main] INFO EVENT: PROCESS_TERMINATED — PID 30652 (backgroundTaskHost.exe)
2026-09-13 09:48:54 [argus.main] INFO EVENT: PROCESS_TERMINATED — PID 16788 (backgroundTaskHost.exe)
2026-09-13 09:48:56 [argus.main] INFO EVENT: PROCESS_TERMINATED — PID 19936 (svchost.exe)
2026-09-13 09:49:02 [argus.main] INFO EVENT: PROCESS_STARTED — PID 23404 (conhost.exe) parent=30052
2026-09-13 09:49:03 [argus.file_monitor.scanner] INFO File scan: 4 roots, 15 candidates, 2 findings
2026-09-13 09:49:04 [argus.main] INFO EVENT: PROCESS_TERMINATED — PID 23404 (conhost.exe)
2026-09-13 09:49:06 [argus.main] INFO EVENT: PROCESS_STARTED — PID 19348 (conhost.exe) parent=26172
2026-09-13 09:49:07 [argus.main] INFO EVENT: PROCESS_STARTED — PID 26172 (powershell.exe) parent=31368
2026-09-13 09:49:11 [argus.main] INFO EVENT: PROCESS_TERMINATED — PID 19348 (conhost.exe)
2026-09-13 09:49:11 [argus.main] INFO EVENT: PROCESS_TERMINATED — PID 26172 (powershell.exe)
2026-09-13 09:49:13 [argus.main] INFO EVENT: PROCESS_STARTED — PID 5560 (conhost.exe) parent=13604
2026-09-13 09:49:13 [argus.main] INFO EVENT: PROCESS_STARTED — PID 13604 (powershell.exe) parent=31368
2026-09-13 09:49:13 [argus.main] INFO EVENT: PROCESS_STARTED — PID 28180 (chrome.exe) parent=20496
2026-09-13 09:49:15 [argus.main] INFO EVENT: PROCESS_STARTED — PID 25484 (svchost.exe) parent=1360
2026-09-13 09:49:15 [argus.main] INFO EVENT: PROCESS_TERMINATED — PID 18112 (chrome.exe)
2026-09-13 09:49:15 [argus.main] INFO EVENT: PROCESS_TERMINATED — PID 5560 (conhost.exe)
2026-09-13 09:49:15 [argus.main] INFO EVENT: PROCESS_TERMINATED — PID 13604 (powershell.exe)
2026-09-13 09:49:18 [argus.file_monitor.scanner] INFO File scan: 4 roots, 15 candidates, 2 findings
2026-09-13 09:49:23 [argus.main] INFO EVENT: PROCESS_STARTED — PID 21468 (dllhost.exe) parent=1596
2026-09-13 09:49:29 [argus.main] INFO EVENT: PROCESS_TERMINATED — PID 21468 (dllhost.exe)
2026-09-13 09:49:33 [argus.main] INFO EVENT: PROCESS_STARTED — PID 23644 (dllhost.exe) parent=1596
2026-09-13 09:49:34 [argus.file_monitor.scanner] INFO File scan: 4 roots, 15 candidates, 2 findings
2026-09-13 09:49:37 [argus.main] INFO EVENT: PROCESS_STARTED — PID 9580 (dllhost.exe) parent=1596
2026-09-13 09:49:39 [argus.main] INFO EVENT: PROCESS_STARTED — PID 23936 (powershell.exe) parent=31368
2026-09-13 09:49:39 [argus.main] INFO EVENT: PROCESS_STARTED — PID 26472 (conhost.exe) parent=23936
2026-09-13 09:49:41 [argus.main] INFO EVENT: PROCESS_STARTED — PID 30344 (dllhost.exe) parent=1596
2026-09-13 09:49:41 [argus.main] INFO EVENT: PROCESS_TERMINATED — PID 23936 (powershell.exe)
2026-09-13 09:49:42 [argus.main] INFO EVENT: PROCESS_TERMINATED — PID 26472 (conhost.exe)
2026-09-13 09:49:48 [argus.main] INFO EVENT: PROCESS_TERMINATED — PID 23644 (dllhost.exe)
2026-09-13 09:49:48 [argus.file_monitor.scanner] INFO File scan: 4 roots, 15 candidates, 2 findings
2026-09-13 09:49:52 [argus.main] INFO EVENT: PROCESS_STARTED — PID 18856 (dllhost.exe) parent=1596
2026-09-13 09:49:56 [argus.main] INFO EVENT: PROCESS_TERMINATED — PID 25484 (svchost.exe)
2026-09-13 09:50:02 [argus.main] INFO EVENT: PROCESS_TERMINATED — PID 18856 (dllhost.exe)
2026-09-13 09:50:04 [argus.file_monitor.scanner] INFO File scan: 4 roots, 15 candidates, 2 findings
2026-09-13 09:50:10 [argus.main] INFO EVENT: PROCESS_STARTED — PID 11132 (powershell.exe) parent=31368
2026-09-13 09:50:10 [argus.main] INFO EVENT: PROCESS_STARTED — PID 19432 (conhost.exe) parent=11132
2026-09-13 09:50:12 [argus.main] INFO EVENT: PROCESS_TERMINATED — PID 11132 (powershell.exe)
2026-09-13 09:50:12 [argus.main] INFO EVENT: PROCESS_TERMINATED — PID 19432 (conhost.exe)
2026-09-13 09:50:16 [argus.main] INFO EVENT: PROCESS_STARTED — PID 8232 (powershell.exe) parent=31368
2026-09-13 09:50:16 [argus.main] INFO EVENT: PROCESS_STARTED — PID 13028 (conhost.exe) parent=8232
2026-09-13 09:50:18 [argus.main] INFO EVENT: PROCESS_STARTED — PID 11384 (svchost.exe) parent=1360
2026-09-13 09:50:18 [argus.main] INFO EVENT: PROCESS_TERMINATED — PID 8232 (powershell.exe)
2026-09-13 09:50:18 [argus.main] INFO EVENT: PROCESS_TERMINATED — PID 13028 (conhost.exe)
2026-09-13 09:50:19 [argus.file_monitor.scanner] INFO File scan: 4 roots, 15 candidates, 2 findings
2026-09-13 09:50:24 [argus.main] INFO EVENT: PROCESS_TERMINATED — PID 7768 (chrome.exe)
2026-09-13 09:50:24 [argus.main] INFO EVENT: PROCESS_TERMINATED — PID 7920 (chrome.exe)
2026-09-13 09:50:24 [argus.main] INFO EVENT: PROCESS_TERMINATED — PID 22068 (chrome.exe)
2026-09-13 09:50:24 [argus.main] INFO EVENT: PROCESS_TERMINATED — PID 10636 (chrome.exe)
2026-09-13 09:50:24 [argus.main] INFO EVENT: PROCESS_TERMINATED — PID 22576 (chrome.exe)
2026-09-13 09:50:24 [argus.main] INFO EVENT: PROCESS_TERMINATED — PID 27340 (chrome.exe)
2026-09-13 09:50:24 [argus.main] INFO EVENT: PROCESS_TERMINATED — PID 956 (chrome.exe)
2026-09-13 09:50:24 [argus.main] INFO EVENT: PROCESS_TERMINATED — PID 6844 (chrome.exe)
2026-09-13 09:50:24 [argus.main] INFO EVENT: PROCESS_TERMINATED — PID 28180 (chrome.exe)
2026-09-13 09:50:31 [argus.file_monitor.scanner] INFO File scan: 4 roots, 15 candidates, 2 findings
2026-09-13 09:50:35 [argus.main] INFO EVENT: PROCESS_TERMINATED — PID 2744 (svchost.exe)
2026-09-13 09:50:41 [argus.main] INFO EVENT: PROCESS_STARTED — PID 5548 (dllhost.exe) parent=1596
2026-09-13 09:50:41 [argus.main] INFO EVENT: PROCESS_STARTED — PID 25848 (conhost.exe) parent=30612
2026-09-13 09:50:41 [argus.main] INFO EVENT: PROCESS_STARTED — PID 30612 (powershell.exe) parent=31368
2026-09-13 09:50:43 [argus.main] INFO EVENT: PROCESS_TERMINATED — PID 25848 (conhost.exe)
2026-09-13 09:50:43 [argus.main] INFO EVENT: PROCESS_TERMINATED — PID 30612 (powershell.exe)
2026-09-13 09:50:46 [argus.file_monitor.scanner] INFO File scan: 4 roots, 15 candidates, 2 findings
2026-09-13 09:50:47 [argus.main] INFO EVENT: PROCESS_TERMINATED — PID 5548 (dllhost.exe)
2026-09-13 09:50:49 [argus.main] INFO EVENT: PROCESS_STARTED — PID 11092 (dllhost.exe) parent=1596
2026-09-13 09:50:53 [argus.main] INFO EVENT: PROCESS_TERMINATED — PID 11092 (dllhost.exe)
2026-09-13 09:50:57 [argus.main] INFO EVENT: PROCESS_TERMINATED — PID 11384 (svchost.exe)
2026-09-13 09:51:01 [argus.file_monitor.scanner] INFO File scan: 4 roots, 15 candidates, 2 findings
2026-09-13 09:51:07 [argus.main] INFO EVENT: PROCESS_STARTED — PID 7880 (powershell.exe) parent=25620
2026-09-13 09:51:07 [argus.main] INFO EVENT: PROCESS_STARTED — PID 15236 (conhost.exe) parent=7880
2026-09-13 09:51:07 [argus.main] INFO EVENT: PROCESS_STARTED — PID 21328 (ctfmon.exe) parent=5052
2026-09-13 09:51:11 [argus.main] INFO EVENT: PROCESS_TERMINATED — PID 21328 (ctfmon.exe)
2026-09-13 09:51:13 [argus.main] INFO EVENT: PROCESS_STARTED — PID 4676 (conhost.exe) parent=20160
2026-09-13 09:51:13 [argus.main] INFO EVENT: PROCESS_STARTED — PID 20160 (powershell.exe) parent=31368
2026-09-13 09:51:15 [argus.main] INFO EVENT: PROCESS_TERMINATED — PID 4676 (conhost.exe)
2026-09-13 09:51:15 [argus.main] INFO EVENT: PROCESS_TERMINATED — PID 20160 (powershell.exe)
2026-09-13 09:51:16 [argus.file_monitor.scanner] INFO File scan: 4 roots, 15 candidates, 2 findings
2026-09-13 09:51:17 [argus.main] INFO EVENT: PROCESS_STARTED — PID 12376 (conhost.exe) parent=12676
2026-09-13 09:51:17 [argus.main] INFO EVENT: PROCESS_STARTED — PID 12676 (powershell.exe) parent=31368
2026-09-13 09:51:19 [argus.main] INFO EVENT: PROCESS_STARTED — PID 21476 (svchost.exe) parent=1360
2026-09-13 09:51:19 [argus.main] INFO EVENT: PROCESS_TERMINATED — PID 12376 (conhost.exe)
2026-09-13 09:51:19 [argus.main] INFO EVENT: PROCESS_TERMINATED — PID 12676 (powershell.exe)
2026-09-13 09:51:32 [argus.file_monitor.scanner] INFO File scan: 4 roots, 15 candidates, 2 findings
2026-09-13 09:51:46 [argus.file_monitor.scanner] INFO File scan: 4 roots, 15 candidates, 2 findings
2026-09-13 09:51:49 [argus.main] INFO EVENT: PROCESS_STARTED — PID 31632 (opencode.exe) parent=7880
2026-09-13 09:51:55 [argus.main] INFO EVENT: PROCESS_TERMINATED — PID 21476 (svchost.exe)
2026-09-13 09:52:00 [argus.main] INFO EVENT: PROCESS_TERMINATED — PID 24200 (chrome.exe)
2026-09-13 09:52:02 [argus.main] INFO EVENT: PROCESS_TERMINATED — PID 27760 (chrome.exe)
2026-09-13 09:52:02 [argus.file_monitor.scanner] INFO File scan: 4 roots, 15 candidates, 2 findings
2026-09-13 09:52:16 [argus.main] INFO EVENT: PROCESS_STARTED — PID 13596 (svchost.exe) parent=1360
2026-09-13 09:52:16 [argus.file_monitor.scanner] INFO File scan: 4 roots, 15 candidates, 2 findings
2026-09-13 09:52:18 [argus.main] INFO EVENT: PROCESS_STARTED — PID 14440 (conhost.exe) parent=24808
2026-09-13 09:52:18 [argus.main] INFO EVENT: PROCESS_STARTED — PID 24808 (powershell.exe) parent=31368
2026-09-13 09:52:20 [argus.main] INFO EVENT: PROCESS_TERMINATED — PID 14440 (conhost.exe)
2026-09-13 09:52:20 [argus.main] INFO EVENT: PROCESS_TERMINATED — PID 24808 (powershell.exe)
2026-09-13 09:52:22 [argus.main] INFO EVENT: PROCESS_STARTED — PID 19620 (powershell.exe) parent=31368
2026-09-13 09:52:22 [argus.main] INFO EVENT: PROCESS_STARTED — PID 29512 (conhost.exe) parent=19620
2026-09-13 09:52:24 [argus.main] INFO EVENT: PROCESS_STARTED — PID 28300 (svchost.exe) parent=1360
2026-09-13 09:52:24 [argus.main] INFO EVENT: PROCESS_TERMINATED — PID 19620 (powershell.exe)
2026-09-13 09:52:24 [argus.main] INFO EVENT: PROCESS_TERMINATED — PID 29512 (conhost.exe)
2026-09-13 09:52:26 [argus.main] INFO EVENT: PROCESS_TERMINATED — PID 23224 (opencode.exe)
2026-09-13 09:52:31 [argus.file_monitor.scanner] INFO File scan: 4 roots, 15 candidates, 2 findings
2026-09-13 09:52:36 [argus.main] INFO EVENT: PROCESS_STARTED — PID 17672 (opencode.exe) parent=24016
2026-09-13 09:52:47 [argus.file_monitor.scanner] INFO File scan: 4 roots, 15 candidates, 2 findings
2026-09-13 09:52:48 [argus.main] INFO EVENT: PROCESS_STARTED — PID 6388 (powershell.exe) parent=17672
2026-09-13 09:52:48 [argus.main] INFO EVENT: PROCESS_STARTED — PID 20688 (conhost.exe) parent=6388
2026-09-13 09:52:50 [argus.main] INFO EVENT: PROCESS_TERMINATED — PID 6388 (powershell.exe)
2026-09-13 09:52:50 [argus.main] INFO EVENT: PROCESS_TERMINATED — PID 20688 (conhost.exe)
2026-09-13 09:52:54 [argus.main] INFO EVENT: PROCESS_STARTED — PID 6420 (conhost.exe) parent=10956
2026-09-13 09:52:54 [argus.main] INFO EVENT: PROCESS_STARTED — PID 10956 (powershell.exe) parent=17672
2026-09-13 09:52:54 [argus.main] INFO EVENT: PROCESS_TERMINATED — PID 9176 (svchost.exe)
2026-09-13 09:52:56 [argus.main] INFO EVENT: PROCESS_TERMINATED — PID 6420 (conhost.exe)
2026-09-13 09:52:56 [argus.main] INFO EVENT: PROCESS_TERMINATED — PID 10956 (powershell.exe)
2026-09-13 09:53:02 [argus.file_monitor.scanner] INFO File scan: 4 roots, 15 candidates, 2 findings
2026-09-13 09:53:06 [argus.main] INFO EVENT: PROCESS_STARTED — PID 1612 (conhost.exe) parent=7920
2026-09-13 09:53:06 [argus.main] INFO EVENT: PROCESS_STARTED — PID 3796 (node.exe) parent=7920
2026-09-13 09:53:06 [argus.main] INFO EVENT: PROCESS_STARTED — PID 7920 (cmd.exe) parent=29796
2026-09-13 09:53:08 [argus.main] INFO EVENT: PROCESS_STARTED — PID 10436 (cmd.exe) parent=3796
2026-09-13 09:53:08 [argus.main] INFO EVENT: PROCESS_STARTED — PID 14984 (node.exe) parent=17568
2026-09-13 09:53:09 [argus.main] INFO EVENT: PROCESS_STARTED — PID 17568 (powershell.exe) parent=31632
2026-09-13 09:53:09 [argus.main] INFO EVENT: PROCESS_STARTED — PID 22836 (conhost.exe) parent=17568
2026-09-13 09:53:09 [argus.main] INFO EVENT: PROCESS_STARTED — PID 28292 (node.exe) parent=10436
2026-09-13 09:53:11 [argus.main] INFO EVENT: PROCESS_STARTED — PID 15996 (esbuild.exe) parent=28292
2026-09-13 09:53:11 [argus.main] INFO EVENT: PROCESS_STARTED — PID 21756 (conhost.exe) parent=22664
2026-09-13 09:53:11 [argus.main] INFO EVENT: PROCESS_STARTED — PID 22664 (powershell.exe) parent=17672
2026-09-13 09:53:11 [argus.main] INFO EVENT: PROCESS_TERMINATED — PID 14984 (node.exe)
2026-09-13 09:53:11 [argus.main] INFO EVENT: PROCESS_TERMINATED — PID 17568 (powershell.exe)
2026-09-13 09:53:11 [argus.main] INFO EVENT: PROCESS_TERMINATED — PID 22836 (conhost.exe)
2026-09-13 09:53:17 [argus.file_monitor.scanner] INFO File scan: 4 roots, 15 candidates, 2 findings
2026-09-13 09:53:19 [argus.main] INFO EVENT: PROCESS_STARTED — PID 1040 (conhost.exe) parent=8968
2026-09-13 09:53:19 [argus.main] INFO EVENT: PROCESS_STARTED — PID 8968 (powershell.exe) parent=31368
2026-09-13 09:53:21 [argus.main] INFO EVENT: PROCESS_TERMINATED — PID 21756 (conhost.exe)
2026-09-13 09:53:21 [argus.main] INFO EVENT: PROCESS_TERMINATED — PID 22664 (powershell.exe)
2026-09-13 09:53:21 [argus.main] INFO EVENT: PROCESS_TERMINATED — PID 1040 (conhost.exe)
2026-09-13 09:53:21 [argus.main] INFO EVENT: PROCESS_TERMINATED — PID 8968 (powershell.exe)
2026-09-13 09:53:25 [argus.main] INFO EVENT: PROCESS_STARTED — PID 3272 (conhost.exe) parent=11232
2026-09-13 09:53:25 [argus.main] INFO EVENT: PROCESS_STARTED — PID 7212 (conhost.exe) parent=26260
2026-09-13 09:53:25 [argus.main] INFO EVENT: PROCESS_STARTED — PID 11232 (powershell.exe) parent=31368
2026-09-13 09:53:25 [argus.main] INFO EVENT: PROCESS_STARTED — PID 15300 (WmiPrvSE.exe) parent=1596
2026-09-13 09:53:25 [argus.main] INFO EVENT: PROCESS_STARTED — PID 16404 (powershell.exe) parent=17672
2026-09-13 09:53:25 [argus.main] INFO EVENT: PROCESS_STARTED — PID 29724 (conhost.exe) parent=16404
2026-09-13 09:53:25 [argus.main] INFO EVENT: PROCESS_TERMINATED — PID 6284 (WmiPrvSE.exe)
2026-09-13 09:53:25 [argus.main] INFO EVENT: PROCESS_TERMINATED — PID 28300 (svchost.exe)
2026-09-13 09:53:27 [argus.main] INFO EVENT: PROCESS_STARTED — PID 2664 (svchost.exe) parent=1360
2026-09-13 09:53:27 [argus.main] INFO EVENT: PROCESS_TERMINATED — PID 3272 (conhost.exe)
2026-09-13 09:53:27 [argus.main] INFO EVENT: PROCESS_TERMINATED — PID 7212 (conhost.exe)
2026-09-13 09:53:27 [argus.main] INFO EVENT: PROCESS_TERMINATED — PID 11232 (powershell.exe)
2026-09-13 09:53:27 [argus.main] INFO EVENT: PROCESS_TERMINATED — PID 16404 (powershell.exe)
2026-09-13 09:53:27 [argus.main] INFO EVENT: PROCESS_TERMINATED — PID 29724 (conhost.exe)
2026-09-13 09:53:29 [argus.main] INFO EVENT: PROCESS_STARTED — PID 9204 (svchost.exe) parent=1360
2026-09-13 09:53:30 [argus.main] INFO EVENT: PROCESS_STARTED — PID 11236 (MoUsoCoreWorker.exe) parent=2476
2026-09-13 09:53:30 [argus.main] INFO EVENT: PROCESS_STARTED — PID 14780 (svchost.exe) parent=1360
2026-09-13 09:53:30 [argus.main] INFO EVENT: PROCESS_STARTED — PID 21824 (scanner.exe) parent=2996
2026-09-13 09:53:30 [argus.main] INFO EVENT: PROCESS_STARTED — PID 24864 (dllhost.exe) parent=1596
2026-09-13 09:53:30 [argus.main] INFO EVENT: PROCESS_STARTED — PID 31580 (UsoClient.exe) parent=2996
2026-09-13 09:53:30 [argus.main] INFO EVENT: PROCESS_TERMINATED — PID 17672 (opencode.exe)
2026-09-13 09:53:32 [argus.main] INFO EVENT: PROCESS_TERMINATED — PID 31580 (UsoClient.exe)
2026-09-13 09:53:33 [argus.file_monitor.scanner] INFO File scan: 4 roots, 15 candidates, 2 findings
2026-09-13 09:53:34 [argus.main] INFO EVENT: PROCESS_STARTED — PID 1720 (powershell.exe) parent=31632
2026-09-13 09:53:34 [argus.main] INFO EVENT: PROCESS_STARTED — PID 21220 (conhost.exe) parent=1720
2026-09-13 09:53:34 [argus.main] INFO EVENT: PROCESS_TERMINATED — PID 24864 (dllhost.exe)
2026-09-13 09:53:36 [argus.main] INFO EVENT: PROCESS_STARTED — PID 8876 (powershell.exe) parent=31632
2026-09-13 09:53:36 [argus.main] INFO EVENT: PROCESS_STARTED — PID 23212 (conhost.exe) parent=8876
2026-09-13 09:53:36 [argus.main] INFO EVENT: PROCESS_TERMINATED — PID 1720 (powershell.exe)
2026-09-13 09:53:36 [argus.main] INFO EVENT: PROCESS_TERMINATED — PID 21220 (conhost.exe)
2026-09-13 09:53:38 [argus.main] INFO EVENT: PROCESS_STARTED — PID 28560 (svchost.exe) parent=1360
2026-09-13 09:53:38 [argus.main] INFO EVENT: PROCESS_TERMINATED — PID 8876 (powershell.exe)
2026-09-13 09:53:38 [argus.main] INFO EVENT: PROCESS_TERMINATED — PID 23212 (conhost.exe)
2026-09-13 09:53:40 [argus.main] INFO EVENT: PROCESS_TERMINATED — PID 31632 (opencode.exe)
2026-09-13 09:53:46 [argus.file_monitor.scanner] INFO File scan: 4 roots, 15 candidates, 2 findings
2026-09-13 09:53:52 [argus.main] INFO EVENT: PROCESS_TERMINATED — PID 21824 (scanner.exe)
2026-09-13 09:54:00 [argus.file_monitor.scanner] INFO File scan: 4 roots, 15 candidates, 2 findings
2026-09-13 09:54:04 [argus.main] INFO EVENT: PROCESS_STARTED — PID 13360 (chrome.exe) parent=20496
2026-09-13 09:54:04 [argus.main] INFO EVENT: PROCESS_STARTED — PID 19176 (chrome.exe) parent=20496
2026-09-13 09:54:04 [argus.main] INFO EVENT: PROCESS_STARTED — PID 22680 (chrome.exe) parent=20496
2026-09-13 09:54:06 [argus.main] INFO EVENT: PROCESS_STARTED — PID 21844 (chrome.exe) parent=20496
2026-09-13 09:54:06 [argus.main] INFO EVENT: PROCESS_STARTED — PID 21948 (chrome.exe) parent=20496
2026-09-13 09:54:06 [argus.main] INFO EVENT: PROCESS_TERMINATED — PID 13360 (chrome.exe)
2026-09-13 09:54:06 [argus.main] INFO EVENT: PROCESS_TERMINATED — PID 19176 (chrome.exe)
2026-09-13 09:54:17 [argus.file_monitor.scanner] INFO File scan: 4 roots, 15 candidates, 2 findings
2026-09-13 09:54:19 [argus.main] INFO EVENT: PROCESS_STARTED — PID 6528 (updater.exe) parent=1360
2026-09-13 09:54:19 [argus.main] INFO EVENT: PROCESS_STARTED — PID 7728 (updater.exe) parent=1360
2026-09-13 09:54:19 [argus.main] INFO EVENT: PROCESS_STARTED — PID 10724 (updater.exe) parent=23520
2026-09-13 09:54:19 [argus.main] INFO EVENT: PROCESS_STARTED — PID 21008 (updater.exe) parent=6528
2026-09-13 09:54:19 [argus.main] INFO EVENT: PROCESS_STARTED — PID 23520 (updater.exe) parent=2996
2026-09-13 09:54:19 [argus.main] INFO EVENT: PROCESS_STARTED — PID 31056 (updater.exe) parent=7728
2026-09-13 09:54:21 [argus.main] INFO EVENT: PROCESS_STARTED — PID 29276 (svchost.exe) parent=1360
2026-09-13 09:54:25 [argus.main] INFO EVENT: PROCESS_STARTED — PID 5692 (powershell.exe) parent=31368
2026-09-13 09:54:25 [argus.main] INFO EVENT: PROCESS_STARTED — PID 25984 (conhost.exe) parent=5692
2026-09-13 09:54:25 [argus.main] INFO EVENT: PROCESS_TERMINATED — PID 10724 (updater.exe)
2026-09-13 09:54:25 [argus.main] INFO EVENT: PROCESS_TERMINATED — PID 23520 (updater.exe)
2026-09-13 09:54:27 [argus.main] INFO EVENT: PROCESS_TERMINATED — PID 5692 (powershell.exe)
2026-09-13 09:54:27 [argus.main] INFO EVENT: PROCESS_TERMINATED — PID 25984 (conhost.exe)
2026-09-13 09:54:31 [argus.file_monitor.scanner] INFO File scan: 4 roots, 15 candidates, 2 findings
2026-09-13 09:54:31 [argus.main] INFO EVENT: PROCESS_TERMINATED — PID 11236 (MoUsoCoreWorker.exe)
2026-09-13 09:54:35 [argus.main] INFO EVENT: PROCESS_TERMINATED — PID 6528 (updater.exe)
2026-09-13 09:54:35 [argus.main] INFO EVENT: PROCESS_TERMINATED — PID 7728 (updater.exe)
2026-09-13 09:54:35 [argus.main] INFO EVENT: PROCESS_TERMINATED — PID 21008 (updater.exe)
2026-09-13 09:54:35 [argus.main] INFO EVENT: PROCESS_TERMINATED — PID 31056 (updater.exe)
2026-09-13 09:54:45 [argus.main] INFO EVENT: PROCESS_TERMINATED — PID 9204 (svchost.exe)
2026-09-13 09:54:46 [argus.file_monitor.scanner] INFO File scan: 4 roots, 15 candidates, 2 findings
2026-09-13 09:54:57 [argus.main] INFO EVENT: PROCESS_STARTED — PID 26884 (powershell.exe) parent=31368
2026-09-13 09:54:57 [argus.main] INFO EVENT: PROCESS_STARTED — PID 30664 (conhost.exe) parent=26884
2026-09-13 09:54:59 [argus.main] INFO EVENT: PROCESS_TERMINATED — PID 2664 (svchost.exe)
2026-09-13 09:55:00 [argus.main] INFO EVENT: PROCESS_TERMINATED — PID 26884 (powershell.exe)
2026-09-13 09:55:00 [argus.main] INFO EVENT: PROCESS_TERMINATED — PID 30664 (conhost.exe)
2026-09-13 09:55:01 [argus.file_monitor.scanner] INFO File scan: 4 roots, 15 candidates, 2 findings
2026-09-13 09:55:16 [argus.main] INFO EVENT: PROCESS_STARTED — PID 19644 (opencode.exe) parent=7880
2026-09-13 09:55:16 [argus.file_monitor.scanner] INFO File scan: 4 roots, 15 candidates, 2 findings
2026-09-13 09:55:24 [argus.main] INFO EVENT: PROCESS_STARTED — PID 24032 (powershell.exe) parent=31368
2026-09-13 09:55:24 [argus.main] INFO EVENT: PROCESS_STARTED — PID 28248 (conhost.exe) parent=24032
2026-09-13 09:55:26 [argus.main] INFO EVENT: PROCESS_STARTED — PID 13004 (svchost.exe) parent=1360
2026-09-13 09:55:26 [argus.main] INFO EVENT: PROCESS_TERMINATED — PID 24032 (powershell.exe)
2026-09-13 09:55:26 [argus.main] INFO EVENT: PROCESS_TERMINATED — PID 28248 (conhost.exe)
2026-09-13 09:55:32 [argus.file_monitor.scanner] INFO File scan: 4 roots, 15 candidates, 2 findings
2026-09-13 09:55:36 [argus.main] INFO EVENT: PROCESS_STARTED — PID 4952 (powershell.exe) parent=18188
2026-09-13 09:55:36 [argus.main] INFO EVENT: PROCESS_STARTED — PID 6512 (<unknown-pid-6512>) parent=none
2026-09-13 09:55:36 [argus.main] INFO EVENT: PROCESS_STARTED — PID 22764 (conhost.exe) parent=4952
2026-09-13 09:55:38 [argus.main] INFO EVENT: PROCESS_TERMINATED — PID 4952 (powershell.exe)
2026-09-13 09:55:38 [argus.main] INFO EVENT: PROCESS_TERMINATED — PID 6512 (<unknown-pid-6512>)
2026-09-13 09:55:38 [argus.main] INFO EVENT: PROCESS_TERMINATED — PID 22764 (conhost.exe)
2026-09-13 09:55:46 [argus.file_monitor.scanner] INFO File scan: 4 roots, 15 candidates, 2 findings
2026-09-13 09:56:01 [argus.file_monitor.scanner] INFO File scan: 4 roots, 15 candidates, 2 findings
2026-09-13 09:56:06 [argus.main] INFO EVENT: PROCESS_TERMINATED — PID 15192 (smartscreen.exe)
2026-09-13 09:56:16 [argus.file_monitor.scanner] INFO File scan: 4 roots, 15 candidates, 2 findings
2026-09-13 09:56:24 [argus.main] INFO EVENT: PROCESS_STARTED — PID 10448 (conhost.exe) parent=14276
2026-09-13 09:56:24 [argus.main] INFO EVENT: PROCESS_STARTED — PID 14276 (powershell.exe) parent=31368
2026-09-13 09:56:26 [argus.main] INFO EVENT: PROCESS_TERMINATED — PID 10448 (conhost.exe)
2026-09-13 09:56:26 [argus.main] INFO EVENT: PROCESS_TERMINATED — PID 14276 (powershell.exe)
2026-09-13 09:56:31 [argus.file_monitor.scanner] INFO File scan: 4 roots, 15 candidates, 2 findings
2026-09-13 09:56:38 [argus.main] INFO EVENT: PROCESS_STARTED — PID 1056 (conhost.exe) parent=20092
2026-09-13 09:56:38 [argus.main] INFO EVENT: PROCESS_STARTED — PID 20092 (<unknown-pid-20092>) parent=none
2026-09-13 09:56:41 [argus.main] INFO EVENT: PROCESS_STARTED — PID 10516 (node.exe) parent=12216
2026-09-13 09:56:41 [argus.main] INFO EVENT: PROCESS_STARTED — PID 12216 (powershell.exe) parent=19644
2026-09-13 09:56:41 [argus.main] INFO EVENT: PROCESS_STARTED — PID 20556 (conhost.exe) parent=12216
2026-09-13 09:56:41 [argus.main] INFO EVENT: PROCESS_TERMINATED — PID 1056 (conhost.exe)
2026-09-13 09:56:41 [argus.main] INFO EVENT: PROCESS_TERMINATED — PID 20092 (<unknown-pid-20092>)
2026-09-13 09:56:45 [argus.main] INFO EVENT: PROCESS_TERMINATED — PID 10516 (node.exe)
2026-09-13 09:56:45 [argus.main] INFO EVENT: PROCESS_TERMINATED — PID 12216 (powershell.exe)
2026-09-13 09:56:45 [argus.main] INFO EVENT: PROCESS_TERMINATED — PID 20556 (conhost.exe)
2026-09-13 09:56:46 [argus.file_monitor.scanner] INFO File scan: 4 roots, 15 candidates, 2 findings
2026-09-13 09:57:01 [argus.file_monitor.scanner] INFO File scan: 4 roots, 15 candidates, 2 findings
2026-09-13 09:57:16 [argus.file_monitor.scanner] INFO File scan: 4 roots, 15 candidates, 2 findings
2026-09-13 09:57:17 [argus.main] INFO EVENT: PROCESS_STARTED — PID 3972 (powershell.exe) parent=19644
2026-09-13 09:57:17 [argus.main] INFO EVENT: PROCESS_STARTED — PID 15540 (conhost.exe) parent=3972
2026-09-13 09:57:19 [argus.main] INFO EVENT: PROCESS_TERMINATED — PID 3972 (powershell.exe)
2026-09-13 09:57:19 [argus.main] INFO EVENT: PROCESS_TERMINATED — PID 15540 (conhost.exe)
2026-09-13 09:57:21 [argus.main] INFO EVENT: PROCESS_TERMINATED — PID 29276 (svchost.exe)
2026-09-13 09:57:27 [argus.main] INFO EVENT: PROCESS_STARTED — PID 17604 (conhost.exe) parent=31644
2026-09-13 09:57:27 [argus.main] INFO EVENT: PROCESS_STARTED — PID 31644 (powershell.exe) parent=31368
2026-09-13 09:57:29 [argus.main] INFO EVENT: PROCESS_TERMINATED — PID 17604 (conhost.exe)
2026-09-13 09:57:29 [argus.main] INFO EVENT: PROCESS_TERMINATED — PID 31644 (powershell.exe)
2026-09-13 09:57:31 [argus.file_monitor.scanner] INFO File scan: 4 roots, 15 candidates, 2 findings
2026-09-13 09:57:35 [argus.main] INFO EVENT: PROCESS_STARTED — PID 2460 (conhost.exe) parent=9748
2026-09-13 09:57:35 [argus.main] INFO EVENT: PROCESS_STARTED — PID 9748 (powershell.exe) parent=31368
2026-09-13 09:57:37 [argus.main] INFO EVENT: PROCESS_TERMINATED — PID 2460 (conhost.exe)
2026-09-13 09:57:37 [argus.main] INFO EVENT: PROCESS_TERMINATED — PID 9748 (powershell.exe)
2026-09-13 09:57:41 [argus.main] INFO EVENT: PROCESS_TERMINATED — PID 7816 (svchost.exe)
2026-09-13 09:57:47 [argus.file_monitor.scanner] INFO File scan: 4 roots, 15 candidates, 2 findings
2026-09-13 09:58:01 [argus.file_monitor.scanner] INFO File scan: 4 roots, 15 candidates, 2 findings
2026-09-13 09:58:09 [argus.main] INFO EVENT: PROCESS_STARTED — PID 15760 (conhost.exe) parent=26872
2026-09-13 09:58:09 [argus.main] INFO EVENT: PROCESS_STARTED — PID 26872 (powershell.exe) parent=19644
2026-09-13 09:58:11 [argus.main] INFO EVENT: PROCESS_TERMINATED — PID 15760 (conhost.exe)
2026-09-13 09:58:11 [argus.main] INFO EVENT: PROCESS_TERMINATED — PID 26872 (powershell.exe)
2026-09-13 09:58:16 [argus.file_monitor.scanner] INFO File scan: 4 roots, 15 candidates, 2 findings
2026-09-13 09:58:21 [argus.main] INFO EVENT: PROCESS_STARTED — PID 6540 (node.exe) parent=24284
2026-09-13 09:58:21 [argus.main] INFO EVENT: PROCESS_STARTED — PID 10236 (conhost.exe) parent=24284
2026-09-13 09:58:21 [argus.main] INFO EVENT: PROCESS_STARTED — PID 24284 (powershell.exe) parent=19644
2026-09-13 09:58:25 [argus.main] INFO EVENT: PROCESS_STARTED — PID 10536 (smartscreen.exe) parent=1596
2026-09-13 09:58:27 [argus.main] INFO EVENT: PROCESS_STARTED — PID 27352 (activate.exe) parent=6136
2026-09-13 09:58:30 [argus.main] INFO EVENT: PROCESS_STARTED — PID 15868 (powershell.exe) parent=31368
2026-09-13 09:58:30 [argus.main] INFO EVENT: PROCESS_STARTED — PID 17916 (conhost.exe) parent=15868
2026-09-13 09:58:30 [argus.main] INFO EVENT: PROCESS_STARTED — PID 24100 (MoUsoCoreWorker.exe) parent=2476
2026-09-13 09:58:30 [argus.main] INFO EVENT: PROCESS_STARTED — PID 24416 (svchost.exe) parent=1360
2026-09-13 09:58:30 [argus.main] INFO EVENT: PROCESS_STARTED — PID 29932 (svchost.exe) parent=1360
2026-09-13 09:58:30 [argus.main] INFO EVENT: PROCESS_TERMINATED — PID 13004 (svchost.exe)
2026-09-13 09:58:30 [argus.main] INFO EVENT: PROCESS_TERMINATED — PID 27352 (activate.exe)
2026-09-13 09:58:32 [argus.file_monitor.scanner] INFO File scan: 4 roots, 15 candidates, 2 findings
2026-09-13 09:58:32 [argus.main] INFO EVENT: PROCESS_STARTED — PID 31120 (svchost.exe) parent=1360
2026-09-13 09:58:32 [argus.main] INFO EVENT: PROCESS_TERMINATED — PID 15868 (powershell.exe)
2026-09-13 09:58:32 [argus.main] INFO EVENT: PROCESS_TERMINATED — PID 17916 (conhost.exe)
2026-09-13 09:58:38 [argus.main] INFO EVENT: PROCESS_STARTED — PID 1312 (powershell.exe) parent=31368
2026-09-13 09:58:38 [argus.main] INFO EVENT: PROCESS_STARTED — PID 1928 (conhost.exe) parent=1312
2026-09-13 09:58:38 [argus.main] INFO EVENT: PROCESS_TERMINATED — PID 28560 (svchost.exe)
2026-09-13 09:58:40 [argus.main] INFO EVENT: PROCESS_TERMINATED — PID 1312 (powershell.exe)
2026-09-13 09:58:40 [argus.main] INFO EVENT: PROCESS_TERMINATED — PID 1928 (conhost.exe)
2026-09-13 09:58:47 [argus.file_monitor.scanner] INFO File scan: 4 roots, 15 candidates, 2 findings
2026-09-13 09:59:03 [argus.file_monitor.scanner] INFO File scan: 4 roots, 15 candidates, 2 findings
2026-09-13 09:59:08 [argus.main] INFO EVENT: PROCESS_STARTED — PID 6036 (node.exe) parent=26696
2026-09-13 09:59:08 [argus.main] INFO EVENT: PROCESS_STARTED — PID 16940 (cmd.exe) parent=31196
2026-09-13 09:59:08 [argus.main] INFO EVENT: PROCESS_STARTED — PID 25000 (node.exe) parent=16940
2026-09-13 09:59:08 [argus.main] INFO EVENT: PROCESS_STARTED — PID 26696 (cmd.exe) parent=6540
2026-09-13 09:59:08 [argus.main] INFO EVENT: PROCESS_STARTED — PID 31196 (cmd.exe) parent=6036
2026-09-13 09:59:10 [argus.main] INFO EVENT: PROCESS_STARTED — PID 4980 (node.exe) parent=31196
2026-09-13 09:59:10 [argus.main] INFO EVENT: PROCESS_STARTED — PID 15544 (powershell.exe) parent=31368
2026-09-13 09:59:10 [argus.main] INFO EVENT: PROCESS_STARTED — PID 31672 (conhost.exe) parent=15544
2026-09-13 09:59:10 [argus.main] INFO EVENT: PROCESS_TERMINATED — PID 16940 (cmd.exe)
2026-09-13 09:59:10 [argus.main] INFO EVENT: PROCESS_TERMINATED — PID 25000 (node.exe)
2026-09-13 09:59:12 [argus.main] INFO EVENT: PROCESS_TERMINATED — PID 6540 (node.exe)
2026-09-13 09:59:12 [argus.main] INFO EVENT: PROCESS_TERMINATED — PID 10236 (conhost.exe)
2026-09-13 09:59:12 [argus.main] INFO EVENT: PROCESS_TERMINATED — PID 24284 (powershell.exe)
2026-09-13 09:59:12 [argus.main] INFO EVENT: PROCESS_TERMINATED — PID 6036 (node.exe)
2026-09-13 09:59:12 [argus.main] INFO EVENT: PROCESS_TERMINATED — PID 26696 (cmd.exe)
2026-09-13 09:59:12 [argus.main] INFO EVENT: PROCESS_TERMINATED — PID 31196 (cmd.exe)
2026-09-13 09:59:12 [argus.main] INFO EVENT: PROCESS_TERMINATED — PID 4980 (node.exe)
2026-09-13 09:59:12 [argus.main] INFO EVENT: PROCESS_TERMINATED — PID 15544 (powershell.exe)
2026-09-13 09:59:12 [argus.main] INFO EVENT: PROCESS_TERMINATED — PID 31672 (conhost.exe)
2026-09-13 09:59:16 [argus.file_monitor.scanner] INFO File scan: 4 roots, 15 candidates, 2 findings
2026-09-13 09:59:18 [argus.main] INFO EVENT: PROCESS_STARTED — PID 8056 (powershell.exe) parent=19644
2026-09-13 09:59:18 [argus.main] INFO EVENT: PROCESS_STARTED — PID 19380 (conhost.exe) parent=8056
2026-09-13 09:59:20 [argus.main] INFO EVENT: PROCESS_STARTED — PID 2696 (cmd.exe) parent=19412
2026-09-13 09:59:21 [argus.main] INFO EVENT: PROCESS_STARTED — PID 12932 (node.exe) parent=2696
2026-09-13 09:59:21 [argus.main] INFO EVENT: PROCESS_STARTED — PID 19412 (node.exe) parent=8056
2026-09-13 09:59:23 [argus.main] INFO EVENT: PROCESS_TERMINATED — PID 8056 (powershell.exe)
2026-09-13 09:59:23 [argus.main] INFO EVENT: PROCESS_TERMINATED — PID 19380 (conhost.exe)
2026-09-13 09:59:23 [argus.main] INFO EVENT: PROCESS_TERMINATED — PID 2696 (cmd.exe)
2026-09-13 09:59:23 [argus.main] INFO EVENT: PROCESS_TERMINATED — PID 12932 (node.exe)
2026-09-13 09:59:23 [argus.main] INFO EVENT: PROCESS_TERMINATED — PID 19412 (node.exe)
2026-09-13 09:59:29 [argus.main] INFO EVENT: PROCESS_TERMINATED — PID 24100 (MoUsoCoreWorker.exe)
2026-09-13 09:59:29 [argus.main] INFO EVENT: PROCESS_TERMINATED — PID 31120 (svchost.exe)
2026-09-13 09:59:31 [argus.main] INFO EVENT: PROCESS_STARTED — PID 16752 (conhost.exe) parent=25916
2026-09-13 09:59:31 [argus.main] INFO EVENT: PROCESS_STARTED — PID 24048 (conhost.exe) parent=30464
2026-09-13 09:59:31 [argus.main] INFO EVENT: PROCESS_STARTED — PID 25916 (powershell.exe) parent=19644
2026-09-13 09:59:31 [argus.main] INFO EVENT: PROCESS_STARTED — PID 27036 (node.exe) parent=25916
2026-09-13 09:59:31 [argus.main] INFO EVENT: PROCESS_STARTED — PID 30464 (powershell.exe) parent=31368
2026-09-13 09:59:33 [argus.main] INFO EVENT: PROCESS_STARTED — PID 2368 (cmd.exe) parent=27036
2026-09-13 09:59:33 [argus.main] INFO EVENT: PROCESS_STARTED — PID 13420 (svchost.exe) parent=1360
2026-09-13 09:59:33 [argus.main] INFO EVENT: PROCESS_STARTED — PID 23324 (node.exe) parent=2368
2026-09-13 09:59:33 [argus.main] INFO EVENT: PROCESS_TERMINATED — PID 24048 (conhost.exe)
2026-09-13 09:59:33 [argus.main] INFO EVENT: PROCESS_TERMINATED — PID 30464 (powershell.exe)
2026-09-13 09:59:33 [argus.file_monitor.scanner] INFO File scan: 4 roots, 15 candidates, 2 findings
2026-09-13 09:59:35 [argus.main] INFO EVENT: PROCESS_TERMINATED — PID 16752 (conhost.exe)
2026-09-13 09:59:35 [argus.main] INFO EVENT: PROCESS_TERMINATED — PID 25916 (powershell.exe)
2026-09-13 09:59:35 [argus.main] INFO EVENT: PROCESS_TERMINATED — PID 27036 (node.exe)
2026-09-13 09:59:35 [argus.main] INFO EVENT: PROCESS_TERMINATED — PID 2368 (cmd.exe)
2026-09-13 09:59:35 [argus.main] INFO EVENT: PROCESS_TERMINATED — PID 23324 (node.exe)
2026-09-13 09:59:47 [argus.file_monitor.scanner] INFO File scan: 4 roots, 15 candidates, 2 findings
2026-09-13 10:00:01 [argus.file_monitor.scanner] INFO File scan: 4 roots, 15 candidates, 2 findings
2026-09-13 10:00:07 [argus.main] INFO EVENT: PROCESS_STARTED — PID 7036 (conhost.exe) parent=10404
2026-09-13 10:00:07 [argus.main] INFO EVENT: PROCESS_STARTED — PID 10404 (powershell.exe) parent=19644
2026-09-13 10:00:09 [argus.main] INFO EVENT: PROCESS_TERMINATED — PID 7036 (conhost.exe)
2026-09-13 10:00:09 [argus.main] INFO EVENT: PROCESS_TERMINATED — PID 10404 (powershell.exe)
2026-09-13 10:00:11 [argus.main] INFO EVENT: PROCESS_STARTED — PID 12728 (powershell.exe) parent=19644
2026-09-13 10:00:11 [argus.main] INFO EVENT: PROCESS_STARTED — PID 19188 (node.exe) parent=12728
2026-09-13 10:00:12 [argus.main] INFO EVENT: PROCESS_STARTED — PID 20472 (conhost.exe) parent=12728
2026-09-13 10:00:14 [argus.main] INFO EVENT: PROCESS_STARTED — PID 15196 (postgres.exe) parent=14392
2026-09-13 10:00:16 [argus.main] INFO EVENT: PROCESS_STARTED — PID 17720 (postgres.exe) parent=14392
2026-09-13 10:00:16 [argus.main] INFO EVENT: PROCESS_TERMINATED — PID 15196 (postgres.exe)
2026-09-13 10:00:17 [argus.file_monitor.scanner] INFO File scan: 4 roots, 15 candidates, 2 findings
2026-09-13 10:00:18 [argus.main] INFO EVENT: PROCESS_STARTED — PID 23340 (postgres.exe) parent=14392
2026-09-13 10:00:18 [argus.main] INFO EVENT: PROCESS_TERMINATED — PID 17720 (postgres.exe)
2026-09-13 10:00:20 [argus.main] INFO EVENT: PROCESS_TERMINATED — PID 12728 (powershell.exe)
2026-09-13 10:00:20 [argus.main] INFO EVENT: PROCESS_TERMINATED — PID 19188 (node.exe)
2026-09-13 10:00:20 [argus.main] INFO EVENT: PROCESS_TERMINATED — PID 20472 (conhost.exe)
2026-09-13 10:00:20 [argus.main] INFO EVENT: PROCESS_TERMINATED — PID 23340 (postgres.exe)
2026-09-13 10:00:28 [argus.main] INFO EVENT: PROCESS_STARTED — PID 7556 (conhost.exe) parent=8352
2026-09-13 10:00:28 [argus.main] INFO EVENT: PROCESS_STARTED — PID 8352 (powershell.exe) parent=19644
2026-09-13 10:00:30 [argus.main] INFO EVENT: PROCESS_TERMINATED — PID 24416 (svchost.exe)
2026-09-13 10:00:30 [argus.main] INFO EVENT: PROCESS_TERMINATED — PID 13420 (svchost.exe)
2026-09-13 10:00:30 [argus.main] INFO EVENT: PROCESS_TERMINATED — PID 7556 (conhost.exe)
2026-09-13 10:00:30 [argus.main] INFO EVENT: PROCESS_TERMINATED — PID 8352 (powershell.exe)
2026-09-13 10:00:31 [argus.file_monitor.scanner] INFO File scan: 4 roots, 15 candidates, 2 findings
2026-09-13 10:00:32 [argus.main] INFO EVENT: PROCESS_STARTED — PID 24244 (powershell.exe) parent=31368
2026-09-13 10:00:32 [argus.main] INFO EVENT: PROCESS_STARTED — PID 29204 (conhost.exe) parent=24244
2026-09-13 10:00:34 [argus.main] INFO EVENT: PROCESS_STARTED — PID 10736 (powershell.exe) parent=19644
2026-09-13 10:00:34 [argus.main] INFO EVENT: PROCESS_STARTED — PID 26212 (svchost.exe) parent=1360
2026-09-13 10:00:34 [argus.main] INFO EVENT: PROCESS_STARTED — PID 30264 (conhost.exe) parent=10736
2026-09-13 10:00:34 [argus.main] INFO EVENT: PROCESS_TERMINATED — PID 24244 (powershell.exe)
2026-09-13 10:00:34 [argus.main] INFO EVENT: PROCESS_TERMINATED — PID 29204 (conhost.exe)
2026-09-13 10:00:36 [argus.main] INFO EVENT: PROCESS_TERMINATED — PID 10736 (powershell.exe)
2026-09-13 10:00:36 [argus.main] INFO EVENT: PROCESS_TERMINATED — PID 30264 (conhost.exe)
2026-09-13 10:00:44 [argus.main] INFO EVENT: PROCESS_STARTED — PID 16324 (node.exe) parent=26120
2026-09-13 10:00:44 [argus.main] INFO EVENT: PROCESS_STARTED — PID 21092 (conhost.exe) parent=26120
2026-09-13 10:00:44 [argus.main] INFO EVENT: PROCESS_STARTED — PID 26120 (powershell.exe) parent=19644
2026-09-13 10:00:46 [argus.main] INFO EVENT: PROCESS_TERMINATED — PID 16324 (node.exe)
2026-09-13 10:00:46 [argus.main] INFO EVENT: PROCESS_TERMINATED — PID 21092 (conhost.exe)
2026-09-13 10:00:46 [argus.main] INFO EVENT: PROCESS_TERMINATED — PID 26120 (powershell.exe)
2026-09-13 10:00:46 [argus.file_monitor.scanner] INFO File scan: 4 roots, 15 candidates, 2 findings
2026-09-13 10:00:50 [argus.main] INFO EVENT: PROCESS_STARTED — PID 13692 (conhost.exe) parent=17368
2026-09-13 10:00:50 [argus.main] INFO EVENT: PROCESS_STARTED — PID 17368 (powershell.exe) parent=19644
2026-09-13 10:00:50 [argus.main] INFO EVENT: PROCESS_STARTED — PID 26644 (node.exe) parent=17368
2026-09-13 10:00:52 [argus.main] INFO EVENT: PROCESS_STARTED — PID 2248 (node.exe) parent=21536
2026-09-13 10:00:53 [argus.main] INFO EVENT: PROCESS_STARTED — PID 9196 (postgres.exe) parent=14392
2026-09-13 10:00:53 [argus.main] INFO EVENT: PROCESS_STARTED — PID 21536 (cmd.exe) parent=26644
2026-09-13 10:00:53 [argus.main] INFO EVENT: PROCESS_STARTED — PID 22644 (downloaded-@esbuild-win32-x64-esbuild.exe) parent=2248
2026-09-13 10:00:55 [argus.main] INFO EVENT: PROCESS_TERMINATED — PID 13692 (conhost.exe)
2026-09-13 10:00:55 [argus.main] INFO EVENT: PROCESS_TERMINATED — PID 17368 (powershell.exe)
2026-09-13 10:00:55 [argus.main] INFO EVENT: PROCESS_TERMINATED — PID 26644 (node.exe)
2026-09-13 10:00:55 [argus.main] INFO EVENT: PROCESS_TERMINATED — PID 2248 (node.exe)
2026-09-13 10:00:55 [argus.main] INFO EVENT: PROCESS_TERMINATED — PID 9196 (postgres.exe)
2026-09-13 10:00:55 [argus.main] INFO EVENT: PROCESS_TERMINATED — PID 21536 (cmd.exe)
2026-09-13 10:00:55 [argus.main] INFO EVENT: PROCESS_TERMINATED — PID 22644 (downloaded-@esbuild-win32-x64-esbuild.exe)
2026-09-13 10:01:01 [argus.file_monitor.scanner] INFO File scan: 4 roots, 15 candidates, 2 findings
2026-09-13 10:01:16 [argus.file_monitor.scanner] INFO File scan: 4 roots, 15 candidates, 2 findings
2026-09-13 10:01:29 [argus.main] INFO EVENT: PROCESS_TERMINATED — PID 26212 (svchost.exe)
2026-09-13 10:01:32 [argus.file_monitor.scanner] INFO File scan: 4 roots, 15 candidates, 2 findings
2026-09-13 10:01:35 [argus.main] INFO EVENT: PROCESS_STARTED — PID 12396 (powershell.exe) parent=19644
2026-09-13 10:01:35 [argus.main] INFO EVENT: PROCESS_STARTED — PID 12932 (conhost.exe) parent=12396
2026-09-13 10:01:35 [argus.main] INFO EVENT: PROCESS_STARTED — PID 18612 (powershell.exe) parent=31368
2026-09-13 10:01:35 [argus.main] INFO EVENT: PROCESS_STARTED — PID 19592 (node.exe) parent=25196
2026-09-13 10:01:35 [argus.main] INFO EVENT: PROCESS_STARTED — PID 25196 (cmd.exe) parent=28456
2026-09-13 10:01:35 [argus.main] INFO EVENT: PROCESS_STARTED — PID 26916 (conhost.exe) parent=18612
2026-09-13 10:01:35 [argus.main] INFO EVENT: PROCESS_STARTED — PID 28456 (node.exe) parent=12396
2026-09-13 10:01:35 [argus.main] INFO EVENT: PROCESS_STARTED — PID 30332 (StoreDesktopExtension.exe) parent=1596
2026-09-13 10:01:37 [argus.main] INFO EVENT: PROCESS_STARTED — PID 17088 (svchost.exe) parent=1360
2026-09-13 10:01:37 [argus.main] INFO EVENT: PROCESS_TERMINATED — PID 12396 (powershell.exe)
2026-09-13 10:01:37 [argus.main] INFO EVENT: PROCESS_TERMINATED — PID 12932 (conhost.exe)
2026-09-13 10:01:37 [argus.main] INFO EVENT: PROCESS_TERMINATED — PID 18612 (powershell.exe)
2026-09-13 10:01:37 [argus.main] INFO EVENT: PROCESS_TERMINATED — PID 19592 (node.exe)
2026-09-13 10:01:37 [argus.main] INFO EVENT: PROCESS_TERMINATED — PID 25196 (cmd.exe)
2026-09-13 10:01:37 [argus.main] INFO EVENT: PROCESS_TERMINATED — PID 26916 (conhost.exe)
2026-09-13 10:01:37 [argus.main] INFO EVENT: PROCESS_TERMINATED — PID 28456 (node.exe)
2026-09-13 10:01:41 [argus.main] INFO EVENT: PROCESS_STARTED — PID 23584 (powershell.exe) parent=19644
2026-09-13 10:01:41 [argus.main] INFO EVENT: PROCESS_STARTED — PID 25904 (conhost.exe) parent=23584
2026-09-13 10:01:43 [argus.main] INFO EVENT: PROCESS_TERMINATED — PID 23584 (powershell.exe)
2026-09-13 10:01:43 [argus.main] INFO EVENT: PROCESS_TERMINATED — PID 25904 (conhost.exe)
2026-09-13 10:01:46 [argus.file_monitor.scanner] INFO File scan: 4 roots, 15 candidates, 2 findings
2026-09-13 10:01:47 [argus.main] INFO EVENT: PROCESS_STARTED — PID 1352 (conhost.exe) parent=27372
2026-09-13 10:01:48 [argus.main] INFO EVENT: PROCESS_STARTED — PID 27372 (powershell.exe) parent=19644
2026-09-13 10:01:48 [argus.main] INFO EVENT: PROCESS_STARTED — PID 27780 (node.exe) parent=27372
2026-09-13 10:01:50 [argus.main] INFO EVENT: PROCESS_TERMINATED — PID 1352 (conhost.exe)
2026-09-13 10:01:50 [argus.main] INFO EVENT: PROCESS_TERMINATED — PID 27372 (powershell.exe)
2026-09-13 10:01:50 [argus.main] INFO EVENT: PROCESS_TERMINATED — PID 27780 (node.exe)
2026-09-13 10:02:01 [argus.file_monitor.scanner] INFO File scan: 4 roots, 15 candidates, 2 findings
2026-09-13 10:02:14 [argus.main] INFO EVENT: PROCESS_STARTED — PID 3260 (powershell.exe) parent=19644
2026-09-13 10:02:14 [argus.main] INFO EVENT: PROCESS_STARTED — PID 7224 (node.exe) parent=3260
2026-09-13 10:02:14 [argus.main] INFO EVENT: PROCESS_STARTED — PID 17860 (cmd.exe) parent=7224
2026-09-13 10:02:14 [argus.main] INFO EVENT: PROCESS_STARTED — PID 19116 (downloaded-@esbuild-win32-x64-esbuild.exe) parent=26048
2026-09-13 10:02:14 [argus.main] INFO EVENT: PROCESS_STARTED — PID 20236 (conhost.exe) parent=3260
2026-09-13 10:02:14 [argus.main] INFO EVENT: PROCESS_STARTED — PID 26048 (node.exe) parent=17860
2026-09-13 10:02:16 [argus.main] INFO EVENT: PROCESS_TERMINATED — PID 3260 (powershell.exe)
2026-09-13 10:02:16 [argus.main] INFO EVENT: PROCESS_TERMINATED — PID 7224 (node.exe)
2026-09-13 10:02:16 [argus.main] INFO EVENT: PROCESS_TERMINATED — PID 17860 (cmd.exe)
2026-09-13 10:02:16 [argus.main] INFO EVENT: PROCESS_TERMINATED — PID 19116 (downloaded-@esbuild-win32-x64-esbuild.exe)
2026-09-13 10:02:16 [argus.main] INFO EVENT: PROCESS_TERMINATED — PID 20236 (conhost.exe)
2026-09-13 10:02:16 [argus.file_monitor.scanner] INFO File scan: 4 roots, 15 candidates, 2 findings
2026-09-13 10:02:16 [argus.main] INFO EVENT: PROCESS_TERMINATED — PID 26048 (node.exe)
2026-09-13 10:02:20 [argus.main] INFO EVENT: PROCESS_STARTED — PID 8832 (powershell.exe) parent=31368
2026-09-13 10:02:20 [argus.main] INFO EVENT: PROCESS_STARTED — PID 13132 (conhost.exe) parent=8832
2026-09-13 10:02:22 [argus.main] INFO EVENT: PROCESS_STARTED — PID 13544 (conhost.exe) parent=15568
2026-09-13 10:02:22 [argus.main] INFO EVENT: PROCESS_STARTED — PID 15568 (powershell.exe) parent=19644
2026-09-13 10:02:22 [argus.main] INFO EVENT: PROCESS_TERMINATED — PID 8832 (powershell.exe)
2026-09-13 10:02:22 [argus.main] INFO EVENT: PROCESS_TERMINATED — PID 13132 (conhost.exe)
2026-09-13 10:02:24 [argus.main] INFO EVENT: PROCESS_TERMINATED — PID 13544 (conhost.exe)
2026-09-13 10:02:24 [argus.main] INFO EVENT: PROCESS_TERMINATED — PID 15568 (powershell.exe)
2026-09-13 10:02:28 [argus.main] INFO EVENT: PROCESS_TERMINATED — PID 17088 (svchost.exe)
2026-09-13 10:02:32 [argus.file_monitor.scanner] INFO File scan: 4 roots, 15 candidates, 2 findings
2026-09-13 10:02:36 [argus.main] INFO EVENT: PROCESS_TERMINATED — PID 30332 (StoreDesktopExtension.exe)
2026-09-13 10:02:38 [argus.main] INFO EVENT: PROCESS_STARTED — PID 31692 (svchost.exe) parent=1360
2026-09-13 10:02:47 [argus.file_monitor.scanner] INFO File scan: 4 roots, 15 candidates, 2 findings
2026-09-13 10:02:50 [argus.main] INFO EVENT: PROCESS_STARTED — PID 1684 (conhost.exe) parent=26152
2026-09-13 10:02:51 [argus.main] INFO EVENT: PROCESS_STARTED — PID 13996 (conhost.exe) parent=19544
2026-09-13 10:02:51 [argus.main] INFO EVENT: PROCESS_STARTED — PID 19544 (powershell.exe) parent=31368
2026-09-13 10:02:51 [argus.main] INFO EVENT: PROCESS_STARTED — PID 26152 (powershell.exe) parent=19644
2026-09-13 10:02:53 [argus.main] INFO EVENT: PROCESS_STARTED — PID 9744 (bash.exe) parent=26152
2026-09-13 10:02:53 [argus.main] INFO EVENT: PROCESS_STARTED — PID 14232 (sh.exe) parent=24844
2026-09-13 10:02:53 [argus.main] INFO EVENT: PROCESS_STARTED — PID 23248 (sh.exe) parent=14232
2026-09-13 10:02:53 [argus.main] INFO EVENT: PROCESS_STARTED — PID 24844 (bash.exe) parent=9744
2026-09-13 10:02:53 [argus.main] INFO EVENT: PROCESS_STARTED — PID 29204 (dirname.exe) parent=23248
2026-09-13 10:02:53 [argus.main] INFO EVENT: PROCESS_TERMINATED — PID 13996 (conhost.exe)
2026-09-13 10:02:53 [argus.main] INFO EVENT: PROCESS_TERMINATED — PID 19544 (powershell.exe)
2026-09-13 10:02:55 [argus.main] INFO EVENT: PROCESS_TERMINATED — PID 1684 (conhost.exe)
2026-09-13 10:02:55 [argus.main] INFO EVENT: PROCESS_TERMINATED — PID 26152 (powershell.exe)
2026-09-13 10:02:55 [argus.main] INFO EVENT: PROCESS_TERMINATED — PID 9744 (bash.exe)
2026-09-13 10:02:55 [argus.main] INFO EVENT: PROCESS_TERMINATED — PID 14232 (sh.exe)
2026-09-13 10:02:55 [argus.main] INFO EVENT: PROCESS_TERMINATED — PID 23248 (sh.exe)
2026-09-13 10:02:55 [argus.main] INFO EVENT: PROCESS_TERMINATED — PID 24844 (bash.exe)
2026-09-13 10:02:55 [argus.main] INFO EVENT: PROCESS_TERMINATED — PID 29204 (dirname.exe)
2026-09-13 10:02:59 [argus.main] INFO EVENT: PROCESS_STARTED — PID 7728 (postgres.exe) parent=14392
2026-09-13 10:03:01 [argus.main] INFO EVENT: PROCESS_TERMINATED — PID 7728 (postgres.exe)
2026-09-13 10:03:01 [argus.file_monitor.scanner] INFO File scan: 4 roots, 15 candidates, 2 findings
2026-09-13 10:03:15 [argus.main] INFO EVENT: PROCESS_STARTED — PID 10984 (powershell.exe) parent=19644
2026-09-13 10:03:15 [argus.main] INFO EVENT: PROCESS_STARTED — PID 15964 (<unknown-pid-15964>) parent=none
2026-09-13 10:03:15 [argus.main] INFO EVENT: PROCESS_STARTED — PID 19212 (cmd.exe) parent=10984
2026-09-13 10:03:15 [argus.main] INFO EVENT: PROCESS_STARTED — PID 21092 (conhost.exe) parent=10984
2026-09-13 10:03:15 [argus.main] INFO EVENT: PROCESS_STARTED — PID 22056 (conhost.exe) parent=19212
2026-09-13 10:03:15 [argus.main] INFO EVENT: PROCESS_STARTED — PID 23884 (bash.exe) parent=29520
2026-09-13 10:03:15 [argus.main] INFO EVENT: PROCESS_STARTED — PID 29520 (bash.exe) parent=19212
2026-09-13 10:03:16 [argus.file_monitor.scanner] INFO File scan: 4 roots, 17 candidates, 2 findings
2026-09-13 10:03:17 [argus.main] INFO EVENT: PROCESS_TERMINATED — PID 15964 (<unknown-pid-15964>)
2026-09-13 10:03:17 [argus.main] INFO EVENT: PROCESS_TERMINATED — PID 19212 (cmd.exe)
2026-09-13 10:03:17 [argus.main] INFO EVENT: PROCESS_TERMINATED — PID 22056 (conhost.exe)
2026-09-13 10:03:17 [argus.main] INFO EVENT: PROCESS_TERMINATED — PID 23884 (bash.exe)
2026-09-13 10:03:17 [argus.main] INFO EVENT: PROCESS_TERMINATED — PID 29520 (bash.exe)
2026-09-13 10:03:25 [argus.main] INFO EVENT: PROCESS_TERMINATED — PID 10536 (smartscreen.exe)
2026-09-13 10:03:27 [argus.main] INFO EVENT: PROCESS_STARTED — PID 16876 (smartscreen.exe) parent=1596
2026-09-13 10:03:27 [argus.main] INFO EVENT: PROCESS_TERMINATED — PID 10984 (powershell.exe)
2026-09-13 10:03:27 [argus.main] INFO EVENT: PROCESS_TERMINATED — PID 21092 (conhost.exe)
2026-09-13 10:03:29 [argus.main] INFO EVENT: PROCESS_TERMINATED — PID 31692 (svchost.exe)
2026-09-13 10:03:31 [argus.file_monitor.scanner] INFO File scan: 4 roots, 17 candidates, 2 findings
2026-09-13 10:03:36 [argus.main] INFO EVENT: PROCESS_TERMINATED — PID 14960 (Lively.exe)
2026-09-13 10:03:36 [argus.main] INFO EVENT: PROCESS_TERMINATED — PID 23828 (mpv.exe)
2026-09-13 10:03:36 [argus.main] INFO EVENT: PROCESS_TERMINATED — PID 30292 (Lively.Watchdog.exe)
2026-09-13 10:03:38 [argus.main] INFO EVENT: PROCESS_STARTED — PID 16060 (conhost.exe) parent=21744
2026-09-13 10:03:38 [argus.main] INFO EVENT: PROCESS_STARTED — PID 21744 (powershell.exe) parent=31368
2026-09-13 10:03:40 [argus.main] INFO EVENT: PROCESS_STARTED — PID 31284 (svchost.exe) parent=1360
2026-09-13 10:03:40 [argus.main] INFO EVENT: PROCESS_TERMINATED — PID 16060 (conhost.exe)
2026-09-13 10:03:40 [argus.main] INFO EVENT: PROCESS_TERMINATED — PID 21744 (powershell.exe)
2026-09-13 10:03:42 [argus.main] INFO EVENT: PROCESS_STARTED — PID 3400 (bash.exe) parent=29448
2026-09-13 10:03:42 [argus.main] INFO EVENT: PROCESS_STARTED — PID 8828 (bash.exe) parent=27760
2026-09-13 10:03:42 [argus.main] INFO EVENT: PROCESS_STARTED — PID 11996 (conhost.exe) parent=29404
2026-09-13 10:03:42 [argus.main] INFO EVENT: PROCESS_STARTED — PID 17928 (conhost.exe) parent=27760
2026-09-13 10:03:42 [argus.main] INFO EVENT: PROCESS_STARTED — PID 27760 (cmd.exe) parent=29404
2026-09-13 10:03:42 [argus.main] INFO EVENT: PROCESS_STARTED — PID 29404 (powershell.exe) parent=19644
2026-09-13 10:03:42 [argus.main] INFO EVENT: PROCESS_STARTED — PID 29448 (bash.exe) parent=8828
2026-09-13 10:03:44 [argus.main] INFO EVENT: PROCESS_STARTED — PID 6148 (bash.exe) parent=9624
2026-09-13 10:03:44 [argus.main] INFO EVENT: PROCESS_STARTED — PID 9624 (node.exe) parent=28048
2026-09-13 10:03:44 [argus.main] INFO EVENT: PROCESS_STARTED — PID 20680 (bash.exe) parent=6148
2026-09-13 10:03:44 [argus.main] INFO EVENT: PROCESS_STARTED — PID 28048 (sh.exe) parent=29448
2026-09-13 10:03:44 [argus.main] INFO EVENT: PROCESS_STARTED — PID 31352 (sh.exe) parent=12248
2026-09-13 10:03:44 [argus.main] INFO EVENT: PROCESS_TERMINATED — PID 3400 (bash.exe)
2026-09-13 10:03:46 [argus.main] INFO EVENT: PROCESS_STARTED — PID 13148 (sh.exe) parent=20680
2026-09-13 10:03:46 [argus.main] INFO EVENT: PROCESS_STARTED — PID 30120 (node.exe) parent=13148
2026-09-13 10:03:46 [argus.main] INFO EVENT: PROCESS_TERMINATED — PID 31352 (sh.exe)
2026-09-13 10:03:46 [argus.file_monitor.scanner] INFO File scan: 4 roots, 17 candidates, 2 findings
2026-09-13 10:03:48 [argus.main] INFO EVENT: PROCESS_STARTED — PID 4812 (node.exe) parent=17076
2026-09-13 10:03:48 [argus.main] INFO EVENT: PROCESS_STARTED — PID 17076 (bash.exe) parent=17348
2026-09-13 10:03:48 [argus.main] INFO EVENT: PROCESS_STARTED — PID 17348 (bash.exe) parent=30120
2026-09-13 10:03:54 [argus.main] INFO EVENT: PROCESS_STARTED — PID 5168 (<unknown-pid-5168>) parent=none
2026-09-13 10:03:56 [argus.main] INFO EVENT: PROCESS_TERMINATED — PID 5168 (<unknown-pid-5168>)
2026-09-13 10:03:58 [argus.main] INFO EVENT: PROCESS_TERMINATED — PID 11996 (conhost.exe)
2026-09-13 10:03:58 [argus.main] INFO EVENT: PROCESS_TERMINATED — PID 29404 (powershell.exe)
2026-09-13 10:04:01 [argus.file_monitor.scanner] INFO File scan: 4 roots, 17 candidates, 2 findings
2026-09-13 10:04:04 [argus.main] INFO EVENT: PROCESS_TERMINATED — PID 29752 (RuntimeBroker.exe)
2026-09-13 10:04:16 [argus.file_monitor.scanner] INFO File scan: 4 roots, 17 candidates, 2 findings
2026-09-13 10:04:28 [argus.main] INFO EVENT: PROCESS_TERMINATED — PID 14780 (svchost.exe)
2026-09-13 10:04:28 [argus.main] INFO EVENT: PROCESS_TERMINATED — PID 31284 (svchost.exe)
2026-09-13 10:04:31 [argus.file_monitor.scanner] INFO File scan: 4 roots, 17 candidates, 2 findings
2026-09-13 10:04:41 [argus.main] INFO EVENT: PROCESS_STARTED — PID 16032 (svchost.exe) parent=1360
2026-09-13 10:04:46 [argus.file_monitor.scanner] INFO File scan: 4 roots, 17 candidates, 2 findings
2026-09-13 10:04:59 [argus.main] INFO EVENT: PROCESS_STARTED — PID 31508 (powershell.exe) parent=31368
2026-09-13 10:05:01 [argus.main] INFO EVENT: PROCESS_TERMINATED — PID 31508 (powershell.exe)
2026-09-13 10:05:01 [argus.file_monitor.scanner] INFO File scan: 4 roots, 17 candidates, 2 findings
2026-09-13 10:05:11 [argus.main] INFO EVENT: PROCESS_STARTED — PID 23992 (chrome.exe) parent=20496
2026-09-13 10:05:15 [argus.main] INFO EVENT: PROCESS_STARTED — PID 12464 (chrome.exe) parent=20496
2026-09-13 10:05:17 [argus.file_monitor.scanner] INFO File scan: 4 roots, 17 candidates, 2 findings
2026-09-13 10:05:23 [argus.main] INFO EVENT: PROCESS_STARTED — PID 17444 (chrome.exe) parent=20496
2026-09-13 10:05:25 [argus.main] INFO EVENT: PROCESS_STARTED — PID 22756 (svchost.exe) parent=1360
2026-09-13 10:05:29 [argus.main] INFO EVENT: PROCESS_TERMINATED — PID 16032 (svchost.exe)
2026-09-13 10:05:31 [argus.file_monitor.scanner] INFO File scan: 4 roots, 17 candidates, 2 findings
2026-09-13 10:05:43 [argus.main] INFO EVENT: PROCESS_STARTED — PID 22340 (svchost.exe) parent=1360
2026-09-13 10:05:43 [argus.main] INFO EVENT: PROCESS_STARTED — PID 23692 (WmiPrvSE.exe) parent=1596
2026-09-13 10:05:43 [argus.main] INFO EVENT: PROCESS_TERMINATED — PID 15300 (WmiPrvSE.exe)
2026-09-13 10:05:46 [argus.file_monitor.scanner] INFO File scan: 4 roots, 17 candidates, 2 findings
2026-09-13 10:05:53 [argus.main] INFO EVENT: PROCESS_TERMINATED — PID 12464 (chrome.exe)
2026-09-13 10:05:59 [argus.main] INFO EVENT: PROCESS_STARTED — PID 9912 (postgres.exe) parent=14392
2026-09-13 10:06:01 [argus.main] INFO EVENT: PROCESS_STARTED — PID 17748 (conhost.exe) parent=20812
2026-09-13 10:06:01 [argus.main] INFO EVENT: PROCESS_STARTED — PID 20812 (powershell.exe) parent=31368
2026-09-13 10:06:01 [argus.main] INFO EVENT: PROCESS_TERMINATED — PID 9912 (postgres.exe)
2026-09-13 10:06:01 [argus.file_monitor.scanner] INFO File scan: 4 roots, 17 candidates, 2 findings
2026-09-13 10:06:03 [argus.main] INFO EVENT: PROCESS_TERMINATED — PID 17748 (conhost.exe)
2026-09-13 10:06:03 [argus.main] INFO EVENT: PROCESS_TERMINATED — PID 20812 (powershell.exe)
2026-09-13 10:06:16 [argus.file_monitor.scanner] INFO File scan: 4 roots, 17 candidates, 2 findings
2026-09-13 10:06:31 [argus.file_monitor.scanner] INFO File scan: 4 roots, 17 candidates, 2 findings
2026-09-13 10:06:33 [argus.main] INFO EVENT: PROCESS_STARTED — PID 12816 (powershell.exe) parent=31368
2026-09-13 10:06:33 [argus.main] INFO EVENT: PROCESS_STARTED — PID 13048 (chrome.exe) parent=20496
2026-09-13 10:06:33 [argus.main] INFO EVENT: PROCESS_STARTED — PID 27852 (conhost.exe) parent=12816
2026-09-13 10:06:33 [argus.main] INFO EVENT: PROCESS_TERMINATED — PID 21948 (chrome.exe)
2026-09-13 10:06:33 [argus.main] INFO EVENT: PROCESS_TERMINATED — PID 23992 (chrome.exe)
2026-09-13 10:06:35 [argus.main] INFO EVENT: PROCESS_TERMINATED — PID 12816 (powershell.exe)
2026-09-13 10:06:36 [argus.main] INFO EVENT: PROCESS_TERMINATED — PID 27852 (conhost.exe)
2026-09-13 10:06:42 [argus.main] INFO EVENT: PROCESS_STARTED — PID 30620 (chrome.exe) parent=20496
2026-09-13 10:06:44 [argus.main] INFO EVENT: PROCESS_STARTED — PID 8564 (conhost.exe) parent=16292
2026-09-13 10:06:44 [argus.main] INFO EVENT: PROCESS_STARTED — PID 12476 (chrome.exe) parent=20496
2026-09-13 10:06:44 [argus.main] INFO EVENT: PROCESS_STARTED — PID 16292 (powershell.exe) parent=31368
2026-09-13 10:06:44 [argus.main] INFO EVENT: PROCESS_STARTED — PID 28240 (chrome.exe) parent=20496
2026-09-13 10:06:44 [argus.main] INFO EVENT: PROCESS_STARTED — PID 31600 (chrome.exe) parent=20496
2026-09-13 10:06:44 [argus.main] INFO EVENT: PROCESS_TERMINATED — PID 13048 (chrome.exe)
2026-09-13 10:06:46 [argus.main] INFO EVENT: PROCESS_TERMINATED — PID 8564 (conhost.exe)
2026-09-13 10:06:46 [argus.main] INFO EVENT: PROCESS_TERMINATED — PID 16292 (powershell.exe)
2026-09-13 10:06:46 [argus.file_monitor.scanner] INFO File scan: 4 roots, 17 candidates, 2 findings
2026-09-13 10:06:48 [argus.main] INFO EVENT: PROCESS_STARTED — PID 22056 (<unknown-pid-22056>) parent=none
2026-09-13 10:06:50 [argus.main] INFO EVENT: PROCESS_TERMINATED — PID 22056 (<unknown-pid-22056>)
2026-09-13 10:06:52 [argus.main] INFO EVENT: PROCESS_STARTED — PID 4680 (chrome.exe) parent=20496
2026-09-13 10:07:02 [argus.file_monitor.scanner] INFO File scan: 4 roots, 17 candidates, 2 findings
2026-09-13 10:07:02 [argus.main] INFO EVENT: PROCESS_STARTED — PID 12336 (chrome.exe) parent=20496
2026-09-13 10:07:02 [argus.main] INFO EVENT: PROCESS_TERMINATED — PID 30620 (chrome.exe)
2026-09-13 10:07:02 [argus.main] INFO EVENT: PROCESS_TERMINATED — PID 12476 (chrome.exe)
2026-09-13 10:07:02 [argus.main] INFO EVENT: PROCESS_TERMINATED — PID 28240 (chrome.exe)
2026-09-13 10:07:04 [argus.main] INFO EVENT: PROCESS_STARTED — PID 7200 (conhost.exe) parent=24208
2026-09-13 10:07:04 [argus.main] INFO EVENT: PROCESS_STARTED — PID 24208 (powershell.exe) parent=31368
2026-09-13 10:07:04 [argus.main] INFO EVENT: PROCESS_STARTED — PID 31196 (chrome.exe) parent=20496
2026-09-13 10:07:04 [argus.main] INFO EVENT: PROCESS_TERMINATED — PID 31600 (chrome.exe)
2026-09-13 10:07:06 [argus.main] INFO EVENT: PROCESS_TERMINATED — PID 7200 (conhost.exe)
2026-09-13 10:07:06 [argus.main] INFO EVENT: PROCESS_TERMINATED — PID 24208 (powershell.exe)
2026-09-13 10:07:12 [argus.main] INFO EVENT: PROCESS_STARTED — PID 14372 (chrome.exe) parent=20496
2026-09-13 10:07:16 [argus.file_monitor.scanner] INFO File scan: 4 roots, 17 candidates, 2 findings
2026-09-13 10:07:31 [argus.file_monitor.scanner] INFO File scan: 4 roots, 17 candidates, 2 findings
2026-09-13 10:07:36 [argus.main] INFO EVENT: PROCESS_TERMINATED — PID 31196 (chrome.exe)
2026-09-13 10:07:42 [argus.main] INFO EVENT: PROCESS_STARTED — PID 3400 (chrome.exe) parent=20496
2026-09-13 10:07:44 [argus.main] INFO EVENT: PROCESS_STARTED — PID 14876 (powershell.exe) parent=31368
2026-09-13 10:07:44 [argus.main] INFO EVENT: PROCESS_STARTED — PID 30864 (conhost.exe) parent=14876
2026-09-13 10:07:46 [argus.file_monitor.scanner] INFO File scan: 4 roots, 17 candidates, 2 findings
2026-09-13 10:07:46 [argus.main] INFO EVENT: PROCESS_TERMINATED — PID 14876 (powershell.exe)
2026-09-13 10:07:46 [argus.main] INFO EVENT: PROCESS_TERMINATED — PID 30864 (conhost.exe)
2026-09-13 10:08:01 [argus.main] INFO EVENT: PROCESS_TERMINATED — PID 14372 (chrome.exe)
2026-09-13 10:08:01 [argus.file_monitor.scanner] INFO File scan: 4 roots, 17 candidates, 2 findings
2026-09-13 10:08:16 [argus.file_monitor.scanner] INFO File scan: 4 roots, 17 candidates, 2 findings
2026-09-13 10:08:23 [argus.main] INFO EVENT: PROCESS_STARTED — PID 14588 (backgroundTaskHost.exe) parent=1596
2026-09-13 10:08:29 [argus.main] INFO EVENT: PROCESS_STARTED — PID 15748 (SDXHelper.exe) parent=1596
2026-09-13 10:08:29 [argus.main] INFO EVENT: PROCESS_STARTED — PID 27052 (SDXHelper.exe) parent=2996
2026-09-13 10:08:29 [argus.main] INFO EVENT: PROCESS_TERMINATED — PID 16876 (smartscreen.exe)
2026-09-13 10:08:31 [argus.main] INFO EVENT: PROCESS_TERMINATED — PID 29932 (svchost.exe)
2026-09-13 10:08:32 [argus.file_monitor.scanner] INFO File scan: 4 roots, 17 candidates, 2 findings
2026-09-13 10:08:33 [argus.main] INFO EVENT: PROCESS_TERMINATED — PID 27052 (SDXHelper.exe)
2026-09-13 10:08:45 [argus.main] INFO EVENT: PROCESS_TERMINATED — PID 22340 (svchost.exe)
2026-09-13 10:08:46 [argus.file_monitor.scanner] INFO File scan: 4 roots, 17 candidates, 2 findings
2026-09-13 10:08:47 [argus.main] INFO EVENT: PROCESS_STARTED — PID 27456 (svchost.exe) parent=1360
2026-09-13 10:09:01 [argus.file_monitor.scanner] INFO File scan: 4 roots, 17 candidates, 2 findings
2026-09-13 10:09:16 [argus.file_monitor.scanner] INFO File scan: 4 roots, 17 candidates, 2 findings
2026-09-13 10:09:23 [argus.main] INFO EVENT: PROCESS_TERMINATED — PID 14588 (backgroundTaskHost.exe)
2026-09-13 10:09:29 [argus.main] INFO EVENT: PROCESS_STARTED — PID 6368 (RuntimeBroker.exe) parent=1596
2026-09-13 10:09:29 [argus.main] INFO EVENT: PROCESS_STARTED — PID 24436 (taskhostw.exe) parent=2996
2026-09-13 10:09:31 [argus.file_monitor.scanner] INFO File scan: 4 roots, 17 candidates, 2 findings
2026-09-13 10:09:31 [argus.main] INFO EVENT: PROCESS_STARTED — PID 27000 (sppsvc.exe) parent=1360
2026-09-13 10:09:35 [argus.main] INFO EVENT: PROCESS_TERMINATED — PID 24436 (taskhostw.exe)
2026-09-13 10:09:39 [argus.main] INFO EVENT: PROCESS_STARTED — PID 14896 (postgres.exe) parent=14392
2026-09-13 10:09:41 [argus.main] INFO EVENT: PROCESS_TERMINATED — PID 14896 (postgres.exe)
2026-09-13 10:09:45 [argus.main] INFO EVENT: PROCESS_TERMINATED — PID 27456 (svchost.exe)
2026-09-13 10:09:46 [argus.file_monitor.scanner] INFO File scan: 4 roots, 17 candidates, 2 findings
2026-09-13 10:09:47 [argus.main] INFO EVENT: PROCESS_STARTED — PID 1908 (powershell.exe) parent=31368
2026-09-13 10:09:47 [argus.main] INFO EVENT: PROCESS_STARTED — PID 18036 (conhost.exe) parent=1908
2026-09-13 10:09:47 [argus.main] INFO EVENT: PROCESS_STARTED — PID 30012 (svchost.exe) parent=1360
2026-09-13 10:09:49 [argus.main] INFO EVENT: PROCESS_TERMINATED — PID 1908 (powershell.exe)
2026-09-13 10:09:49 [argus.main] INFO EVENT: PROCESS_TERMINATED — PID 18036 (conhost.exe)
2026-09-13 10:09:51 [argus.main] INFO EVENT: PROCESS_TERMINATED — PID 22756 (svchost.exe)
2026-09-13 10:10:01 [argus.file_monitor.scanner] INFO File scan: 4 roots, 17 candidates, 2 findings
2026-09-13 10:10:03 [argus.main] INFO EVENT: PROCESS_TERMINATED — PID 27000 (sppsvc.exe)
2026-09-13 10:10:09 [argus.main] INFO EVENT: PROCESS_TERMINATED — PID 6368 (RuntimeBroker.exe)
2026-09-13 10:10:16 [argus.file_monitor.scanner] INFO File scan: 4 roots, 17 candidates, 2 findings
2026-09-13 10:10:31 [argus.file_monitor.scanner] INFO File scan: 4 roots, 17 candidates, 2 findings
2026-09-13 10:10:46 [argus.main] INFO EVENT: PROCESS_TERMINATED — PID 30012 (svchost.exe)
2026-09-13 10:10:46 [argus.file_monitor.scanner] INFO File scan: 4 roots, 17 candidates, 2 findings
2026-09-13 10:10:48 [argus.main] INFO EVENT: PROCESS_STARTED — PID 2760 (powershell.exe) parent=31368
2026-09-13 10:10:48 [argus.main] INFO EVENT: PROCESS_STARTED — PID 11424 (svchost.exe) parent=1360
2026-09-13 10:10:50 [argus.main] INFO EVENT: PROCESS_TERMINATED — PID 2760 (powershell.exe)
2026-09-13 10:11:01 [argus.file_monitor.scanner] INFO File scan: 4 roots, 17 candidates, 2 findings
2026-09-13 10:11:16 [argus.file_monitor.scanner] INFO File scan: 4 roots, 17 candidates, 2 findings
2026-09-13 10:11:22 [argus.main] INFO EVENT: PROCESS_STARTED — PID 13832 (svchost.exe) parent=1360
2026-09-13 10:11:22 [argus.main] INFO EVENT: PROCESS_STARTED — PID 19620 (svchost.exe) parent=1360
2026-09-13 10:11:31 [argus.file_monitor.scanner] INFO File scan: 4 roots, 17 candidates, 2 findings
2026-09-13 10:11:32 [argus.main] INFO EVENT: PROCESS_STARTED — PID 19516 (svchost.exe) parent=1360
2026-09-13 10:11:34 [argus.main] INFO EVENT: PROCESS_STARTED — PID 4000 (conhost.exe) parent=27464
2026-09-13 10:11:34 [argus.main] INFO EVENT: PROCESS_STARTED — PID 27464 (powershell.exe) parent=31368
2026-09-13 10:11:36 [argus.main] INFO EVENT: PROCESS_TERMINATED — PID 4000 (conhost.exe)
2026-09-13 10:11:36 [argus.main] INFO EVENT: PROCESS_TERMINATED — PID 27464 (powershell.exe)
2026-09-13 10:11:42 [argus.main] INFO EVENT: PROCESS_TERMINATED — PID 19620 (svchost.exe)
2026-09-13 10:11:46 [argus.file_monitor.scanner] INFO File scan: 4 roots, 17 candidates, 2 findings
2026-09-13 10:11:46 [argus.main] INFO EVENT: PROCESS_TERMINATED — PID 11424 (svchost.exe)
2026-09-13 10:11:50 [argus.main] INFO EVENT: PROCESS_STARTED — PID 11880 (conhost.exe) parent=30292
2026-09-13 10:11:50 [argus.main] INFO EVENT: PROCESS_STARTED — PID 30292 (powershell.exe) parent=31368
2026-09-13 10:11:52 [argus.main] INFO EVENT: PROCESS_STARTED — PID 12168 (svchost.exe) parent=1360
2026-09-13 10:11:52 [argus.main] INFO EVENT: PROCESS_TERMINATED — PID 11880 (conhost.exe)
2026-09-13 10:11:52 [argus.main] INFO EVENT: PROCESS_TERMINATED — PID 30292 (powershell.exe)
2026-09-13 10:12:01 [argus.file_monitor.scanner] INFO File scan: 4 roots, 17 candidates, 2 findings
2026-09-13 10:12:06 [argus.main] INFO EVENT: PROCESS_STARTED — PID 12248 (<unknown-pid-12248>) parent=none
2026-09-13 10:12:08 [argus.main] INFO EVENT: PROCESS_TERMINATED — PID 12248 (<unknown-pid-12248>)
2026-09-13 10:12:16 [argus.file_monitor.scanner] INFO File scan: 4 roots, 17 candidates, 2 findings
2026-09-13 10:12:31 [argus.file_monitor.scanner] INFO File scan: 4 roots, 17 candidates, 2 findings
2026-09-13 10:12:38 [argus.main] INFO EVENT: PROCESS_STARTED — PID 9584 (conhost.exe) parent=28444
2026-09-13 10:12:38 [argus.main] INFO EVENT: PROCESS_STARTED — PID 28444 (powershell.exe) parent=31368
2026-09-13 10:12:40 [argus.main] INFO EVENT: PROCESS_TERMINATED — PID 9584 (conhost.exe)
2026-09-13 10:12:40 [argus.main] INFO EVENT: PROCESS_TERMINATED — PID 28444 (powershell.exe)
2026-09-13 10:12:46 [argus.file_monitor.scanner] INFO File scan: 4 roots, 17 candidates, 2 findings
2026-09-13 10:12:46 [argus.main] INFO EVENT: PROCESS_TERMINATED — PID 12168 (svchost.exe)
2026-09-13 10:12:52 [argus.main] INFO EVENT: PROCESS_STARTED — PID 27712 (svchost.exe) parent=1360
2026-09-13 10:13:01 [argus.file_monitor.scanner] INFO File scan: 4 roots, 17 candidates, 2 findings
2026-09-13 10:13:04 [argus.main] INFO EVENT: PROCESS_STARTED — PID 2564 (MoUsoCoreWorker.exe) parent=2476
2026-09-13 10:13:05 [argus.main] INFO EVENT: PROCESS_STARTED — PID 2600 (taskhostw.exe) parent=2996
2026-09-13 10:13:05 [argus.main] INFO EVENT: PROCESS_STARTED — PID 15000 (svchost.exe) parent=1360
2026-09-13 10:13:05 [argus.main] INFO EVENT: PROCESS_STARTED — PID 29344 (OfficeC2RClient.exe) parent=2996
2026-09-13 10:13:07 [argus.main] INFO EVENT: PROCESS_STARTED — PID 20028 (taskhostw.exe) parent=2996
2026-09-13 10:13:07 [argus.main] INFO EVENT: PROCESS_TERMINATED — PID 29344 (OfficeC2RClient.exe)
2026-09-13 10:13:16 [argus.file_monitor.scanner] INFO File scan: 4 roots, 17 candidates, 2 findings
2026-09-13 10:13:17 [argus.main] INFO EVENT: PROCESS_STARTED — PID 23624 (svchost.exe) parent=1360
2026-09-13 10:13:17 [argus.main] INFO EVENT: PROCESS_STARTED — PID 24992 (smartscreen.exe) parent=1596
2026-09-13 10:13:31 [argus.file_monitor.scanner] INFO File scan: 4 roots, 17 candidates, 2 findings
2026-09-13 10:13:39 [argus.main] INFO EVENT: PROCESS_STARTED — PID 29204 (RuntimeBroker.exe) parent=1596
2026-09-13 10:13:43 [argus.main] INFO EVENT: PROCESS_STARTED — PID 8340 (sppsvc.exe) parent=1360
2026-09-13 10:13:43 [argus.main] INFO EVENT: PROCESS_STARTED — PID 27392 (powershell.exe) parent=31368
2026-09-13 10:13:43 [argus.main] INFO EVENT: PROCESS_STARTED — PID 30824 (conhost.exe) parent=27392
2026-09-13 10:13:43 [argus.main] INFO EVENT: PROCESS_TERMINATED — PID 3936 (audiodg.exe)
2026-09-13 10:13:45 [argus.main] INFO EVENT: PROCESS_TERMINATED — PID 27712 (svchost.exe)
2026-09-13 10:13:45 [argus.main] INFO EVENT: PROCESS_TERMINATED — PID 27392 (powershell.exe)
2026-09-13 10:13:45 [argus.main] INFO EVENT: PROCESS_TERMINATED — PID 30824 (conhost.exe)
2026-09-13 10:13:46 [argus.file_monitor.scanner] INFO File scan: 4 roots, 17 candidates, 2 findings
2026-09-13 10:13:53 [argus.main] INFO EVENT: PROCESS_STARTED — PID 8004 (powershell.exe) parent=31368
2026-09-13 10:13:53 [argus.main] INFO EVENT: PROCESS_STARTED — PID 27960 (conhost.exe) parent=8004
2026-09-13 10:13:55 [argus.main] INFO EVENT: PROCESS_STARTED — PID 9956 (svchost.exe) parent=1360
2026-09-13 10:13:55 [argus.main] INFO EVENT: PROCESS_TERMINATED — PID 8004 (powershell.exe)
2026-09-13 10:13:55 [argus.main] INFO EVENT: PROCESS_TERMINATED — PID 27960 (conhost.exe)
2026-09-13 10:13:59 [argus.main] INFO EVENT: PROCESS_STARTED — PID 27828 (postgres.exe) parent=14392
2026-09-13 10:14:01 [argus.file_monitor.scanner] INFO File scan: 4 roots, 17 candidates, 2 findings
2026-09-13 10:14:01 [argus.main] INFO EVENT: PROCESS_TERMINATED — PID 27828 (postgres.exe)
2026-09-13 10:14:03 [argus.main] INFO EVENT: PROCESS_STARTED — PID 3120 (ROUTE.EXE) parent=31368
2026-09-13 10:14:03 [argus.main] INFO EVENT: PROCESS_STARTED — PID 11580 (svchost.exe) parent=1360
2026-09-13 10:14:05 [argus.main] INFO EVENT: PROCESS_TERMINATED — PID 3120 (ROUTE.EXE)
2026-09-13 10:14:07 [argus.main] INFO EVENT: PROCESS_TERMINATED — PID 2564 (MoUsoCoreWorker.exe)
2026-09-13 10:14:13 [argus.main] INFO EVENT: PROCESS_TERMINATED — PID 8340 (sppsvc.exe)
2026-09-13 10:14:16 [argus.file_monitor.scanner] INFO File scan: 4 roots, 17 candidates, 2 findings
2026-09-13 10:14:19 [argus.main] INFO EVENT: PROCESS_STARTED — PID 8052 (postgres.exe) parent=14392
2026-09-13 10:14:19 [argus.main] INFO EVENT: PROCESS_TERMINATED — PID 29204 (RuntimeBroker.exe)
2026-09-13 10:14:21 [argus.main] INFO EVENT: PROCESS_TERMINATED — PID 8052 (postgres.exe)
2026-09-13 10:14:31 [argus.file_monitor.scanner] INFO File scan: 4 roots, 17 candidates, 2 findings
2026-09-13 10:14:39 [argus.main] INFO EVENT: PROCESS_STARTED — PID 10392 (postgres.exe) parent=14392
2026-09-13 10:14:41 [argus.main] INFO EVENT: PROCESS_TERMINATED — PID 10392 (postgres.exe)
2026-09-13 10:14:45 [argus.main] INFO EVENT: PROCESS_TERMINATED — PID 9956 (svchost.exe)
2026-09-13 10:14:46 [argus.file_monitor.scanner] INFO File scan: 4 roots, 17 candidates, 2 findings
2026-09-13 10:14:47 [argus.main] INFO EVENT: PROCESS_STARTED — PID 7320 (conhost.exe) parent=28496
2026-09-13 10:14:47 [argus.main] INFO EVENT: PROCESS_STARTED — PID 28496 (powershell.exe) parent=31368
2026-09-13 10:14:49 [argus.main] INFO EVENT: PROCESS_TERMINATED — PID 7320 (conhost.exe)
2026-09-13 10:14:49 [argus.main] INFO EVENT: PROCESS_TERMINATED — PID 28496 (powershell.exe)
2026-09-13 10:14:55 [argus.main] INFO EVENT: PROCESS_STARTED — PID 1920 (svchost.exe) parent=1360
2026-09-13 10:14:58 [argus.main] INFO EVENT: PROCESS_STARTED — PID 17764 (VSSVC.exe) parent=1360
2026-09-13 10:14:58 [argus.main] INFO EVENT: PROCESS_STARTED — PID 19220 (svchost.exe) parent=1360
2026-09-13 10:15:01 [argus.file_monitor.scanner] INFO File scan: 4 roots, 17 candidates, 2 findings
2026-09-13 10:15:16 [argus.file_monitor.scanner] INFO File scan: 4 roots, 17 candidates, 2 findings
2026-09-13 10:15:20 [argus.main] INFO EVENT: PROCESS_TERMINATED — PID 11580 (svchost.exe)
2026-09-13 10:15:31 [argus.file_monitor.scanner] INFO File scan: 4 roots, 17 candidates, 2 findings
2026-09-13 10:15:46 [argus.main] INFO EVENT: PROCESS_TERMINATED — PID 1920 (svchost.exe)
2026-09-13 10:15:46 [argus.file_monitor.scanner] INFO File scan: 4 roots, 17 candidates, 2 findings
2026-09-13 10:15:52 [argus.main] INFO EVENT: PROCESS_STARTED — PID 12180 (powershell.exe) parent=31368
2026-09-13 10:15:54 [argus.main] INFO EVENT: PROCESS_TERMINATED — PID 12180 (powershell.exe)
2026-09-13 10:15:56 [argus.main] INFO EVENT: PROCESS_STARTED — PID 12672 (powershell.exe) parent=31368
2026-09-13 10:15:56 [argus.main] INFO EVENT: PROCESS_STARTED — PID 29080 (conhost.exe) parent=12672
2026-09-13 10:15:58 [argus.main] INFO EVENT: PROCESS_STARTED — PID 28904 (svchost.exe) parent=1360
2026-09-13 10:15:58 [argus.main] INFO EVENT: PROCESS_TERMINATED — PID 12672 (powershell.exe)
2026-09-13 10:15:58 [argus.main] INFO EVENT: PROCESS_TERMINATED — PID 29080 (conhost.exe)
2026-09-13 10:16:01 [argus.file_monitor.scanner] INFO File scan: 4 roots, 17 candidates, 2 findings
2026-09-13 10:16:16 [argus.file_monitor.scanner] INFO File scan: 4 roots, 17 candidates, 2 findings
2026-09-13 10:16:31 [argus.file_monitor.scanner] INFO File scan: 4 roots, 17 candidates, 2 findings
2026-09-13 10:16:46 [argus.file_monitor.scanner] INFO File scan: 4 roots, 17 candidates, 2 findings
2026-09-13 10:16:46 [argus.main] INFO EVENT: PROCESS_TERMINATED — PID 28904 (svchost.exe)
2026-09-13 10:16:56 [argus.main] INFO EVENT: PROCESS_STARTED — PID 10688 (powershell.exe) parent=31368
2026-09-13 10:16:56 [argus.main] INFO EVENT: PROCESS_STARTED — PID 27148 (conhost.exe) parent=10688
2026-09-13 10:16:58 [argus.main] INFO EVENT: PROCESS_STARTED — PID 15196 (svchost.exe) parent=1360
2026-09-13 10:16:58 [argus.main] INFO EVENT: PROCESS_TERMINATED — PID 10688 (powershell.exe)
2026-09-13 10:16:58 [argus.main] INFO EVENT: PROCESS_TERMINATED — PID 27148 (conhost.exe)
2026-09-13 10:17:01 [argus.file_monitor.scanner] INFO File scan: 4 roots, 17 candidates, 2 findings
2026-09-13 10:17:16 [argus.file_monitor.scanner] INFO File scan: 4 roots, 17 candidates, 2 findings
2026-09-13 10:17:31 [argus.file_monitor.scanner] INFO File scan: 4 roots, 17 candidates, 2 findings
2026-09-13 10:17:34 [argus.main] INFO EVENT: PROCESS_TERMINATED — PID 23624 (svchost.exe)
2026-09-13 10:17:46 [argus.file_monitor.scanner] INFO File scan: 4 roots, 17 candidates, 2 findings
2026-09-13 10:17:46 [argus.main] INFO EVENT: PROCESS_TERMINATED — PID 15196 (svchost.exe)
2026-09-13 10:17:58 [argus.main] INFO EVENT: PROCESS_STARTED — PID 6856 (conhost.exe) parent=25208
2026-09-13 10:17:58 [argus.main] INFO EVENT: PROCESS_STARTED — PID 10632 (svchost.exe) parent=1360
2026-09-13 10:17:58 [argus.main] INFO EVENT: PROCESS_TERMINATED — PID 17764 (VSSVC.exe)
2026-09-13 10:18:00 [argus.main] INFO EVENT: PROCESS_TERMINATED — PID 6856 (conhost.exe)
2026-09-13 10:18:01 [argus.file_monitor.scanner] INFO File scan: 4 roots, 17 candidates, 2 findings
2026-09-13 10:18:16 [argus.file_monitor.scanner] INFO File scan: 4 roots, 17 candidates, 2 findings
2026-09-13 10:18:18 [argus.main] INFO EVENT: PROCESS_TERMINATED — PID 24992 (smartscreen.exe)
2026-09-13 10:18:31 [argus.file_monitor.scanner] INFO File scan: 4 roots, 17 candidates, 2 findings
2026-09-13 10:18:46 [argus.file_monitor.scanner] INFO File scan: 4 roots, 17 candidates, 2 findings
2026-09-13 10:18:46 [argus.main] INFO EVENT: PROCESS_TERMINATED — PID 10632 (svchost.exe)
2026-09-13 10:19:00 [argus.main] INFO EVENT: PROCESS_STARTED — PID 18248 (svchost.exe) parent=1360
2026-09-13 10:19:01 [argus.file_monitor.scanner] INFO File scan: 4 roots, 17 candidates, 2 findings
2026-09-13 10:19:06 [argus.main] INFO EVENT: PROCESS_STARTED — PID 8984 (powershell.exe) parent=31368
2026-09-13 10:19:06 [argus.main] INFO EVENT: PROCESS_STARTED — PID 18384 (conhost.exe) parent=8984
2026-09-13 10:19:08 [argus.main] INFO EVENT: PROCESS_TERMINATED — PID 8984 (powershell.exe)
2026-09-13 10:19:08 [argus.main] INFO EVENT: PROCESS_TERMINATED — PID 18384 (conhost.exe)
2026-09-13 10:19:16 [argus.file_monitor.scanner] INFO File scan: 4 roots, 17 candidates, 2 findings
2026-09-13 10:19:31 [argus.file_monitor.scanner] INFO File scan: 4 roots, 17 candidates, 2 findings
2026-09-13 10:19:46 [argus.file_monitor.scanner] INFO File scan: 4 roots, 17 candidates, 2 findings
2026-09-13 10:19:47 [argus.main] INFO EVENT: PROCESS_TERMINATED — PID 18248 (svchost.exe)
2026-09-13 10:20:01 [argus.main] INFO EVENT: PROCESS_STARTED — PID 1948 (conhost.exe) parent=2080
2026-09-13 10:20:01 [argus.main] INFO EVENT: PROCESS_STARTED — PID 2080 (powershell.exe) parent=31368
2026-09-13 10:20:01 [argus.main] INFO EVENT: PROCESS_TERMINATED — PID 23692 (WmiPrvSE.exe)
2026-09-13 10:20:01 [argus.file_monitor.scanner] INFO File scan: 4 roots, 17 candidates, 2 findings
2026-09-13 10:20:03 [argus.main] INFO EVENT: PROCESS_STARTED — PID 22596 (svchost.exe) parent=1360
2026-09-13 10:20:03 [argus.main] INFO EVENT: PROCESS_STARTED — PID 29500 (WmiPrvSE.exe) parent=1596
2026-09-13 10:20:03 [argus.main] INFO EVENT: PROCESS_TERMINATED — PID 1948 (conhost.exe)
2026-09-13 10:20:03 [argus.main] INFO EVENT: PROCESS_TERMINATED — PID 2080 (powershell.exe)
2026-09-13 10:20:07 [argus.main] INFO EVENT: PROCESS_TERMINATED — PID 19516 (svchost.exe)
2026-09-13 10:20:11 [argus.main] INFO EVENT: PROCESS_STARTED — PID 5608 (conhost.exe) parent=12400
2026-09-13 10:20:11 [argus.main] INFO EVENT: PROCESS_STARTED — PID 12400 (powershell.exe) parent=31368
2026-09-13 10:20:13 [argus.main] INFO EVENT: PROCESS_TERMINATED — PID 5608 (conhost.exe)
2026-09-13 10:20:13 [argus.main] INFO EVENT: PROCESS_TERMINATED — PID 12400 (powershell.exe)
2026-09-13 10:20:16 [argus.file_monitor.scanner] INFO File scan: 4 roots, 17 candidates, 2 findings
2026-09-13 10:20:31 [argus.file_monitor.scanner] INFO File scan: 4 roots, 17 candidates, 2 findings
2026-09-13 10:20:46 [argus.file_monitor.scanner] INFO File scan: 4 roots, 17 candidates, 2 findings
2026-09-13 10:20:57 [argus.main] INFO EVENT: PROCESS_TERMINATED — PID 19220 (svchost.exe)
2026-09-13 10:21:01 [argus.file_monitor.scanner] INFO File scan: 4 roots, 17 candidates, 2 findings
2026-09-13 10:21:15 [argus.main] INFO EVENT: PROCESS_STARTED — PID 8876 (powershell.exe) parent=31368
2026-09-13 10:21:15 [argus.main] INFO EVENT: PROCESS_STARTED — PID 18268 (conhost.exe) parent=8876
2026-09-13 10:21:16 [argus.file_monitor.scanner] INFO File scan: 4 roots, 17 candidates, 2 findings
2026-09-13 10:21:17 [argus.main] INFO EVENT: PROCESS_TERMINATED — PID 8876 (powershell.exe)
2026-09-13 10:21:17 [argus.main] INFO EVENT: PROCESS_TERMINATED — PID 18268 (conhost.exe)
2026-09-13 10:21:23 [argus.main] INFO EVENT: PROCESS_TERMINATED — PID 13832 (svchost.exe)
2026-09-13 10:21:31 [argus.file_monitor.scanner] INFO File scan: 4 roots, 17 candidates, 2 findings
2026-09-13 10:21:46 [argus.file_monitor.scanner] INFO File scan: 4 roots, 17 candidates, 2 findings
2026-09-13 10:21:47 [argus.main] INFO EVENT: PROCESS_STARTED — PID 6892 (conhost.exe) parent=25436
2026-09-13 10:21:47 [argus.main] INFO EVENT: PROCESS_STARTED — PID 25436 (powershell.exe) parent=31368
2026-09-13 10:21:49 [argus.main] INFO EVENT: PROCESS_TERMINATED — PID 6892 (conhost.exe)
2026-09-13 10:21:49 [argus.main] INFO EVENT: PROCESS_TERMINATED — PID 25436 (powershell.exe)
2026-09-13 10:21:59 [argus.main] INFO EVENT: PROCESS_STARTED — PID 9100 (postgres.exe) parent=14392
2026-09-13 10:22:01 [argus.file_monitor.scanner] INFO File scan: 4 roots, 17 candidates, 2 findings
2026-09-13 10:22:01 [argus.main] INFO EVENT: PROCESS_TERMINATED — PID 9100 (postgres.exe)
2026-09-13 10:22:03 [argus.main] INFO EVENT: PROCESS_STARTED — PID 25104 (conhost.exe) parent=29508
2026-09-13 10:22:03 [argus.main] INFO EVENT: PROCESS_STARTED — PID 29508 (powershell.exe) parent=31368
2026-09-13 10:22:05 [argus.main] INFO EVENT: PROCESS_TERMINATED — PID 25104 (conhost.exe)
2026-09-13 10:22:05 [argus.main] INFO EVENT: PROCESS_TERMINATED — PID 29508 (powershell.exe)
2026-09-13 10:22:16 [argus.file_monitor.scanner] INFO File scan: 4 roots, 17 candidates, 2 findings
2026-09-13 10:22:19 [argus.main] INFO EVENT: PROCESS_STARTED — PID 3308 (<unknown-pid-3308>) parent=none
2026-09-13 10:22:19 [argus.main] INFO EVENT: PROCESS_STARTED — PID 16568 (powershell.exe) parent=31368
2026-09-13 10:22:19 [argus.main] INFO EVENT: PROCESS_STARTED — PID 24488 (conhost.exe) parent=16568
2026-09-13 10:22:21 [argus.main] INFO EVENT: PROCESS_TERMINATED — PID 3308 (<unknown-pid-3308>)
2026-09-13 10:22:21 [argus.main] INFO EVENT: PROCESS_TERMINATED — PID 16568 (powershell.exe)
2026-09-13 10:22:21 [argus.main] INFO EVENT: PROCESS_TERMINATED — PID 24488 (conhost.exe)
2026-09-13 10:22:31 [argus.file_monitor.scanner] INFO File scan: 4 roots, 17 candidates, 2 findings
2026-09-13 10:22:36 [argus.main] INFO EVENT: PROCESS_STARTED — PID 16808 (ipconfig.exe) parent=31368
2026-09-13 10:22:36 [argus.main] INFO EVENT: PROCESS_STARTED — PID 28688 (<unknown-pid-28688>) parent=none
2026-09-13 10:22:38 [argus.main] INFO EVENT: PROCESS_TERMINATED — PID 16808 (ipconfig.exe)
2026-09-13 10:22:38 [argus.main] INFO EVENT: PROCESS_TERMINATED — PID 28688 (<unknown-pid-28688>)
2026-09-13 10:22:46 [argus.file_monitor.scanner] INFO File scan: 4 roots, 17 candidates, 2 findings
2026-09-13 10:22:52 [argus.main] INFO EVENT: PROCESS_STARTED — PID 2964 (powershell.exe) parent=31368
2026-09-13 10:22:52 [argus.main] INFO EVENT: PROCESS_STARTED — PID 6672 (conhost.exe) parent=2964
2026-09-13 10:22:54 [argus.main] INFO EVENT: PROCESS_TERMINATED — PID 2964 (powershell.exe)
2026-09-13 10:22:54 [argus.main] INFO EVENT: PROCESS_TERMINATED — PID 6672 (conhost.exe)
2026-09-13 10:23:01 [argus.file_monitor.scanner] INFO File scan: 4 roots, 17 candidates, 2 findings
2026-09-13 10:23:06 [argus.main] INFO EVENT: PROCESS_STARTED — PID 10620 (svchost.exe) parent=1360
2026-09-13 10:23:06 [argus.main] INFO EVENT: PROCESS_TERMINATED — PID 22596 (svchost.exe)
2026-09-13 10:23:10 [argus.main] INFO EVENT: PROCESS_TERMINATED — PID 15000 (svchost.exe)
2026-09-13 10:23:16 [argus.file_monitor.scanner] INFO File scan: 4 roots, 17 candidates, 2 findings
2026-09-13 10:23:24 [argus.main] INFO EVENT: PROCESS_STARTED — PID 2536 (powershell.exe) parent=31368
2026-09-13 10:23:24 [argus.main] INFO EVENT: PROCESS_STARTED — PID 19088 (conhost.exe) parent=2536
2026-09-13 10:23:26 [argus.main] INFO EVENT: PROCESS_TERMINATED — PID 2536 (powershell.exe)
2026-09-13 10:23:26 [argus.main] INFO EVENT: PROCESS_TERMINATED — PID 19088 (conhost.exe)
2026-09-13 10:23:31 [argus.file_monitor.scanner] INFO File scan: 4 roots, 17 candidates, 2 findings
2026-09-13 10:23:40 [argus.main] INFO EVENT: PROCESS_STARTED — PID 15520 (ipconfig.exe) parent=31368
2026-09-13 10:23:42 [argus.main] INFO EVENT: PROCESS_TERMINATED — PID 15520 (ipconfig.exe)
2026-09-13 10:23:46 [argus.file_monitor.scanner] INFO File scan: 4 roots, 17 candidates, 2 findings
2026-09-13 10:23:56 [argus.main] INFO EVENT: PROCESS_STARTED — PID 12196 (powershell.exe) parent=31368
2026-09-13 10:23:56 [argus.main] INFO EVENT: PROCESS_STARTED — PID 20716 (conhost.exe) parent=12196
2026-09-13 10:23:58 [argus.main] INFO EVENT: PROCESS_STARTED — PID 22848 (backgroundTaskHost.exe) parent=1596
2026-09-13 10:23:58 [argus.main] INFO EVENT: PROCESS_TERMINATED — PID 12196 (powershell.exe)
2026-09-13 10:23:58 [argus.main] INFO EVENT: PROCESS_TERMINATED — PID 20716 (conhost.exe)
2026-09-13 10:24:01 [argus.file_monitor.scanner] INFO File scan: 4 roots, 17 candidates, 2 findings
2026-09-13 10:24:04 [argus.main] INFO EVENT: PROCESS_TERMINATED — PID 10620 (svchost.exe)
2026-09-13 10:24:06 [argus.main] INFO EVENT: PROCESS_STARTED — PID 23520 (powershell.exe) parent=31368
2026-09-13 10:24:06 [argus.main] INFO EVENT: PROCESS_STARTED — PID 28476 (conhost.exe) parent=23520
2026-09-13 10:24:08 [argus.main] INFO EVENT: PROCESS_STARTED — PID 17624 (svchost.exe) parent=1360
2026-09-13 10:24:08 [argus.main] INFO EVENT: PROCESS_TERMINATED — PID 23520 (powershell.exe)
2026-09-13 10:24:08 [argus.main] INFO EVENT: PROCESS_TERMINATED — PID 28476 (conhost.exe)
2026-09-13 10:24:16 [argus.file_monitor.scanner] INFO File scan: 4 roots, 17 candidates, 2 findings
2026-09-13 10:24:28 [argus.main] INFO EVENT: PROCESS_STARTED — PID 12908 (conhost.exe) parent=25924
2026-09-13 10:24:30 [argus.main] INFO EVENT: PROCESS_TERMINATED — PID 12908 (conhost.exe)
2026-09-13 10:24:31 [argus.file_monitor.scanner] INFO File scan: 4 roots, 17 candidates, 2 findings
2026-09-13 10:24:46 [argus.file_monitor.scanner] INFO File scan: 4 roots, 17 candidates, 2 findings
2026-09-13 10:25:00 [argus.main] INFO EVENT: PROCESS_STARTED — PID 19532 (conhost.exe) parent=22820
2026-09-13 10:25:00 [argus.main] INFO EVENT: PROCESS_STARTED — PID 22820 (powershell.exe) parent=31368
2026-09-13 10:25:00 [argus.main] INFO EVENT: PROCESS_TERMINATED — PID 22848 (backgroundTaskHost.exe)
2026-09-13 10:25:01 [argus.file_monitor.scanner] INFO File scan: 4 roots, 17 candidates, 2 findings
2026-09-13 10:25:03 [argus.main] INFO EVENT: PROCESS_TERMINATED — PID 19532 (conhost.exe)
2026-09-13 10:25:03 [argus.main] INFO EVENT: PROCESS_TERMINATED — PID 22820 (powershell.exe)
2026-09-13 10:25:05 [argus.main] INFO EVENT: PROCESS_TERMINATED — PID 17624 (svchost.exe)
2026-09-13 10:25:09 [argus.main] INFO EVENT: PROCESS_STARTED — PID 4624 (svchost.exe) parent=1360
2026-09-13 10:25:16 [argus.file_monitor.scanner] INFO File scan: 4 roots, 17 candidates, 2 findings
2026-09-13 10:25:31 [argus.file_monitor.scanner] INFO File scan: 4 roots, 17 candidates, 2 findings
2026-09-13 10:25:43 [argus.main] INFO EVENT: PROCESS_STARTED — PID 30116 (scanner.exe) parent=2996
2026-09-13 10:25:46 [argus.file_monitor.scanner] INFO File scan: 4 roots, 17 candidates, 2 findings
2026-09-13 10:26:01 [argus.file_monitor.scanner] INFO File scan: 4 roots, 17 candidates, 2 findings
2026-09-13 10:26:03 [argus.main] INFO EVENT: PROCESS_TERMINATED — PID 30116 (scanner.exe)
2026-09-13 10:26:05 [argus.main] INFO EVENT: PROCESS_STARTED — PID 5108 (ROUTE.EXE) parent=31368
2026-09-13 10:26:05 [argus.main] INFO EVENT: PROCESS_TERMINATED — PID 4624 (svchost.exe)
2026-09-13 10:26:07 [argus.main] INFO EVENT: PROCESS_TERMINATED — PID 5108 (ROUTE.EXE)
2026-09-13 10:26:09 [argus.main] INFO EVENT: PROCESS_STARTED — PID 4356 (conhost.exe) parent=15820
2026-09-13 10:26:09 [argus.main] INFO EVENT: PROCESS_STARTED — PID 15820 (powershell.exe) parent=31368
2026-09-13 10:26:11 [argus.main] INFO EVENT: PROCESS_STARTED — PID 16944 (svchost.exe) parent=1360
2026-09-13 10:26:11 [argus.main] INFO EVENT: PROCESS_TERMINATED — PID 4356 (conhost.exe)
2026-09-13 10:26:11 [argus.main] INFO EVENT: PROCESS_TERMINATED — PID 15820 (powershell.exe)
2026-09-13 10:26:16 [argus.file_monitor.scanner] INFO File scan: 4 roots, 17 candidates, 2 findings
2026-09-13 10:26:25 [argus.main] INFO EVENT: PROCESS_STARTED — PID 16908 (ROUTE.EXE) parent=31368
2026-09-13 10:26:27 [argus.main] INFO EVENT: PROCESS_TERMINATED — PID 16908 (ROUTE.EXE)
2026-09-13 10:26:31 [argus.file_monitor.scanner] INFO File scan: 4 roots, 17 candidates, 2 findings
2026-09-13 10:26:46 [argus.file_monitor.scanner] INFO File scan: 4 roots, 17 candidates, 2 findings
2026-09-13 10:27:01 [argus.file_monitor.scanner] INFO File scan: 4 roots, 17 candidates, 2 findings
2026-09-13 10:27:05 [argus.main] INFO EVENT: PROCESS_TERMINATED — PID 16944 (svchost.exe)
2026-09-13 10:27:09 [argus.main] INFO EVENT: PROCESS_STARTED — PID 7532 (conhost.exe) parent=28488
2026-09-13 10:27:09 [argus.main] INFO EVENT: PROCESS_STARTED — PID 28488 (powershell.exe) parent=31368
2026-09-13 10:27:11 [argus.main] INFO EVENT: PROCESS_STARTED — PID 10012 (svchost.exe) parent=1360
2026-09-13 10:27:11 [argus.main] INFO EVENT: PROCESS_TERMINATED — PID 7532 (conhost.exe)
2026-09-13 10:27:11 [argus.main] INFO EVENT: PROCESS_TERMINATED — PID 28488 (powershell.exe)
2026-09-13 10:27:16 [argus.file_monitor.scanner] INFO File scan: 4 roots, 17 candidates, 2 findings
2026-09-13 10:27:31 [argus.file_monitor.scanner] INFO File scan: 4 roots, 17 candidates, 2 findings
2026-09-13 10:27:46 [argus.file_monitor.scanner] INFO File scan: 4 roots, 17 candidates, 2 findings
2026-09-13 10:28:01 [argus.file_monitor.scanner] INFO File scan: 4 roots, 17 candidates, 2 findings
2026-09-13 10:28:05 [argus.main] INFO EVENT: PROCESS_TERMINATED — PID 10012 (svchost.exe)
2026-09-13 10:28:11 [argus.main] INFO EVENT: PROCESS_STARTED — PID 22484 (<unknown-pid-22484>) parent=none
2026-09-13 10:28:11 [argus.main] INFO EVENT: PROCESS_STARTED — PID 22744 (svchost.exe) parent=1360
2026-09-13 10:28:13 [argus.main] INFO EVENT: PROCESS_TERMINATED — PID 22484 (<unknown-pid-22484>)
2026-09-13 10:28:16 [argus.file_monitor.scanner] INFO File scan: 4 roots, 17 candidates, 2 findings
2026-09-13 10:28:19 [argus.main] INFO EVENT: PROCESS_STARTED — PID 10588 (postgres.exe) parent=14392
2026-09-13 10:28:21 [argus.main] INFO EVENT: PROCESS_TERMINATED — PID 10588 (postgres.exe)
2026-09-13 10:28:30 [argus.main] INFO EVENT: PROCESS_STARTED — PID 19540 (svchost.exe) parent=1360
2026-09-13 10:28:31 [argus.file_monitor.scanner] INFO File scan: 4 roots, 17 candidates, 2 findings
2026-09-13 10:28:46 [argus.file_monitor.scanner] INFO File scan: 4 roots, 17 candidates, 2 findings
2026-09-13 10:29:01 [argus.file_monitor.scanner] INFO File scan: 4 roots, 17 candidates, 2 findings
2026-09-13 10:29:02 [argus.main] INFO EVENT: PROCESS_STARTED — PID 16604 (SDXHelper.exe) parent=2996
2026-09-13 10:29:04 [argus.main] INFO EVENT: PROCESS_TERMINATED — PID 16604 (SDXHelper.exe)
2026-09-13 10:29:06 [argus.main] INFO EVENT: PROCESS_TERMINATED — PID 22744 (svchost.exe)
2026-09-13 10:29:14 [argus.main] INFO EVENT: PROCESS_STARTED — PID 18408 (svchost.exe) parent=1360
2026-09-13 10:29:16 [argus.file_monitor.scanner] INFO File scan: 4 roots, 17 candidates, 2 findings
2026-09-13 10:29:20 [argus.main] INFO EVENT: PROCESS_STARTED — PID 23388 (powershell.exe) parent=31368
2026-09-13 10:29:20 [argus.main] INFO EVENT: PROCESS_STARTED — PID 24680 (conhost.exe) parent=23388
2026-09-13 10:29:22 [argus.main] INFO EVENT: PROCESS_TERMINATED — PID 23388 (powershell.exe)
2026-09-13 10:29:22 [argus.main] INFO EVENT: PROCESS_TERMINATED — PID 24680 (conhost.exe)
2026-09-13 10:29:31 [argus.file_monitor.scanner] INFO File scan: 4 roots, 17 candidates, 2 findings
2026-09-13 10:29:46 [argus.file_monitor.scanner] INFO File scan: 4 roots, 17 candidates, 2 findings
2026-09-13 10:30:01 [argus.file_monitor.scanner] INFO File scan: 4 roots, 17 candidates, 2 findings
2026-09-13 10:30:04 [argus.main] INFO EVENT: PROCESS_TERMINATED — PID 18408 (svchost.exe)
2026-09-13 10:30:14 [argus.main] INFO EVENT: PROCESS_STARTED — PID 9976 (conhost.exe) parent=17308
2026-09-13 10:30:14 [argus.main] INFO EVENT: PROCESS_STARTED — PID 17308 (powershell.exe) parent=31368
2026-09-13 10:30:16 [argus.file_monitor.scanner] INFO File scan: 4 roots, 17 candidates, 2 findings
2026-09-13 10:30:16 [argus.main] INFO EVENT: PROCESS_STARTED — PID 5596 (svchost.exe) parent=1360
2026-09-13 10:30:16 [argus.main] INFO EVENT: PROCESS_TERMINATED — PID 9976 (conhost.exe)
2026-09-13 10:30:16 [argus.main] INFO EVENT: PROCESS_TERMINATED — PID 17308 (powershell.exe)
2026-09-13 10:30:20 [argus.main] INFO EVENT: PROCESS_STARTED — PID 14904 (MoUsoCoreWorker.exe) parent=2476
2026-09-13 10:30:20 [argus.main] INFO EVENT: PROCESS_STARTED — PID 15708 (UIEOrchestratorStub.exe) parent=2996
2026-09-13 10:30:20 [argus.main] INFO EVENT: PROCESS_STARTED — PID 24908 (UIEOrchestrator.exe) parent=15708
2026-09-13 10:30:22 [argus.main] INFO EVENT: PROCESS_TERMINATED — PID 15708 (UIEOrchestratorStub.exe)
2026-09-13 10:30:22 [argus.main] INFO EVENT: PROCESS_TERMINATED — PID 24908 (UIEOrchestrator.exe)
2026-09-13 10:30:24 [argus.main] INFO EVENT: PROCESS_STARTED — PID 3536 (powershell.exe) parent=31368
2026-09-13 10:30:24 [argus.main] INFO EVENT: PROCESS_STARTED — PID 15276 (conhost.exe) parent=3536
2026-09-13 10:30:26 [argus.main] INFO EVENT: PROCESS_TERMINATED — PID 3536 (powershell.exe)
2026-09-13 10:30:26 [argus.main] INFO EVENT: PROCESS_TERMINATED — PID 15276 (conhost.exe)
2026-09-13 10:30:31 [argus.file_monitor.scanner] INFO File scan: 4 roots, 17 candidates, 2 findings
2026-09-13 10:30:46 [argus.file_monitor.scanner] INFO File scan: 4 roots, 17 candidates, 2 findings
2026-09-13 10:31:01 [argus.file_monitor.scanner] INFO File scan: 4 roots, 17 candidates, 2 findings
2026-09-13 10:31:04 [argus.main] INFO EVENT: PROCESS_TERMINATED — PID 5596 (svchost.exe)
2026-09-13 10:31:16 [argus.file_monitor.scanner] INFO File scan: 4 roots, 17 candidates, 2 findings
2026-09-13 10:31:16 [argus.main] INFO EVENT: PROCESS_STARTED — PID 15092 (svchost.exe) parent=1360
2026-09-13 10:31:20 [argus.main] INFO EVENT: PROCESS_TERMINATED — PID 14904 (MoUsoCoreWorker.exe)
2026-09-13 10:31:28 [argus.main] INFO EVENT: PROCESS_STARTED — PID 21160 (powershell.exe) parent=31368
2026-09-13 10:31:28 [argus.main] INFO EVENT: PROCESS_STARTED — PID 29024 (conhost.exe) parent=21160
2026-09-13 10:31:28 [argus.main] INFO EVENT: PROCESS_TERMINATED — PID 2600 (taskhostw.exe)
2026-09-13 10:31:30 [argus.main] INFO EVENT: PROCESS_TERMINATED — PID 21160 (powershell.exe)
2026-09-13 10:31:30 [argus.main] INFO EVENT: PROCESS_TERMINATED — PID 29024 (conhost.exe)
2026-09-13 10:31:31 [argus.file_monitor.scanner] INFO File scan: 4 roots, 17 candidates, 2 findings
2026-09-13 10:31:46 [argus.file_monitor.scanner] INFO File scan: 4 roots, 17 candidates, 2 findings
2026-09-13 10:32:01 [argus.file_monitor.scanner] INFO File scan: 4 roots, 17 candidates, 2 findings
2026-09-13 10:32:05 [argus.main] INFO EVENT: PROCESS_TERMINATED — PID 15092 (svchost.exe)
2026-09-13 10:32:16 [argus.file_monitor.scanner] INFO File scan: 4 roots, 17 candidates, 2 findings
2026-09-13 10:32:17 [argus.main] INFO EVENT: PROCESS_STARTED — PID 6924 (conhost.exe) parent=16804
2026-09-13 10:32:17 [argus.main] INFO EVENT: PROCESS_STARTED — PID 16804 (powershell.exe) parent=31368
2026-09-13 10:32:19 [argus.main] INFO EVENT: PROCESS_STARTED — PID 8832 (svchost.exe) parent=1360
2026-09-13 10:32:19 [argus.main] INFO EVENT: PROCESS_TERMINATED — PID 6924 (conhost.exe)
2026-09-13 10:32:19 [argus.main] INFO EVENT: PROCESS_TERMINATED — PID 16804 (powershell.exe)
2026-09-13 10:32:31 [argus.file_monitor.scanner] INFO File scan: 4 roots, 17 candidates, 2 findings
2026-09-13 10:32:33 [argus.main] INFO EVENT: PROCESS_STARTED — PID 19156 (conhost.exe) parent=30052
2026-09-13 10:32:33 [argus.main] INFO EVENT: PROCESS_STARTED — PID 30052 (powershell.exe) parent=31368
2026-09-13 10:32:35 [argus.main] INFO EVENT: PROCESS_TERMINATED — PID 19156 (conhost.exe)
2026-09-13 10:32:35 [argus.main] INFO EVENT: PROCESS_TERMINATED — PID 30052 (powershell.exe)
2026-09-13 10:32:46 [argus.file_monitor.scanner] INFO File scan: 4 roots, 17 candidates, 2 findings
2026-09-13 10:33:01 [argus.file_monitor.scanner] INFO File scan: 4 roots, 17 candidates, 2 findings
2026-09-13 10:33:05 [argus.main] INFO EVENT: PROCESS_TERMINATED — PID 8832 (svchost.exe)
2026-09-13 10:33:16 [argus.file_monitor.scanner] INFO File scan: 4 roots, 17 candidates, 2 findings
2026-09-13 10:33:19 [argus.main] INFO EVENT: PROCESS_STARTED — PID 25856 (svchost.exe) parent=1360
2026-09-13 10:33:31 [argus.file_monitor.scanner] INFO File scan: 4 roots, 17 candidates, 2 findings
2026-09-13 10:33:37 [argus.main] INFO EVENT: PROCESS_STARTED — PID 4548 (powershell.exe) parent=31368
2026-09-13 10:33:37 [argus.main] INFO EVENT: PROCESS_STARTED — PID 19344 (conhost.exe) parent=4548
2026-09-13 10:33:39 [argus.main] INFO EVENT: PROCESS_TERMINATED — PID 4548 (powershell.exe)
2026-09-13 10:33:39 [argus.main] INFO EVENT: PROCESS_TERMINATED — PID 19344 (conhost.exe)
2026-09-13 10:33:46 [argus.file_monitor.scanner] INFO File scan: 4 roots, 17 candidates, 2 findings
2026-09-13 10:34:01 [argus.file_monitor.scanner] INFO File scan: 4 roots, 17 candidates, 2 findings
2026-09-13 10:34:05 [argus.main] INFO EVENT: PROCESS_TERMINATED — PID 25856 (svchost.exe)
2026-09-13 10:34:15 [argus.main] INFO EVENT: PROCESS_STARTED — PID 12480 (conhost.exe) parent=26756
2026-09-13 10:34:15 [argus.main] INFO EVENT: PROCESS_STARTED — PID 26756 (ROUTE.EXE) parent=31368
2026-09-13 10:34:16 [argus.file_monitor.scanner] INFO File scan: 4 roots, 17 candidates, 2 findings
2026-09-13 10:34:17 [argus.main] INFO EVENT: PROCESS_TERMINATED — PID 12480 (conhost.exe)
2026-09-13 10:34:17 [argus.main] INFO EVENT: PROCESS_TERMINATED — PID 26756 (ROUTE.EXE)
2026-09-13 10:34:19 [argus.main] INFO EVENT: PROCESS_STARTED — PID 7076 (powershell.exe) parent=31368
2026-09-13 10:34:19 [argus.main] INFO EVENT: PROCESS_STARTED — PID 16360 (svchost.exe) parent=1360
2026-09-13 10:34:21 [argus.main] INFO EVENT: PROCESS_TERMINATED — PID 7076 (powershell.exe)
2026-09-13 10:34:31 [argus.file_monitor.scanner] INFO File scan: 4 roots, 17 candidates, 2 findings
2026-09-13 10:34:39 [argus.main] INFO EVENT: PROCESS_STARTED — PID 17796 (postgres.exe) parent=14392
2026-09-13 10:34:41 [argus.main] INFO EVENT: PROCESS_STARTED — PID 4872 (conhost.exe) parent=5984
2026-09-13 10:34:41 [argus.main] INFO EVENT: PROCESS_STARTED — PID 5984 (powershell.exe) parent=31368
2026-09-13 10:34:41 [argus.main] INFO EVENT: PROCESS_TERMINATED — PID 17796 (postgres.exe)
2026-09-13 10:34:43 [argus.main] INFO EVENT: PROCESS_TERMINATED — PID 4872 (conhost.exe)
2026-09-13 10:34:43 [argus.main] INFO EVENT: PROCESS_TERMINATED — PID 5984 (powershell.exe)
2026-09-13 10:34:46 [argus.file_monitor.scanner] INFO File scan: 4 roots, 17 candidates, 2 findings
2026-09-13 10:35:00 [argus.main] INFO EVENT: PROCESS_STARTED — PID 27492 (postgres.exe) parent=14392
2026-09-13 10:35:01 [argus.file_monitor.scanner] INFO File scan: 4 roots, 17 candidates, 2 findings
2026-09-13 10:35:02 [argus.main] INFO EVENT: PROCESS_TERMINATED — PID 27492 (postgres.exe)
2026-09-13 10:35:06 [argus.main] INFO EVENT: PROCESS_TERMINATED — PID 16360 (svchost.exe)
2026-09-13 10:35:16 [argus.file_monitor.scanner] INFO File scan: 4 roots, 17 candidates, 2 findings
2026-09-13 10:35:20 [argus.main] INFO EVENT: PROCESS_STARTED — PID 8748 (postgres.exe) parent=14392
2026-09-13 10:35:20 [argus.main] INFO EVENT: PROCESS_STARTED — PID 15664 (powershell.exe) parent=31368
2026-09-13 10:35:20 [argus.main] INFO EVENT: PROCESS_STARTED — PID 17696 (conhost.exe) parent=15664
2026-09-13 10:35:22 [argus.main] INFO EVENT: PROCESS_STARTED — PID 8852 (svchost.exe) parent=1360
2026-09-13 10:35:22 [argus.main] INFO EVENT: PROCESS_TERMINATED — PID 8748 (postgres.exe)
2026-09-13 10:35:22 [argus.main] INFO EVENT: PROCESS_TERMINATED — PID 15664 (powershell.exe)
2026-09-13 10:35:22 [argus.main] INFO EVENT: PROCESS_TERMINATED — PID 17696 (conhost.exe)
2026-09-13 10:35:31 [argus.file_monitor.scanner] INFO File scan: 4 roots, 17 candidates, 2 findings
2026-09-13 10:35:46 [argus.file_monitor.scanner] INFO File scan: 4 roots, 17 candidates, 2 findings
2026-09-13 10:35:46 [argus.main] INFO EVENT: PROCESS_STARTED — PID 960 (conhost.exe) parent=23724
2026-09-13 10:35:46 [argus.main] INFO EVENT: PROCESS_STARTED — PID 23724 (powershell.exe) parent=31368
2026-09-13 10:35:48 [argus.main] INFO EVENT: PROCESS_TERMINATED — PID 960 (conhost.exe)
2026-09-13 10:35:48 [argus.main] INFO EVENT: PROCESS_TERMINATED — PID 23724 (powershell.exe)
2026-09-13 10:36:01 [argus.file_monitor.scanner] INFO File scan: 4 roots, 17 candidates, 2 findings
2026-09-13 10:36:04 [argus.main] INFO EVENT: PROCESS_TERMINATED — PID 8852 (svchost.exe)
2026-09-13 10:36:14 [argus.main] INFO EVENT: PROCESS_STARTED — PID 10580 (<unknown-pid-10580>) parent=none
2026-09-13 10:36:16 [argus.file_monitor.scanner] INFO File scan: 4 roots, 17 candidates, 2 findings
2026-09-13 10:36:16 [argus.main] INFO EVENT: PROCESS_TERMINATED — PID 10580 (<unknown-pid-10580>)
2026-09-13 10:36:22 [argus.main] INFO EVENT: PROCESS_STARTED — PID 15116 (svchost.exe) parent=1360
2026-09-13 10:36:22 [argus.main] INFO EVENT: PROCESS_STARTED — PID 31544 (WmiPrvSE.exe) parent=1596
2026-09-13 10:36:22 [argus.main] INFO EVENT: PROCESS_TERMINATED — PID 29500 (WmiPrvSE.exe)
2026-09-13 10:36:26 [argus.main] INFO EVENT: PROCESS_STARTED — PID 21460 (taskhostw.exe) parent=2996
2026-09-13 10:36:28 [argus.main] INFO EVENT: PROCESS_TERMINATED — PID 21460 (taskhostw.exe)
2026-09-13 10:36:31 [argus.file_monitor.scanner] INFO File scan: 4 roots, 17 candidates, 2 findings
2026-09-13 10:36:46 [argus.file_monitor.scanner] INFO File scan: 4 roots, 17 candidates, 2 findings
2026-09-13 10:36:50 [argus.main] INFO EVENT: PROCESS_STARTED — PID 15548 (powershell.exe) parent=31368
2026-09-13 10:36:50 [argus.main] INFO EVENT: PROCESS_STARTED — PID 31076 (conhost.exe) parent=15548
2026-09-13 10:36:52 [argus.main] INFO EVENT: PROCESS_TERMINATED — PID 15548 (powershell.exe)
2026-09-13 10:36:52 [argus.main] INFO EVENT: PROCESS_TERMINATED — PID 31076 (conhost.exe)
2026-09-13 10:37:01 [argus.file_monitor.scanner] INFO File scan: 4 roots, 17 candidates, 2 findings
2026-09-13 10:37:16 [argus.file_monitor.scanner] INFO File scan: 4 roots, 17 candidates, 2 findings
2026-09-13 10:37:22 [argus.main] INFO EVENT: PROCESS_STARTED — PID 15084 (conhost.exe) parent=22112
2026-09-13 10:37:24 [argus.main] INFO EVENT: PROCESS_TERMINATED — PID 15084 (conhost.exe)
2026-09-13 10:37:31 [argus.file_monitor.scanner] INFO File scan: 4 roots, 17 candidates, 2 findings
2026-09-13 10:37:46 [argus.file_monitor.scanner] INFO File scan: 4 roots, 17 candidates, 2 findings
2026-09-13 10:37:55 [argus.main] INFO EVENT: PROCESS_STARTED — PID 2592 (conhost.exe) parent=24440
2026-09-13 10:37:55 [argus.main] INFO EVENT: PROCESS_STARTED — PID 24440 (powershell.exe) parent=31368
2026-09-13 10:37:57 [argus.main] INFO EVENT: PROCESS_TERMINATED — PID 2592 (conhost.exe)
2026-09-13 10:37:57 [argus.main] INFO EVENT: PROCESS_TERMINATED — PID 24440 (powershell.exe)
2026-09-13 10:38:01 [argus.file_monitor.scanner] INFO File scan: 4 roots, 17 candidates, 2 findings
2026-09-13 10:38:16 [argus.file_monitor.scanner] INFO File scan: 4 roots, 17 candidates, 2 findings
2026-09-13 10:38:31 [argus.file_monitor.scanner] INFO File scan: 4 roots, 17 candidates, 2 findings
2026-09-13 10:38:31 [argus.main] INFO EVENT: PROCESS_TERMINATED — PID 19540 (svchost.exe)
2026-09-13 10:38:46 [argus.file_monitor.scanner] INFO File scan: 4 roots, 17 candidates, 2 findings
2026-09-13 10:38:59 [argus.main] INFO EVENT: PROCESS_STARTED — PID 9428 (conhost.exe) parent=26140
2026-09-13 10:38:59 [argus.main] INFO EVENT: PROCESS_STARTED — PID 26140 (powershell.exe) parent=31368
2026-09-13 10:39:01 [argus.file_monitor.scanner] INFO File scan: 4 roots, 17 candidates, 2 findings
2026-09-13 10:39:01 [argus.main] INFO EVENT: PROCESS_TERMINATED — PID 9428 (conhost.exe)
2026-09-13 10:39:01 [argus.main] INFO EVENT: PROCESS_TERMINATED — PID 26140 (powershell.exe)
2026-09-13 10:39:16 [argus.file_monitor.scanner] INFO File scan: 4 roots, 17 candidates, 2 findings
2026-09-13 10:39:25 [argus.main] INFO EVENT: PROCESS_STARTED — PID 20212 (svchost.exe) parent=1360
2026-09-13 10:39:25 [argus.main] INFO EVENT: PROCESS_TERMINATED — PID 15116 (svchost.exe)
2026-09-13 10:39:31 [argus.file_monitor.scanner] INFO File scan: 4 roots, 17 candidates, 2 findings
2026-09-13 10:39:31 [argus.main] INFO EVENT: PROCESS_STARTED — PID 9872 (ipconfig.exe) parent=31368
2026-09-13 10:39:31 [argus.main] INFO EVENT: PROCESS_STARTED — PID 26328 (<unknown-pid-26328>) parent=none
2026-09-13 10:39:33 [argus.main] INFO EVENT: PROCESS_TERMINATED — PID 9872 (ipconfig.exe)
2026-09-13 10:39:33 [argus.main] INFO EVENT: PROCESS_TERMINATED — PID 26328 (<unknown-pid-26328>)
2026-09-13 10:39:46 [argus.file_monitor.scanner] INFO File scan: 4 roots, 17 candidates, 2 findings
2026-09-13 10:40:01 [argus.file_monitor.scanner] INFO File scan: 4 roots, 17 candidates, 2 findings
2026-09-13 10:40:03 [argus.main] INFO EVENT: PROCESS_STARTED — PID 16656 (powershell.exe) parent=31368
2026-09-13 10:40:03 [argus.main] INFO EVENT: PROCESS_STARTED — PID 23912 (conhost.exe) parent=16656
2026-09-13 10:40:05 [argus.main] INFO EVENT: PROCESS_TERMINATED — PID 16656 (powershell.exe)
2026-09-13 10:40:05 [argus.main] INFO EVENT: PROCESS_TERMINATED — PID 23912 (conhost.exe)
2026-09-13 10:40:16 [argus.file_monitor.scanner] INFO File scan: 4 roots, 17 candidates, 2 findings
2026-09-13 10:40:25 [argus.main] INFO EVENT: PROCESS_STARTED — PID 29160 (conhost.exe) parent=30612
2026-09-13 10:40:25 [argus.main] INFO EVENT: PROCESS_STARTED — PID 30612 (powershell.exe) parent=31368
2026-09-13 10:40:25 [argus.main] INFO EVENT: PROCESS_TERMINATED — PID 20212 (svchost.exe)
2026-09-13 10:40:27 [argus.main] INFO EVENT: PROCESS_STARTED — PID 604 (svchost.exe) parent=1360
2026-09-13 10:40:27 [argus.main] INFO EVENT: PROCESS_TERMINATED — PID 29160 (conhost.exe)
2026-09-13 10:40:27 [argus.main] INFO EVENT: PROCESS_TERMINATED — PID 30612 (powershell.exe)
2026-09-13 10:40:31 [argus.file_monitor.scanner] INFO File scan: 4 roots, 17 candidates, 2 findings
2026-09-13 10:40:34 [argus.main] INFO EVENT: PROCESS_STARTED — PID 8832 (RuntimeBroker.exe) parent=1596
2026-09-13 10:40:34 [argus.main] INFO EVENT: PROCESS_STARTED — PID 16852 (backgroundTaskHost.exe) parent=1596
2026-09-13 10:40:34 [argus.main] INFO EVENT: PROCESS_STARTED — PID 20648 (RuntimeBroker.exe) parent=1596
2026-09-13 10:40:34 [argus.main] INFO EVENT: PROCESS_STARTED — PID 26760 (opushutil.exe) parent=2996
2026-09-13 10:40:36 [argus.main] INFO EVENT: PROCESS_STARTED — PID 1952 (powershell.exe) parent=31368
2026-09-13 10:40:36 [argus.main] INFO EVENT: PROCESS_STARTED — PID 24680 (conhost.exe) parent=1952
2026-09-13 10:40:36 [argus.main] INFO EVENT: PROCESS_TERMINATED — PID 16852 (backgroundTaskHost.exe)
2026-09-13 10:40:36 [argus.main] INFO EVENT: PROCESS_TERMINATED — PID 26760 (opushutil.exe)
2026-09-13 10:40:38 [argus.main] INFO EVENT: PROCESS_TERMINATED — PID 1952 (powershell.exe)
2026-09-13 10:40:38 [argus.main] INFO EVENT: PROCESS_TERMINATED — PID 24680 (conhost.exe)
2026-09-13 10:40:46 [argus.file_monitor.scanner] INFO File scan: 4 roots, 17 candidates, 2 findings
2026-09-13 10:41:01 [argus.file_monitor.scanner] INFO File scan: 4 roots, 17 candidates, 2 findings
2026-09-13 10:41:08 [argus.main] INFO EVENT: PROCESS_STARTED — PID 8912 (conhost.exe) parent=19216
2026-09-13 10:41:08 [argus.main] INFO EVENT: PROCESS_STARTED — PID 19216 (powershell.exe) parent=31368
2026-09-13 10:41:10 [argus.main] INFO EVENT: PROCESS_TERMINATED — PID 8912 (conhost.exe)
2026-09-13 10:41:10 [argus.main] INFO EVENT: PROCESS_TERMINATED — PID 19216 (powershell.exe)
2026-09-13 10:41:14 [argus.main] INFO EVENT: PROCESS_TERMINATED — PID 8832 (RuntimeBroker.exe)
2026-09-13 10:41:16 [argus.file_monitor.scanner] INFO File scan: 4 roots, 17 candidates, 2 findings
2026-09-13 10:41:16 [argus.main] INFO EVENT: PROCESS_TERMINATED — PID 20648 (RuntimeBroker.exe)
2026-09-13 10:41:26 [argus.main] INFO EVENT: PROCESS_TERMINATED — PID 604 (svchost.exe)
2026-09-13 10:41:28 [argus.main] INFO EVENT: PROCESS_STARTED — PID 31148 (svchost.exe) parent=1360
2026-09-13 10:41:31 [argus.file_monitor.scanner] INFO File scan: 4 roots, 17 candidates, 2 findings
2026-09-13 10:41:40 [argus.main] INFO EVENT: PROCESS_STARTED — PID 27172 (powershell.exe) parent=31368
2026-09-13 10:41:40 [argus.main] INFO EVENT: PROCESS_STARTED — PID 27980 (conhost.exe) parent=27172
2026-09-13 10:41:42 [argus.main] INFO EVENT: PROCESS_TERMINATED — PID 27172 (powershell.exe)
2026-09-13 10:41:42 [argus.main] INFO EVENT: PROCESS_TERMINATED — PID 27980 (conhost.exe)
2026-09-13 10:41:46 [argus.file_monitor.scanner] INFO File scan: 4 roots, 17 candidates, 2 findings
2026-09-13 10:42:01 [argus.file_monitor.scanner] INFO File scan: 4 roots, 17 candidates, 2 findings
2026-09-13 10:42:16 [argus.file_monitor.scanner] INFO File scan: 4 roots, 17 candidates, 2 findings
2026-09-13 10:42:26 [argus.main] INFO EVENT: PROCESS_TERMINATED — PID 31148 (svchost.exe)
2026-09-13 10:42:28 [argus.main] INFO EVENT: PROCESS_STARTED — PID 17148 (conhost.exe) parent=20084
2026-09-13 10:42:28 [argus.main] INFO EVENT: PROCESS_STARTED — PID 20084 (powershell.exe) parent=31368
2026-09-13 10:42:30 [argus.main] INFO EVENT: PROCESS_STARTED — PID 24484 (svchost.exe) parent=1360
2026-09-13 10:42:30 [argus.main] INFO EVENT: PROCESS_TERMINATED — PID 17148 (conhost.exe)
2026-09-13 10:42:30 [argus.main] INFO EVENT: PROCESS_TERMINATED — PID 20084 (powershell.exe)
2026-09-13 10:42:31 [argus.file_monitor.scanner] INFO File scan: 4 roots, 17 candidates, 2 findings
2026-09-13 10:42:45 [argus.main] INFO EVENT: PROCESS_STARTED — PID 17588 (powershell.exe) parent=31368
2026-09-13 10:42:45 [argus.main] INFO EVENT: PROCESS_STARTED — PID 25956 (conhost.exe) parent=17588
2026-09-13 10:42:46 [argus.file_monitor.scanner] INFO File scan: 4 roots, 17 candidates, 2 findings
2026-09-13 10:42:47 [argus.main] INFO EVENT: PROCESS_TERMINATED — PID 17588 (powershell.exe)
2026-09-13 10:42:47 [argus.main] INFO EVENT: PROCESS_TERMINATED — PID 25956 (conhost.exe)
2026-09-13 10:43:01 [argus.file_monitor.scanner] INFO File scan: 4 roots, 17 candidates, 2 findings
2026-09-13 10:43:16 [argus.file_monitor.scanner] INFO File scan: 4 roots, 17 candidates, 2 findings
2026-09-13 10:43:25 [argus.main] INFO EVENT: PROCESS_TERMINATED — PID 24484 (svchost.exe)
2026-09-13 10:43:31 [argus.file_monitor.scanner] INFO File scan: 4 roots, 17 candidates, 2 findings
2026-09-13 10:43:31 [argus.main] INFO EVENT: PROCESS_STARTED — PID 5584 (svchost.exe) parent=1360
2026-09-13 10:43:31 [argus.main] INFO EVENT: PROCESS_STARTED — PID 20996 (svchost.exe) parent=1360
2026-09-13 10:43:46 [argus.file_monitor.scanner] INFO File scan: 4 roots, 17 candidates, 2 findings
2026-09-13 10:43:49 [argus.main] INFO EVENT: PROCESS_STARTED — PID 18968 (conhost.exe) parent=31100
2026-09-13 10:43:49 [argus.main] INFO EVENT: PROCESS_STARTED — PID 31100 (powershell.exe) parent=31368
2026-09-13 10:43:51 [argus.main] INFO EVENT: PROCESS_TERMINATED — PID 18968 (conhost.exe)
2026-09-13 10:43:51 [argus.main] INFO EVENT: PROCESS_TERMINATED — PID 31100 (powershell.exe)
2026-09-13 10:44:01 [argus.file_monitor.scanner] INFO File scan: 4 roots, 17 candidates, 2 findings
2026-09-13 10:44:16 [argus.file_monitor.scanner] INFO File scan: 4 roots, 17 candidates, 2 findings
2026-09-13 10:44:25 [argus.main] INFO EVENT: PROCESS_TERMINATED — PID 20996 (svchost.exe)
2026-09-13 10:44:31 [argus.file_monitor.scanner] INFO File scan: 4 roots, 17 candidates, 2 findings
2026-09-13 10:44:31 [argus.main] INFO EVENT: PROCESS_STARTED — PID 18780 (svchost.exe) parent=1360
2026-09-13 10:44:46 [argus.file_monitor.scanner] INFO File scan: 4 roots, 17 candidates, 2 findings
2026-09-13 10:44:53 [argus.main] INFO EVENT: PROCESS_STARTED — PID 16336 (conhost.exe) parent=28976
2026-09-13 10:44:53 [argus.main] INFO EVENT: PROCESS_STARTED — PID 28976 (powershell.exe) parent=31368
2026-09-13 10:44:55 [argus.main] INFO EVENT: PROCESS_TERMINATED — PID 16336 (conhost.exe)
2026-09-13 10:44:55 [argus.main] INFO EVENT: PROCESS_TERMINATED — PID 28976 (powershell.exe)
2026-09-13 10:45:01 [argus.file_monitor.scanner] INFO File scan: 4 roots, 17 candidates, 2 findings
2026-09-13 10:45:16 [argus.file_monitor.scanner] INFO File scan: 4 roots, 17 candidates, 2 findings
2026-09-13 10:45:21 [argus.main] INFO EVENT: PROCESS_STARTED — PID 27828 (<unknown-pid-27828>) parent=none
2026-09-13 10:45:23 [argus.main] INFO EVENT: PROCESS_TERMINATED — PID 27828 (<unknown-pid-27828>)
2026-09-13 10:45:25 [argus.main] INFO EVENT: PROCESS_TERMINATED — PID 18780 (svchost.exe)
2026-09-13 10:45:31 [argus.file_monitor.scanner] INFO File scan: 4 roots, 17 candidates, 2 findings
2026-09-13 10:45:31 [argus.main] INFO EVENT: PROCESS_STARTED — PID 3632 (conhost.exe) parent=16268
2026-09-13 10:45:31 [argus.main] INFO EVENT: PROCESS_STARTED — PID 16268 (powershell.exe) parent=31368
2026-09-13 10:45:34 [argus.main] INFO EVENT: PROCESS_STARTED — PID 23248 (svchost.exe) parent=1360
2026-09-13 10:45:34 [argus.main] INFO EVENT: PROCESS_TERMINATED — PID 3632 (conhost.exe)
2026-09-13 10:45:34 [argus.main] INFO EVENT: PROCESS_TERMINATED — PID 16268 (powershell.exe)
2026-09-13 10:45:36 [argus.main] INFO EVENT: PROCESS_STARTED — PID 9596 (<unknown-pid-9596>) parent=16096
2026-09-13 10:45:38 [argus.main] INFO EVENT: PROCESS_TERMINATED — PID 9596 (<unknown-pid-9596>)
2026-09-13 10:45:40 [argus.main] INFO EVENT: PROCESS_STARTED — PID 21748 (postgres.exe) parent=14392
2026-09-13 10:45:42 [argus.main] INFO EVENT: PROCESS_TERMINATED — PID 21748 (postgres.exe)
2026-09-13 10:45:46 [argus.file_monitor.scanner] INFO File scan: 4 roots, 17 candidates, 2 findings
2026-09-13 10:45:58 [argus.main] INFO EVENT: PROCESS_STARTED — PID 20536 (conhost.exe) parent=30440
2026-09-13 10:45:58 [argus.main] INFO EVENT: PROCESS_STARTED — PID 30440 (powershell.exe) parent=31368
2026-09-13 10:46:00 [argus.main] INFO EVENT: PROCESS_TERMINATED — PID 20536 (conhost.exe)
2026-09-13 10:46:00 [argus.main] INFO EVENT: PROCESS_TERMINATED — PID 30440 (powershell.exe)
2026-09-13 10:46:01 [argus.file_monitor.scanner] INFO File scan: 4 roots, 17 candidates, 2 findings
2026-09-13 10:46:16 [argus.file_monitor.scanner] INFO File scan: 4 roots, 17 candidates, 2 findings
2026-09-13 10:46:26 [argus.main] INFO EVENT: PROCESS_TERMINATED — PID 23248 (svchost.exe)
2026-09-13 10:46:31 [argus.file_monitor.scanner] INFO File scan: 4 roots, 17 candidates, 2 findings
2026-09-13 10:46:34 [argus.main] INFO EVENT: PROCESS_STARTED — PID 10724 (svchost.exe) parent=1360
2026-09-13 10:46:46 [argus.file_monitor.scanner] INFO File scan: 4 roots, 17 candidates, 2 findings
2026-09-13 10:47:01 [argus.file_monitor.scanner] INFO File scan: 4 roots, 17 candidates, 2 findings
2026-09-13 10:47:02 [argus.main] INFO EVENT: PROCESS_STARTED — PID 4536 (conhost.exe) parent=15060
2026-09-13 10:47:02 [argus.main] INFO EVENT: PROCESS_STARTED — PID 15060 (powershell.exe) parent=31368
2026-09-13 10:47:04 [argus.main] INFO EVENT: PROCESS_TERMINATED — PID 4536 (conhost.exe)
2026-09-13 10:47:04 [argus.main] INFO EVENT: PROCESS_TERMINATED — PID 15060 (powershell.exe)
2026-09-13 10:47:16 [argus.file_monitor.scanner] INFO File scan: 4 roots, 17 candidates, 2 findings
2026-09-13 10:47:26 [argus.main] INFO EVENT: PROCESS_TERMINATED — PID 10724 (svchost.exe)
2026-09-13 10:47:31 [argus.file_monitor.scanner] INFO File scan: 4 roots, 17 candidates, 2 findings
2026-09-13 10:47:34 [argus.main] INFO EVENT: PROCESS_STARTED — PID 15216 (conhost.exe) parent=22064
2026-09-13 10:47:34 [argus.main] INFO EVENT: PROCESS_STARTED — PID 22064 (powershell.exe) parent=31368
2026-09-13 10:47:36 [argus.main] INFO EVENT: PROCESS_STARTED — PID 30564 (svchost.exe) parent=1360
2026-09-13 10:47:36 [argus.main] INFO EVENT: PROCESS_TERMINATED — PID 15216 (conhost.exe)
2026-09-13 10:47:36 [argus.main] INFO EVENT: PROCESS_TERMINATED — PID 22064 (powershell.exe)
2026-09-13 10:47:44 [argus.main] INFO EVENT: PROCESS_STARTED — PID 14020 (conhost.exe) parent=31068
2026-09-13 10:47:46 [argus.file_monitor.scanner] INFO File scan: 4 roots, 17 candidates, 2 findings
2026-09-13 10:47:46 [argus.main] INFO EVENT: PROCESS_TERMINATED — PID 14020 (conhost.exe)
2026-09-13 10:48:01 [argus.file_monitor.scanner] INFO File scan: 4 roots, 17 candidates, 2 findings
2026-09-13 10:48:06 [argus.main] INFO EVENT: PROCESS_STARTED — PID 3832 (powershell.exe) parent=31368
2026-09-13 10:48:06 [argus.main] INFO EVENT: PROCESS_STARTED — PID 6840 (conhost.exe) parent=3832
2026-09-13 10:48:09 [argus.main] INFO EVENT: PROCESS_TERMINATED — PID 3832 (powershell.exe)
2026-09-13 10:48:09 [argus.main] INFO EVENT: PROCESS_TERMINATED — PID 6840 (conhost.exe)
2026-09-13 10:48:16 [argus.file_monitor.scanner] INFO File scan: 4 roots, 17 candidates, 2 findings
2026-09-13 10:48:27 [argus.main] INFO EVENT: PROCESS_TERMINATED — PID 30564 (svchost.exe)
2026-09-13 10:48:31 [argus.file_monitor.scanner] INFO File scan: 4 roots, 17 candidates, 2 findings
2026-09-13 10:48:35 [argus.main] INFO EVENT: PROCESS_STARTED — PID 16336 (powershell.exe) parent=31368
2026-09-13 10:48:35 [argus.main] INFO EVENT: PROCESS_STARTED — PID 28976 (conhost.exe) parent=16336
2026-09-13 10:48:37 [argus.main] INFO EVENT: PROCESS_STARTED — PID 15372 (svchost.exe) parent=1360
2026-09-13 10:48:37 [argus.main] INFO EVENT: PROCESS_TERMINATED — PID 16336 (powershell.exe)
2026-09-13 10:48:37 [argus.main] INFO EVENT: PROCESS_TERMINATED — PID 28976 (conhost.exe)
2026-09-13 10:48:39 [argus.main] INFO EVENT: PROCESS_STARTED — PID 31276 (powershell.exe) parent=31368
2026-09-13 10:48:39 [argus.main] INFO EVENT: PROCESS_STARTED — PID 31312 (conhost.exe) parent=31276
2026-09-13 10:48:41 [argus.main] INFO EVENT: PROCESS_TERMINATED — PID 31276 (powershell.exe)
2026-09-13 10:48:41 [argus.main] INFO EVENT: PROCESS_TERMINATED — PID 31312 (conhost.exe)
2026-09-13 10:48:46 [argus.file_monitor.scanner] INFO File scan: 4 roots, 17 candidates, 2 findings
2026-09-13 10:49:01 [argus.file_monitor.scanner] INFO File scan: 4 roots, 17 candidates, 2 findings
2026-09-13 10:49:11 [argus.main] INFO EVENT: PROCESS_STARTED — PID 18220 (conhost.exe) parent=22448
2026-09-13 10:49:11 [argus.main] INFO EVENT: PROCESS_STARTED — PID 22448 (powershell.exe) parent=31368
2026-09-13 10:49:13 [argus.main] INFO EVENT: PROCESS_TERMINATED — PID 18220 (conhost.exe)
2026-09-13 10:49:13 [argus.main] INFO EVENT: PROCESS_TERMINATED — PID 22448 (powershell.exe)
2026-09-13 10:49:16 [argus.file_monitor.scanner] INFO File scan: 4 roots, 17 candidates, 2 findings
2026-09-13 10:49:25 [argus.main] INFO EVENT: PROCESS_TERMINATED — PID 15372 (svchost.exe)
2026-09-13 10:49:31 [argus.file_monitor.scanner] INFO File scan: 4 roots, 17 candidates, 2 findings
2026-09-13 10:49:37 [argus.main] INFO EVENT: PROCESS_STARTED — PID 14040 (svchost.exe) parent=1360
2026-09-13 10:49:43 [argus.main] INFO EVENT: PROCESS_STARTED — PID 14748 (conhost.exe) parent=31432
2026-09-13 10:49:43 [argus.main] INFO EVENT: PROCESS_STARTED — PID 31432 (powershell.exe) parent=31368
2026-09-13 10:49:45 [argus.main] INFO EVENT: PROCESS_TERMINATED — PID 14748 (conhost.exe)
2026-09-13 10:49:45 [argus.main] INFO EVENT: PROCESS_TERMINATED — PID 31432 (powershell.exe)
2026-09-13 10:49:46 [argus.file_monitor.scanner] INFO File scan: 4 roots, 17 candidates, 2 findings
2026-09-13 10:50:01 [argus.file_monitor.scanner] INFO File scan: 4 roots, 17 candidates, 2 findings
2026-09-13 10:50:15 [argus.main] INFO EVENT: PROCESS_STARTED — PID 12308 (powershell.exe) parent=31368
2026-09-13 10:50:15 [argus.main] INFO EVENT: PROCESS_STARTED — PID 18312 (<unknown-pid-18312>) parent=none
2026-09-13 10:50:16 [argus.file_monitor.scanner] INFO File scan: 4 roots, 17 candidates, 2 findings
2026-09-13 10:50:17 [argus.main] INFO EVENT: PROCESS_TERMINATED — PID 12308 (powershell.exe)
2026-09-13 10:50:17 [argus.main] INFO EVENT: PROCESS_TERMINATED — PID 18312 (<unknown-pid-18312>)
2026-09-13 10:50:25 [argus.main] INFO EVENT: PROCESS_TERMINATED — PID 14040 (svchost.exe)
2026-09-13 10:50:31 [argus.file_monitor.scanner] INFO File scan: 4 roots, 17 candidates, 2 findings
2026-09-13 10:50:37 [argus.main] INFO EVENT: PROCESS_STARTED — PID 1636 (conhost.exe) parent=27040
2026-09-13 10:50:38 [argus.main] INFO EVENT: PROCESS_STARTED — PID 27040 (powershell.exe) parent=31368
2026-09-13 10:50:40 [argus.main] INFO EVENT: PROCESS_STARTED — PID 12744 (svchost.exe) parent=1360
2026-09-13 10:50:40 [argus.main] INFO EVENT: PROCESS_TERMINATED — PID 1636 (conhost.exe)
2026-09-13 10:50:40 [argus.main] INFO EVENT: PROCESS_TERMINATED — PID 27040 (powershell.exe)
2026-09-13 10:50:46 [argus.file_monitor.scanner] INFO File scan: 4 roots, 17 candidates, 2 findings
2026-09-13 10:50:48 [argus.main] INFO EVENT: PROCESS_STARTED — PID 7728 (conhost.exe) parent=10588
2026-09-13 10:50:48 [argus.main] INFO EVENT: PROCESS_STARTED — PID 10588 (powershell.exe) parent=31368
2026-09-13 10:50:50 [argus.main] INFO EVENT: PROCESS_TERMINATED — PID 7728 (conhost.exe)
2026-09-13 10:50:50 [argus.main] INFO EVENT: PROCESS_TERMINATED — PID 10588 (powershell.exe)
2026-09-13 10:51:00 [argus.main] INFO EVENT: PROCESS_STARTED — PID 16220 (postgres.exe) parent=14392
2026-09-13 10:51:01 [argus.file_monitor.scanner] INFO File scan: 4 roots, 17 candidates, 2 findings
2026-09-13 10:51:02 [argus.main] INFO EVENT: PROCESS_TERMINATED — PID 16220 (postgres.exe)
2026-09-13 10:51:16 [argus.file_monitor.scanner] INFO File scan: 4 roots, 17 candidates, 2 findings
2026-09-13 10:51:26 [argus.main] INFO EVENT: PROCESS_TERMINATED — PID 12744 (svchost.exe)
2026-09-13 10:51:31 [argus.file_monitor.scanner] INFO File scan: 4 roots, 17 candidates, 2 findings
2026-09-13 10:51:40 [argus.main] INFO EVENT: PROCESS_STARTED — PID 4568 (svchost.exe) parent=1360
2026-09-13 10:51:46 [argus.file_monitor.scanner] INFO File scan: 4 roots, 17 candidates, 2 findings
2026-09-13 10:51:52 [argus.main] INFO EVENT: PROCESS_STARTED — PID 12708 (powershell.exe) parent=31368
2026-09-13 10:51:52 [argus.main] INFO EVENT: PROCESS_STARTED — PID 20996 (conhost.exe) parent=12708
2026-09-13 10:51:54 [argus.main] INFO EVENT: PROCESS_TERMINATED — PID 12708 (powershell.exe)
2026-09-13 10:51:54 [argus.main] INFO EVENT: PROCESS_TERMINATED — PID 20996 (conhost.exe)
2026-09-13 10:52:01 [argus.file_monitor.scanner] INFO File scan: 4 roots, 17 candidates, 2 findings
2026-09-13 10:52:16 [argus.file_monitor.scanner] INFO File scan: 4 roots, 17 candidates, 2 findings
2026-09-13 10:52:26 [argus.main] INFO EVENT: PROCESS_TERMINATED — PID 4568 (svchost.exe)
2026-09-13 10:52:31 [argus.file_monitor.scanner] INFO File scan: 4 roots, 17 candidates, 2 findings
2026-09-13 10:52:38 [argus.main] INFO EVENT: PROCESS_STARTED — PID 4472 (OAWrapper.exe) parent=22380
2026-09-13 10:52:38 [argus.main] INFO EVENT: PROCESS_STARTED — PID 8504 (conhost.exe) parent=4472
2026-09-13 10:52:38 [argus.main] INFO EVENT: PROCESS_STARTED — PID 20848 (svchost.exe) parent=1360
2026-09-13 10:52:38 [argus.main] INFO EVENT: PROCESS_STARTED — PID 24848 (svchost.exe) parent=1360
2026-09-13 10:52:40 [argus.main] INFO EVENT: PROCESS_STARTED — PID 10000 (powershell.exe) parent=31368
2026-09-13 10:52:40 [argus.main] INFO EVENT: PROCESS_STARTED — PID 22492 (conhost.exe) parent=10000
2026-09-13 10:52:40 [argus.main] INFO EVENT: PROCESS_TERMINATED — PID 20028 (taskhostw.exe)
2026-09-13 10:52:40 [argus.main] INFO EVENT: PROCESS_TERMINATED — PID 4472 (OAWrapper.exe)
2026-09-13 10:52:40 [argus.main] INFO EVENT: PROCESS_TERMINATED — PID 8504 (conhost.exe)
2026-09-13 10:52:44 [argus.main] INFO EVENT: PROCESS_STARTED — PID 21196 (svchost.exe) parent=1360
2026-09-13 10:52:44 [argus.main] INFO EVENT: PROCESS_TERMINATED — PID 10000 (powershell.exe)
2026-09-13 10:52:44 [argus.main] INFO EVENT: PROCESS_TERMINATED — PID 22492 (conhost.exe)
2026-09-13 10:52:46 [argus.file_monitor.scanner] INFO File scan: 4 roots, 17 candidates, 2 findings
2026-09-13 10:52:48 [argus.main] INFO EVENT: PROCESS_STARTED — PID 13776 (backgroundTaskHost.exe) parent=1596
2026-09-13 10:52:49 [argus.main] INFO EVENT: PROCESS_STARTED — PID 28656 (RuntimeBroker.exe) parent=1596
2026-09-13 10:52:51 [argus.main] INFO EVENT: PROCESS_STARTED — PID 22940 (audiodg.exe) parent=3388
2026-09-13 10:52:53 [argus.main] INFO EVENT: PROCESS_STARTED — PID 20752 (svchost.exe) parent=1360
2026-09-13 10:52:57 [argus.main] INFO EVENT: PROCESS_STARTED — PID 5340 (powershell.exe) parent=31368
2026-09-13 10:52:57 [argus.main] INFO EVENT: PROCESS_STARTED — PID 12316 (conhost.exe) parent=5340
2026-09-13 10:52:57 [argus.main] INFO EVENT: PROCESS_STARTED — PID 28176 (svchost.exe) parent=1360
2026-09-13 10:52:59 [argus.main] INFO EVENT: PROCESS_STARTED — PID 8056 (svchost.exe) parent=1360
2026-09-13 10:52:59 [argus.main] INFO EVENT: PROCESS_STARTED — PID 12416 (backgroundTaskHost.exe) parent=1596
2026-09-13 10:52:59 [argus.main] INFO EVENT: PROCESS_STARTED — PID 24232 (backgroundTaskHost.exe) parent=1596
2026-09-13 10:52:59 [argus.main] INFO EVENT: PROCESS_STARTED — PID 25636 (RuntimeBroker.exe) parent=1596
2026-09-13 10:52:59 [argus.main] INFO EVENT: PROCESS_STARTED — PID 30868 (backgroundTaskHost.exe) parent=1596
2026-09-13 10:52:59 [argus.main] INFO EVENT: PROCESS_STARTED — PID 31524 (backgroundTaskHost.exe) parent=1596
2026-09-13 10:53:01 [argus.main] INFO EVENT: PROCESS_STARTED — PID 3800 (taskhostw.exe) parent=2996
2026-09-13 10:53:01 [argus.main] INFO EVENT: PROCESS_TERMINATED — PID 5340 (powershell.exe)
2026-09-13 10:53:01 [argus.main] INFO EVENT: PROCESS_TERMINATED — PID 12316 (conhost.exe)
2026-09-13 10:53:01 [argus.main] INFO EVENT: PROCESS_TERMINATED — PID 30868 (backgroundTaskHost.exe)
2026-09-13 10:53:02 [argus.file_monitor.scanner] INFO File scan: 4 roots, 17 candidates, 2 findings
2026-09-13 10:53:03 [argus.main] INFO EVENT: PROCESS_STARTED — PID 11592 (RuntimeBroker.exe) parent=1596
2026-09-13 10:53:03 [argus.main] INFO EVENT: PROCESS_STARTED — PID 25248 (WmiPrvSE.exe) parent=1596
2026-09-13 10:53:03 [argus.main] INFO EVENT: PROCESS_STARTED — PID 26788 (RuntimeBroker.exe) parent=1596
2026-09-13 10:53:03 [argus.main] INFO EVENT: PROCESS_TERMINATED — PID 3800 (taskhostw.exe)
2026-09-13 10:53:17 [argus.file_monitor.scanner] INFO File scan: 4 roots, 17 candidates, 2 findings
2026-09-13 10:53:17 [argus.main] INFO EVENT: PROCESS_TERMINATED — PID 28176 (svchost.exe)
2026-09-13 10:53:26 [argus.main] INFO EVENT: PROCESS_TERMINATED — PID 21196 (svchost.exe)
2026-09-13 10:53:30 [argus.main] INFO EVENT: PROCESS_STARTED — PID 8508 (powershell.exe) parent=31368
2026-09-13 10:53:30 [argus.main] INFO EVENT: PROCESS_STARTED — PID 24152 (<unknown-pid-24152>) parent=none
2026-09-13 10:53:32 [argus.main] INFO EVENT: PROCESS_TERMINATED — PID 8508 (powershell.exe)
2026-09-13 10:53:32 [argus.main] INFO EVENT: PROCESS_TERMINATED — PID 24152 (<unknown-pid-24152>)
2026-09-13 10:53:32 [argus.file_monitor.scanner] INFO File scan: 4 roots, 17 candidates, 2 findings
2026-09-13 10:53:40 [argus.main] INFO EVENT: PROCESS_STARTED — PID 10624 (postgres.exe) parent=14392
2026-09-13 10:53:42 [argus.main] INFO EVENT: PROCESS_TERMINATED — PID 25636 (RuntimeBroker.exe)
2026-09-13 10:53:42 [argus.main] INFO EVENT: PROCESS_TERMINATED — PID 10624 (postgres.exe)
2026-09-13 10:53:44 [argus.main] INFO EVENT: PROCESS_STARTED — PID 16176 (powershell.exe) parent=31368
2026-09-13 10:53:44 [argus.main] INFO EVENT: PROCESS_STARTED — PID 21612 (conhost.exe) parent=16176
2026-09-13 10:53:46 [argus.main] INFO EVENT: PROCESS_STARTED — PID 15724 (svchost.exe) parent=1360
2026-09-13 10:53:46 [argus.main] INFO EVENT: PROCESS_TERMINATED — PID 16176 (powershell.exe)
2026-09-13 10:53:46 [argus.main] INFO EVENT: PROCESS_TERMINATED — PID 21612 (conhost.exe)
2026-09-13 10:53:46 [argus.file_monitor.scanner] INFO File scan: 4 roots, 17 candidates, 2 findings
2026-09-13 10:53:48 [argus.main] INFO EVENT: PROCESS_TERMINATED — PID 13776 (backgroundTaskHost.exe)
2026-09-13 10:53:58 [argus.main] INFO EVENT: PROCESS_STARTED — PID 31628 (opencode.exe) parent=24016
2026-09-13 10:54:00 [argus.main] INFO EVENT: PROCESS_TERMINATED — PID 12416 (backgroundTaskHost.exe)
2026-09-13 10:54:03 [argus.file_monitor.scanner] INFO File scan: 4 roots, 17 candidates, 2 findings
2026-09-13 10:54:04 [argus.main] INFO EVENT: PROCESS_TERMINATED — PID 24232 (backgroundTaskHost.exe)
2026-09-13 10:54:04 [argus.main] INFO EVENT: PROCESS_TERMINATED — PID 31524 (backgroundTaskHost.exe)
2026-09-13 10:54:04 [argus.main] INFO EVENT: PROCESS_TERMINATED — PID 25248 (WmiPrvSE.exe)
2026-09-13 10:54:17 [argus.file_monitor.scanner] INFO File scan: 4 roots, 17 candidates, 2 findings
2026-09-13 10:54:18 [argus.main] INFO EVENT: PROCESS_STARTED — PID 2596 (updater.exe) parent=1360
2026-09-13 10:54:18 [argus.main] INFO EVENT: PROCESS_STARTED — PID 4460 (powershell.exe) parent=31628
2026-09-13 10:54:18 [argus.main] INFO EVENT: PROCESS_STARTED — PID 10808 (updater.exe) parent=1360
2026-09-13 10:54:18 [argus.main] INFO EVENT: PROCESS_STARTED — PID 15056 (updater.exe) parent=2996
2026-09-13 10:54:18 [argus.main] INFO EVENT: PROCESS_STARTED — PID 17116 (powershell.exe) parent=31628
2026-09-13 10:54:18 [argus.main] INFO EVENT: PROCESS_STARTED — PID 20676 (updater.exe) parent=2596
2026-09-13 10:54:18 [argus.main] INFO EVENT: PROCESS_STARTED — PID 23604 (conhost.exe) parent=4460
2026-09-13 10:54:19 [argus.main] INFO EVENT: PROCESS_STARTED — PID 27696 (updater.exe) parent=10808
2026-09-13 10:54:19 [argus.main] INFO EVENT: PROCESS_STARTED — PID 30520 (updater.exe) parent=15056
2026-09-13 10:54:19 [argus.main] INFO EVENT: PROCESS_TERMINATED — PID 28656 (RuntimeBroker.exe)
2026-09-13 10:54:21 [argus.main] INFO EVENT: PROCESS_TERMINATED — PID 4460 (powershell.exe)
2026-09-13 10:54:21 [argus.main] INFO EVENT: PROCESS_TERMINATED — PID 17116 (powershell.exe)
2026-09-13 10:54:21 [argus.main] INFO EVENT: PROCESS_TERMINATED — PID 23604 (conhost.exe)
2026-09-13 10:54:23 [argus.main] INFO EVENT: PROCESS_TERMINATED — PID 15056 (updater.exe)
2026-09-13 10:54:23 [argus.main] INFO EVENT: PROCESS_TERMINATED — PID 30520 (updater.exe)
2026-09-13 10:54:27 [argus.main] INFO EVENT: PROCESS_TERMINATED — PID 15724 (svchost.exe)
2026-09-13 10:54:32 [argus.file_monitor.scanner] INFO File scan: 4 roots, 17 candidates, 2 findings
2026-09-13 10:54:33 [argus.main] INFO EVENT: PROCESS_TERMINATED — PID 2596 (updater.exe)
2026-09-13 10:54:33 [argus.main] INFO EVENT: PROCESS_TERMINATED — PID 10808 (updater.exe)
2026-09-13 10:54:33 [argus.main] INFO EVENT: PROCESS_TERMINATED — PID 20676 (updater.exe)
2026-09-13 10:54:33 [argus.main] INFO EVENT: PROCESS_TERMINATED — PID 27696 (updater.exe)
2026-09-13 10:54:35 [argus.main] INFO EVENT: PROCESS_STARTED — PID 5168 (powershell.exe) parent=31368
2026-09-13 10:54:35 [argus.main] INFO EVENT: PROCESS_STARTED — PID 24908 (conhost.exe) parent=5168
2026-09-13 10:54:35 [argus.main] INFO EVENT: PROCESS_TERMINATED — PID 11592 (RuntimeBroker.exe)
2026-09-13 10:54:35 [argus.main] INFO EVENT: PROCESS_TERMINATED — PID 26788 (RuntimeBroker.exe)
2026-09-13 10:54:37 [argus.main] INFO EVENT: PROCESS_TERMINATED — PID 5168 (powershell.exe)
2026-09-13 10:54:37 [argus.main] INFO EVENT: PROCESS_TERMINATED — PID 24908 (conhost.exe)
2026-09-13 10:54:45 [argus.main] INFO EVENT: PROCESS_STARTED — PID 15352 (powershell.exe) parent=31368
2026-09-13 10:54:45 [argus.main] INFO EVENT: PROCESS_STARTED — PID 18256 (conhost.exe) parent=15352
2026-09-13 10:54:47 [argus.main] INFO EVENT: PROCESS_STARTED — PID 6228 (svchost.exe) parent=1360
2026-09-13 10:54:47 [argus.main] INFO EVENT: PROCESS_TERMINATED — PID 15352 (powershell.exe)
2026-09-13 10:54:47 [argus.main] INFO EVENT: PROCESS_TERMINATED — PID 18256 (conhost.exe)
2026-09-13 10:54:47 [argus.file_monitor.scanner] INFO File scan: 4 roots, 17 candidates, 2 findings
2026-09-13 10:54:49 [argus.main] INFO EVENT: PROCESS_TERMINATED — PID 19644 (opencode.exe)
2026-09-13 10:54:57 [argus.main] INFO EVENT: PROCESS_STARTED — PID 8160 (opencode.exe) parent=7880
2026-09-13 10:55:02 [argus.file_monitor.scanner] INFO File scan: 4 roots, 17 candidates, 2 findings
2026-09-13 10:55:07 [argus.main] INFO EVENT: PROCESS_STARTED — PID 29948 (<unknown-pid-29948>) parent=none
2026-09-13 10:55:09 [argus.main] INFO EVENT: PROCESS_TERMINATED — PID 29948 (<unknown-pid-29948>)
2026-09-13 10:55:16 [argus.file_monitor.scanner] INFO File scan: 4 roots, 17 candidates, 2 findings
2026-09-13 10:55:19 [argus.main] INFO EVENT: PROCESS_STARTED — PID 3668 (conhost.exe) parent=4020
2026-09-13 10:55:19 [argus.main] INFO EVENT: PROCESS_STARTED — PID 4020 (<unknown-pid-4020>) parent=none
2026-09-13 10:55:19 [argus.main] INFO EVENT: PROCESS_STARTED — PID 11612 (conhost.exe) parent=30440
2026-09-13 10:55:20 [argus.main] INFO EVENT: PROCESS_STARTED — PID 23692 (node.exe) parent=30440
2026-09-13 10:55:20 [argus.main] INFO EVENT: PROCESS_STARTED — PID 30440 (powershell.exe) parent=8160
2026-09-13 10:55:22 [argus.main] INFO EVENT: PROCESS_TERMINATED — PID 3668 (conhost.exe)
2026-09-13 10:55:22 [argus.main] INFO EVENT: PROCESS_TERMINATED — PID 4020 (<unknown-pid-4020>)
2026-09-13 10:55:22 [argus.main] INFO EVENT: PROCESS_TERMINATED — PID 11612 (conhost.exe)
2026-09-13 10:55:22 [argus.main] INFO EVENT: PROCESS_TERMINATED — PID 23692 (node.exe)
2026-09-13 10:55:22 [argus.main] INFO EVENT: PROCESS_TERMINATED — PID 30440 (powershell.exe)
2026-09-13 10:55:26 [argus.main] INFO EVENT: PROCESS_TERMINATED — PID 6228 (svchost.exe)
2026-09-13 10:55:32 [argus.file_monitor.scanner] INFO File scan: 4 roots, 17 candidates, 2 findings
2026-09-13 10:55:34 [argus.main] INFO EVENT: PROCESS_STARTED — PID 9836 (node.exe) parent=24796
2026-09-13 10:55:34 [argus.main] INFO EVENT: PROCESS_STARTED — PID 24796 (powershell.exe) parent=8160
2026-09-13 10:55:34 [argus.main] INFO EVENT: PROCESS_STARTED — PID 25720 (conhost.exe) parent=24796
2026-09-13 10:55:36 [argus.main] INFO EVENT: PROCESS_STARTED — PID 13316 (cmd.exe) parent=9836
2026-09-13 10:55:36 [argus.main] INFO EVENT: PROCESS_STARTED — PID 16748 (node.exe) parent=30788
2026-09-13 10:55:36 [argus.main] INFO EVENT: PROCESS_STARTED — PID 30788 (cmd.exe) parent=30836
2026-09-13 10:55:36 [argus.main] INFO EVENT: PROCESS_STARTED — PID 30836 (node.exe) parent=13316
2026-09-13 10:55:40 [argus.main] INFO EVENT: PROCESS_TERMINATED — PID 9836 (node.exe)
2026-09-13 10:55:40 [argus.main] INFO EVENT: PROCESS_TERMINATED — PID 24796 (powershell.exe)
2026-09-13 10:55:40 [argus.main] INFO EVENT: PROCESS_TERMINATED — PID 25720 (conhost.exe)
2026-09-13 10:55:40 [argus.main] INFO EVENT: PROCESS_TERMINATED — PID 13316 (cmd.exe)
2026-09-13 10:55:40 [argus.main] INFO EVENT: PROCESS_TERMINATED — PID 16748 (node.exe)
2026-09-13 10:55:40 [argus.main] INFO EVENT: PROCESS_TERMINATED — PID 30788 (cmd.exe)
2026-09-13 10:55:40 [argus.main] INFO EVENT: PROCESS_TERMINATED — PID 30836 (node.exe)
2026-09-13 10:55:46 [argus.main] INFO EVENT: PROCESS_STARTED — PID 3404 (powershell.exe) parent=31368
2026-09-13 10:55:46 [argus.main] INFO EVENT: PROCESS_STARTED — PID 18648 (conhost.exe) parent=3404
2026-09-13 10:55:47 [argus.file_monitor.scanner] INFO File scan: 4 roots, 17 candidates, 2 findings
2026-09-13 10:55:48 [argus.main] INFO EVENT: PROCESS_STARTED — PID 22316 (powershell.exe) parent=8160
2026-09-13 10:55:48 [argus.main] INFO EVENT: PROCESS_STARTED — PID 25356 (conhost.exe) parent=22316
2026-09-13 10:55:48 [argus.main] INFO EVENT: PROCESS_STARTED — PID 30904 (svchost.exe) parent=1360
2026-09-13 10:55:48 [argus.main] INFO EVENT: PROCESS_TERMINATED — PID 3404 (powershell.exe)
2026-09-13 10:55:48 [argus.main] INFO EVENT: PROCESS_TERMINATED — PID 18648 (conhost.exe)
2026-09-13 10:55:50 [argus.main] INFO EVENT: PROCESS_TERMINATED — PID 22316 (powershell.exe)
2026-09-13 10:55:50 [argus.main] INFO EVENT: PROCESS_TERMINATED — PID 25356 (conhost.exe)
2026-09-13 10:56:01 [argus.file_monitor.scanner] INFO File scan: 4 roots, 17 candidates, 2 findings
2026-09-13 10:56:10 [argus.main] INFO EVENT: PROCESS_STARTED — PID 2676 (powershell.exe) parent=8160
2026-09-13 10:56:10 [argus.main] INFO EVENT: PROCESS_STARTED — PID 21376 (conhost.exe) parent=2676
2026-09-13 10:56:12 [argus.main] INFO EVENT: PROCESS_STARTED — PID 27556 (powershell.exe) parent=31368
2026-09-13 10:56:12 [argus.main] INFO EVENT: PROCESS_STARTED — PID 28224 (conhost.exe) parent=27556
2026-09-13 10:56:12 [argus.main] INFO EVENT: PROCESS_TERMINATED — PID 2676 (powershell.exe)
2026-09-13 10:56:12 [argus.main] INFO EVENT: PROCESS_TERMINATED — PID 21376 (conhost.exe)
2026-09-13 10:56:15 [argus.main] INFO EVENT: PROCESS_TERMINATED — PID 27556 (powershell.exe)
2026-09-13 10:56:15 [argus.main] INFO EVENT: PROCESS_TERMINATED — PID 28224 (conhost.exe)
2026-09-13 10:56:17 [argus.file_monitor.scanner] INFO File scan: 4 roots, 17 candidates, 2 findings
2026-09-13 10:56:27 [argus.main] INFO EVENT: PROCESS_TERMINATED — PID 30904 (svchost.exe)
2026-09-13 10:56:31 [argus.main] INFO EVENT: PROCESS_STARTED — PID 8968 (powershell.exe) parent=8160
2026-09-13 10:56:31 [argus.main] INFO EVENT: PROCESS_STARTED — PID 25144 (conhost.exe) parent=8968
2026-09-13 10:56:32 [argus.file_monitor.scanner] INFO File scan: 4 roots, 17 candidates, 2 findings
2026-09-13 10:56:33 [argus.main] INFO EVENT: PROCESS_TERMINATED — PID 8968 (powershell.exe)
2026-09-13 10:56:33 [argus.main] INFO EVENT: PROCESS_TERMINATED — PID 25144 (conhost.exe)
2026-09-13 10:56:37 [argus.main] INFO EVENT: PROCESS_STARTED — PID 8044 (psql.exe) parent=16924
2026-09-13 10:56:37 [argus.main] INFO EVENT: PROCESS_STARTED — PID 16924 (powershell.exe) parent=8160
2026-09-13 10:56:39 [argus.main] INFO EVENT: PROCESS_TERMINATED — PID 8044 (psql.exe)
2026-09-13 10:56:39 [argus.main] INFO EVENT: PROCESS_TERMINATED — PID 16924 (powershell.exe)
2026-09-13 10:56:45 [argus.main] INFO EVENT: PROCESS_STARTED — PID 9432 (psql.exe) parent=22792
2026-09-13 10:56:45 [argus.main] INFO EVENT: PROCESS_STARTED — PID 22792 (powershell.exe) parent=8160
2026-09-13 10:56:45 [argus.main] INFO EVENT: PROCESS_STARTED — PID 27768 (conhost.exe) parent=22792
2026-09-13 10:56:47 [argus.file_monitor.scanner] INFO File scan: 4 roots, 17 candidates, 2 findings
2026-09-13 10:56:47 [argus.main] INFO EVENT: PROCESS_STARTED — PID 14120 (conhost.exe) parent=22488
2026-09-13 10:56:47 [argus.main] INFO EVENT: PROCESS_STARTED — PID 22488 (powershell.exe) parent=31368
2026-09-13 10:56:47 [argus.main] INFO EVENT: PROCESS_STARTED — PID 23272 (svchost.exe) parent=1360
2026-09-13 10:56:47 [argus.main] INFO EVENT: PROCESS_TERMINATED — PID 9432 (psql.exe)
2026-09-13 10:56:47 [argus.main] INFO EVENT: PROCESS_TERMINATED — PID 22792 (powershell.exe)
2026-09-13 10:56:47 [argus.main] INFO EVENT: PROCESS_TERMINATED — PID 27768 (conhost.exe)
2026-09-13 10:56:49 [argus.main] INFO EVENT: PROCESS_TERMINATED — PID 14120 (conhost.exe)
2026-09-13 10:56:49 [argus.main] INFO EVENT: PROCESS_TERMINATED — PID 22488 (powershell.exe)
2026-09-13 10:56:51 [argus.main] INFO EVENT: PROCESS_STARTED — PID 20060 (conhost.exe) parent=20832
2026-09-13 10:56:51 [argus.main] INFO EVENT: PROCESS_STARTED — PID 20832 (powershell.exe) parent=8160
2026-09-13 10:56:51 [argus.main] INFO EVENT: PROCESS_STARTED — PID 31680 (node.exe) parent=20832
2026-09-13 10:56:53 [argus.main] INFO EVENT: PROCESS_STARTED — PID 7100 (cmd.exe) parent=31680
2026-09-13 10:56:53 [argus.main] INFO EVENT: PROCESS_STARTED — PID 18240 (downloaded-@esbuild-win32-x64-esbuild.exe) parent=30184
2026-09-13 10:56:53 [argus.main] INFO EVENT: PROCESS_STARTED — PID 30184 (node.exe) parent=7100
2026-09-13 10:56:55 [argus.main] INFO EVENT: PROCESS_TERMINATED — PID 20060 (conhost.exe)
2026-09-13 10:56:55 [argus.main] INFO EVENT: PROCESS_TERMINATED — PID 20832 (powershell.exe)
2026-09-13 10:56:55 [argus.main] INFO EVENT: PROCESS_TERMINATED — PID 31680 (node.exe)
2026-09-13 10:56:55 [argus.main] INFO EVENT: PROCESS_TERMINATED — PID 7100 (cmd.exe)
2026-09-13 10:56:55 [argus.main] INFO EVENT: PROCESS_TERMINATED — PID 18240 (downloaded-@esbuild-win32-x64-esbuild.exe)
2026-09-13 10:56:55 [argus.main] INFO EVENT: PROCESS_TERMINATED — PID 30184 (node.exe)
2026-09-13 10:57:00 [argus.main] INFO EVENT: PROCESS_STARTED — PID 15664 (powershell.exe) parent=8160
2026-09-13 10:57:00 [argus.main] INFO EVENT: PROCESS_STARTED — PID 17836 (conhost.exe) parent=15664
2026-09-13 10:57:02 [argus.file_monitor.scanner] INFO File scan: 4 roots, 17 candidates, 2 findings
2026-09-13 10:57:04 [argus.main] INFO EVENT: PROCESS_TERMINATED — PID 15664 (powershell.exe)
2026-09-13 10:57:04 [argus.main] INFO EVENT: PROCESS_TERMINATED — PID 17836 (conhost.exe)
2026-09-13 10:57:06 [argus.main] INFO EVENT: PROCESS_STARTED — PID 6528 (conhost.exe) parent=28564
2026-09-13 10:57:06 [argus.main] INFO EVENT: PROCESS_STARTED — PID 28564 (powershell.exe) parent=8160
2026-09-13 10:57:08 [argus.main] INFO EVENT: PROCESS_STARTED — PID 20716 (postgres.exe) parent=14392
2026-09-13 10:57:08 [argus.main] INFO EVENT: PROCESS_TERMINATED — PID 6528 (conhost.exe)
2026-09-13 10:57:08 [argus.main] INFO EVENT: PROCESS_TERMINATED — PID 28564 (powershell.exe)
2026-09-13 10:57:14 [argus.main] INFO EVENT: PROCESS_STARTED — PID 3500 (conhost.exe) parent=13712
2026-09-13 10:57:14 [argus.main] INFO EVENT: PROCESS_STARTED — PID 13712 (powershell.exe) parent=8160
2026-09-13 10:57:16 [argus.main] INFO EVENT: PROCESS_TERMINATED — PID 3500 (conhost.exe)
2026-09-13 10:57:16 [argus.main] INFO EVENT: PROCESS_TERMINATED — PID 13712 (powershell.exe)
2026-09-13 10:57:17 [argus.file_monitor.scanner] INFO File scan: 4 roots, 17 candidates, 2 findings
2026-09-13 10:57:18 [argus.main] INFO EVENT: PROCESS_STARTED — PID 3800 (conhost.exe) parent=12272
2026-09-13 10:57:18 [argus.main] INFO EVENT: PROCESS_STARTED — PID 12272 (powershell.exe) parent=31368
2026-09-13 10:57:18 [argus.main] INFO EVENT: PROCESS_TERMINATED — PID 20716 (postgres.exe)
2026-09-13 10:57:20 [argus.main] INFO EVENT: PROCESS_TERMINATED — PID 3800 (conhost.exe)
2026-09-13 10:57:20 [argus.main] INFO EVENT: PROCESS_TERMINATED — PID 12272 (powershell.exe)
2026-09-13 10:57:22 [argus.main] INFO EVENT: PROCESS_STARTED — PID 12504 (powershell.exe) parent=8160
2026-09-13 10:57:22 [argus.main] INFO EVENT: PROCESS_STARTED — PID 20636 (conhost.exe) parent=12504
2026-09-13 10:57:24 [argus.main] INFO EVENT: PROCESS_TERMINATED — PID 12504 (powershell.exe)
2026-09-13 10:57:24 [argus.main] INFO EVENT: PROCESS_TERMINATED — PID 20636 (conhost.exe)
2026-09-13 10:57:26 [argus.main] INFO EVENT: PROCESS_TERMINATED — PID 23272 (svchost.exe)
2026-09-13 10:57:32 [argus.file_monitor.scanner] INFO File scan: 4 roots, 17 candidates, 2 findings
2026-09-13 10:57:46 [argus.file_monitor.scanner] INFO File scan: 4 roots, 17 candidates, 2 findings
2026-09-13 10:57:48 [argus.main] INFO EVENT: PROCESS_STARTED — PID 13980 (conhost.exe) parent=19908
2026-09-13 10:57:48 [argus.main] INFO EVENT: PROCESS_STARTED — PID 19908 (powershell.exe) parent=31368
2026-09-13 10:57:50 [argus.main] INFO EVENT: PROCESS_STARTED — PID 26924 (svchost.exe) parent=1360
2026-09-13 10:57:51 [argus.main] INFO EVENT: PROCESS_TERMINATED — PID 13980 (conhost.exe)
2026-09-13 10:57:51 [argus.main] INFO EVENT: PROCESS_TERMINATED — PID 19908 (powershell.exe)
2026-09-13 10:58:02 [argus.file_monitor.scanner] INFO File scan: 4 roots, 17 candidates, 2 findings
2026-09-13 10:58:05 [argus.main] INFO EVENT: PROCESS_TERMINATED — PID 8056 (svchost.exe)
2026-09-13 10:58:15 [argus.main] INFO EVENT: PROCESS_STARTED — PID 7280 (conhost.exe) parent=21956
2026-09-13 10:58:15 [argus.main] INFO EVENT: PROCESS_STARTED — PID 21956 (powershell.exe) parent=8160
2026-09-13 10:58:17 [argus.file_monitor.scanner] INFO File scan: 4 roots, 17 candidates, 2 findings
2026-09-13 10:58:17 [argus.main] INFO EVENT: PROCESS_TERMINATED — PID 7280 (conhost.exe)
2026-09-13 10:58:17 [argus.main] INFO EVENT: PROCESS_TERMINATED — PID 21956 (powershell.exe)
2026-09-13 10:58:19 [argus.main] INFO EVENT: PROCESS_STARTED — PID 6304 (conhost.exe) parent=21612
2026-09-13 10:58:19 [argus.main] INFO EVENT: PROCESS_STARTED — PID 21612 (powershell.exe) parent=8160
2026-09-13 10:58:21 [argus.main] INFO EVENT: PROCESS_STARTED — PID 25440 (postgres.exe) parent=14392
2026-09-13 10:58:21 [argus.main] INFO EVENT: PROCESS_TERMINATED — PID 6304 (conhost.exe)
2026-09-13 10:58:21 [argus.main] INFO EVENT: PROCESS_TERMINATED — PID 21612 (powershell.exe)
2026-09-13 10:58:23 [argus.main] INFO EVENT: PROCESS_STARTED — PID 3868 (conhost.exe) parent=14328
2026-09-13 10:58:23 [argus.main] INFO EVENT: PROCESS_STARTED — PID 14328 (powershell.exe) parent=31368
2026-09-13 10:58:25 [argus.main] INFO EVENT: PROCESS_STARTED — PID 12708 (smartscreen.exe) parent=1596
2026-09-13 10:58:25 [argus.main] INFO EVENT: PROCESS_STARTED — PID 25248 (scanner.exe) parent=5736
2026-09-13 10:58:25 [argus.main] INFO EVENT: PROCESS_TERMINATED — PID 26924 (svchost.exe)
2026-09-13 10:58:25 [argus.main] INFO EVENT: PROCESS_TERMINATED — PID 3868 (conhost.exe)
2026-09-13 10:58:25 [argus.main] INFO EVENT: PROCESS_TERMINATED — PID 14328 (powershell.exe)
2026-09-13 10:58:27 [argus.main] INFO EVENT: PROCESS_STARTED — PID 15772 (activate.exe) parent=6136
2026-09-13 10:58:27 [argus.main] INFO EVENT: PROCESS_STARTED — PID 22536 (conhost.exe) parent=28220
2026-09-13 10:58:27 [argus.main] INFO EVENT: PROCESS_STARTED — PID 28220 (powershell.exe) parent=8160
2026-09-13 10:58:29 [argus.main] INFO EVENT: PROCESS_TERMINATED — PID 25440 (postgres.exe)
2026-09-13 10:58:31 [argus.main] INFO EVENT: PROCESS_STARTED — PID 12248 (svchost.exe) parent=1360
2026-09-13 10:58:33 [argus.file_monitor.scanner] INFO File scan: 4 roots, 17 candidates, 2 findings
2026-09-13 10:58:33 [argus.main] INFO EVENT: PROCESS_TERMINATED — PID 15772 (activate.exe)
2026-09-13 10:58:35 [argus.main] INFO EVENT: PROCESS_TERMINATED — PID 22536 (conhost.exe)
2026-09-13 10:58:35 [argus.main] INFO EVENT: PROCESS_TERMINATED — PID 28220 (powershell.exe)
2026-09-13 10:58:39 [argus.main] INFO EVENT: PROCESS_STARTED — PID 24376 (<unknown-pid-24376>) parent=none
2026-09-13 10:58:41 [argus.main] INFO EVENT: PROCESS_TERMINATED — PID 24376 (<unknown-pid-24376>)
2026-09-13 10:58:43 [argus.main] INFO EVENT: PROCESS_STARTED — PID 15152 (conhost.exe) parent=21804
2026-09-13 10:58:44 [argus.main] INFO EVENT: PROCESS_STARTED — PID 15292 (cmd.exe) parent=21804
2026-09-13 10:58:44 [argus.main] INFO EVENT: PROCESS_STARTED — PID 21804 (powershell.exe) parent=8160
2026-09-13 10:58:44 [argus.main] INFO EVENT: PROCESS_STARTED — PID 21972 (conhost.exe) parent=15292
2026-09-13 10:58:44 [argus.main] INFO EVENT: PROCESS_STARTED — PID 22340 (node.exe) parent=15292
2026-09-13 10:58:46 [argus.main] INFO EVENT: PROCESS_STARTED — PID 17184 (cmd.exe) parent=22340
2026-09-13 10:58:46 [argus.main] INFO EVENT: PROCESS_STARTED — PID 23100 (node.exe) parent=17184
2026-09-13 10:58:46 [argus.main] INFO EVENT: PROCESS_STARTED — PID 31036 (node.exe) parent=23100
2026-09-13 10:58:47 [argus.file_monitor.scanner] INFO File scan: 4 roots, 17 candidates, 2 findings
2026-09-13 10:58:48 [argus.main] INFO EVENT: PROCESS_TERMINATED — PID 15292 (cmd.exe)
2026-09-13 10:58:48 [argus.main] INFO EVENT: PROCESS_TERMINATED — PID 21972 (conhost.exe)
2026-09-13 10:58:48 [argus.main] INFO EVENT: PROCESS_TERMINATED — PID 22340 (node.exe)
2026-09-13 10:58:48 [argus.main] INFO EVENT: PROCESS_TERMINATED — PID 17184 (cmd.exe)
2026-09-13 10:58:48 [argus.main] INFO EVENT: PROCESS_TERMINATED — PID 23100 (node.exe)
2026-09-13 10:58:48 [argus.main] INFO EVENT: PROCESS_TERMINATED — PID 31036 (node.exe)
2026-09-13 10:58:50 [argus.main] INFO EVENT: PROCESS_STARTED — PID 12084 (powershell.exe) parent=31368
2026-09-13 10:58:50 [argus.main] INFO EVENT: PROCESS_STARTED — PID 19360 (conhost.exe) parent=12084
2026-09-13 10:58:52 [argus.main] INFO EVENT: PROCESS_STARTED — PID 29116 (svchost.exe) parent=1360
2026-09-13 10:58:52 [argus.main] INFO EVENT: PROCESS_TERMINATED — PID 12084 (powershell.exe)
2026-09-13 10:58:52 [argus.main] INFO EVENT: PROCESS_TERMINATED — PID 19360 (conhost.exe)
2026-09-13 10:58:54 [argus.main] INFO EVENT: PROCESS_STARTED — PID 17368 (powershell.exe) parent=31368
2026-09-13 10:58:54 [argus.main] INFO EVENT: PROCESS_STARTED — PID 23016 (conhost.exe) parent=17368
2026-09-13 10:58:54 [argus.main] INFO EVENT: PROCESS_TERMINATED — PID 15152 (conhost.exe)
2026-09-13 10:58:54 [argus.main] INFO EVENT: PROCESS_TERMINATED — PID 21804 (powershell.exe)
2026-09-13 10:58:56 [argus.main] INFO EVENT: PROCESS_TERMINATED — PID 17368 (powershell.exe)
2026-09-13 10:58:56 [argus.main] INFO EVENT: PROCESS_TERMINATED — PID 23016 (conhost.exe)
2026-09-13 10:59:02 [argus.file_monitor.scanner] INFO File scan: 4 roots, 17 candidates, 2 findings
2026-09-13 10:59:08 [argus.main] INFO EVENT: PROCESS_STARTED — PID 14020 (ipconfig.exe) parent=31368
2026-09-13 10:59:10 [argus.main] INFO EVENT: PROCESS_TERMINATED — PID 14020 (ipconfig.exe)
2026-09-13 10:59:17 [argus.file_monitor.scanner] INFO File scan: 4 roots, 17 candidates, 2 findings
2026-09-13 10:59:20 [argus.main] INFO EVENT: PROCESS_STARTED — PID 17792 (MoUsoCoreWorker.exe) parent=2476
2026-09-13 10:59:22 [argus.main] INFO EVENT: PROCESS_STARTED — PID 5756 (powershell.exe) parent=8160
2026-09-13 10:59:22 [argus.main] INFO EVENT: PROCESS_STARTED — PID 22740 (conhost.exe) parent=5756
2026-09-13 10:59:25 [argus.main] INFO EVENT: PROCESS_STARTED — PID 12576 (powershell.exe) parent=31368
2026-09-13 10:59:25 [argus.main] INFO EVENT: PROCESS_STARTED — PID 25140 (conhost.exe) parent=12576
2026-09-13 10:59:25 [argus.main] INFO EVENT: PROCESS_TERMINATED — PID 5756 (powershell.exe)
2026-09-13 10:59:25 [argus.main] INFO EVENT: PROCESS_TERMINATED — PID 22740 (conhost.exe)
2026-09-13 10:59:27 [argus.main] INFO EVENT: PROCESS_TERMINATED — PID 29116 (svchost.exe)
2026-09-13 10:59:27 [argus.main] INFO EVENT: PROCESS_TERMINATED — PID 12576 (powershell.exe)
2026-09-13 10:59:27 [argus.main] INFO EVENT: PROCESS_TERMINATED — PID 25140 (conhost.exe)
2026-09-13 10:59:32 [argus.file_monitor.scanner] INFO File scan: 4 roots, 17 candidates, 2 findings
2026-09-13 10:59:47 [argus.file_monitor.scanner] INFO File scan: 4 roots, 17 candidates, 2 findings
2026-09-13 10:59:47 [argus.main] INFO EVENT: PROCESS_STARTED — PID 8976 (node.exe) parent=30544
2026-09-13 10:59:47 [argus.main] INFO EVENT: PROCESS_STARTED — PID 28456 (conhost.exe) parent=30544
2026-09-13 10:59:47 [argus.main] INFO EVENT: PROCESS_STARTED — PID 30544 (powershell.exe) parent=8160
2026-09-13 10:59:53 [argus.main] INFO EVENT: PROCESS_STARTED — PID 20596 (conhost.exe) parent=21720
2026-09-13 10:59:53 [argus.main] INFO EVENT: PROCESS_STARTED — PID 21720 (powershell.exe) parent=31368
2026-09-13 10:59:53 [argus.main] INFO EVENT: PROCESS_TERMINATED — PID 8976 (node.exe)
2026-09-13 10:59:53 [argus.main] INFO EVENT: PROCESS_TERMINATED — PID 28456 (conhost.exe)
2026-09-13 10:59:53 [argus.main] INFO EVENT: PROCESS_TERMINATED — PID 30544 (powershell.exe)
2026-09-13 10:59:55 [argus.main] INFO EVENT: PROCESS_STARTED — PID 16680 (svchost.exe) parent=1360
2026-09-13 10:59:55 [argus.main] INFO EVENT: PROCESS_TERMINATED — PID 20596 (conhost.exe)
2026-09-13 10:59:55 [argus.main] INFO EVENT: PROCESS_TERMINATED — PID 21720 (powershell.exe)
2026-09-13 10:59:57 [argus.main] INFO EVENT: PROCESS_STARTED — PID 14000 (powershell.exe) parent=8160
2026-09-13 10:59:57 [argus.main] INFO EVENT: PROCESS_STARTED — PID 16084 (conhost.exe) parent=20176
2026-09-13 10:59:57 [argus.main] INFO EVENT: PROCESS_STARTED — PID 20176 (powershell.exe) parent=31368
2026-09-13 10:59:57 [argus.main] INFO EVENT: PROCESS_STARTED — PID 22656 (<unknown-pid-22656>) parent=14000
2026-09-13 10:59:59 [argus.main] INFO EVENT: PROCESS_TERMINATED — PID 14000 (powershell.exe)
2026-09-13 10:59:59 [argus.main] INFO EVENT: PROCESS_TERMINATED — PID 16084 (conhost.exe)
2026-09-13 10:59:59 [argus.main] INFO EVENT: PROCESS_TERMINATED — PID 20176 (powershell.exe)
2026-09-13 10:59:59 [argus.main] INFO EVENT: PROCESS_TERMINATED — PID 22656 (<unknown-pid-22656>)
2026-09-13 11:00:03 [argus.file_monitor.scanner] INFO File scan: 4 roots, 17 candidates, 2 findings
2026-09-13 11:00:05 [argus.main] INFO EVENT: PROCESS_TERMINATED — PID 31628 (opencode.exe)
2026-09-13 11:00:17 [argus.file_monitor.scanner] INFO File scan: 4 roots, 17 candidates, 2 findings
2026-09-13 11:00:21 [argus.main] INFO EVENT: PROCESS_STARTED — PID 13760 (node.exe) parent=19336
2026-09-13 11:00:21 [argus.main] INFO EVENT: PROCESS_STARTED — PID 16172 (conhost.exe) parent=19336
2026-09-13 11:00:21 [argus.main] INFO EVENT: PROCESS_STARTED — PID 19336 (powershell.exe) parent=8160
2026-09-13 11:00:21 [argus.main] INFO EVENT: PROCESS_TERMINATED — PID 17792 (MoUsoCoreWorker.exe)
2026-09-13 11:00:23 [argus.main] INFO EVENT: PROCESS_STARTED — PID 24524 (cmd.exe) parent=13760
2026-09-13 11:00:23 [argus.main] INFO EVENT: PROCESS_STARTED — PID 26740 (node.exe) parent=24524
2026-09-13 11:00:25 [argus.main] INFO EVENT: PROCESS_TERMINATED — PID 13760 (node.exe)
2026-09-13 11:00:25 [argus.main] INFO EVENT: PROCESS_TERMINATED — PID 16172 (conhost.exe)
2026-09-13 11:00:25 [argus.main] INFO EVENT: PROCESS_TERMINATED — PID 19336 (powershell.exe)
2026-09-13 11:00:25 [argus.main] INFO EVENT: PROCESS_TERMINATED — PID 24524 (cmd.exe)
2026-09-13 11:00:26 [argus.main] INFO EVENT: PROCESS_TERMINATED — PID 26740 (node.exe)
2026-09-13 11:00:30 [argus.main] INFO EVENT: PROCESS_STARTED — PID 12404 (conhost.exe) parent=19228
2026-09-13 11:00:30 [argus.main] INFO EVENT: PROCESS_STARTED — PID 19228 (cmd.exe) parent=30816
2026-09-13 11:00:30 [argus.main] INFO EVENT: PROCESS_STARTED — PID 19728 (node.exe) parent=19228
2026-09-13 11:00:30 [argus.main] INFO EVENT: PROCESS_STARTED — PID 26512 (conhost.exe) parent=30816
2026-09-13 11:00:30 [argus.main] INFO EVENT: PROCESS_STARTED — PID 30816 (powershell.exe) parent=8160
2026-09-13 11:00:32 [argus.main] INFO EVENT: PROCESS_STARTED — PID 6900 (node.exe) parent=30248
2026-09-13 11:00:32 [argus.main] INFO EVENT: PROCESS_STARTED — PID 24652 (cmd.exe) parent=19728
2026-09-13 11:00:32 [argus.main] INFO EVENT: PROCESS_STARTED — PID 30248 (node.exe) parent=24652
2026-09-13 11:00:32 [argus.main] INFO EVENT: PROCESS_TERMINATED — PID 12248 (svchost.exe)
2026-09-13 11:00:32 [argus.file_monitor.scanner] INFO File scan: 4 roots, 17 candidates, 2 findings
2026-09-13 11:00:34 [argus.main] INFO EVENT: PROCESS_STARTED — PID 14148 (esbuild.exe) parent=30248
2026-09-13 11:00:34 [argus.main] INFO EVENT: PROCESS_TERMINATED — PID 6900 (node.exe)
2026-09-13 11:00:42 [argus.main] INFO EVENT: PROCESS_TERMINATED — PID 26512 (conhost.exe)
2026-09-13 11:00:42 [argus.main] INFO EVENT: PROCESS_TERMINATED — PID 30816 (powershell.exe)
2026-09-13 11:00:47 [argus.file_monitor.scanner] INFO File scan: 4 roots, 17 candidates, 2 findings
2026-09-13 11:00:54 [argus.main] INFO EVENT: PROCESS_STARTED — PID 6532 (powershell.exe) parent=31368
2026-09-13 11:00:54 [argus.main] INFO EVENT: PROCESS_STARTED — PID 21484 (conhost.exe) parent=6532
2026-09-13 11:00:54 [argus.main] INFO EVENT: PROCESS_TERMINATED — PID 31544 (WmiPrvSE.exe)
2026-09-13 11:00:56 [argus.main] INFO EVENT: PROCESS_STARTED — PID 9324 (svchost.exe) parent=1360
2026-09-13 11:00:56 [argus.main] INFO EVENT: PROCESS_STARTED — PID 28872 (WmiPrvSE.exe) parent=1596
2026-09-13 11:00:56 [argus.main] INFO EVENT: PROCESS_TERMINATED — PID 16680 (svchost.exe)
2026-09-13 11:00:56 [argus.main] INFO EVENT: PROCESS_TERMINATED — PID 6532 (powershell.exe)
2026-09-13 11:00:56 [argus.main] INFO EVENT: PROCESS_TERMINATED — PID 21484 (conhost.exe)
2026-09-13 11:01:02 [argus.file_monitor.scanner] INFO File scan: 4 roots, 17 candidates, 2 findings
2026-09-13 11:01:02 [argus.main] INFO EVENT: PROCESS_STARTED — PID 4440 (powershell.exe) parent=31368
2026-09-13 11:01:02 [argus.main] INFO EVENT: PROCESS_STARTED — PID 13896 (conhost.exe) parent=4440
2026-09-13 11:01:04 [argus.main] INFO EVENT: PROCESS_TERMINATED — PID 4440 (powershell.exe)
2026-09-13 11:01:04 [argus.main] INFO EVENT: PROCESS_TERMINATED — PID 13896 (conhost.exe)
2026-09-13 11:01:06 [argus.main] INFO EVENT: PROCESS_TERMINATED — PID 25248 (scanner.exe)
2026-09-13 11:01:17 [argus.file_monitor.scanner] INFO File scan: 4 roots, 17 candidates, 2 findings
2026-09-13 11:01:20 [argus.main] INFO EVENT: PROCESS_STARTED — PID 18220 (OfficeC2RClient.exe) parent=2996
2026-09-13 11:01:22 [argus.main] INFO EVENT: PROCESS_TERMINATED — PID 18220 (OfficeC2RClient.exe)
2026-09-13 11:01:32 [argus.file_monitor.scanner] INFO File scan: 4 roots, 17 candidates, 2 findings
2026-09-13 11:01:33 [argus.main] INFO EVENT: PROCESS_STARTED — PID 16624 (powershell.exe) parent=31368
2026-09-13 11:01:33 [argus.main] INFO EVENT: PROCESS_STARTED — PID 20128 (conhost.exe) parent=16624
2026-09-13 11:01:35 [argus.main] INFO EVENT: PROCESS_TERMINATED — PID 16624 (powershell.exe)
2026-09-13 11:01:35 [argus.main] INFO EVENT: PROCESS_TERMINATED — PID 20128 (conhost.exe)
2026-09-13 11:01:46 [argus.file_monitor.scanner] INFO File scan: 4 roots, 17 candidates, 2 findings
2026-09-13 11:01:57 [argus.main] INFO EVENT: PROCESS_STARTED — PID 8912 (powershell.exe) parent=31368
2026-09-13 11:01:57 [argus.main] INFO EVENT: PROCESS_STARTED — PID 11028 (conhost.exe) parent=8912
2026-09-13 11:01:59 [argus.main] INFO EVENT: PROCESS_TERMINATED — PID 8912 (powershell.exe)
2026-09-13 11:01:59 [argus.main] INFO EVENT: PROCESS_TERMINATED — PID 11028 (conhost.exe)
2026-09-13 11:02:02 [argus.file_monitor.scanner] INFO File scan: 4 roots, 17 candidates, 2 findings
2026-09-13 11:02:05 [argus.main] INFO EVENT: PROCESS_STARTED — PID 13932 (powershell.exe) parent=31368
2026-09-13 11:02:05 [argus.main] INFO EVENT: PROCESS_STARTED — PID 15724 (conhost.exe) parent=13932
2026-09-13 11:02:07 [argus.main] INFO EVENT: PROCESS_TERMINATED — PID 13932 (powershell.exe)
2026-09-13 11:02:07 [argus.main] INFO EVENT: PROCESS_TERMINATED — PID 15724 (conhost.exe)
2026-09-13 11:02:17 [argus.file_monitor.scanner] INFO File scan: 4 roots, 17 candidates, 2 findings
2026-09-13 11:02:32 [argus.file_monitor.scanner] INFO File scan: 4 roots, 17 candidates, 2 findings
2026-09-13 11:02:47 [argus.file_monitor.scanner] INFO File scan: 4 roots, 17 candidates, 2 findings
2026-09-13 11:02:57 [argus.main] INFO EVENT: PROCESS_STARTED — PID 2592 (powershell.exe) parent=31368
2026-09-13 11:02:57 [argus.main] INFO EVENT: PROCESS_STARTED — PID 10396 (conhost.exe) parent=2592
2026-09-13 11:02:57 [argus.main] INFO EVENT: PROCESS_STARTED — PID 26748 (ShellHost.exe) parent=12956
2026-09-13 11:02:57 [argus.main] INFO EVENT: PROCESS_TERMINATED — PID 15504 (ShellHost.exe)
2026-09-13 11:02:59 [argus.main] INFO EVENT: PROCESS_STARTED — PID 23304 (svchost.exe) parent=1360
2026-09-13 11:02:59 [argus.main] INFO EVENT: PROCESS_TERMINATED — PID 9324 (svchost.exe)
2026-09-13 11:02:59 [argus.main] INFO EVENT: PROCESS_TERMINATED — PID 2592 (powershell.exe)
2026-09-13 11:02:59 [argus.main] INFO EVENT: PROCESS_TERMINATED — PID 10396 (conhost.exe)
2026-09-13 11:03:02 [argus.file_monitor.scanner] INFO File scan: 4 roots, 17 candidates, 2 findings
2026-09-13 11:03:09 [argus.main] INFO EVENT: PROCESS_STARTED — PID 25804 (conhost.exe) parent=27724
2026-09-13 11:03:09 [argus.main] INFO EVENT: PROCESS_STARTED — PID 27724 (powershell.exe) parent=31368
2026-09-13 11:03:11 [argus.main] INFO EVENT: PROCESS_TERMINATED — PID 25804 (conhost.exe)
2026-09-13 11:03:11 [argus.main] INFO EVENT: PROCESS_TERMINATED — PID 27724 (powershell.exe)
2026-09-13 11:03:17 [argus.file_monitor.scanner] INFO File scan: 4 roots, 17 candidates, 2 findings
2026-09-13 11:03:25 [argus.main] INFO EVENT: PROCESS_TERMINATED — PID 12708 (smartscreen.exe)
2026-09-13 11:03:28 [argus.main] INFO EVENT: PROCESS_STARTED — PID 19988 (smartscreen.exe) parent=1596
2026-09-13 11:03:30 [argus.main] INFO EVENT: PROCESS_TERMINATED — PID 5584 (svchost.exe)
2026-09-13 11:03:32 [argus.file_monitor.scanner] INFO File scan: 4 roots, 17 candidates, 2 findings
2026-09-13 11:03:47 [argus.file_monitor.scanner] INFO File scan: 4 roots, 17 candidates, 2 findings
2026-09-13 11:03:56 [argus.main] INFO EVENT: PROCESS_STARTED — PID 5916 (ipconfig.exe) parent=31368
2026-09-13 11:03:58 [argus.main] INFO EVENT: PROCESS_TERMINATED — PID 5916 (ipconfig.exe)
2026-09-13 11:04:00 [argus.main] INFO EVENT: PROCESS_STARTED — PID 5548 (powershell.exe) parent=31368
2026-09-13 11:04:00 [argus.main] INFO EVENT: PROCESS_STARTED — PID 29520 (conhost.exe) parent=5548
2026-09-13 11:04:00 [argus.main] INFO EVENT: PROCESS_TERMINATED — PID 23304 (svchost.exe)
2026-09-13 11:04:02 [argus.main] INFO EVENT: PROCESS_STARTED — PID 4324 (svchost.exe) parent=1360
2026-09-13 11:04:02 [argus.main] INFO EVENT: PROCESS_TERMINATED — PID 5548 (powershell.exe)
2026-09-13 11:04:02 [argus.main] INFO EVENT: PROCESS_TERMINATED — PID 29520 (conhost.exe)
2026-09-13 11:04:02 [argus.file_monitor.scanner] INFO File scan: 4 roots, 17 candidates, 2 findings
2026-09-13 11:04:14 [argus.main] INFO EVENT: PROCESS_STARTED — PID 16804 (conhost.exe) parent=29856
2026-09-13 11:04:14 [argus.main] INFO EVENT: PROCESS_STARTED — PID 29856 (powershell.exe) parent=31368
2026-09-13 11:04:16 [argus.main] INFO EVENT: PROCESS_TERMINATED — PID 16804 (conhost.exe)
2026-09-13 11:04:16 [argus.main] INFO EVENT: PROCESS_TERMINATED — PID 29856 (powershell.exe)
2026-09-13 11:04:17 [argus.file_monitor.scanner] INFO File scan: 4 roots, 17 candidates, 2 findings
2026-09-13 11:04:32 [argus.file_monitor.scanner] INFO File scan: 4 roots, 17 candidates, 2 findings
2026-09-13 11:04:47 [argus.file_monitor.scanner] INFO File scan: 4 roots, 17 candidates, 2 findings
2026-09-13 11:04:58 [argus.main] INFO EVENT: PROCESS_TERMINATED — PID 4324 (svchost.exe)
2026-09-13 11:05:00 [argus.main] INFO EVENT: PROCESS_STARTED — PID 9004 (conhost.exe) parent=29908
2026-09-13 11:05:00 [argus.main] INFO EVENT: PROCESS_STARTED — PID 29908 (powershell.exe) parent=31368
2026-09-13 11:05:02 [argus.file_monitor.scanner] INFO File scan: 4 roots, 17 candidates, 2 findings
2026-09-13 11:05:02 [argus.main] INFO EVENT: PROCESS_STARTED — PID 15736 (svchost.exe) parent=1360
2026-09-13 11:05:02 [argus.main] INFO EVENT: PROCESS_STARTED — PID 16448 (<unknown-pid-16448>) parent=none
2026-09-13 11:05:02 [argus.main] INFO EVENT: PROCESS_TERMINATED — PID 9004 (conhost.exe)
2026-09-13 11:05:02 [argus.main] INFO EVENT: PROCESS_TERMINATED — PID 29908 (powershell.exe)
2026-09-13 11:05:04 [argus.main] INFO EVENT: PROCESS_TERMINATED — PID 16448 (<unknown-pid-16448>)
2026-09-13 11:05:17 [argus.file_monitor.scanner] INFO File scan: 4 roots, 17 candidates, 2 findings
2026-09-13 11:05:18 [argus.main] INFO EVENT: PROCESS_STARTED — PID 11588 (conhost.exe) parent=12196
2026-09-13 11:05:18 [argus.main] INFO EVENT: PROCESS_STARTED — PID 11880 (backgroundTaskHost.exe) parent=1596
2026-09-13 11:05:20 [argus.main] INFO EVENT: PROCESS_TERMINATED — PID 11588 (conhost.exe)
2026-09-13 11:05:22 [argus.main] INFO EVENT: PROCESS_STARTED — PID 22628 (RuntimeBroker.exe) parent=1596
2026-09-13 11:05:23 [argus.main] INFO EVENT: PROCESS_STARTED — PID 27064 (WmiPrvSE.exe) parent=1596
2026-09-13 11:05:32 [argus.file_monitor.scanner] INFO File scan: 4 roots, 17 candidates, 2 findings
2026-09-13 11:05:47 [argus.file_monitor.scanner] INFO File scan: 4 roots, 17 candidates, 2 findings
2026-09-13 11:05:53 [argus.main] INFO EVENT: PROCESS_STARTED — PID 13616 (conhost.exe) parent=17172
2026-09-13 11:05:53 [argus.main] INFO EVENT: PROCESS_STARTED — PID 17172 (powershell.exe) parent=31368
2026-09-13 11:05:55 [argus.main] INFO EVENT: PROCESS_STARTED — PID 1560 (UIEOrchestratorStub.exe) parent=1596
2026-09-13 11:05:55 [argus.main] INFO EVENT: PROCESS_STARTED — PID 12080 (UIEOrchestrator.exe) parent=1560
2026-09-13 11:05:55 [argus.main] INFO EVENT: PROCESS_STARTED — PID 19604 (MoUsoCoreWorker.exe) parent=2476
2026-09-13 11:05:55 [argus.main] INFO EVENT: PROCESS_TERMINATED — PID 13616 (conhost.exe)
2026-09-13 11:05:55 [argus.main] INFO EVENT: PROCESS_TERMINATED — PID 17172 (powershell.exe)
2026-09-13 11:05:59 [argus.main] INFO EVENT: PROCESS_TERMINATED — PID 15736 (svchost.exe)
2026-09-13 11:05:59 [argus.main] INFO EVENT: PROCESS_TERMINATED — PID 1560 (UIEOrchestratorStub.exe)
2026-09-13 11:05:59 [argus.main] INFO EVENT: PROCESS_TERMINATED — PID 12080 (UIEOrchestrator.exe)
2026-09-13 11:06:02 [argus.file_monitor.scanner] INFO File scan: 4 roots, 17 candidates, 2 findings
2026-09-13 11:06:03 [argus.main] INFO EVENT: PROCESS_STARTED — PID 3552 (powershell.exe) parent=31368
2026-09-13 11:06:03 [argus.main] INFO EVENT: PROCESS_STARTED — PID 21424 (conhost.exe) parent=3552
2026-09-13 11:06:05 [argus.main] INFO EVENT: PROCESS_STARTED — PID 26424 (svchost.exe) parent=1360
2026-09-13 11:06:05 [argus.main] INFO EVENT: PROCESS_TERMINATED — PID 3552 (powershell.exe)
2026-09-13 11:06:05 [argus.main] INFO EVENT: PROCESS_TERMINATED — PID 21424 (conhost.exe)
2026-09-13 11:06:17 [argus.file_monitor.scanner] INFO File scan: 4 roots, 17 candidates, 2 findings
2026-09-13 11:06:23 [argus.main] INFO EVENT: PROCESS_TERMINATED — PID 11880 (backgroundTaskHost.exe)
2026-09-13 11:06:29 [argus.main] INFO EVENT: PROCESS_TERMINATED — PID 27064 (WmiPrvSE.exe)
2026-09-13 11:06:32 [argus.file_monitor.scanner] INFO File scan: 4 roots, 17 candidates, 2 findings
2026-09-13 11:06:47 [argus.file_monitor.scanner] INFO File scan: 4 roots, 17 candidates, 2 findings
2026-09-13 11:06:53 [argus.main] INFO EVENT: PROCESS_TERMINATED — PID 22628 (RuntimeBroker.exe)
2026-09-13 11:06:57 [argus.main] INFO EVENT: PROCESS_STARTED — PID 29264 (conhost.exe) parent=30648
2026-09-13 11:06:57 [argus.main] INFO EVENT: PROCESS_STARTED — PID 30648 (powershell.exe) parent=31368
2026-09-13 11:06:59 [argus.main] INFO EVENT: PROCESS_TERMINATED — PID 19604 (MoUsoCoreWorker.exe)
2026-09-13 11:06:59 [argus.main] INFO EVENT: PROCESS_TERMINATED — PID 26424 (svchost.exe)
2026-09-13 11:06:59 [argus.main] INFO EVENT: PROCESS_TERMINATED — PID 29264 (conhost.exe)
2026-09-13 11:06:59 [argus.main] INFO EVENT: PROCESS_TERMINATED — PID 30648 (powershell.exe)
2026-09-13 11:07:02 [argus.file_monitor.scanner] INFO File scan: 4 roots, 17 candidates, 2 findings
2026-09-13 11:07:05 [argus.main] INFO EVENT: PROCESS_STARTED — PID 1416 (conhost.exe) parent=15220
2026-09-13 11:07:05 [argus.main] INFO EVENT: PROCESS_STARTED — PID 15220 (powershell.exe) parent=31368
2026-09-13 11:07:07 [argus.main] INFO EVENT: PROCESS_STARTED — PID 23368 (svchost.exe) parent=1360
2026-09-13 11:07:08 [argus.main] INFO EVENT: PROCESS_TERMINATED — PID 1416 (conhost.exe)
2026-09-13 11:07:08 [argus.main] INFO EVENT: PROCESS_TERMINATED — PID 15220 (powershell.exe)
2026-09-13 11:07:17 [argus.file_monitor.scanner] INFO File scan: 4 roots, 17 candidates, 2 findings
2026-09-13 11:07:26 [argus.main] INFO EVENT: PROCESS_STARTED — PID 11788 (chrome.exe) parent=20496
2026-09-13 11:07:26 [argus.main] INFO EVENT: PROCESS_TERMINATED — PID 3400 (chrome.exe)
2026-09-13 11:07:30 [argus.main] INFO EVENT: PROCESS_STARTED — PID 4268 (powershell.exe) parent=31368
2026-09-13 11:07:30 [argus.main] INFO EVENT: PROCESS_STARTED — PID 11116 (conhost.exe) parent=4268
2026-09-13 11:07:30 [argus.main] INFO EVENT: PROCESS_STARTED — PID 26732 (chrome.exe) parent=20496
2026-09-13 11:07:32 [argus.main] INFO EVENT: PROCESS_STARTED — PID 14908 (chrome.exe) parent=20496
2026-09-13 11:07:32 [argus.main] INFO EVENT: PROCESS_TERMINATED — PID 4268 (powershell.exe)
2026-09-13 11:07:32 [argus.main] INFO EVENT: PROCESS_TERMINATED — PID 11116 (conhost.exe)
2026-09-13 11:07:33 [argus.file_monitor.scanner] INFO File scan: 4 roots, 17 candidates, 2 findings
2026-09-13 11:07:47 [argus.file_monitor.scanner] INFO File scan: 4 roots, 17 candidates, 2 findings
2026-09-13 11:08:00 [argus.main] INFO EVENT: PROCESS_STARTED — PID 14120 (chrome.exe) parent=20496
2026-09-13 11:08:00 [argus.main] INFO EVENT: PROCESS_TERMINATED — PID 23368 (svchost.exe)
2026-09-13 11:08:02 [argus.main] INFO EVENT: PROCESS_TERMINATED — PID 14908 (chrome.exe)
2026-09-13 11:08:03 [argus.file_monitor.scanner] INFO File scan: 4 roots, 17 candidates, 2 findings
2026-09-13 11:08:06 [argus.main] INFO EVENT: PROCESS_STARTED — PID 9108 (sppsvc.exe) parent=1360
2026-09-13 11:08:06 [argus.main] INFO EVENT: PROCESS_STARTED — PID 13364 (RuntimeBroker.exe) parent=1596
2026-09-13 11:08:06 [argus.main] INFO EVENT: PROCESS_STARTED — PID 25916 (taskhostw.exe) parent=2996
2026-09-13 11:08:08 [argus.main] INFO EVENT: PROCESS_STARTED — PID 16480 (powershell.exe) parent=31368
2026-09-13 11:08:08 [argus.main] INFO EVENT: PROCESS_STARTED — PID 25224 (conhost.exe) parent=16480
2026-09-13 11:08:08 [argus.main] INFO EVENT: PROCESS_TERMINATED — PID 25916 (taskhostw.exe)
2026-09-13 11:08:10 [argus.main] INFO EVENT: PROCESS_STARTED — PID 6028 (svchost.exe) parent=1360
2026-09-13 11:08:10 [argus.main] INFO EVENT: PROCESS_TERMINATED — PID 16480 (powershell.exe)
2026-09-13 11:08:10 [argus.main] INFO EVENT: PROCESS_TERMINATED — PID 25224 (conhost.exe)
2026-09-13 11:08:17 [argus.file_monitor.scanner] INFO File scan: 4 roots, 17 candidates, 2 findings
2026-09-13 11:08:28 [argus.main] INFO EVENT: PROCESS_TERMINATED — PID 19988 (smartscreen.exe)
2026-09-13 11:08:32 [argus.file_monitor.scanner] INFO File scan: 4 roots, 17 candidates, 2 findings
2026-09-13 11:08:34 [argus.main] INFO EVENT: PROCESS_STARTED — PID 12644 (conhost.exe) parent=28256
2026-09-13 11:08:35 [argus.main] INFO EVENT: PROCESS_STARTED — PID 28256 (powershell.exe) parent=31368
2026-09-13 11:08:37 [argus.main] INFO EVENT: PROCESS_TERMINATED — PID 9108 (sppsvc.exe)
2026-09-13 11:08:37 [argus.main] INFO EVENT: PROCESS_TERMINATED — PID 12644 (conhost.exe)
2026-09-13 11:08:37 [argus.main] INFO EVENT: PROCESS_TERMINATED — PID 28256 (powershell.exe)
2026-09-13 11:08:47 [argus.main] INFO EVENT: PROCESS_TERMINATED — PID 13364 (RuntimeBroker.exe)
2026-09-13 11:08:47 [argus.file_monitor.scanner] INFO File scan: 4 roots, 17 candidates, 2 findings
2026-09-13 11:08:59 [argus.main] INFO EVENT: PROCESS_TERMINATED — PID 6028 (svchost.exe)
2026-09-13 11:09:02 [argus.file_monitor.scanner] INFO File scan: 4 roots, 17 candidates, 2 findings
2026-09-13 11:09:09 [argus.main] INFO EVENT: PROCESS_STARTED — PID 7660 (powershell.exe) parent=31368
2026-09-13 11:09:09 [argus.main] INFO EVENT: PROCESS_STARTED — PID 29164 (conhost.exe) parent=7660
2026-09-13 11:09:11 [argus.main] INFO EVENT: PROCESS_STARTED — PID 28176 (svchost.exe) parent=1360
2026-09-13 11:09:11 [argus.main] INFO EVENT: PROCESS_TERMINATED — PID 7660 (powershell.exe)
2026-09-13 11:09:11 [argus.main] INFO EVENT: PROCESS_TERMINATED — PID 29164 (conhost.exe)
2026-09-13 11:09:17 [argus.file_monitor.scanner] INFO File scan: 4 roots, 17 candidates, 2 findings
2026-09-13 11:09:19 [argus.main] INFO EVENT: PROCESS_STARTED — PID 8016 (sppsvc.exe) parent=1360
2026-09-13 11:09:19 [argus.main] INFO EVENT: PROCESS_STARTED — PID 17556 (taskhostw.exe) parent=2996
2026-09-13 11:09:21 [argus.main] INFO EVENT: PROCESS_TERMINATED — PID 17556 (taskhostw.exe)
2026-09-13 11:09:32 [argus.file_monitor.scanner] INFO File scan: 4 roots, 17 candidates, 2 findings
2026-09-13 11:09:46 [argus.file_monitor.scanner] INFO File scan: 4 roots, 17 candidates, 2 findings
2026-09-13 11:09:51 [argus.main] INFO EVENT: PROCESS_TERMINATED — PID 8016 (sppsvc.exe)
2026-09-13 11:09:57 [argus.main] INFO EVENT: PROCESS_TERMINATED — PID 20752 (svchost.exe)
2026-09-13 11:09:59 [argus.main] INFO EVENT: PROCESS_TERMINATED — PID 28176 (svchost.exe)
2026-09-13 11:10:02 [argus.file_monitor.scanner] INFO File scan: 4 roots, 17 candidates, 2 findings
2026-09-13 11:10:09 [argus.main] INFO EVENT: PROCESS_STARTED — PID 21924 (conhost.exe) parent=28144
2026-09-13 11:10:09 [argus.main] INFO EVENT: PROCESS_STARTED — PID 28144 (powershell.exe) parent=31368
2026-09-13 11:10:11 [argus.main] INFO EVENT: PROCESS_STARTED — PID 21344 (powershell.exe) parent=31368
2026-09-13 11:10:11 [argus.main] INFO EVENT: PROCESS_STARTED — PID 21764 (conhost.exe) parent=21344
2026-09-13 11:10:11 [argus.main] INFO EVENT: PROCESS_STARTED — PID 21968 (svchost.exe) parent=1360
2026-09-13 11:10:12 [argus.main] INFO EVENT: PROCESS_TERMINATED — PID 21924 (conhost.exe)
2026-09-13 11:10:12 [argus.main] INFO EVENT: PROCESS_TERMINATED — PID 28144 (powershell.exe)
2026-09-13 11:10:14 [argus.main] INFO EVENT: PROCESS_TERMINATED — PID 21344 (powershell.exe)
2026-09-13 11:10:14 [argus.main] INFO EVENT: PROCESS_TERMINATED — PID 21764 (conhost.exe)
2026-09-13 11:10:17 [argus.file_monitor.scanner] INFO File scan: 4 roots, 17 candidates, 2 findings
2026-09-13 11:10:22 [argus.main] INFO EVENT: PROCESS_TERMINATED — PID 24848 (svchost.exe)
2026-09-13 11:10:32 [argus.file_monitor.scanner] INFO File scan: 4 roots, 17 candidates, 2 findings
2026-09-13 11:10:47 [argus.file_monitor.scanner] INFO File scan: 4 roots, 17 candidates, 2 findings
2026-09-13 11:11:00 [argus.main] INFO EVENT: PROCESS_TERMINATED — PID 21968 (svchost.exe)
2026-09-13 11:11:02 [argus.file_monitor.scanner] INFO File scan: 4 roots, 17 candidates, 2 findings
2026-09-13 11:11:12 [argus.main] INFO EVENT: PROCESS_STARTED — PID 8056 (powershell.exe) parent=31368
2026-09-13 11:11:12 [argus.main] INFO EVENT: PROCESS_STARTED — PID 8848 (conhost.exe) parent=8056
2026-09-13 11:11:14 [argus.main] INFO EVENT: PROCESS_STARTED — PID 21108 (svchost.exe) parent=1360
2026-09-13 11:11:14 [argus.main] INFO EVENT: PROCESS_TERMINATED — PID 8056 (powershell.exe)
2026-09-13 11:11:14 [argus.main] INFO EVENT: PROCESS_TERMINATED — PID 8848 (conhost.exe)
2026-09-13 11:11:16 [argus.main] INFO EVENT: PROCESS_STARTED — PID 13612 (powershell.exe) parent=31368
2026-09-13 11:11:16 [argus.main] INFO EVENT: PROCESS_STARTED — PID 21708 (conhost.exe) parent=13612
2026-09-13 11:11:17 [argus.file_monitor.scanner] INFO File scan: 4 roots, 17 candidates, 2 findings
2026-09-13 11:11:18 [argus.main] INFO EVENT: PROCESS_TERMINATED — PID 13612 (powershell.exe)
2026-09-13 11:11:18 [argus.main] INFO EVENT: PROCESS_TERMINATED — PID 21708 (conhost.exe)
2026-09-13 11:11:32 [argus.file_monitor.scanner] INFO File scan: 4 roots, 17 candidates, 2 findings
2026-09-13 11:11:46 [argus.main] INFO EVENT: PROCESS_STARTED — PID 10524 (powershell.exe) parent=31368
2026-09-13 11:11:46 [argus.main] INFO EVENT: PROCESS_STARTED — PID 15720 (conhost.exe) parent=10524
2026-09-13 11:11:47 [argus.file_monitor.scanner] INFO File scan: 4 roots, 17 candidates, 2 findings
2026-09-13 11:11:48 [argus.main] INFO EVENT: PROCESS_TERMINATED — PID 10524 (powershell.exe)
2026-09-13 11:11:48 [argus.main] INFO EVENT: PROCESS_TERMINATED — PID 15720 (conhost.exe)
2026-09-13 11:11:58 [argus.main] INFO EVENT: PROCESS_TERMINATED — PID 21108 (svchost.exe)
2026-09-13 11:12:02 [argus.file_monitor.scanner] INFO File scan: 4 roots, 17 candidates, 2 findings
2026-09-13 11:12:13 [argus.main] INFO EVENT: PROCESS_STARTED — PID 16656 (powershell.exe) parent=31368
2026-09-13 11:12:13 [argus.main] INFO EVENT: PROCESS_STARTED — PID 19540 (conhost.exe) parent=16656
2026-09-13 11:12:15 [argus.main] INFO EVENT: PROCESS_STARTED — PID 11116 (svchost.exe) parent=1360
2026-09-13 11:12:15 [argus.main] INFO EVENT: PROCESS_TERMINATED — PID 16656 (powershell.exe)
2026-09-13 11:12:15 [argus.main] INFO EVENT: PROCESS_TERMINATED — PID 19540 (conhost.exe)
2026-09-13 11:12:17 [argus.file_monitor.scanner] INFO File scan: 4 roots, 17 candidates, 2 findings
2026-09-13 11:12:32 [argus.file_monitor.scanner] INFO File scan: 4 roots, 17 candidates, 2 findings
2026-09-13 11:12:48 [argus.file_monitor.scanner] INFO File scan: 4 roots, 17 candidates, 2 findings
2026-09-13 11:12:51 [argus.main] INFO EVENT: PROCESS_STARTED — PID 10040 (conhost.exe) parent=29424
2026-09-13 11:12:51 [argus.main] INFO EVENT: PROCESS_STARTED — PID 29424 (powershell.exe) parent=31368
2026-09-13 11:12:53 [argus.main] INFO EVENT: PROCESS_TERMINATED — PID 10040 (conhost.exe)
2026-09-13 11:12:53 [argus.main] INFO EVENT: PROCESS_TERMINATED — PID 29424 (powershell.exe)
2026-09-13 11:12:59 [argus.main] INFO EVENT: PROCESS_TERMINATED — PID 11116 (svchost.exe)
2026-09-13 11:13:02 [argus.file_monitor.scanner] INFO File scan: 4 roots, 17 candidates, 2 findings
2026-09-13 11:13:03 [argus.main] INFO EVENT: PROCESS_STARTED — PID 22864 (conhost.exe) parent=23220
2026-09-13 11:13:03 [argus.main] INFO EVENT: PROCESS_STARTED — PID 23220 (powershell.exe) parent=18188
2026-09-13 11:13:05 [argus.main] INFO EVENT: PROCESS_TERMINATED — PID 22864 (conhost.exe)
2026-09-13 11:13:05 [argus.main] INFO EVENT: PROCESS_TERMINATED — PID 23220 (powershell.exe)
2026-09-13 11:13:09 [argus.main] INFO EVENT: PROCESS_STARTED — PID 13264 (backgroundTaskHost.exe) parent=1596
2026-09-13 11:13:15 [argus.main] INFO EVENT: PROCESS_STARTED — PID 4552 (conhost.exe) parent=6844
2026-09-13 11:13:15 [argus.main] INFO EVENT: PROCESS_STARTED — PID 6844 (powershell.exe) parent=31368
2026-09-13 11:13:17 [argus.main] INFO EVENT: PROCESS_STARTED — PID 14820 (svchost.exe) parent=1360
2026-09-13 11:13:17 [argus.main] INFO EVENT: PROCESS_TERMINATED — PID 4552 (conhost.exe)
2026-09-13 11:13:17 [argus.main] INFO EVENT: PROCESS_TERMINATED — PID 6844 (powershell.exe)
2026-09-13 11:13:18 [argus.file_monitor.scanner] INFO File scan: 4 roots, 17 candidates, 2 findings
2026-09-13 11:13:19 [argus.main] INFO EVENT: PROCESS_STARTED — PID 15440 (svchost.exe) parent=1360
2026-09-13 11:13:21 [argus.main] INFO EVENT: PROCESS_STARTED — PID 20612 (RuntimeBroker.exe) parent=1596
2026-09-13 11:13:22 [argus.main] INFO EVENT: PROCESS_STARTED — PID 22920 (conhost.exe) parent=27616
2026-09-13 11:13:22 [argus.main] INFO EVENT: PROCESS_STARTED — PID 27616 (powershell.exe) parent=31368
2026-09-13 11:13:24 [argus.main] INFO EVENT: PROCESS_STARTED — PID 432 (taskhostw.exe) parent=2996
2026-09-13 11:13:24 [argus.main] INFO EVENT: PROCESS_STARTED — PID 772 (sppsvc.exe) parent=1360
2026-09-13 11:13:24 [argus.main] INFO EVENT: PROCESS_TERMINATED — PID 22920 (conhost.exe)
2026-09-13 11:13:24 [argus.main] INFO EVENT: PROCESS_TERMINATED — PID 27616 (powershell.exe)
2026-09-13 11:13:28 [argus.main] INFO EVENT: PROCESS_STARTED — PID 14748 (opencode.exe) parent=24016
2026-09-13 11:13:28 [argus.main] INFO EVENT: PROCESS_TERMINATED — PID 432 (taskhostw.exe)
2026-09-13 11:13:30 [argus.main] INFO EVENT: PROCESS_STARTED — PID 21280 (svchost.exe) parent=1360
2026-09-13 11:13:32 [argus.main] INFO EVENT: PROCESS_STARTED — PID 21004 (ipconfig.exe) parent=31368
2026-09-13 11:13:32 [argus.file_monitor.scanner] INFO File scan: 4 roots, 17 candidates, 2 findings
2026-09-13 11:13:34 [argus.main] INFO EVENT: PROCESS_TERMINATED — PID 21004 (ipconfig.exe)
2026-09-13 11:13:47 [argus.file_monitor.scanner] INFO File scan: 4 roots, 17 candidates, 2 findings
2026-09-13 11:13:48 [argus.main] INFO EVENT: PROCESS_TERMINATED — PID 8160 (opencode.exe)
2026-09-13 11:13:52 [argus.main] INFO EVENT: PROCESS_STARTED — PID 20108 (powershell.exe) parent=31368
2026-09-13 11:13:52 [argus.main] INFO EVENT: PROCESS_STARTED — PID 23380 (conhost.exe) parent=20108
2026-09-13 11:13:54 [argus.main] INFO EVENT: PROCESS_TERMINATED — PID 772 (sppsvc.exe)
2026-09-13 11:13:54 [argus.main] INFO EVENT: PROCESS_TERMINATED — PID 20108 (powershell.exe)
2026-09-13 11:13:54 [argus.main] INFO EVENT: PROCESS_TERMINATED — PID 23380 (conhost.exe)
2026-09-13 11:13:58 [argus.main] INFO EVENT: PROCESS_TERMINATED — PID 14820 (svchost.exe)
2026-09-13 11:14:00 [argus.main] INFO EVENT: PROCESS_STARTED — PID 28372 (postgres.exe) parent=14392
2026-09-13 11:14:00 [argus.main] INFO EVENT: PROCESS_TERMINATED — PID 20612 (RuntimeBroker.exe)
2026-09-13 11:14:02 [argus.file_monitor.scanner] INFO File scan: 4 roots, 17 candidates, 2 findings
2026-09-13 11:14:02 [argus.main] INFO EVENT: PROCESS_TERMINATED — PID 28372 (postgres.exe)
2026-09-13 11:14:04 [argus.main] INFO EVENT: PROCESS_STARTED — PID 13372 (svchost.exe) parent=1360
2026-09-13 11:14:06 [argus.main] INFO EVENT: PROCESS_STARTED — PID 19244 (smartscreen.exe) parent=1596
2026-09-13 11:14:06 [argus.main] INFO EVENT: PROCESS_STARTED — PID 21924 (svchost.exe) parent=1360
2026-09-13 11:14:06 [argus.main] INFO EVENT: PROCESS_STARTED — PID 29624 (svchost.exe) parent=1360
2026-09-13 11:14:11 [argus.main] INFO EVENT: PROCESS_TERMINATED — PID 13264 (backgroundTaskHost.exe)
2026-09-13 11:14:13 [argus.main] INFO EVENT: PROCESS_TERMINATED — PID 29624 (svchost.exe)
2026-09-13 11:14:15 [argus.main] INFO EVENT: PROCESS_STARTED — PID 6448 (powershell.exe) parent=31368
2026-09-13 11:14:15 [argus.main] INFO EVENT: PROCESS_STARTED — PID 12568 (conhost.exe) parent=6448
2026-09-13 11:14:17 [argus.main] INFO EVENT: PROCESS_STARTED — PID 20948 (svchost.exe) parent=1360
2026-09-13 11:14:17 [argus.main] INFO EVENT: PROCESS_TERMINATED — PID 6448 (powershell.exe)
2026-09-13 11:14:17 [argus.main] INFO EVENT: PROCESS_TERMINATED — PID 12568 (conhost.exe)
2026-09-13 11:14:17 [argus.file_monitor.scanner] INFO File scan: 4 roots, 17 candidates, 2 findings
2026-09-13 11:14:19 [argus.main] INFO EVENT: PROCESS_STARTED — PID 27412 (opencode.exe) parent=7880
2026-09-13 11:14:23 [argus.main] INFO EVENT: PROCESS_TERMINATED — PID 15440 (svchost.exe)
2026-09-13 11:14:32 [argus.file_monitor.scanner] INFO File scan: 4 roots, 17 candidates, 2 findings
2026-09-13 11:14:33 [argus.main] INFO EVENT: PROCESS_STARTED — PID 10572 (svchost.exe) parent=1360
2026-09-13 11:14:47 [argus.file_monitor.scanner] INFO File scan: 4 roots, 17 candidates, 2 findings
2026-09-13 11:14:49 [argus.main] INFO EVENT: PROCESS_STARTED — PID 13504 (conhost.exe) parent=26220
2026-09-13 11:14:49 [argus.main] INFO EVENT: PROCESS_STARTED — PID 26220 (powershell.exe) parent=27412
2026-09-13 11:14:53 [argus.main] INFO EVENT: PROCESS_TERMINATED — PID 13504 (conhost.exe)
2026-09-13 11:14:53 [argus.main] INFO EVENT: PROCESS_TERMINATED — PID 26220 (powershell.exe)
2026-09-13 11:14:55 [argus.main] INFO EVENT: PROCESS_TERMINATED — PID 27412 (opencode.exe)
2026-09-13 11:14:57 [argus.main] INFO EVENT: PROCESS_STARTED — PID 1448 (conhost.exe) parent=16908
2026-09-13 11:14:57 [argus.main] INFO EVENT: PROCESS_STARTED — PID 16908 (powershell.exe) parent=31368
2026-09-13 11:14:59 [argus.main] INFO EVENT: PROCESS_TERMINATED — PID 20948 (svchost.exe)
2026-09-13 11:14:59 [argus.main] INFO EVENT: PROCESS_TERMINATED — PID 1448 (conhost.exe)
2026-09-13 11:14:59 [argus.main] INFO EVENT: PROCESS_TERMINATED — PID 16908 (powershell.exe)
2026-09-13 11:15:02 [argus.file_monitor.scanner] INFO File scan: 4 roots, 17 candidates, 2 findings
2026-09-13 11:15:13 [argus.main] INFO EVENT: PROCESS_STARTED — PID 2760 (conhost.exe) parent=25520
2026-09-13 11:15:13 [argus.main] INFO EVENT: PROCESS_STARTED — PID 10804 (svchost.exe) parent=1360
2026-09-13 11:15:13 [argus.main] INFO EVENT: PROCESS_STARTED — PID 13776 (conhost.exe) parent=23684
2026-09-13 11:15:13 [argus.main] INFO EVENT: PROCESS_STARTED — PID 23684 (powershell.exe) parent=14748
2026-09-13 11:15:13 [argus.main] INFO EVENT: PROCESS_STARTED — PID 25520 (powershell.exe) parent=14748
2026-09-13 11:15:13 [argus.main] INFO EVENT: PROCESS_STARTED — PID 31220 (python.exe) parent=25520
2026-09-13 11:15:16 [argus.main] INFO EVENT: PROCESS_TERMINATED — PID 2760 (conhost.exe)
2026-09-13 11:15:16 [argus.main] INFO EVENT: PROCESS_TERMINATED — PID 13776 (conhost.exe)
2026-09-13 11:15:16 [argus.main] INFO EVENT: PROCESS_TERMINATED — PID 23684 (powershell.exe)
2026-09-13 11:15:16 [argus.main] INFO EVENT: PROCESS_TERMINATED — PID 25520 (powershell.exe)
2026-09-13 11:15:16 [argus.main] INFO EVENT: PROCESS_TERMINATED — PID 31220 (python.exe)
2026-09-13 11:15:17 [argus.file_monitor.scanner] INFO File scan: 4 roots, 17 candidates, 2 findings
2026-09-13 11:15:18 [argus.main] INFO EVENT: PROCESS_STARTED — PID 15160 (conhost.exe) parent=26592
2026-09-13 11:15:18 [argus.main] INFO EVENT: PROCESS_STARTED — PID 25744 (svchost.exe) parent=1360
2026-09-13 11:15:18 [argus.main] INFO EVENT: PROCESS_STARTED — PID 26592 (powershell.exe) parent=31368
2026-09-13 11:15:20 [argus.main] INFO EVENT: PROCESS_STARTED — PID 2652 (python.exe) parent=24728
2026-09-13 11:15:20 [argus.main] INFO EVENT: PROCESS_STARTED — PID 8136 (conhost.exe) parent=20136
2026-09-13 11:15:20 [argus.main] INFO EVENT: PROCESS_STARTED — PID 20136 (powershell.exe) parent=14748
2026-09-13 11:15:20 [argus.main] INFO EVENT: PROCESS_STARTED — PID 24728 (python.exe) parent=20136
2026-09-13 11:15:20 [argus.main] INFO EVENT: PROCESS_TERMINATED — PID 13372 (svchost.exe)
2026-09-13 11:15:20 [argus.main] INFO EVENT: PROCESS_TERMINATED — PID 15160 (conhost.exe)
2026-09-13 11:15:20 [argus.main] INFO EVENT: PROCESS_TERMINATED — PID 26592 (powershell.exe)
2026-09-13 11:15:22 [argus.main] INFO EVENT: PROCESS_TERMINATED — PID 2652 (python.exe)
2026-09-13 11:15:22 [argus.main] INFO EVENT: PROCESS_TERMINATED — PID 8136 (conhost.exe)
2026-09-13 11:15:22 [argus.main] INFO EVENT: PROCESS_TERMINATED — PID 20136 (powershell.exe)
2026-09-13 11:15:22 [argus.main] INFO EVENT: PROCESS_TERMINATED — PID 24728 (python.exe)
2026-09-13 11:15:28 [argus.main] INFO EVENT: PROCESS_STARTED — PID 10824 (conhost.exe) parent=14344
2026-09-13 11:15:28 [argus.main] INFO EVENT: PROCESS_STARTED — PID 14344 (powershell.exe) parent=31368
2026-09-13 11:15:30 [argus.main] INFO EVENT: PROCESS_TERMINATED — PID 10824 (conhost.exe)
2026-09-13 11:15:30 [argus.main] INFO EVENT: PROCESS_TERMINATED — PID 14344 (powershell.exe)
2026-09-13 11:15:31 [argus.file_monitor.scanner] INFO File scan: 4 roots, 17 candidates, 2 findings
2026-09-13 11:15:40 [argus.main] INFO EVENT: PROCESS_STARTED — PID 8184 (<unknown-pid-8184>) parent=none
2026-09-13 11:15:42 [argus.main] INFO EVENT: PROCESS_TERMINATED — PID 8184 (<unknown-pid-8184>)
2026-09-13 11:15:47 [argus.file_monitor.scanner] INFO File scan: 4 roots, 17 candidates, 2 findings
2026-09-13 11:16:00 [argus.main] INFO EVENT: PROCESS_STARTED — PID 26188 (postgres.exe) parent=14392
2026-09-13 11:16:02 [argus.file_monitor.scanner] INFO File scan: 4 roots, 17 candidates, 2 findings
2026-09-13 11:16:02 [argus.main] INFO EVENT: PROCESS_TERMINATED — PID 26188 (postgres.exe)
2026-09-13 11:16:17 [argus.file_monitor.scanner] INFO File scan: 4 roots, 17 candidates, 2 findings
2026-09-13 11:16:18 [argus.main] INFO EVENT: PROCESS_STARTED — PID 6544 (conhost.exe) parent=19556
2026-09-13 11:16:18 [argus.main] INFO EVENT: PROCESS_STARTED — PID 19556 (powershell.exe) parent=31368
2026-09-13 11:16:20 [argus.main] INFO EVENT: PROCESS_TERMINATED — PID 6544 (conhost.exe)
2026-09-13 11:16:20 [argus.main] INFO EVENT: PROCESS_TERMINATED — PID 19556 (powershell.exe)
2026-09-13 11:16:22 [argus.main] INFO EVENT: PROCESS_STARTED — PID 14780 (conhost.exe) parent=15380
2026-09-13 11:16:25 [argus.main] INFO EVENT: PROCESS_TERMINATED — PID 14780 (conhost.exe)
2026-09-13 11:16:32 [argus.file_monitor.scanner] INFO File scan: 4 roots, 17 candidates, 2 findings
2026-09-13 11:16:33 [argus.main] INFO EVENT: PROCESS_STARTED — PID 28128 (powershell.exe) parent=31368
2026-09-13 11:16:33 [argus.main] INFO EVENT: PROCESS_STARTED — PID 29824 (conhost.exe) parent=28128
2026-09-13 11:16:35 [argus.main] INFO EVENT: PROCESS_STARTED — PID 9748 (git.exe) parent=28976
2026-09-13 11:16:35 [argus.main] INFO EVENT: PROCESS_STARTED — PID 25272 (conhost.exe) parent=31284
2026-09-13 11:16:35 [argus.main] INFO EVENT: PROCESS_STARTED — PID 31284 (powershell.exe) parent=14748
2026-09-13 11:16:35 [argus.main] INFO EVENT: PROCESS_TERMINATED — PID 28128 (powershell.exe)
2026-09-13 11:16:35 [argus.main] INFO EVENT: PROCESS_TERMINATED — PID 29824 (conhost.exe)
2026-09-13 11:16:37 [argus.main] INFO EVENT: PROCESS_TERMINATED — PID 9748 (git.exe)
2026-09-13 11:16:37 [argus.main] INFO EVENT: PROCESS_TERMINATED — PID 25272 (conhost.exe)
2026-09-13 11:16:37 [argus.main] INFO EVENT: PROCESS_TERMINATED — PID 31284 (powershell.exe)
2026-09-13 11:16:41 [argus.main] INFO EVENT: PROCESS_STARTED — PID 15324 (powershell.exe) parent=14748
2026-09-13 11:16:41 [argus.main] INFO EVENT: PROCESS_STARTED — PID 24792 (conhost.exe) parent=15324
2026-09-13 11:16:43 [argus.main] INFO EVENT: PROCESS_TERMINATED — PID 15324 (powershell.exe)
2026-09-13 11:16:43 [argus.main] INFO EVENT: PROCESS_TERMINATED — PID 24792 (conhost.exe)
2026-09-13 11:16:45 [argus.main] INFO EVENT: PROCESS_STARTED — PID 2780 (powershell.exe) parent=14748
2026-09-13 11:16:45 [argus.main] INFO EVENT: PROCESS_STARTED — PID 18496 (conhost.exe) parent=2780
2026-09-13 11:16:47 [argus.file_monitor.scanner] INFO File scan: 4 roots, 17 candidates, 2 findings
2026-09-13 11:16:47 [argus.main] INFO EVENT: PROCESS_STARTED — PID 14208 (node.exe) parent=2780
2026-09-13 11:16:47 [argus.main] INFO EVENT: PROCESS_STARTED — PID 29032 (node.exe) parent=29420
2026-09-13 11:16:47 [argus.main] INFO EVENT: PROCESS_STARTED — PID 29420 (cmd.exe) parent=14208
2026-09-13 11:16:49 [argus.main] INFO EVENT: PROCESS_STARTED — PID 5600 (cmd.exe) parent=29032
2026-09-13 11:16:49 [argus.main] INFO EVENT: PROCESS_STARTED — PID 11364 (node.exe) parent=5600
2026-09-13 11:16:51 [argus.main] INFO EVENT: PROCESS_STARTED — PID 28400 (node.exe) parent=29420
2026-09-13 11:16:51 [argus.main] INFO EVENT: PROCESS_TERMINATED — PID 29032 (node.exe)
2026-09-13 11:16:51 [argus.main] INFO EVENT: PROCESS_TERMINATED — PID 5600 (cmd.exe)
2026-09-13 11:16:51 [argus.main] INFO EVENT: PROCESS_TERMINATED — PID 11364 (node.exe)
2026-09-13 11:16:53 [argus.main] INFO EVENT: PROCESS_STARTED — PID 12224 (node.exe) parent=31344
2026-09-13 11:16:53 [argus.main] INFO EVENT: PROCESS_STARTED — PID 15736 (cmd.exe) parent=28400
2026-09-13 11:16:53 [argus.main] INFO EVENT: PROCESS_STARTED — PID 16100 (node.exe) parent=28020
2026-09-13 11:16:53 [argus.main] INFO EVENT: PROCESS_STARTED — PID 24920 (node.exe) parent=30076
2026-09-13 11:16:54 [argus.main] INFO EVENT: PROCESS_STARTED — PID 28020 (cmd.exe) parent=28400
2026-09-13 11:16:54 [argus.main] INFO EVENT: PROCESS_STARTED — PID 28856 (node.exe) parent=15736
2026-09-13 11:16:54 [argus.main] INFO EVENT: PROCESS_STARTED — PID 30076 (cmd.exe) parent=28400
2026-09-13 11:16:54 [argus.main] INFO EVENT: PROCESS_STARTED — PID 31344 (cmd.exe) parent=28400
2026-09-13 11:16:56 [argus.main] INFO EVENT: PROCESS_TERMINATED — PID 15736 (cmd.exe)
2026-09-13 11:16:56 [argus.main] INFO EVENT: PROCESS_TERMINATED — PID 16100 (node.exe)
2026-09-13 11:16:56 [argus.main] INFO EVENT: PROCESS_TERMINATED — PID 28020 (cmd.exe)
2026-09-13 11:16:56 [argus.main] INFO EVENT: PROCESS_TERMINATED — PID 28856 (node.exe)
2026-09-13 11:17:00 [argus.main] INFO EVENT: PROCESS_TERMINATED — PID 25744 (svchost.exe)
2026-09-13 11:17:00 [argus.main] INFO EVENT: PROCESS_TERMINATED — PID 24920 (node.exe)
2026-09-13 11:17:00 [argus.main] INFO EVENT: PROCESS_TERMINATED — PID 30076 (cmd.exe)
2026-09-13 11:17:01 [argus.file_monitor.scanner] INFO File scan: 4 roots, 17 candidates, 2 findings
2026-09-13 11:17:02 [argus.main] INFO EVENT: PROCESS_TERMINATED — PID 2780 (powershell.exe)
2026-09-13 11:17:02 [argus.main] INFO EVENT: PROCESS_TERMINATED — PID 18496 (conhost.exe)
2026-09-13 11:17:02 [argus.main] INFO EVENT: PROCESS_TERMINATED — PID 14208 (node.exe)
2026-09-13 11:17:02 [argus.main] INFO EVENT: PROCESS_TERMINATED — PID 29420 (cmd.exe)
2026-09-13 11:17:02 [argus.main] INFO EVENT: PROCESS_TERMINATED — PID 28400 (node.exe)
2026-09-13 11:17:02 [argus.main] INFO EVENT: PROCESS_TERMINATED — PID 12224 (node.exe)
2026-09-13 11:17:02 [argus.main] INFO EVENT: PROCESS_TERMINATED — PID 31344 (cmd.exe)
2026-09-13 11:17:04 [argus.main] INFO EVENT: PROCESS_TERMINATED — PID 10572 (svchost.exe)
2026-09-13 11:17:06 [argus.main] INFO EVENT: PROCESS_STARTED — PID 16336 (powershell.exe) parent=31368
2026-09-13 11:17:06 [argus.main] INFO EVENT: PROCESS_STARTED — PID 27140 (conhost.exe) parent=16336
2026-09-13 11:17:08 [argus.main] INFO EVENT: PROCESS_TERMINATED — PID 16336 (powershell.exe)
2026-09-13 11:17:08 [argus.main] INFO EVENT: PROCESS_TERMINATED — PID 27140 (conhost.exe)
2026-09-13 11:17:17 [argus.file_monitor.scanner] INFO File scan: 4 roots, 17 candidates, 2 findings
2026-09-13 11:17:20 [argus.main] INFO EVENT: PROCESS_STARTED — PID 13004 (conhost.exe) parent=16748
2026-09-13 11:17:20 [argus.main] INFO EVENT: PROCESS_STARTED — PID 16748 (powershell.exe) parent=31368
2026-09-13 11:17:22 [argus.main] INFO EVENT: PROCESS_STARTED — PID 19092 (svchost.exe) parent=1360
2026-09-13 11:17:22 [argus.main] INFO EVENT: PROCESS_TERMINATED — PID 13004 (conhost.exe)
2026-09-13 11:17:22 [argus.main] INFO EVENT: PROCESS_TERMINATED — PID 16748 (powershell.exe)
2026-09-13 11:17:32 [argus.file_monitor.scanner] INFO File scan: 4 roots, 17 candidates, 2 findings
2026-09-13 11:17:44 [argus.main] INFO EVENT: PROCESS_STARTED — PID 11476 (chrome.exe) parent=20496
2026-09-13 11:17:44 [argus.main] INFO EVENT: PROCESS_STARTED — PID 18740 (chrome.exe) parent=20496
2026-09-13 11:17:46 [argus.main] INFO EVENT: PROCESS_STARTED — PID 20796 (chrome.exe) parent=20496
2026-09-13 11:17:46 [argus.main] INFO EVENT: PROCESS_TERMINATED — PID 14120 (chrome.exe)
2026-09-13 11:17:47 [argus.main] INFO EVENT: PROCESS_TERMINATED — PID 18740 (chrome.exe)
2026-09-13 11:17:47 [argus.file_monitor.scanner] INFO File scan: 4 roots, 17 candidates, 2 findings
2026-09-13 11:17:53 [argus.main] INFO EVENT: PROCESS_STARTED — PID 15504 (backgroundTaskHost.exe) parent=1596
2026-09-13 11:17:53 [argus.main] INFO EVENT: PROCESS_STARTED — PID 27240 (RuntimeBroker.exe) parent=1596
2026-09-13 11:18:02 [argus.file_monitor.scanner] INFO File scan: 4 roots, 17 candidates, 2 findings
2026-09-13 11:18:11 [argus.main] INFO EVENT: PROCESS_STARTED — PID 30084 (powershell.exe) parent=31368
2026-09-13 11:18:11 [argus.main] INFO EVENT: PROCESS_STARTED — PID 30740 (conhost.exe) parent=30084
2026-09-13 11:18:13 [argus.main] INFO EVENT: PROCESS_TERMINATED — PID 30084 (powershell.exe)
2026-09-13 11:18:13 [argus.main] INFO EVENT: PROCESS_TERMINATED — PID 30740 (conhost.exe)
2026-09-13 11:18:17 [argus.file_monitor.scanner] INFO File scan: 4 roots, 17 candidates, 2 findings
2026-09-13 11:18:21 [argus.main] INFO EVENT: PROCESS_STARTED — PID 7472 (powershell.exe) parent=31368
2026-09-13 11:18:21 [argus.main] INFO EVENT: PROCESS_STARTED — PID 24972 (conhost.exe) parent=7472
2026-09-13 11:18:21 [argus.main] INFO EVENT: PROCESS_TERMINATED — PID 19092 (svchost.exe)
2026-09-13 11:18:23 [argus.main] INFO EVENT: PROCESS_STARTED — PID 28900 (svchost.exe) parent=1360
2026-09-13 11:18:25 [argus.main] INFO EVENT: PROCESS_TERMINATED — PID 7472 (powershell.exe)
2026-09-13 11:18:25 [argus.main] INFO EVENT: PROCESS_TERMINATED — PID 24972 (conhost.exe)
2026-09-13 11:18:32 [argus.file_monitor.scanner] INFO File scan: 4 roots, 17 candidates, 2 findings
2026-09-13 11:18:39 [argus.main] INFO EVENT: PROCESS_STARTED — PID 3816 (conhost.exe) parent=26752
2026-09-13 11:18:41 [argus.main] INFO EVENT: PROCESS_STARTED — PID 30572 (opencode.exe) parent=7880
2026-09-13 11:18:41 [argus.main] INFO EVENT: PROCESS_TERMINATED — PID 3816 (conhost.exe)
2026-09-13 11:18:43 [argus.main] INFO EVENT: PROCESS_STARTED — PID 22080 (powershell.exe) parent=31368
2026-09-13 11:18:43 [argus.main] INFO EVENT: PROCESS_STARTED — PID 31636 (conhost.exe) parent=22080
2026-09-13 11:18:45 [argus.main] INFO EVENT: PROCESS_TERMINATED — PID 22080 (powershell.exe)
2026-09-13 11:18:45 [argus.main] INFO EVENT: PROCESS_TERMINATED — PID 31636 (conhost.exe)
2026-09-13 11:18:47 [argus.file_monitor.scanner] INFO File scan: 4 roots, 17 candidates, 2 findings
2026-09-13 11:18:53 [argus.main] INFO EVENT: PROCESS_TERMINATED — PID 15504 (backgroundTaskHost.exe)
2026-09-13 11:19:02 [argus.file_monitor.scanner] INFO File scan: 4 roots, 17 candidates, 2 findings
2026-09-13 11:19:03 [argus.main] INFO EVENT: PROCESS_STARTED — PID 8016 (powershell.exe) parent=30572
2026-09-13 11:19:03 [argus.main] INFO EVENT: PROCESS_STARTED — PID 17284 (conhost.exe) parent=8016
2026-09-13 11:19:06 [argus.main] INFO EVENT: PROCESS_STARTED — PID 9200 (rg.exe) parent=30572
2026-09-13 11:19:06 [argus.main] INFO EVENT: PROCESS_STARTED — PID 19628 (conhost.exe) parent=9200
2026-09-13 11:19:06 [argus.main] INFO EVENT: PROCESS_TERMINATED — PID 8016 (powershell.exe)
2026-09-13 11:19:06 [argus.main] INFO EVENT: PROCESS_TERMINATED — PID 17284 (conhost.exe)
2026-09-13 11:19:08 [argus.main] INFO EVENT: PROCESS_TERMINATED — PID 19244 (smartscreen.exe)
2026-09-13 11:19:10 [argus.main] INFO EVENT: PROCESS_TERMINATED — PID 17444 (chrome.exe)
2026-09-13 11:19:14 [argus.main] INFO EVENT: PROCESS_STARTED — PID 23024 (ipconfig.exe) parent=31368
2026-09-13 11:19:16 [argus.main] INFO EVENT: PROCESS_STARTED — PID 6624 (conhost.exe) parent=22364
2026-09-13 11:19:16 [argus.main] INFO EVENT: PROCESS_STARTED — PID 22364 (powershell.exe) parent=31368
2026-09-13 11:19:16 [argus.main] INFO EVENT: PROCESS_TERMINATED — PID 23024 (ipconfig.exe)
2026-09-13 11:19:18 [argus.file_monitor.scanner] INFO File scan: 4 roots, 17 candidates, 2 findings
2026-09-13 11:19:18 [argus.main] INFO EVENT: PROCESS_TERMINATED — PID 9200 (rg.exe)
2026-09-13 11:19:18 [argus.main] INFO EVENT: PROCESS_TERMINATED — PID 19628 (conhost.exe)
2026-09-13 11:19:18 [argus.main] INFO EVENT: PROCESS_TERMINATED — PID 6624 (conhost.exe)
2026-09-13 11:19:18 [argus.main] INFO EVENT: PROCESS_TERMINATED — PID 22364 (powershell.exe)
2026-09-13 11:19:20 [argus.main] INFO EVENT: PROCESS_TERMINATED — PID 28900 (svchost.exe)
2026-09-13 11:19:22 [argus.main] INFO EVENT: PROCESS_TERMINATED — PID 27240 (RuntimeBroker.exe)
2026-09-13 11:19:25 [argus.main] INFO EVENT: PROCESS_STARTED — PID 20048 (powershell.exe) parent=31368
2026-09-13 11:19:25 [argus.main] INFO EVENT: PROCESS_STARTED — PID 31724 (conhost.exe) parent=20048
2026-09-13 11:19:27 [argus.main] INFO EVENT: PROCESS_STARTED — PID 7440 (conhost.exe) parent=10392
2026-09-13 11:19:27 [argus.main] INFO EVENT: PROCESS_STARTED — PID 10392 (powershell.exe) parent=30572
2026-09-13 11:19:27 [argus.main] INFO EVENT: PROCESS_STARTED — PID 24208 (svchost.exe) parent=1360
2026-09-13 11:19:27 [argus.main] INFO EVENT: PROCESS_TERMINATED — PID 20048 (powershell.exe)
2026-09-13 11:19:27 [argus.main] INFO EVENT: PROCESS_TERMINATED — PID 31724 (conhost.exe)
2026-09-13 11:19:29 [argus.main] INFO EVENT: PROCESS_TERMINATED — PID 7440 (conhost.exe)
2026-09-13 11:19:29 [argus.main] INFO EVENT: PROCESS_TERMINATED — PID 10392 (powershell.exe)
2026-09-13 11:19:32 [argus.file_monitor.scanner] INFO File scan: 4 roots, 17 candidates, 2 findings
2026-09-13 11:19:45 [argus.main] INFO EVENT: PROCESS_STARTED — PID 12264 (powershell.exe) parent=31368
2026-09-13 11:19:45 [argus.main] INFO EVENT: PROCESS_STARTED — PID 20328 (conhost.exe) parent=12264
2026-09-13 11:19:47 [argus.main] INFO EVENT: PROCESS_TERMINATED — PID 12264 (powershell.exe)
2026-09-13 11:19:47 [argus.main] INFO EVENT: PROCESS_TERMINATED — PID 20328 (conhost.exe)
2026-09-13 11:19:47 [argus.file_monitor.scanner] INFO File scan: 4 roots, 17 candidates, 2 findings
2026-09-13 11:20:02 [argus.file_monitor.scanner] INFO File scan: 4 roots, 17 candidates, 2 findings
2026-09-13 11:20:03 [argus.main] INFO EVENT: PROCESS_STARTED — PID 15224 (rg.exe) parent=30572
2026-09-13 11:20:03 [argus.main] INFO EVENT: PROCESS_STARTED — PID 30504 (conhost.exe) parent=15224
2026-09-13 11:20:05 [argus.main] INFO EVENT: PROCESS_STARTED — PID 13632 (taskkill.exe) parent=30924
2026-09-13 11:20:05 [argus.main] INFO EVENT: PROCESS_STARTED — PID 15868 (conhost.exe) parent=30924
2026-09-13 11:20:05 [argus.main] INFO EVENT: PROCESS_STARTED — PID 30924 (cmd.exe) parent=30572
2026-09-13 11:20:05 [argus.main] INFO EVENT: PROCESS_TERMINATED — PID 15224 (rg.exe)
2026-09-13 11:20:05 [argus.main] INFO EVENT: PROCESS_TERMINATED — PID 30504 (conhost.exe)
2026-09-13 11:20:07 [argus.main] INFO EVENT: PROCESS_TERMINATED — PID 13632 (taskkill.exe)
2026-09-13 11:20:07 [argus.main] INFO EVENT: PROCESS_TERMINATED — PID 15868 (conhost.exe)
2026-09-13 11:20:07 [argus.main] INFO EVENT: PROCESS_TERMINATED — PID 30924 (cmd.exe)
2026-09-13 11:20:13 [argus.main] INFO EVENT: PROCESS_TERMINATED — PID 10804 (svchost.exe)
2026-09-13 11:20:15 [argus.main] INFO EVENT: PROCESS_STARTED — PID 17172 (powershell.exe) parent=31368
2026-09-13 11:20:16 [argus.main] INFO EVENT: PROCESS_STARTED — PID 19604 (conhost.exe) parent=17172
2026-09-13 11:20:17 [argus.file_monitor.scanner] INFO File scan: 4 roots, 17 candidates, 2 findings
2026-09-13 11:20:18 [argus.main] INFO EVENT: PROCESS_TERMINATED — PID 17172 (powershell.exe)
2026-09-13 11:20:18 [argus.main] INFO EVENT: PROCESS_TERMINATED — PID 19604 (conhost.exe)
2026-09-13 11:20:20 [argus.main] INFO EVENT: PROCESS_STARTED — PID 14032 (chrome.exe) parent=20496
2026-09-13 11:20:20 [argus.main] INFO EVENT: PROCESS_TERMINATED — PID 24208 (svchost.exe)
2026-09-13 11:20:24 [argus.main] INFO EVENT: PROCESS_STARTED — PID 10736 (chrome.exe) parent=20496
2026-09-13 11:20:28 [argus.main] INFO EVENT: PROCESS_STARTED — PID 4016 (powershell.exe) parent=31368
2026-09-13 11:20:28 [argus.main] INFO EVENT: PROCESS_STARTED — PID 4412 (conhost.exe) parent=4016
2026-09-13 11:20:28 [argus.main] INFO EVENT: PROCESS_STARTED — PID 8000 (chrome.exe) parent=20496
2026-09-13 11:20:28 [argus.main] INFO EVENT: PROCESS_STARTED — PID 17192 (RuntimeBroker.exe) parent=1596
2026-09-13 11:20:30 [argus.main] INFO EVENT: PROCESS_STARTED — PID 8472 (svchost.exe) parent=1360
2026-09-13 11:20:30 [argus.main] INFO EVENT: PROCESS_STARTED — PID 16104 (chrome.exe) parent=20496
2026-09-13 11:20:31 [argus.main] INFO EVENT: PROCESS_STARTED — PID 25784 (chrome.exe) parent=20496
2026-09-13 11:20:33 [argus.main] INFO EVENT: PROCESS_STARTED — PID 9208 (svchost.exe) parent=1360
2026-09-13 11:20:33 [argus.main] INFO EVENT: PROCESS_STARTED — PID 20684 (powershell.exe) parent=30572
2026-09-13 11:20:33 [argus.main] INFO EVENT: PROCESS_STARTED — PID 29144 (chrome.exe) parent=20496
2026-09-13 11:20:33 [argus.main] INFO EVENT: PROCESS_TERMINATED — PID 4016 (powershell.exe)
2026-09-13 11:20:33 [argus.main] INFO EVENT: PROCESS_TERMINATED — PID 4412 (conhost.exe)
2026-09-13 11:20:35 [argus.main] INFO EVENT: PROCESS_STARTED — PID 23724 (conhost.exe) parent=20684
2026-09-13 11:20:35 [argus.main] INFO EVENT: PROCESS_TERMINATED — PID 10736 (chrome.exe)
2026-09-13 11:20:36 [argus.file_monitor.scanner] INFO File scan: 4 roots, 17 candidates, 2 findings
2026-09-13 11:20:39 [argus.main] INFO EVENT: PROCESS_TERMINATED — PID 25784 (chrome.exe)
2026-09-13 11:20:39 [argus.main] INFO EVENT: PROCESS_TERMINATED — PID 20684 (powershell.exe)
2026-09-13 11:20:39 [argus.main] INFO EVENT: PROCESS_TERMINATED — PID 23724 (conhost.exe)
2026-09-13 11:20:41 [argus.main] INFO EVENT: PROCESS_STARTED — PID 6076 (chrome.exe) parent=20496
2026-09-13 11:20:45 [argus.main] INFO EVENT: PROCESS_STARTED — PID 2768 (conhost.exe) parent=26988
2026-09-13 11:20:45 [argus.main] INFO EVENT: PROCESS_STARTED — PID 4324 (conhost.exe) parent=18056
2026-09-13 11:20:45 [argus.main] INFO EVENT: PROCESS_STARTED — PID 18056 (powershell.exe) parent=30572
2026-09-13 11:20:46 [argus.main] INFO EVENT: PROCESS_STARTED — PID 26988 (powershell.exe) parent=31368
2026-09-13 11:20:46 [argus.main] INFO EVENT: PROCESS_TERMINATED — PID 14032 (chrome.exe)
2026-09-13 11:20:46 [argus.main] INFO EVENT: PROCESS_TERMINATED — PID 8000 (chrome.exe)
2026-09-13 11:20:46 [argus.main] INFO EVENT: PROCESS_TERMINATED — PID 16104 (chrome.exe)
2026-09-13 11:20:48 [argus.main] INFO EVENT: PROCESS_TERMINATED — PID 2768 (conhost.exe)
2026-09-13 11:20:48 [argus.main] INFO EVENT: PROCESS_TERMINATED — PID 4324 (conhost.exe)
2026-09-13 11:20:48 [argus.main] INFO EVENT: PROCESS_TERMINATED — PID 18056 (powershell.exe)
2026-09-13 11:20:48 [argus.main] INFO EVENT: PROCESS_TERMINATED — PID 26988 (powershell.exe)
2026-09-13 11:20:48 [argus.file_monitor.scanner] INFO File scan: 4 roots, 17 candidates, 2 findings
2026-09-13 11:20:50 [argus.main] INFO EVENT: PROCESS_STARTED — PID 24532 (chrome.exe) parent=20496
2026-09-13 11:20:52 [argus.main] INFO EVENT: PROCESS_STARTED — PID 15220 (powershell.exe) parent=30572
2026-09-13 11:20:52 [argus.main] INFO EVENT: PROCESS_STARTED — PID 20976 (conhost.exe) parent=15220
2026-09-13 11:20:52 [argus.main] INFO EVENT: PROCESS_TERMINATED — PID 12404 (conhost.exe)
2026-09-13 11:20:52 [argus.main] INFO EVENT: PROCESS_TERMINATED — PID 19228 (cmd.exe)
2026-09-13 11:20:52 [argus.main] INFO EVENT: PROCESS_TERMINATED — PID 19728 (node.exe)
2026-09-13 11:20:52 [argus.main] INFO EVENT: PROCESS_TERMINATED — PID 24652 (cmd.exe)
2026-09-13 11:20:52 [argus.main] INFO EVENT: PROCESS_TERMINATED — PID 30248 (node.exe)
2026-09-13 11:20:52 [argus.main] INFO EVENT: PROCESS_TERMINATED — PID 14148 (esbuild.exe)
2026-09-13 11:20:52 [argus.main] INFO EVENT: PROCESS_TERMINATED — PID 29144 (chrome.exe)
2026-09-13 11:20:56 [argus.main] INFO EVENT: PROCESS_TERMINATED — PID 15220 (powershell.exe)
2026-09-13 11:20:56 [argus.main] INFO EVENT: PROCESS_TERMINATED — PID 20976 (conhost.exe)
2026-09-13 11:21:02 [argus.file_monitor.scanner] INFO File scan: 4 roots, 17 candidates, 2 findings
2026-09-13 11:21:04 [argus.main] INFO EVENT: PROCESS_STARTED — PID 13948 (cmd.exe) parent=21312
2026-09-13 11:21:04 [argus.main] INFO EVENT: PROCESS_STARTED — PID 27260 (conhost.exe) parent=13948
2026-09-13 11:21:04 [argus.main] INFO EVENT: PROCESS_STARTED — PID 30772 (node.exe) parent=13948
2026-09-13 11:21:06 [argus.main] INFO EVENT: PROCESS_STARTED — PID 2456 (node.exe) parent=22752
2026-09-13 11:21:06 [argus.main] INFO EVENT: PROCESS_STARTED — PID 19800 (esbuild.exe) parent=2456
2026-09-13 11:21:06 [argus.main] INFO EVENT: PROCESS_STARTED — PID 22752 (cmd.exe) parent=30772
2026-09-13 11:21:14 [argus.main] INFO EVENT: PROCESS_TERMINATED — PID 17192 (RuntimeBroker.exe)
2026-09-13 11:21:16 [argus.main] INFO EVENT: PROCESS_STARTED — PID 25412 (powershell.exe) parent=31368
2026-09-13 11:21:16 [argus.main] INFO EVENT: PROCESS_STARTED — PID 25736 (conhost.exe) parent=25412
2026-09-13 11:21:17 [argus.file_monitor.scanner] INFO File scan: 4 roots, 17 candidates, 2 findings
2026-09-13 11:21:18 [argus.main] INFO EVENT: PROCESS_TERMINATED — PID 25412 (powershell.exe)
2026-09-13 11:21:18 [argus.main] INFO EVENT: PROCESS_TERMINATED — PID 25736 (conhost.exe)
2026-09-13 11:21:20 [argus.main] INFO EVENT: PROCESS_TERMINATED — PID 9208 (svchost.exe)
2026-09-13 11:21:26 [argus.main] INFO EVENT: PROCESS_STARTED — PID 17112 (powershell.exe) parent=31368
2026-09-13 11:21:26 [argus.main] INFO EVENT: PROCESS_STARTED — PID 18620 (conhost.exe) parent=17112
2026-09-13 11:21:29 [argus.main] INFO EVENT: PROCESS_STARTED — PID 20456 (<unknown-pid-20456>) parent=31368
2026-09-13 11:21:29 [argus.main] INFO EVENT: PROCESS_STARTED — PID 25192 (svchost.exe) parent=1360
2026-09-13 11:21:29 [argus.main] INFO EVENT: PROCESS_TERMINATED — PID 17112 (powershell.exe)
2026-09-13 11:21:29 [argus.main] INFO EVENT: PROCESS_TERMINATED — PID 18620 (conhost.exe)
2026-09-13 11:21:31 [argus.main] INFO EVENT: PROCESS_STARTED — PID 19664 (conhost.exe) parent=24464
2026-09-13 11:21:31 [argus.main] INFO EVENT: PROCESS_STARTED — PID 24464 (powershell.exe) parent=14748
2026-09-13 11:21:31 [argus.main] INFO EVENT: PROCESS_TERMINATED — PID 6076 (chrome.exe)
2026-09-13 11:21:31 [argus.main] INFO EVENT: PROCESS_TERMINATED — PID 20456 (<unknown-pid-20456>)
2026-09-13 11:21:32 [argus.file_monitor.scanner] INFO File scan: 4 roots, 17 candidates, 2 findings
2026-09-13 11:21:33 [argus.main] INFO EVENT: PROCESS_STARTED — PID 6304 (node.exe) parent=24464
2026-09-13 11:21:37 [argus.main] INFO EVENT: PROCESS_STARTED — PID 15456 (cmd.exe) parent=6304
2026-09-13 11:21:39 [argus.main] INFO EVENT: PROCESS_TERMINATED — PID 19664 (conhost.exe)
2026-09-13 11:21:39 [argus.main] INFO EVENT: PROCESS_TERMINATED — PID 24464 (powershell.exe)
2026-09-13 11:21:39 [argus.main] INFO EVENT: PROCESS_TERMINATED — PID 6304 (node.exe)
2026-09-13 11:21:39 [argus.main] INFO EVENT: PROCESS_TERMINATED — PID 15456 (cmd.exe)
2026-09-13 11:21:48 [argus.file_monitor.scanner] INFO File scan: 4 roots, 17 candidates, 2 findings
2026-09-13 11:21:49 [argus.main] INFO EVENT: PROCESS_STARTED — PID 23284 (powershell.exe) parent=31368
2026-09-13 11:21:49 [argus.main] INFO EVENT: PROCESS_STARTED — PID 25596 (conhost.exe) parent=23284
2026-09-13 11:21:49 [argus.main] INFO EVENT: PROCESS_STARTED — PID 29072 (chrome.exe) parent=20496
2026-09-13 11:21:51 [argus.main] INFO EVENT: PROCESS_TERMINATED — PID 23284 (powershell.exe)
2026-09-13 11:21:51 [argus.main] INFO EVENT: PROCESS_TERMINATED — PID 25596 (conhost.exe)
2026-09-13 11:22:02 [argus.file_monitor.scanner] INFO File scan: 4 roots, 17 candidates, 2 findings
2026-09-13 11:22:15 [argus.main] INFO EVENT: PROCESS_TERMINATED — PID 24532 (chrome.exe)
2026-09-13 11:22:17 [argus.file_monitor.scanner] INFO File scan: 4 roots, 17 candidates, 2 findings
2026-09-13 11:22:19 [argus.main] INFO EVENT: PROCESS_STARTED — PID 5244 (powershell.exe) parent=31368
2026-09-13 11:22:19 [argus.main] INFO EVENT: PROCESS_STARTED — PID 23852 (conhost.exe) parent=5244
2026-09-13 11:22:20 [argus.main] INFO EVENT: PROCESS_TERMINATED — PID 25192 (svchost.exe)
2026-09-13 11:22:22 [argus.main] INFO EVENT: PROCESS_TERMINATED — PID 5244 (powershell.exe)
2026-09-13 11:22:22 [argus.main] INFO EVENT: PROCESS_TERMINATED — PID 23852 (conhost.exe)
2026-09-13 11:22:30 [argus.main] INFO EVENT: PROCESS_STARTED — PID 16836 (powershell.exe) parent=31368
2026-09-13 11:22:30 [argus.main] INFO EVENT: PROCESS_STARTED — PID 20336 (conhost.exe) parent=16836
2026-09-13 11:22:32 [argus.main] INFO EVENT: PROCESS_STARTED — PID 13904 (svchost.exe) parent=1360
2026-09-13 11:22:32 [argus.main] INFO EVENT: PROCESS_TERMINATED — PID 16836 (powershell.exe)
2026-09-13 11:22:32 [argus.main] INFO EVENT: PROCESS_TERMINATED — PID 20336 (conhost.exe)
2026-09-13 11:22:32 [argus.file_monitor.scanner] INFO File scan: 4 roots, 17 candidates, 2 findings
2026-09-13 11:22:47 [argus.file_monitor.scanner] INFO File scan: 4 roots, 17 candidates, 2 findings
2026-09-13 11:22:52 [argus.main] INFO EVENT: PROCESS_STARTED — PID 15280 (powershell.exe) parent=31368
2026-09-13 11:22:52 [argus.main] INFO EVENT: PROCESS_STARTED — PID 30044 (conhost.exe) parent=15280
2026-09-13 11:22:54 [argus.main] INFO EVENT: PROCESS_TERMINATED — PID 15280 (powershell.exe)
2026-09-13 11:22:54 [argus.main] INFO EVENT: PROCESS_TERMINATED — PID 30044 (conhost.exe)
2026-09-13 11:23:02 [argus.main] INFO EVENT: PROCESS_STARTED — PID 9748 (conhost.exe) parent=17124
2026-09-13 11:23:02 [argus.main] INFO EVENT: PROCESS_STARTED — PID 17124 (cmd.exe) parent=30572
2026-09-13 11:23:02 [argus.main] INFO EVENT: PROCESS_STARTED — PID 23932 (taskkill.exe) parent=17124
2026-09-13 11:23:03 [argus.file_monitor.scanner] INFO File scan: 4 roots, 17 candidates, 2 findings
2026-09-13 11:23:04 [argus.main] INFO EVENT: PROCESS_TERMINATED — PID 9748 (conhost.exe)
2026-09-13 11:23:04 [argus.main] INFO EVENT: PROCESS_TERMINATED — PID 17124 (cmd.exe)
2026-09-13 11:23:04 [argus.main] INFO EVENT: PROCESS_TERMINATED — PID 23932 (taskkill.exe)
2026-09-13 11:23:14 [argus.main] INFO EVENT: PROCESS_STARTED — PID 29188 (DataExchangeHost.exe) parent=1596
2026-09-13 11:23:17 [argus.file_monitor.scanner] INFO File scan: 4 roots, 17 candidates, 2 findings
2026-09-13 11:23:20 [argus.main] INFO EVENT: PROCESS_TERMINATED — PID 13904 (svchost.exe)
2026-09-13 11:23:25 [argus.main] INFO EVENT: PROCESS_STARTED — PID 5600 (powershell.exe) parent=31368
2026-09-13 11:23:25 [argus.main] INFO EVENT: PROCESS_STARTED — PID 24416 (conhost.exe) parent=5600
2026-09-13 11:23:27 [argus.main] INFO EVENT: PROCESS_TERMINATED — PID 5600 (powershell.exe)
2026-09-13 11:23:27 [argus.main] INFO EVENT: PROCESS_TERMINATED — PID 24416 (conhost.exe)
2026-09-13 11:23:31 [argus.main] INFO EVENT: PROCESS_TERMINATED — PID 21280 (svchost.exe)
2026-09-13 11:23:31 [argus.main] INFO EVENT: PROCESS_TERMINATED — PID 8472 (svchost.exe)
2026-09-13 11:23:32 [argus.file_monitor.scanner] INFO File scan: 4 roots, 17 candidates, 2 findings
2026-09-13 11:23:33 [argus.main] INFO EVENT: PROCESS_STARTED — PID 440 (powershell.exe) parent=31368
2026-09-13 11:23:33 [argus.main] INFO EVENT: PROCESS_STARTED — PID 21392 (conhost.exe) parent=440
2026-09-13 11:23:35 [argus.main] INFO EVENT: PROCESS_STARTED — PID 22476 (WmiPrvSE.exe) parent=1596
2026-09-13 11:23:35 [argus.main] INFO EVENT: PROCESS_STARTED — PID 24364 (svchost.exe) parent=1360
2026-09-13 11:23:35 [argus.main] INFO EVENT: PROCESS_TERMINATED — PID 28872 (WmiPrvSE.exe)
2026-09-13 11:23:35 [argus.main] INFO EVENT: PROCESS_TERMINATED — PID 440 (powershell.exe)
2026-09-13 11:23:35 [argus.main] INFO EVENT: PROCESS_TERMINATED — PID 21392 (conhost.exe)
2026-09-13 11:23:45 [argus.main] INFO EVENT: PROCESS_TERMINATED — PID 29188 (DataExchangeHost.exe)
2026-09-13 11:23:47 [argus.file_monitor.scanner] INFO File scan: 4 roots, 17 candidates, 2 findings
2026-09-13 11:23:57 [argus.main] INFO EVENT: PROCESS_STARTED — PID 8248 (conhost.exe) parent=22696
2026-09-13 11:23:57 [argus.main] INFO EVENT: PROCESS_STARTED — PID 19564 (RuntimeBroker.exe) parent=1596
2026-09-13 11:23:57 [argus.main] INFO EVENT: PROCESS_STARTED — PID 22696 (powershell.exe) parent=31368
2026-09-13 11:23:57 [argus.main] INFO EVENT: PROCESS_STARTED — PID 30436 (taskhostw.exe) parent=2996
2026-09-13 11:23:59 [argus.main] INFO EVENT: PROCESS_STARTED — PID 19288 (sppsvc.exe) parent=1360
2026-09-13 11:23:59 [argus.main] INFO EVENT: PROCESS_TERMINATED — PID 8248 (conhost.exe)
2026-09-13 11:23:59 [argus.main] INFO EVENT: PROCESS_TERMINATED — PID 22696 (powershell.exe)
2026-09-13 11:23:59 [argus.main] INFO EVENT: PROCESS_TERMINATED — PID 30436 (taskhostw.exe)
2026-09-13 11:24:02 [argus.file_monitor.scanner] INFO File scan: 4 roots, 17 candidates, 2 findings
2026-09-13 11:24:03 [argus.main] INFO EVENT: PROCESS_STARTED — PID 11124 (chrome.exe) parent=20496
2026-09-13 11:24:05 [argus.main] INFO EVENT: PROCESS_STARTED — PID 16340 (chrome.exe) parent=20496
2026-09-13 11:24:05 [argus.main] INFO EVENT: PROCESS_STARTED — PID 30136 (chrome.exe) parent=20496
2026-09-13 11:24:07 [argus.main] INFO EVENT: PROCESS_STARTED — PID 2084 (chrome.exe) parent=20496
2026-09-13 11:24:07 [argus.main] INFO EVENT: PROCESS_STARTED — PID 27784 (quickup.exe) parent=23328
2026-09-13 11:24:10 [argus.main] INFO EVENT: PROCESS_STARTED — PID 1732 (chrome.exe) parent=20496
2026-09-13 11:24:10 [argus.main] INFO EVENT: PROCESS_STARTED — PID 9856 (chrome.exe) parent=20496
2026-09-13 11:24:10 [argus.main] INFO EVENT: PROCESS_STARTED — PID 18248 (chrome.exe) parent=20496
2026-09-13 11:24:10 [argus.main] INFO EVENT: PROCESS_TERMINATED — PID 29072 (chrome.exe)
2026-09-13 11:24:10 [argus.main] INFO EVENT: PROCESS_TERMINATED — PID 11124 (chrome.exe)
2026-09-13 11:24:12 [argus.main] INFO EVENT: PROCESS_TERMINATED — PID 30136 (chrome.exe)
2026-09-13 11:24:14 [argus.main] INFO EVENT: PROCESS_STARTED — PID 12648 (chrome.exe) parent=20496
2026-09-13 11:24:14 [argus.main] INFO EVENT: PROCESS_STARTED — PID 19460 (quickup.exe) parent=27784
2026-09-13 11:24:14 [argus.main] INFO EVENT: PROCESS_TERMINATED — PID 27784 (quickup.exe)
2026-09-13 11:24:14 [argus.main] INFO EVENT: PROCESS_TERMINATED — PID 1732 (chrome.exe)
2026-09-13 11:24:16 [argus.main] INFO EVENT: PROCESS_STARTED — PID 17624 (chrome.exe) parent=20496
2026-09-13 11:24:16 [argus.main] INFO EVENT: PROCESS_TERMINATED — PID 19460 (quickup.exe)
2026-09-13 11:24:18 [argus.file_monitor.scanner] INFO File scan: 4 roots, 17 candidates, 2 findings
2026-09-13 11:24:24 [argus.main] INFO EVENT: PROCESS_STARTED — PID 6512 (chrome.exe) parent=20496
2026-09-13 11:24:24 [argus.main] INFO EVENT: PROCESS_STARTED — PID 29232 (chrome.exe) parent=20496
2026-09-13 11:24:26 [argus.main] INFO EVENT: PROCESS_STARTED — PID 29688 (chrome.exe) parent=20496
2026-09-13 11:24:26 [argus.main] INFO EVENT: PROCESS_TERMINATED — PID 29232 (chrome.exe)
2026-09-13 11:24:28 [argus.main] INFO EVENT: PROCESS_TERMINATED — PID 19288 (sppsvc.exe)
2026-09-13 11:24:30 [argus.main] INFO EVENT: PROCESS_STARTED — PID 2400 (conhost.exe) parent=26136
2026-09-13 11:24:30 [argus.main] INFO EVENT: PROCESS_STARTED — PID 26136 (powershell.exe) parent=31368
2026-09-13 11:24:32 [argus.main] INFO EVENT: PROCESS_STARTED — PID 18692 (chrome.exe) parent=20496
2026-09-13 11:24:32 [argus.main] INFO EVENT: PROCESS_STARTED — PID 21344 (chrome.exe) parent=20496
2026-09-13 11:24:32 [argus.main] INFO EVENT: PROCESS_TERMINATED — PID 29688 (chrome.exe)
2026-09-13 11:24:32 [argus.main] INFO EVENT: PROCESS_TERMINATED — PID 2400 (conhost.exe)
2026-09-13 11:24:32 [argus.main] INFO EVENT: PROCESS_TERMINATED — PID 26136 (powershell.exe)
2026-09-13 11:24:33 [argus.file_monitor.scanner] INFO File scan: 4 roots, 17 candidates, 2 findings
2026-09-13 11:24:34 [argus.main] INFO EVENT: PROCESS_STARTED — PID 20356 (chrome.exe) parent=20496
2026-09-13 11:24:35 [argus.main] INFO EVENT: PROCESS_STARTED — PID 30748 (powershell.exe) parent=31368
2026-09-13 11:24:37 [argus.main] INFO EVENT: PROCESS_TERMINATED — PID 19564 (RuntimeBroker.exe)
2026-09-13 11:24:37 [argus.main] INFO EVENT: PROCESS_TERMINATED — PID 30748 (powershell.exe)
2026-09-13 11:24:47 [argus.file_monitor.scanner] INFO File scan: 4 roots, 17 candidates, 2 findings
2026-09-13 11:25:02 [argus.file_monitor.scanner] INFO File scan: 4 roots, 17 candidates, 2 findings
2026-09-13 11:25:03 [argus.main] INFO EVENT: PROCESS_STARTED — PID 14320 (conhost.exe) parent=28864
2026-09-13 11:25:03 [argus.main] INFO EVENT: PROCESS_STARTED — PID 28864 (powershell.exe) parent=31368
2026-09-13 11:25:05 [argus.main] INFO EVENT: PROCESS_TERMINATED — PID 14320 (conhost.exe)
2026-09-13 11:25:05 [argus.main] INFO EVENT: PROCESS_TERMINATED — PID 28864 (powershell.exe)
2026-09-13 11:25:13 [argus.main] INFO EVENT: PROCESS_TERMINATED — PID 18692 (chrome.exe)
2026-09-13 11:25:17 [argus.file_monitor.scanner] INFO File scan: 4 roots, 17 candidates, 2 findings
2026-09-13 11:25:19 [argus.main] INFO EVENT: PROCESS_STARTED — PID 4868 (<unknown-pid-4868>) parent=none
2026-09-13 11:25:19 [argus.main] INFO EVENT: PROCESS_STARTED — PID 12376 (chrome.exe) parent=20496
2026-09-13 11:25:19 [argus.main] INFO EVENT: PROCESS_TERMINATED — PID 20356 (chrome.exe)
2026-09-13 11:25:21 [argus.main] INFO EVENT: PROCESS_STARTED — PID 29856 (postgres.exe) parent=14392
2026-09-13 11:25:21 [argus.main] INFO EVENT: PROCESS_TERMINATED — PID 4868 (<unknown-pid-4868>)
2026-09-13 11:25:23 [argus.main] INFO EVENT: PROCESS_TERMINATED — PID 29856 (postgres.exe)
2026-09-13 11:25:27 [argus.main] INFO EVENT: PROCESS_TERMINATED — PID 17068 (chrome.exe)
2026-09-13 11:25:27 [argus.main] INFO EVENT: PROCESS_TERMINATED — PID 12648 (chrome.exe)
2026-09-13 11:25:27 [argus.main] INFO EVENT: PROCESS_TERMINATED — PID 21344 (chrome.exe)
2026-09-13 11:25:31 [argus.main] INFO EVENT: PROCESS_STARTED — PID 24264 (chrome.exe) parent=20496
2026-09-13 11:25:32 [argus.file_monitor.scanner] INFO File scan: 4 roots, 17 candidates, 2 findings
2026-09-13 11:25:33 [argus.main] INFO EVENT: PROCESS_STARTED — PID 3680 (conhost.exe) parent=30908
2026-09-13 11:25:33 [argus.main] INFO EVENT: PROCESS_STARTED — PID 30908 (powershell.exe) parent=31368
2026-09-13 11:25:35 [argus.main] INFO EVENT: PROCESS_TERMINATED — PID 3680 (conhost.exe)
2026-09-13 11:25:35 [argus.main] INFO EVENT: PROCESS_TERMINATED — PID 30908 (powershell.exe)
2026-09-13 11:25:37 [argus.main] INFO EVENT: PROCESS_STARTED — PID 14624 (powershell.exe) parent=31368
2026-09-13 11:25:37 [argus.main] INFO EVENT: PROCESS_STARTED — PID 15372 (powershell.exe) parent=14748
2026-09-13 11:25:37 [argus.main] INFO EVENT: PROCESS_STARTED — PID 26852 (conhost.exe) parent=15372
2026-09-13 11:25:37 [argus.main] INFO EVENT: PROCESS_STARTED — PID 30840 (conhost.exe) parent=14624
2026-09-13 11:25:38 [argus.main] INFO EVENT: PROCESS_STARTED — PID 31432 (node.exe) parent=15372
2026-09-13 11:25:38 [argus.main] INFO EVENT: PROCESS_TERMINATED — PID 24364 (svchost.exe)
2026-09-13 11:25:40 [argus.main] INFO EVENT: PROCESS_STARTED — PID 19708 (node.exe) parent=29580
2026-09-13 11:25:40 [argus.main] INFO EVENT: PROCESS_STARTED — PID 22688 (svchost.exe) parent=1360
2026-09-13 11:25:40 [argus.main] INFO EVENT: PROCESS_STARTED — PID 29580 (cmd.exe) parent=31432
2026-09-13 11:25:40 [argus.main] INFO EVENT: PROCESS_TERMINATED — PID 14624 (powershell.exe)
2026-09-13 11:25:40 [argus.main] INFO EVENT: PROCESS_TERMINATED — PID 30840 (conhost.exe)
2026-09-13 11:25:42 [argus.main] INFO EVENT: PROCESS_STARTED — PID 26176 (chrome.exe) parent=20496
2026-09-13 11:25:42 [argus.main] INFO EVENT: PROCESS_TERMINATED — PID 16340 (chrome.exe)
2026-09-13 11:25:42 [argus.main] INFO EVENT: PROCESS_TERMINATED — PID 2084 (chrome.exe)
2026-09-13 11:25:42 [argus.main] INFO EVENT: PROCESS_TERMINATED — PID 9856 (chrome.exe)
2026-09-13 11:25:42 [argus.main] INFO EVENT: PROCESS_TERMINATED — PID 18248 (chrome.exe)
2026-09-13 11:25:42 [argus.main] INFO EVENT: PROCESS_TERMINATED — PID 17624 (chrome.exe)
2026-09-13 11:25:42 [argus.main] INFO EVENT: PROCESS_TERMINATED — PID 6512 (chrome.exe)
2026-09-13 11:25:42 [argus.main] INFO EVENT: PROCESS_TERMINATED — PID 12376 (chrome.exe)
2026-09-13 11:25:42 [argus.main] INFO EVENT: PROCESS_TERMINATED — PID 15372 (powershell.exe)
2026-09-13 11:25:42 [argus.main] INFO EVENT: PROCESS_TERMINATED — PID 26852 (conhost.exe)
2026-09-13 11:25:42 [argus.main] INFO EVENT: PROCESS_TERMINATED — PID 31432 (node.exe)
2026-09-13 11:25:42 [argus.main] INFO EVENT: PROCESS_TERMINATED — PID 19708 (node.exe)
2026-09-13 11:25:42 [argus.main] INFO EVENT: PROCESS_TERMINATED — PID 29580 (cmd.exe)
2026-09-13 11:25:44 [argus.main] INFO EVENT: PROCESS_STARTED — PID 7436 (chrome.exe) parent=20496
2026-09-13 11:25:44 [argus.main] INFO EVENT: PROCESS_STARTED — PID 19500 (chrome.exe) parent=20496
2026-09-13 11:25:44 [argus.main] INFO EVENT: PROCESS_STARTED — PID 27880 (chrome.exe) parent=20496
2026-09-13 11:25:44 [argus.main] INFO EVENT: PROCESS_TERMINATED — PID 21924 (svchost.exe)
2026-09-13 11:25:46 [argus.main] INFO EVENT: PROCESS_TERMINATED — PID 24264 (chrome.exe)
2026-09-13 11:25:46 [argus.main] INFO EVENT: PROCESS_TERMINATED — PID 26176 (chrome.exe)
2026-09-13 11:25:46 [argus.main] INFO EVENT: PROCESS_TERMINATED — PID 27880 (chrome.exe)
2026-09-13 11:25:48 [argus.file_monitor.scanner] INFO File scan: 4 roots, 17 candidates, 2 findings
2026-09-13 11:25:50 [argus.main] INFO EVENT: PROCESS_STARTED — PID 19480 (chrome.exe) parent=20496
2026-09-13 11:25:52 [argus.main] INFO EVENT: PROCESS_STARTED — PID 13092 (powershell.exe) parent=14748
2026-09-13 11:25:52 [argus.main] INFO EVENT: PROCESS_STARTED — PID 15116 (conhost.exe) parent=13092
2026-09-13 11:25:54 [argus.main] INFO EVENT: PROCESS_STARTED — PID 8028 (node.exe) parent=19352
2026-09-13 11:25:54 [argus.main] INFO EVENT: PROCESS_STARTED — PID 9172 (node.exe) parent=13092
2026-09-13 11:25:54 [argus.main] INFO EVENT: PROCESS_STARTED — PID 19352 (cmd.exe) parent=9172
2026-09-13 11:25:59 [argus.main] INFO EVENT: PROCESS_TERMINATED — PID 13092 (powershell.exe)
2026-09-13 11:25:59 [argus.main] INFO EVENT: PROCESS_TERMINATED — PID 15116 (conhost.exe)
2026-09-13 11:25:59 [argus.main] INFO EVENT: PROCESS_TERMINATED — PID 8028 (node.exe)
2026-09-13 11:25:59 [argus.main] INFO EVENT: PROCESS_TERMINATED — PID 9172 (node.exe)
2026-09-13 11:25:59 [argus.main] INFO EVENT: PROCESS_TERMINATED — PID 19352 (cmd.exe)
2026-09-13 11:26:01 [argus.main] INFO EVENT: PROCESS_STARTED — PID 8576 (postgres.exe) parent=14392
2026-09-13 11:26:02 [argus.file_monitor.scanner] INFO File scan: 4 roots, 17 candidates, 2 findings
2026-09-13 11:26:03 [argus.main] INFO EVENT: PROCESS_TERMINATED — PID 8576 (postgres.exe)
2026-09-13 11:26:05 [argus.main] INFO EVENT: PROCESS_STARTED — PID 18060 (powershell.exe) parent=14748
2026-09-13 11:26:05 [argus.main] INFO EVENT: PROCESS_STARTED — PID 20068 (node.exe) parent=18060
2026-09-13 11:26:05 [argus.main] INFO EVENT: PROCESS_STARTED — PID 29412 (conhost.exe) parent=18060
2026-09-13 11:26:07 [argus.main] INFO EVENT: PROCESS_STARTED — PID 20716 (cmd.exe) parent=20068
2026-09-13 11:26:07 [argus.main] INFO EVENT: PROCESS_STARTED — PID 27356 (node.exe) parent=20716
2026-09-13 11:26:09 [argus.main] INFO EVENT: PROCESS_TERMINATED — PID 18060 (powershell.exe)
2026-09-13 11:26:09 [argus.main] INFO EVENT: PROCESS_TERMINATED — PID 20068 (node.exe)
2026-09-13 11:26:09 [argus.main] INFO EVENT: PROCESS_TERMINATED — PID 29412 (conhost.exe)
2026-09-13 11:26:09 [argus.main] INFO EVENT: PROCESS_TERMINATED — PID 20716 (cmd.exe)
2026-09-13 11:26:09 [argus.main] INFO EVENT: PROCESS_TERMINATED — PID 27356 (node.exe)
2026-09-13 11:26:17 [argus.file_monitor.scanner] INFO File scan: 4 roots, 17 candidates, 2 findings
2026-09-13 11:26:17 [argus.main] INFO EVENT: PROCESS_STARTED — PID 924 (svchost.exe) parent=1360
2026-09-13 11:26:17 [argus.main] INFO EVENT: PROCESS_STARTED — PID 18180 (svchost.exe) parent=1360
2026-09-13 11:26:21 [argus.main] INFO EVENT: PROCESS_STARTED — PID 20220 (postgres.exe) parent=14392
2026-09-13 11:26:23 [argus.main] INFO EVENT: PROCESS_TERMINATED — PID 20220 (postgres.exe)
2026-09-13 11:26:32 [argus.file_monitor.scanner] INFO File scan: 4 roots, 17 candidates, 2 findings
2026-09-13 11:26:39 [argus.main] INFO EVENT: PROCESS_STARTED — PID 12332 (conhost.exe) parent=30948
2026-09-13 11:26:39 [argus.main] INFO EVENT: PROCESS_STARTED — PID 30948 (powershell.exe) parent=31368
2026-09-13 11:26:41 [argus.main] INFO EVENT: PROCESS_TERMINATED — PID 12332 (conhost.exe)
2026-09-13 11:26:41 [argus.main] INFO EVENT: PROCESS_TERMINATED — PID 30948 (powershell.exe)
2026-09-13 11:26:47 [argus.file_monitor.scanner] INFO File scan: 4 roots, 17 candidates, 2 findings
2026-09-13 11:27:02 [argus.file_monitor.scanner] INFO File scan: 4 roots, 17 candidates, 2 findings
2026-09-13 11:27:07 [argus.main] INFO EVENT: PROCESS_TERMINATED — PID 20796 (chrome.exe)
2026-09-13 11:27:17 [argus.file_monitor.scanner] INFO File scan: 4 roots, 17 candidates, 2 findings
2026-09-13 11:27:32 [argus.file_monitor.scanner] INFO File scan: 4 roots, 17 candidates, 2 findings
2026-09-13 11:27:42 [argus.main] INFO EVENT: PROCESS_STARTED — PID 5148 (powershell.exe) parent=31368
2026-09-13 11:27:42 [argus.main] INFO EVENT: PROCESS_STARTED — PID 9968 (conhost.exe) parent=5148
2026-09-13 11:27:44 [argus.main] INFO EVENT: PROCESS_STARTED — PID 3400 (conhost.exe) parent=16792
2026-09-13 11:27:44 [argus.main] INFO EVENT: PROCESS_STARTED — PID 14188 (powershell.exe) parent=31368
2026-09-13 11:27:44 [argus.main] INFO EVENT: PROCESS_STARTED — PID 16792 (powershell.exe) parent=14748
2026-09-13 11:27:44 [argus.main] INFO EVENT: PROCESS_STARTED — PID 29688 (node.exe) parent=16792
2026-09-13 11:27:44 [argus.main] INFO EVENT: PROCESS_TERMINATED — PID 5148 (powershell.exe)
2026-09-13 11:27:44 [argus.main] INFO EVENT: PROCESS_TERMINATED — PID 9968 (conhost.exe)
2026-09-13 11:27:46 [argus.main] INFO EVENT: PROCESS_STARTED — PID 13728 (node.exe) parent=16272
2026-09-13 11:27:46 [argus.main] INFO EVENT: PROCESS_STARTED — PID 16272 (cmd.exe) parent=29688
2026-09-13 11:27:46 [argus.main] INFO EVENT: PROCESS_TERMINATED — PID 14188 (powershell.exe)
2026-09-13 11:27:48 [argus.file_monitor.scanner] INFO File scan: 4 roots, 17 candidates, 2 findings
2026-09-13 11:27:48 [argus.main] INFO EVENT: PROCESS_TERMINATED — PID 3400 (conhost.exe)
2026-09-13 11:27:48 [argus.main] INFO EVENT: PROCESS_TERMINATED — PID 16792 (powershell.exe)
2026-09-13 11:27:48 [argus.main] INFO EVENT: PROCESS_TERMINATED — PID 29688 (node.exe)
2026-09-13 11:27:48 [argus.main] INFO EVENT: PROCESS_TERMINATED — PID 13728 (node.exe)
2026-09-13 11:27:48 [argus.main] INFO EVENT: PROCESS_TERMINATED — PID 16272 (cmd.exe)
2026-09-13 11:28:02 [argus.file_monitor.scanner] INFO File scan: 4 roots, 17 candidates, 2 findings
2026-09-13 11:28:14 [argus.main] INFO EVENT: PROCESS_STARTED — PID 10624 (powershell.exe) parent=31368
2026-09-13 11:28:14 [argus.main] INFO EVENT: PROCESS_STARTED — PID 22548 (conhost.exe) parent=10624
2026-09-13 11:28:16 [argus.main] INFO EVENT: PROCESS_TERMINATED — PID 10624 (powershell.exe)
2026-09-13 11:28:16 [argus.main] INFO EVENT: PROCESS_TERMINATED — PID 22548 (conhost.exe)
2026-09-13 11:28:17 [argus.file_monitor.scanner] INFO File scan: 4 roots, 17 candidates, 2 findings
2026-09-13 11:28:18 [argus.main] INFO EVENT: PROCESS_STARTED — PID 3444 (conhost.exe) parent=10824
2026-09-13 11:28:18 [argus.main] INFO EVENT: PROCESS_STARTED — PID 10824 (powershell.exe) parent=14748
2026-09-13 11:28:20 [argus.main] INFO EVENT: PROCESS_STARTED — PID 1952 (cmd.exe) parent=22964
2026-09-13 11:28:20 [argus.main] INFO EVENT: PROCESS_STARTED — PID 22964 (node.exe) parent=10824
2026-09-13 11:28:20 [argus.main] INFO EVENT: PROCESS_STARTED — PID 25372 (node.exe) parent=1952
2026-09-13 11:28:24 [argus.main] INFO EVENT: PROCESS_TERMINATED — PID 3444 (conhost.exe)
2026-09-13 11:28:24 [argus.main] INFO EVENT: PROCESS_TERMINATED — PID 10824 (powershell.exe)
2026-09-13 11:28:24 [argus.main] INFO EVENT: PROCESS_TERMINATED — PID 1952 (cmd.exe)
2026-09-13 11:28:25 [argus.main] INFO EVENT: PROCESS_TERMINATED — PID 22964 (node.exe)
2026-09-13 11:28:25 [argus.main] INFO EVENT: PROCESS_TERMINATED — PID 25372 (node.exe)
2026-09-13 11:28:31 [argus.main] INFO EVENT: PROCESS_STARTED — PID 28104 (svchost.exe) parent=1360
2026-09-13 11:28:32 [argus.file_monitor.scanner] INFO File scan: 4 roots, 17 candidates, 2 findings
2026-09-13 11:28:37 [argus.main] INFO EVENT: PROCESS_TERMINATED — PID 22688 (svchost.exe)
2026-09-13 11:28:41 [argus.main] INFO EVENT: PROCESS_STARTED — PID 1416 (cmd.exe) parent=21104
2026-09-13 11:28:41 [argus.main] INFO EVENT: PROCESS_STARTED — PID 17100 (conhost.exe) parent=25676
2026-09-13 11:28:41 [argus.main] INFO EVENT: PROCESS_STARTED — PID 18716 (powershell.exe) parent=14748
2026-09-13 11:28:41 [argus.main] INFO EVENT: PROCESS_STARTED — PID 21104 (node.exe) parent=18716
2026-09-13 11:28:41 [argus.main] INFO EVENT: PROCESS_STARTED — PID 24324 (conhost.exe) parent=18716
2026-09-13 11:28:41 [argus.main] INFO EVENT: PROCESS_STARTED — PID 25676 (powershell.exe) parent=31368
2026-09-13 11:28:41 [argus.main] INFO EVENT: PROCESS_STARTED — PID 28288 (node.exe) parent=1416
2026-09-13 11:28:43 [argus.main] INFO EVENT: PROCESS_STARTED — PID 21848 (svchost.exe) parent=1360
2026-09-13 11:28:43 [argus.main] INFO EVENT: PROCESS_TERMINATED — PID 17100 (conhost.exe)
2026-09-13 11:28:43 [argus.main] INFO EVENT: PROCESS_TERMINATED — PID 25676 (powershell.exe)
2026-09-13 11:28:45 [argus.main] INFO EVENT: PROCESS_TERMINATED — PID 1416 (cmd.exe)
2026-09-13 11:28:45 [argus.main] INFO EVENT: PROCESS_TERMINATED — PID 18716 (powershell.exe)
2026-09-13 11:28:45 [argus.main] INFO EVENT: PROCESS_TERMINATED — PID 21104 (node.exe)
2026-09-13 11:28:45 [argus.main] INFO EVENT: PROCESS_TERMINATED — PID 24324 (conhost.exe)
2026-09-13 11:28:45 [argus.main] INFO EVENT: PROCESS_TERMINATED — PID 28288 (node.exe)
2026-09-13 11:28:47 [argus.file_monitor.scanner] INFO File scan: 4 roots, 17 candidates, 2 findings
2026-09-13 11:28:47 [argus.main] INFO EVENT: PROCESS_STARTED — PID 11564 (conhost.exe) parent=23956
2026-09-13 11:28:47 [argus.main] INFO EVENT: PROCESS_STARTED — PID 23956 (powershell.exe) parent=31368
2026-09-13 11:28:49 [argus.main] INFO EVENT: PROCESS_TERMINATED — PID 11564 (conhost.exe)
2026-09-13 11:28:49 [argus.main] INFO EVENT: PROCESS_TERMINATED — PID 23956 (powershell.exe)
2026-09-13 11:29:02 [argus.file_monitor.scanner] INFO File scan: 4 roots, 17 candidates, 2 findings
2026-09-13 11:29:17 [argus.main] INFO EVENT: PROCESS_STARTED — PID 12776 (powershell.exe) parent=31368
2026-09-13 11:29:17 [argus.main] INFO EVENT: PROCESS_STARTED — PID 14640 (conhost.exe) parent=12776
2026-09-13 11:29:18 [argus.file_monitor.scanner] INFO File scan: 4 roots, 17 candidates, 2 findings
2026-09-13 11:29:19 [argus.main] INFO EVENT: PROCESS_TERMINATED — PID 12776 (powershell.exe)
2026-09-13 11:29:19 [argus.main] INFO EVENT: PROCESS_TERMINATED — PID 14640 (conhost.exe)
2026-09-13 11:29:32 [argus.file_monitor.scanner] INFO File scan: 4 roots, 17 candidates, 2 findings
2026-09-13 11:29:38 [argus.main] INFO EVENT: PROCESS_TERMINATED — PID 21848 (svchost.exe)
2026-09-13 11:29:40 [argus.main] INFO EVENT: PROCESS_STARTED — PID 5188 (<unknown-pid-5188>) parent=none
2026-09-13 11:29:42 [argus.main] INFO EVENT: PROCESS_TERMINATED — PID 5188 (<unknown-pid-5188>)
2026-09-13 11:29:44 [argus.main] INFO EVENT: PROCESS_STARTED — PID 9956 (powershell.exe) parent=31368
2026-09-13 11:29:44 [argus.main] INFO EVENT: PROCESS_STARTED — PID 22172 (conhost.exe) parent=9956
2026-09-13 11:29:46 [argus.main] INFO EVENT: PROCESS_STARTED — PID 25044 (svchost.exe) parent=1360
2026-09-13 11:29:46 [argus.main] INFO EVENT: PROCESS_TERMINATED — PID 9956 (powershell.exe)
2026-09-13 11:29:46 [argus.main] INFO EVENT: PROCESS_TERMINATED — PID 22172 (conhost.exe)
2026-09-13 11:29:47 [argus.file_monitor.scanner] INFO File scan: 4 roots, 17 candidates, 2 findings
2026-09-13 11:29:52 [argus.main] INFO EVENT: PROCESS_STARTED — PID 16480 (conhost.exe) parent=30716
2026-09-13 11:29:52 [argus.main] INFO EVENT: PROCESS_STARTED — PID 30716 (powershell.exe) parent=31368
2026-09-13 11:29:54 [argus.main] INFO EVENT: PROCESS_TERMINATED — PID 16480 (conhost.exe)
2026-09-13 11:29:54 [argus.main] INFO EVENT: PROCESS_TERMINATED — PID 30716 (powershell.exe)
2026-09-13 11:30:02 [argus.file_monitor.scanner] INFO File scan: 4 roots, 17 candidates, 2 findings
2026-09-13 11:30:17 [argus.file_monitor.scanner] INFO File scan: 4 roots, 17 candidates, 2 findings
2026-09-13 11:30:24 [argus.main] INFO EVENT: PROCESS_STARTED — PID 19024 (powershell.exe) parent=31368
2026-09-13 11:30:24 [argus.main] INFO EVENT: PROCESS_STARTED — PID 29864 (conhost.exe) parent=19024
2026-09-13 11:30:26 [argus.main] INFO EVENT: PROCESS_TERMINATED — PID 19024 (powershell.exe)
2026-09-13 11:30:26 [argus.main] INFO EVENT: PROCESS_TERMINATED — PID 29864 (conhost.exe)
2026-09-13 11:30:32 [argus.file_monitor.scanner] INFO File scan: 4 roots, 17 candidates, 2 findings
2026-09-13 11:30:37 [argus.main] INFO EVENT: PROCESS_TERMINATED — PID 25044 (svchost.exe)
2026-09-13 11:30:41 [argus.main] INFO EVENT: PROCESS_STARTED — PID 7076 (postgres.exe) parent=14392
2026-09-13 11:30:43 [argus.main] INFO EVENT: PROCESS_TERMINATED — PID 7076 (postgres.exe)
2026-09-13 11:30:45 [argus.main] INFO EVENT: PROCESS_STARTED — PID 11884 (conhost.exe) parent=15664
2026-09-13 11:30:45 [argus.main] INFO EVENT: PROCESS_STARTED — PID 15664 (powershell.exe) parent=31368
2026-09-13 11:30:47 [argus.main] INFO EVENT: PROCESS_STARTED — PID 3700 (svchost.exe) parent=1360
2026-09-13 11:30:47 [argus.main] INFO EVENT: PROCESS_TERMINATED — PID 11884 (conhost.exe)
2026-09-13 11:30:47 [argus.main] INFO EVENT: PROCESS_TERMINATED — PID 15664 (powershell.exe)
2026-09-13 11:30:47 [argus.file_monitor.scanner] INFO File scan: 4 roots, 17 candidates, 2 findings
2026-09-13 11:30:57 [argus.main] INFO EVENT: PROCESS_STARTED — PID 13132 (powershell.exe) parent=31368
2026-09-13 11:30:57 [argus.main] INFO EVENT: PROCESS_STARTED — PID 29220 (conhost.exe) parent=13132
2026-09-13 11:30:59 [argus.main] INFO EVENT: PROCESS_TERMINATED — PID 13132 (powershell.exe)
2026-09-13 11:30:59 [argus.main] INFO EVENT: PROCESS_TERMINATED — PID 29220 (conhost.exe)
2026-09-13 11:31:02 [argus.file_monitor.scanner] INFO File scan: 4 roots, 17 candidates, 2 findings
2026-09-13 11:31:17 [argus.file_monitor.scanner] INFO File scan: 4 roots, 17 candidates, 2 findings
2026-09-13 11:31:17 [argus.main] INFO EVENT: PROCESS_TERMINATED — PID 924 (svchost.exe)
2026-09-13 11:31:29 [argus.main] INFO EVENT: PROCESS_STARTED — PID 10888 (powershell.exe) parent=31368
2026-09-13 11:31:29 [argus.main] INFO EVENT: PROCESS_STARTED — PID 29112 (conhost.exe) parent=10888
2026-09-13 11:31:31 [argus.main] INFO EVENT: PROCESS_TERMINATED — PID 10888 (powershell.exe)
2026-09-13 11:31:31 [argus.main] INFO EVENT: PROCESS_TERMINATED — PID 29112 (conhost.exe)
2026-09-13 11:31:32 [argus.file_monitor.scanner] INFO File scan: 4 roots, 17 candidates, 2 findings
2026-09-13 11:31:37 [argus.main] INFO EVENT: PROCESS_TERMINATED — PID 3700 (svchost.exe)
2026-09-13 11:31:47 [argus.file_monitor.scanner] INFO File scan: 4 roots, 17 candidates, 2 findings
2026-09-13 11:31:47 [argus.main] INFO EVENT: PROCESS_STARTED — PID 8252 (powershell.exe) parent=31368
2026-09-13 11:31:47 [argus.main] INFO EVENT: PROCESS_STARTED — PID 30284 (conhost.exe) parent=8252
2026-09-13 11:31:47 [argus.main] INFO EVENT: PROCESS_TERMINATED — PID 18180 (svchost.exe)
2026-09-13 11:31:49 [argus.main] INFO EVENT: PROCESS_STARTED — PID 2132 (svchost.exe) parent=1360
2026-09-13 11:31:49 [argus.main] INFO EVENT: PROCESS_TERMINATED — PID 8252 (powershell.exe)
2026-09-13 11:31:49 [argus.main] INFO EVENT: PROCESS_TERMINATED — PID 30284 (conhost.exe)
2026-09-13 11:31:55 [argus.main] INFO EVENT: PROCESS_STARTED — PID 2500 (conhost.exe) parent=28060
2026-09-13 11:31:55 [argus.main] INFO EVENT: PROCESS_STARTED — PID 28060 (powershell.exe) parent=14748
2026-09-13 11:31:57 [argus.main] INFO EVENT: PROCESS_STARTED — PID 22264 (node.exe) parent=28904
2026-09-13 11:31:58 [argus.main] INFO EVENT: PROCESS_STARTED — PID 22932 (node.exe) parent=28060
2026-09-13 11:31:58 [argus.main] INFO EVENT: PROCESS_STARTED — PID 28904 (cmd.exe) parent=22932
2026-09-13 11:32:02 [argus.main] INFO EVENT: PROCESS_STARTED — PID 14516 (powershell.exe) parent=31368
2026-09-13 11:32:02 [argus.main] INFO EVENT: PROCESS_STARTED — PID 24772 (conhost.exe) parent=14516
2026-09-13 11:32:03 [argus.file_monitor.scanner] INFO File scan: 4 roots, 17 candidates, 2 findings
2026-09-13 11:32:04 [argus.main] INFO EVENT: PROCESS_TERMINATED — PID 14516 (powershell.exe)
2026-09-13 11:32:04 [argus.main] INFO EVENT: PROCESS_TERMINATED — PID 24772 (conhost.exe)
2026-09-13 11:32:12 [argus.main] INFO EVENT: PROCESS_TERMINATED — PID 2500 (conhost.exe)
2026-09-13 11:32:12 [argus.main] INFO EVENT: PROCESS_TERMINATED — PID 28060 (powershell.exe)
2026-09-13 11:32:12 [argus.main] INFO EVENT: PROCESS_TERMINATED — PID 22264 (node.exe)
2026-09-13 11:32:12 [argus.main] INFO EVENT: PROCESS_TERMINATED — PID 22932 (node.exe)
2026-09-13 11:32:12 [argus.main] INFO EVENT: PROCESS_TERMINATED — PID 28904 (cmd.exe)
2026-09-13 11:32:17 [argus.file_monitor.scanner] INFO File scan: 4 roots, 17 candidates, 2 findings
2026-09-13 11:32:22 [argus.main] INFO EVENT: PROCESS_STARTED — PID 3832 (node.exe) parent=13692
2026-09-13 11:32:22 [argus.main] INFO EVENT: PROCESS_STARTED — PID 10676 (conhost.exe) parent=13692
2026-09-13 11:32:22 [argus.main] INFO EVENT: PROCESS_STARTED — PID 13692 (powershell.exe) parent=14748
2026-09-13 11:32:24 [argus.main] INFO EVENT: PROCESS_STARTED — PID 18836 (esbuild.exe) parent=28612
2026-09-13 11:32:24 [argus.main] INFO EVENT: PROCESS_STARTED — PID 25736 (cmd.exe) parent=3832
2026-09-13 11:32:24 [argus.main] INFO EVENT: PROCESS_STARTED — PID 28612 (node.exe) parent=25736
2026-09-13 11:32:30 [argus.main] INFO EVENT: PROCESS_TERMINATED — PID 19500 (chrome.exe)
2026-09-13 11:32:32 [argus.file_monitor.scanner] INFO File scan: 4 roots, 17 candidates, 2 findings
2026-09-13 11:32:38 [argus.main] INFO EVENT: PROCESS_TERMINATED — PID 2132 (svchost.exe)
2026-09-13 11:32:44 [argus.main] INFO EVENT: PROCESS_TERMINATED — PID 3832 (node.exe)
2026-09-13 11:32:44 [argus.main] INFO EVENT: PROCESS_TERMINATED — PID 10676 (conhost.exe)
2026-09-13 11:32:44 [argus.main] INFO EVENT: PROCESS_TERMINATED — PID 13692 (powershell.exe)
2026-09-13 11:32:44 [argus.main] INFO EVENT: PROCESS_TERMINATED — PID 18836 (esbuild.exe)
2026-09-13 11:32:44 [argus.main] INFO EVENT: PROCESS_TERMINATED — PID 25736 (cmd.exe)
2026-09-13 11:32:44 [argus.main] INFO EVENT: PROCESS_TERMINATED — PID 28612 (node.exe)
2026-09-13 11:32:47 [argus.file_monitor.scanner] INFO File scan: 4 roots, 17 candidates, 2 findings
2026-09-13 11:32:48 [argus.main] INFO EVENT: PROCESS_STARTED — PID 14048 (conhost.exe) parent=26460
2026-09-13 11:32:48 [argus.main] INFO EVENT: PROCESS_STARTED — PID 26460 (powershell.exe) parent=31368
2026-09-13 11:32:50 [argus.main] INFO EVENT: PROCESS_STARTED — PID 24280 (svchost.exe) parent=1360
2026-09-13 11:32:50 [argus.main] INFO EVENT: PROCESS_TERMINATED — PID 14048 (conhost.exe)
2026-09-13 11:32:50 [argus.main] INFO EVENT: PROCESS_TERMINATED — PID 26460 (powershell.exe)
2026-09-13 11:32:52 [argus.main] INFO EVENT: PROCESS_STARTED — PID 30908 (backgroundTaskHost.exe) parent=1596
2026-09-13 11:33:02 [argus.file_monitor.scanner] INFO File scan: 4 roots, 17 candidates, 2 findings
2026-09-13 11:33:07 [argus.main] INFO EVENT: PROCESS_STARTED — PID 13740 (conhost.exe) parent=17356
2026-09-13 11:33:07 [argus.main] INFO EVENT: PROCESS_STARTED — PID 17356 (powershell.exe) parent=31368
2026-09-13 11:33:09 [argus.main] INFO EVENT: PROCESS_TERMINATED — PID 13740 (conhost.exe)
2026-09-13 11:33:09 [argus.main] INFO EVENT: PROCESS_TERMINATED — PID 17356 (powershell.exe)
2026-09-13 11:33:17 [argus.file_monitor.scanner] INFO File scan: 4 roots, 17 candidates, 2 findings
2026-09-13 11:33:32 [argus.file_monitor.scanner] INFO File scan: 4 roots, 17 candidates, 2 findings
2026-09-13 11:33:37 [argus.main] INFO EVENT: PROCESS_TERMINATED — PID 24280 (svchost.exe)
2026-09-13 11:33:47 [argus.file_monitor.scanner] INFO File scan: 4 roots, 17 candidates, 2 findings
2026-09-13 11:33:51 [argus.main] INFO EVENT: PROCESS_STARTED — PID 5396 (conhost.exe) parent=8292
2026-09-13 11:33:51 [argus.main] INFO EVENT: PROCESS_STARTED — PID 8292 (powershell.exe) parent=31368
2026-09-13 11:33:53 [argus.main] INFO EVENT: PROCESS_STARTED — PID 6496 (svchost.exe) parent=1360
2026-09-13 11:33:53 [argus.main] INFO EVENT: PROCESS_TERMINATED — PID 30908 (backgroundTaskHost.exe)
2026-09-13 11:33:53 [argus.main] INFO EVENT: PROCESS_TERMINATED — PID 5396 (conhost.exe)
2026-09-13 11:33:53 [argus.main] INFO EVENT: PROCESS_TERMINATED — PID 8292 (powershell.exe)
2026-09-13 11:34:02 [argus.file_monitor.scanner] INFO File scan: 4 roots, 17 candidates, 2 findings
2026-09-13 11:34:17 [argus.file_monitor.scanner] INFO File scan: 4 roots, 17 candidates, 2 findings
2026-09-13 11:34:21 [argus.main] INFO EVENT: PROCESS_STARTED — PID 14564 (postgres.exe) parent=14392
2026-09-13 11:34:23 [argus.main] INFO EVENT: PROCESS_TERMINATED — PID 14564 (postgres.exe)
2026-09-13 11:34:32 [argus.file_monitor.scanner] INFO File scan: 4 roots, 17 candidates, 2 findings
2026-09-13 11:34:37 [argus.main] INFO EVENT: PROCESS_TERMINATED — PID 6496 (svchost.exe)
2026-09-13 11:34:47 [argus.file_monitor.scanner] INFO File scan: 4 roots, 17 candidates, 2 findings
2026-09-13 11:34:53 [argus.main] INFO EVENT: PROCESS_STARTED — PID 17380 (conhost.exe) parent=30516
2026-09-13 11:34:53 [argus.main] INFO EVENT: PROCESS_STARTED — PID 30516 (powershell.exe) parent=31368
2026-09-13 11:34:53 [argus.main] INFO EVENT: PROCESS_STARTED — PID 30780 (svchost.exe) parent=1360
2026-09-13 11:34:55 [argus.main] INFO EVENT: PROCESS_TERMINATED — PID 17380 (conhost.exe)
2026-09-13 11:34:55 [argus.main] INFO EVENT: PROCESS_TERMINATED — PID 30516 (powershell.exe)
2026-09-13 11:35:02 [argus.file_monitor.scanner] INFO File scan: 4 roots, 17 candidates, 2 findings
2026-09-13 11:35:15 [argus.main] INFO EVENT: PROCESS_STARTED — PID 17460 (conhost.exe) parent=23404
2026-09-13 11:35:16 [argus.main] INFO EVENT: PROCESS_STARTED — PID 23404 (powershell.exe) parent=31368
2026-09-13 11:35:17 [argus.file_monitor.scanner] INFO File scan: 4 roots, 17 candidates, 2 findings
2026-09-13 11:35:18 [argus.main] INFO EVENT: PROCESS_TERMINATED — PID 17460 (conhost.exe)
2026-09-13 11:35:18 [argus.main] INFO EVENT: PROCESS_TERMINATED — PID 23404 (powershell.exe)
2026-09-13 11:35:32 [argus.file_monitor.scanner] INFO File scan: 4 roots, 17 candidates, 2 findings
2026-09-13 11:35:38 [argus.main] INFO EVENT: PROCESS_TERMINATED — PID 30780 (svchost.exe)
2026-09-13 11:35:47 [argus.file_monitor.scanner] INFO File scan: 4 roots, 17 candidates, 2 findings
2026-09-13 11:35:54 [argus.main] INFO EVENT: PROCESS_STARTED — PID 27688 (conhost.exe) parent=29112
2026-09-13 11:35:54 [argus.main] INFO EVENT: PROCESS_STARTED — PID 29112 (powershell.exe) parent=31368
2026-09-13 11:35:56 [argus.main] INFO EVENT: PROCESS_STARTED — PID 18516 (svchost.exe) parent=1360
2026-09-13 11:35:56 [argus.main] INFO EVENT: PROCESS_TERMINATED — PID 27688 (conhost.exe)
2026-09-13 11:35:56 [argus.main] INFO EVENT: PROCESS_TERMINATED — PID 29112 (powershell.exe)
2026-09-13 11:36:02 [argus.file_monitor.scanner] INFO File scan: 4 roots, 17 candidates, 2 findings
2026-09-13 11:36:17 [argus.file_monitor.scanner] INFO File scan: 4 roots, 17 candidates, 2 findings
2026-09-13 11:36:20 [argus.main] INFO EVENT: PROCESS_STARTED — PID 27392 (conhost.exe) parent=30836
2026-09-13 11:36:20 [argus.main] INFO EVENT: PROCESS_STARTED — PID 30836 (powershell.exe) parent=31368
2026-09-13 11:36:22 [argus.main] INFO EVENT: PROCESS_TERMINATED — PID 27392 (conhost.exe)
2026-09-13 11:36:22 [argus.main] INFO EVENT: PROCESS_TERMINATED — PID 30836 (powershell.exe)
2026-09-13 11:36:32 [argus.file_monitor.scanner] INFO File scan: 4 roots, 17 candidates, 2 findings
2026-09-13 11:36:34 [argus.main] INFO EVENT: PROCESS_STARTED — PID 11440 (powershell.exe) parent=14748
2026-09-13 11:36:34 [argus.main] INFO EVENT: PROCESS_STARTED — PID 16144 (node.exe) parent=11440
2026-09-13 11:36:34 [argus.main] INFO EVENT: PROCESS_STARTED — PID 29884 (conhost.exe) parent=11440
2026-09-13 11:36:36 [argus.main] INFO EVENT: PROCESS_TERMINATED — PID 11440 (powershell.exe)
2026-09-13 11:36:36 [argus.main] INFO EVENT: PROCESS_TERMINATED — PID 16144 (node.exe)
2026-09-13 11:36:36 [argus.main] INFO EVENT: PROCESS_TERMINATED — PID 29884 (conhost.exe)
2026-09-13 11:36:38 [argus.main] INFO EVENT: PROCESS_TERMINATED — PID 18516 (svchost.exe)
2026-09-13 11:36:46 [argus.main] INFO EVENT: PROCESS_STARTED — PID 17336 (powershell.exe) parent=14748
2026-09-13 11:36:46 [argus.main] INFO EVENT: PROCESS_STARTED — PID 23624 (node.exe) parent=17336
2026-09-13 11:36:46 [argus.main] INFO EVENT: PROCESS_STARTED — PID 31220 (conhost.exe) parent=17336
2026-09-13 11:36:47 [argus.file_monitor.scanner] INFO File scan: 4 roots, 17 candidates, 2 findings
2026-09-13 11:36:48 [argus.main] INFO EVENT: PROCESS_TERMINATED — PID 17336 (powershell.exe)
2026-09-13 11:36:48 [argus.main] INFO EVENT: PROCESS_TERMINATED — PID 23624 (node.exe)
2026-09-13 11:36:48 [argus.main] INFO EVENT: PROCESS_TERMINATED — PID 31220 (conhost.exe)
2026-09-13 11:36:52 [argus.main] INFO EVENT: PROCESS_STARTED — PID 10336 (conhost.exe) parent=26120
2026-09-13 11:36:52 [argus.main] INFO EVENT: PROCESS_STARTED — PID 26120 (powershell.exe) parent=31368
2026-09-13 11:36:54 [argus.main] INFO EVENT: PROCESS_TERMINATED — PID 10336 (conhost.exe)
2026-09-13 11:36:54 [argus.main] INFO EVENT: PROCESS_TERMINATED — PID 26120 (powershell.exe)
2026-09-13 11:36:59 [argus.main] INFO EVENT: PROCESS_STARTED — PID 15028 (svchost.exe) parent=1360
2026-09-13 11:36:59 [argus.main] INFO EVENT: PROCESS_STARTED — PID 19500 (powershell.exe) parent=31368
2026-09-13 11:36:59 [argus.main] INFO EVENT: PROCESS_STARTED — PID 27956 (conhost.exe) parent=19500
2026-09-13 11:37:01 [argus.main] INFO EVENT: PROCESS_TERMINATED — PID 19500 (powershell.exe)
2026-09-13 11:37:01 [argus.main] INFO EVENT: PROCESS_TERMINATED — PID 27956 (conhost.exe)
2026-09-13 11:37:01 [argus.file_monitor.scanner] INFO File scan: 4 roots, 17 candidates, 2 findings
2026-09-13 11:37:03 [argus.main] INFO EVENT: PROCESS_STARTED — PID 6572 (conhost.exe) parent=26932
2026-09-13 11:37:03 [argus.main] INFO EVENT: PROCESS_STARTED — PID 26932 (powershell.exe) parent=14748
2026-09-13 11:37:05 [argus.main] INFO EVENT: PROCESS_STARTED — PID 2912 (cmd.exe) parent=15412
2026-09-13 11:37:05 [argus.main] INFO EVENT: PROCESS_STARTED — PID 15412 (node.exe) parent=26932
2026-09-13 11:37:05 [argus.main] INFO EVENT: PROCESS_STARTED — PID 18704 (node.exe) parent=24464
2026-09-13 11:37:05 [argus.main] INFO EVENT: PROCESS_STARTED — PID 24464 (node.exe) parent=2912
2026-09-13 11:37:07 [argus.main] INFO EVENT: PROCESS_STARTED — PID 9872 (node.exe) parent=18704
2026-09-13 11:37:07 [argus.main] INFO EVENT: PROCESS_STARTED — PID 21912 (node.exe) parent=18704
2026-09-13 11:37:07 [argus.main] INFO EVENT: PROCESS_STARTED — PID 26512 (node.exe) parent=18704
2026-09-13 11:37:07 [argus.main] INFO EVENT: PROCESS_STARTED — PID 31100 (esbuild.exe) parent=21912
2026-09-13 11:37:09 [argus.main] INFO EVENT: PROCESS_TERMINATED — PID 9872 (node.exe)
2026-09-13 11:37:09 [argus.main] INFO EVENT: PROCESS_TERMINATED — PID 26512 (node.exe)
2026-09-13 11:37:13 [argus.main] INFO EVENT: PROCESS_TERMINATED — PID 6572 (conhost.exe)
2026-09-13 11:37:13 [argus.main] INFO EVENT: PROCESS_TERMINATED — PID 26932 (powershell.exe)
2026-09-13 11:37:13 [argus.main] INFO EVENT: PROCESS_TERMINATED — PID 2912 (cmd.exe)
2026-09-13 11:37:13 [argus.main] INFO EVENT: PROCESS_TERMINATED — PID 15412 (node.exe)
2026-09-13 11:37:13 [argus.main] INFO EVENT: PROCESS_TERMINATED — PID 18704 (node.exe)
2026-09-13 11:37:13 [argus.main] INFO EVENT: PROCESS_TERMINATED — PID 24464 (node.exe)
2026-09-13 11:37:13 [argus.main] INFO EVENT: PROCESS_TERMINATED — PID 21912 (node.exe)
2026-09-13 11:37:13 [argus.main] INFO EVENT: PROCESS_TERMINATED — PID 31100 (esbuild.exe)
2026-09-13 11:37:17 [argus.file_monitor.scanner] INFO File scan: 4 roots, 17 candidates, 2 findings
2026-09-13 11:37:32 [argus.file_monitor.scanner] INFO File scan: 4 roots, 17 candidates, 2 findings
2026-09-13 11:37:35 [argus.main] INFO EVENT: PROCESS_STARTED — PID 9536 (svchost.exe) parent=1360
2026-09-13 11:37:37 [argus.main] INFO EVENT: PROCESS_STARTED — PID 2564 (conhost.exe) parent=13112
2026-09-13 11:37:37 [argus.main] INFO EVENT: PROCESS_TERMINATED — PID 15028 (svchost.exe)
2026-09-13 11:37:39 [argus.main] INFO EVENT: PROCESS_TERMINATED — PID 2564 (conhost.exe)
2026-09-13 11:37:42 [argus.main] INFO EVENT: PROCESS_STARTED — PID 12932 (conhost.exe) parent=19864
2026-09-13 11:37:42 [argus.main] INFO EVENT: PROCESS_STARTED — PID 19864 (powershell.exe) parent=14748
2026-09-13 11:37:44 [argus.main] INFO EVENT: PROCESS_STARTED — PID 8508 (node.exe) parent=10752
2026-09-13 11:37:44 [argus.main] INFO EVENT: PROCESS_STARTED — PID 10752 (cmd.exe) parent=15824
2026-09-13 11:37:44 [argus.main] INFO EVENT: PROCESS_STARTED — PID 15824 (node.exe) parent=19864
2026-09-13 11:37:44 [argus.main] INFO EVENT: PROCESS_STARTED — PID 27264 (node.exe) parent=8508
2026-09-13 11:37:46 [argus.main] INFO EVENT: PROCESS_STARTED — PID 6436 (node.exe) parent=27264
2026-09-13 11:37:46 [argus.main] INFO EVENT: PROCESS_STARTED — PID 12576 (node.exe) parent=27264
2026-09-13 11:37:47 [argus.file_monitor.scanner] INFO File scan: 4 roots, 17 candidates, 2 findings
2026-09-13 11:37:48 [argus.main] INFO EVENT: PROCESS_TERMINATED — PID 12576 (node.exe)
2026-09-13 11:37:52 [argus.main] INFO EVENT: PROCESS_TERMINATED — PID 12932 (conhost.exe)
2026-09-13 11:37:52 [argus.main] INFO EVENT: PROCESS_TERMINATED — PID 19864 (powershell.exe)
2026-09-13 11:37:52 [argus.main] INFO EVENT: PROCESS_TERMINATED — PID 8508 (node.exe)
2026-09-13 11:37:52 [argus.main] INFO EVENT: PROCESS_TERMINATED — PID 10752 (cmd.exe)
2026-09-13 11:37:52 [argus.main] INFO EVENT: PROCESS_TERMINATED — PID 15824 (node.exe)
2026-09-13 11:37:52 [argus.main] INFO EVENT: PROCESS_TERMINATED — PID 27264 (node.exe)
2026-09-13 11:37:52 [argus.main] INFO EVENT: PROCESS_TERMINATED — PID 6436 (node.exe)
2026-09-13 11:37:54 [argus.main] INFO EVENT: PROCESS_STARTED — PID 3268 (node.exe) parent=28828
2026-09-13 11:37:54 [argus.main] INFO EVENT: PROCESS_STARTED — PID 23144 (conhost.exe) parent=28828
2026-09-13 11:37:54 [argus.main] INFO EVENT: PROCESS_STARTED — PID 28828 (powershell.exe) parent=14748
2026-09-13 11:37:56 [argus.main] INFO EVENT: PROCESS_STARTED — PID 12364 (node.exe) parent=23708
2026-09-13 11:37:56 [argus.main] INFO EVENT: PROCESS_STARTED — PID 21936 (cmd.exe) parent=3268
2026-09-13 11:37:56 [argus.main] INFO EVENT: PROCESS_STARTED — PID 23708 (node.exe) parent=21936
2026-09-13 11:37:56 [argus.main] INFO EVENT: PROCESS_STARTED — PID 27432 (node.exe) parent=12364
2026-09-13 11:37:58 [argus.main] INFO EVENT: PROCESS_STARTED — PID 29260 (node.exe) parent=12364
2026-09-13 11:38:00 [argus.main] INFO EVENT: PROCESS_TERMINATED — PID 29260 (node.exe)
2026-09-13 11:38:02 [argus.file_monitor.scanner] INFO File scan: 4 roots, 17 candidates, 2 findings
2026-09-13 11:38:02 [argus.main] INFO EVENT: PROCESS_STARTED — PID 11708 (powershell.exe) parent=31368
2026-09-13 11:38:02 [argus.main] INFO EVENT: PROCESS_STARTED — PID 30024 (conhost.exe) parent=11708
2026-09-13 11:38:04 [argus.main] INFO EVENT: PROCESS_STARTED — PID 2936 (svchost.exe) parent=1360
2026-09-13 11:38:04 [argus.main] INFO EVENT: PROCESS_TERMINATED — PID 3268 (node.exe)
2026-09-13 11:38:04 [argus.main] INFO EVENT: PROCESS_TERMINATED — PID 23144 (conhost.exe)
2026-09-13 11:38:04 [argus.main] INFO EVENT: PROCESS_TERMINATED — PID 28828 (powershell.exe)
2026-09-13 11:38:04 [argus.main] INFO EVENT: PROCESS_TERMINATED — PID 12364 (node.exe)
2026-09-13 11:38:05 [argus.main] INFO EVENT: PROCESS_TERMINATED — PID 21936 (cmd.exe)
2026-09-13 11:38:05 [argus.main] INFO EVENT: PROCESS_TERMINATED — PID 23708 (node.exe)
2026-09-13 11:38:05 [argus.main] INFO EVENT: PROCESS_TERMINATED — PID 27432 (node.exe)
2026-09-13 11:38:05 [argus.main] INFO EVENT: PROCESS_TERMINATED — PID 11708 (powershell.exe)
2026-09-13 11:38:05 [argus.main] INFO EVENT: PROCESS_TERMINATED — PID 30024 (conhost.exe)
2026-09-13 11:38:07 [argus.main] INFO EVENT: PROCESS_STARTED — PID 13856 (powershell.exe) parent=14748
2026-09-13 11:38:07 [argus.main] INFO EVENT: PROCESS_STARTED — PID 20116 (conhost.exe) parent=13856
2026-09-13 11:38:07 [argus.main] INFO EVENT: PROCESS_STARTED — PID 21992 (node.exe) parent=13856
2026-09-13 11:38:09 [argus.main] INFO EVENT: PROCESS_STARTED — PID 5076 (node.exe) parent=30700
2026-09-13 11:38:09 [argus.main] INFO EVENT: PROCESS_STARTED — PID 5692 (node.exe) parent=30700
2026-09-13 11:38:09 [argus.main] INFO EVENT: PROCESS_STARTED — PID 20876 (cmd.exe) parent=21992
2026-09-13 11:38:09 [argus.main] INFO EVENT: PROCESS_STARTED — PID 21820 (node.exe) parent=20876
2026-09-13 11:38:09 [argus.main] INFO EVENT: PROCESS_STARTED — PID 30700 (node.exe) parent=21820
2026-09-13 11:38:11 [argus.main] INFO EVENT: PROCESS_TERMINATED — PID 5692 (node.exe)
2026-09-13 11:38:15 [argus.main] INFO EVENT: PROCESS_TERMINATED — PID 13856 (powershell.exe)
2026-09-13 11:38:15 [argus.main] INFO EVENT: PROCESS_TERMINATED — PID 20116 (conhost.exe)
2026-09-13 11:38:15 [argus.main] INFO EVENT: PROCESS_TERMINATED — PID 21992 (node.exe)
2026-09-13 11:38:15 [argus.main] INFO EVENT: PROCESS_TERMINATED — PID 5076 (node.exe)
2026-09-13 11:38:15 [argus.main] INFO EVENT: PROCESS_TERMINATED — PID 20876 (cmd.exe)
2026-09-13 11:38:15 [argus.main] INFO EVENT: PROCESS_TERMINATED — PID 21820 (node.exe)
2026-09-13 11:38:15 [argus.main] INFO EVENT: PROCESS_TERMINATED — PID 30700 (node.exe)
2026-09-13 11:38:17 [argus.file_monitor.scanner] INFO File scan: 4 roots, 17 candidates, 2 findings
2026-09-13 11:38:25 [argus.main] INFO EVENT: PROCESS_STARTED — PID 6532 (conhost.exe) parent=29800
2026-09-13 11:38:25 [argus.main] INFO EVENT: PROCESS_STARTED — PID 15772 (MoUsoCoreWorker.exe) parent=2476
2026-09-13 11:38:25 [argus.main] INFO EVENT: PROCESS_STARTED — PID 16448 (OfficeC2RClient.exe) parent=2996
2026-09-13 11:38:27 [argus.main] INFO EVENT: PROCESS_TERMINATED — PID 6532 (conhost.exe)
2026-09-13 11:38:27 [argus.main] INFO EVENT: PROCESS_TERMINATED — PID 16448 (OfficeC2RClient.exe)
2026-09-13 11:38:29 [argus.main] INFO EVENT: PROCESS_STARTED — PID 27984 (powershell.exe) parent=31368
2026-09-13 11:38:29 [argus.main] INFO EVENT: PROCESS_STARTED — PID 30492 (conhost.exe) parent=27984
2026-09-13 11:38:31 [argus.main] INFO EVENT: PROCESS_TERMINATED — PID 28104 (svchost.exe)
2026-09-13 11:38:31 [argus.main] INFO EVENT: PROCESS_TERMINATED — PID 27984 (powershell.exe)
2026-09-13 11:38:31 [argus.main] INFO EVENT: PROCESS_TERMINATED — PID 30492 (conhost.exe)
2026-09-13 11:38:32 [argus.file_monitor.scanner] INFO File scan: 4 roots, 17 candidates, 2 findings
2026-09-13 11:38:33 [argus.main] INFO EVENT: PROCESS_STARTED — PID 7440 (RuntimeBroker.exe) parent=1596
2026-09-13 11:38:33 [argus.main] INFO EVENT: PROCESS_STARTED — PID 30132 (taskhostw.exe) parent=2996
2026-09-13 11:38:35 [argus.main] INFO EVENT: PROCESS_STARTED — PID 21428 (powershell.exe) parent=14748
2026-09-13 11:38:35 [argus.main] INFO EVENT: PROCESS_STARTED — PID 24312 (conhost.exe) parent=21428
2026-09-13 11:38:35 [argus.main] INFO EVENT: PROCESS_STARTED — PID 24848 (node.exe) parent=21428
2026-09-13 11:38:35 [argus.main] INFO EVENT: PROCESS_STARTED — PID 30780 (sppsvc.exe) parent=1360
2026-09-13 11:38:38 [argus.main] INFO EVENT: PROCESS_STARTED — PID 11984 (node.exe) parent=16648
2026-09-13 11:38:38 [argus.main] INFO EVENT: PROCESS_STARTED — PID 16648 (node.exe) parent=29516
2026-09-13 11:38:38 [argus.main] INFO EVENT: PROCESS_STARTED — PID 29516 (cmd.exe) parent=24848
2026-09-13 11:38:38 [argus.main] INFO EVENT: PROCESS_TERMINATED — PID 2936 (svchost.exe)
2026-09-13 11:38:38 [argus.main] INFO EVENT: PROCESS_TERMINATED — PID 30132 (taskhostw.exe)
2026-09-13 11:38:40 [argus.main] INFO EVENT: PROCESS_STARTED — PID 10820 (node.exe) parent=11984
2026-09-13 11:38:40 [argus.main] INFO EVENT: PROCESS_STARTED — PID 17308 (node.exe) parent=11984
2026-09-13 11:38:40 [argus.main] INFO EVENT: PROCESS_STARTED — PID 21632 (node.exe) parent=11984
2026-09-13 11:38:42 [argus.main] INFO EVENT: PROCESS_TERMINATED — PID 17308 (node.exe)
2026-09-13 11:38:42 [argus.main] INFO EVENT: PROCESS_TERMINATED — PID 21632 (node.exe)
2026-09-13 11:38:46 [argus.main] INFO EVENT: PROCESS_TERMINATED — PID 21428 (powershell.exe)
2026-09-13 11:38:46 [argus.main] INFO EVENT: PROCESS_TERMINATED — PID 24312 (conhost.exe)
2026-09-13 11:38:46 [argus.main] INFO EVENT: PROCESS_TERMINATED — PID 24848 (node.exe)
2026-09-13 11:38:46 [argus.main] INFO EVENT: PROCESS_TERMINATED — PID 11984 (node.exe)
2026-09-13 11:38:46 [argus.main] INFO EVENT: PROCESS_TERMINATED — PID 16648 (node.exe)
2026-09-13 11:38:46 [argus.main] INFO EVENT: PROCESS_TERMINATED — PID 29516 (cmd.exe)
2026-09-13 11:38:46 [argus.main] INFO EVENT: PROCESS_TERMINATED — PID 10820 (node.exe)
2026-09-13 11:38:47 [argus.file_monitor.scanner] INFO File scan: 4 roots, 17 candidates, 2 findings
2026-09-13 11:39:02 [argus.file_monitor.scanner] INFO File scan: 4 roots, 17 candidates, 2 findings
2026-09-13 11:39:02 [argus.main] INFO EVENT: PROCESS_STARTED — PID 10640 (conhost.exe) parent=26156
2026-09-13 11:39:02 [argus.main] INFO EVENT: PROCESS_STARTED — PID 26156 (powershell.exe) parent=31368
2026-09-13 11:39:04 [argus.main] INFO EVENT: PROCESS_TERMINATED — PID 10640 (conhost.exe)
2026-09-13 11:39:04 [argus.main] INFO EVENT: PROCESS_TERMINATED — PID 26156 (powershell.exe)
2026-09-13 11:39:06 [argus.main] INFO EVENT: PROCESS_STARTED — PID 15260 (powershell.exe) parent=31368
2026-09-13 11:39:06 [argus.main] INFO EVENT: PROCESS_STARTED — PID 17028 (conhost.exe) parent=15260
2026-09-13 11:39:06 [argus.main] INFO EVENT: PROCESS_TERMINATED — PID 30780 (sppsvc.exe)
2026-09-13 11:39:08 [argus.main] INFO EVENT: PROCESS_STARTED — PID 9720 (svchost.exe) parent=1360
2026-09-13 11:39:08 [argus.main] INFO EVENT: PROCESS_TERMINATED — PID 15260 (powershell.exe)
2026-09-13 11:39:08 [argus.main] INFO EVENT: PROCESS_TERMINATED — PID 17028 (conhost.exe)
2026-09-13 11:39:14 [argus.main] INFO EVENT: PROCESS_TERMINATED — PID 7440 (RuntimeBroker.exe)
2026-09-13 11:39:17 [argus.file_monitor.scanner] INFO File scan: 4 roots, 17 candidates, 2 findings
2026-09-13 11:39:22 [argus.main] INFO EVENT: PROCESS_STARTED — PID 3488 (powershell.exe) parent=14748
2026-09-13 11:39:22 [argus.main] INFO EVENT: PROCESS_STARTED — PID 17152 (cmd.exe) parent=3488
2026-09-13 11:39:22 [argus.main] INFO EVENT: PROCESS_STARTED — PID 17916 (node.exe) parent=17152
2026-09-13 11:39:22 [argus.main] INFO EVENT: PROCESS_STARTED — PID 28832 (conhost.exe) parent=3488
2026-09-13 11:39:24 [argus.main] INFO EVENT: PROCESS_STARTED — PID 18516 (node.exe) parent=23324
2026-09-13 11:39:25 [argus.main] INFO EVENT: PROCESS_STARTED — PID 23324 (cmd.exe) parent=17916
2026-09-13 11:39:27 [argus.main] INFO EVENT: PROCESS_TERMINATED — PID 15772 (MoUsoCoreWorker.exe)
2026-09-13 11:39:27 [argus.main] INFO EVENT: PROCESS_TERMINATED — PID 3488 (powershell.exe)
2026-09-13 11:39:27 [argus.main] INFO EVENT: PROCESS_TERMINATED — PID 17152 (cmd.exe)
2026-09-13 11:39:27 [argus.main] INFO EVENT: PROCESS_TERMINATED — PID 17916 (node.exe)
2026-09-13 11:39:27 [argus.main] INFO EVENT: PROCESS_TERMINATED — PID 28832 (conhost.exe)
2026-09-13 11:39:27 [argus.main] INFO EVENT: PROCESS_TERMINATED — PID 18516 (node.exe)
2026-09-13 11:39:27 [argus.main] INFO EVENT: PROCESS_TERMINATED — PID 23324 (cmd.exe)
2026-09-13 11:39:31 [argus.main] INFO EVENT: PROCESS_TERMINATED — PID 22940 (audiodg.exe)
2026-09-13 11:39:32 [argus.file_monitor.scanner] INFO File scan: 4 roots, 17 candidates, 2 findings
2026-09-13 11:39:33 [argus.main] INFO EVENT: PROCESS_STARTED — PID 3948 (powershell.exe) parent=31368
2026-09-13 11:39:33 [argus.main] INFO EVENT: PROCESS_STARTED — PID 22364 (conhost.exe) parent=3948
2026-09-13 11:39:35 [argus.main] INFO EVENT: PROCESS_STARTED — PID 16284 (cmd.exe) parent=17852
2026-09-13 11:39:35 [argus.main] INFO EVENT: PROCESS_STARTED — PID 17852 (powershell.exe) parent=14748
2026-09-13 11:39:35 [argus.main] INFO EVENT: PROCESS_STARTED — PID 26220 (conhost.exe) parent=17852
2026-09-13 11:39:35 [argus.main] INFO EVENT: PROCESS_STARTED — PID 26860 (node.exe) parent=16284
2026-09-13 11:39:35 [argus.main] INFO EVENT: PROCESS_TERMINATED — PID 3948 (powershell.exe)
2026-09-13 11:39:35 [argus.main] INFO EVENT: PROCESS_TERMINATED — PID 22364 (conhost.exe)
2026-09-13 11:39:37 [argus.main] INFO EVENT: PROCESS_STARTED — PID 2648 (node.exe) parent=28992
2026-09-13 11:39:37 [argus.main] INFO EVENT: PROCESS_STARTED — PID 28992 (cmd.exe) parent=26860
2026-09-13 11:39:39 [argus.main] INFO EVENT: PROCESS_TERMINATED — PID 16284 (cmd.exe)
2026-09-13 11:39:39 [argus.main] INFO EVENT: PROCESS_TERMINATED — PID 17852 (powershell.exe)
2026-09-13 11:39:39 [argus.main] INFO EVENT: PROCESS_TERMINATED — PID 26220 (conhost.exe)
2026-09-13 11:39:39 [argus.main] INFO EVENT: PROCESS_TERMINATED — PID 26860 (node.exe)
2026-09-13 11:39:39 [argus.main] INFO EVENT: PROCESS_TERMINATED — PID 2648 (node.exe)
2026-09-13 11:39:39 [argus.main] INFO EVENT: PROCESS_TERMINATED — PID 28992 (cmd.exe)
2026-09-13 11:39:47 [argus.file_monitor.scanner] INFO File scan: 4 roots, 17 candidates, 2 findings
2026-09-13 11:40:02 [argus.file_monitor.scanner] INFO File scan: 4 roots, 17 candidates, 2 findings
2026-09-13 11:40:03 [argus.main] INFO EVENT: PROCESS_STARTED — PID 14264 (conhost.exe) parent=22964
2026-09-13 11:40:03 [argus.main] INFO EVENT: PROCESS_STARTED — PID 22964 (powershell.exe) parent=31368
2026-09-13 11:40:05 [argus.main] INFO EVENT: PROCESS_TERMINATED — PID 14264 (conhost.exe)
2026-09-13 11:40:05 [argus.main] INFO EVENT: PROCESS_TERMINATED — PID 22964 (powershell.exe)
2026-09-13 11:40:07 [argus.main] INFO EVENT: PROCESS_STARTED — PID 21520 (powershell.exe) parent=31368
2026-09-13 11:40:07 [argus.main] INFO EVENT: PROCESS_STARTED — PID 25224 (conhost.exe) parent=21520
2026-09-13 11:40:07 [argus.main] INFO EVENT: PROCESS_TERMINATED — PID 9720 (svchost.exe)
2026-09-13 11:40:09 [argus.main] INFO EVENT: PROCESS_STARTED — PID 6036 (svchost.exe) parent=1360
2026-09-13 11:40:09 [argus.main] INFO EVENT: PROCESS_STARTED — PID 8332 (conhost.exe) parent=26168
2026-09-13 11:40:09 [argus.main] INFO EVENT: PROCESS_STARTED — PID 13776 (cmd.exe) parent=31144
2026-09-13 11:40:09 [argus.main] INFO EVENT: PROCESS_STARTED — PID 25688 (node.exe) parent=13776
2026-09-13 11:40:10 [argus.main] INFO EVENT: PROCESS_STARTED — PID 26168 (powershell.exe) parent=14748
2026-09-13 11:40:10 [argus.main] INFO EVENT: PROCESS_STARTED — PID 31144 (cmd.exe) parent=26168
2026-09-13 11:40:10 [argus.main] INFO EVENT: PROCESS_TERMINATED — PID 21520 (powershell.exe)
2026-09-13 11:40:10 [argus.main] INFO EVENT: PROCESS_TERMINATED — PID 25224 (conhost.exe)
2026-09-13 11:40:12 [argus.main] INFO EVENT: PROCESS_STARTED — PID 5148 (node.exe) parent=17972
2026-09-13 11:40:12 [argus.main] INFO EVENT: PROCESS_STARTED — PID 17972 (cmd.exe) parent=24364
2026-09-13 11:40:12 [argus.main] INFO EVENT: PROCESS_STARTED — PID 24364 (node.exe) parent=31144
2026-09-13 11:40:12 [argus.main] INFO EVENT: PROCESS_TERMINATED — PID 13776 (cmd.exe)
2026-09-13 11:40:12 [argus.main] INFO EVENT: PROCESS_TERMINATED — PID 25688 (node.exe)
2026-09-13 11:40:14 [argus.main] INFO EVENT: PROCESS_TERMINATED — PID 8332 (conhost.exe)
2026-09-13 11:40:14 [argus.main] INFO EVENT: PROCESS_TERMINATED — PID 26168 (powershell.exe)
2026-09-13 11:40:14 [argus.main] INFO EVENT: PROCESS_TERMINATED — PID 31144 (cmd.exe)
2026-09-13 11:40:14 [argus.main] INFO EVENT: PROCESS_TERMINATED — PID 5148 (node.exe)
2026-09-13 11:40:14 [argus.main] INFO EVENT: PROCESS_TERMINATED — PID 17972 (cmd.exe)
2026-09-13 11:40:14 [argus.main] INFO EVENT: PROCESS_TERMINATED — PID 24364 (node.exe)
2026-09-13 11:40:17 [argus.file_monitor.scanner] INFO File scan: 4 roots, 17 candidates, 2 findings
2026-09-13 11:40:28 [argus.main] INFO EVENT: PROCESS_STARTED — PID 9656 (powershell.exe) parent=14748
2026-09-13 11:40:28 [argus.main] INFO EVENT: PROCESS_STARTED — PID 18920 (node.exe) parent=9656
2026-09-13 11:40:28 [argus.main] INFO EVENT: PROCESS_STARTED — PID 21300 (node.exe) parent=24632
2026-09-13 11:40:28 [argus.main] INFO EVENT: PROCESS_STARTED — PID 21476 (conhost.exe) parent=9656
2026-09-13 11:40:28 [argus.main] INFO EVENT: PROCESS_STARTED — PID 24632 (cmd.exe) parent=18920
2026-09-13 11:40:30 [argus.main] INFO EVENT: PROCESS_STARTED — PID 12376 (node.exe) parent=27872
2026-09-13 11:40:30 [argus.main] INFO EVENT: PROCESS_STARTED — PID 13060 (esbuild.exe) parent=12376
2026-09-13 11:40:30 [argus.main] INFO EVENT: PROCESS_STARTED — PID 14640 (node.exe) parent=27872
2026-09-13 11:40:30 [argus.main] INFO EVENT: PROCESS_STARTED — PID 27872 (node.exe) parent=21300
2026-09-13 11:40:32 [argus.file_monitor.scanner] INFO File scan: 4 roots, 17 candidates, 2 findings
2026-09-13 11:40:32 [argus.main] INFO EVENT: PROCESS_TERMINATED — PID 14640 (node.exe)
2026-09-13 11:40:34 [argus.main] INFO EVENT: PROCESS_STARTED — PID 3308 (powershell.exe) parent=31368
2026-09-13 11:40:34 [argus.main] INFO EVENT: PROCESS_STARTED — PID 13616 (conhost.exe) parent=3308
2026-09-13 11:40:36 [argus.main] INFO EVENT: PROCESS_TERMINATED — PID 9656 (powershell.exe)
2026-09-13 11:40:36 [argus.main] INFO EVENT: PROCESS_TERMINATED — PID 18920 (node.exe)
2026-09-13 11:40:36 [argus.main] INFO EVENT: PROCESS_TERMINATED — PID 21300 (node.exe)
2026-09-13 11:40:36 [argus.main] INFO EVENT: PROCESS_TERMINATED — PID 21476 (conhost.exe)
2026-09-13 11:40:36 [argus.main] INFO EVENT: PROCESS_TERMINATED — PID 24632 (cmd.exe)
2026-09-13 11:40:36 [argus.main] INFO EVENT: PROCESS_TERMINATED — PID 12376 (node.exe)
2026-09-13 11:40:36 [argus.main] INFO EVENT: PROCESS_TERMINATED — PID 13060 (esbuild.exe)
2026-09-13 11:40:37 [argus.main] INFO EVENT: PROCESS_TERMINATED — PID 27872 (node.exe)
2026-09-13 11:40:37 [argus.main] INFO EVENT: PROCESS_TERMINATED — PID 3308 (powershell.exe)
2026-09-13 11:40:37 [argus.main] INFO EVENT: PROCESS_TERMINATED — PID 13616 (conhost.exe)
2026-09-13 11:40:39 [argus.main] INFO EVENT: PROCESS_STARTED — PID 15468 (powershell.exe) parent=14748
2026-09-13 11:40:39 [argus.main] INFO EVENT: PROCESS_STARTED — PID 23772 (conhost.exe) parent=15468
2026-09-13 11:40:41 [argus.main] INFO EVENT: PROCESS_STARTED — PID 5716 (cmd.exe) parent=16048
2026-09-13 11:40:41 [argus.main] INFO EVENT: PROCESS_STARTED — PID 11132 (node.exe) parent=5716
2026-09-13 11:40:41 [argus.main] INFO EVENT: PROCESS_STARTED — PID 16048 (node.exe) parent=15468
2026-09-13 11:40:45 [argus.main] INFO EVENT: PROCESS_TERMINATED — PID 15468 (powershell.exe)
2026-09-13 11:40:45 [argus.main] INFO EVENT: PROCESS_TERMINATED — PID 23772 (conhost.exe)
2026-09-13 11:40:45 [argus.main] INFO EVENT: PROCESS_TERMINATED — PID 5716 (cmd.exe)
2026-09-13 11:40:45 [argus.main] INFO EVENT: PROCESS_TERMINATED — PID 11132 (node.exe)
2026-09-13 11:40:45 [argus.main] INFO EVENT: PROCESS_TERMINATED — PID 16048 (node.exe)
2026-09-13 11:40:47 [argus.file_monitor.scanner] INFO File scan: 4 roots, 17 candidates, 2 findings
2026-09-13 11:41:02 [argus.file_monitor.scanner] INFO File scan: 4 roots, 17 candidates, 2 findings
2026-09-13 11:41:07 [argus.main] INFO EVENT: PROCESS_STARTED — PID 19592 (powershell.exe) parent=31368
2026-09-13 11:41:07 [argus.main] INFO EVENT: PROCESS_STARTED — PID 30024 (conhost.exe) parent=19592
2026-09-13 11:41:07 [argus.main] INFO EVENT: PROCESS_TERMINATED — PID 6036 (svchost.exe)
2026-09-13 11:41:09 [argus.main] INFO EVENT: PROCESS_TERMINATED — PID 19592 (powershell.exe)
2026-09-13 11:41:09 [argus.main] INFO EVENT: PROCESS_TERMINATED — PID 30024 (conhost.exe)
2026-09-13 11:41:11 [argus.main] INFO EVENT: PROCESS_STARTED — PID 10800 (conhost.exe) parent=14768
2026-09-13 11:41:11 [argus.main] INFO EVENT: PROCESS_STARTED — PID 14768 (powershell.exe) parent=31368
2026-09-13 11:41:13 [argus.main] INFO EVENT: PROCESS_STARTED — PID 20048 (svchost.exe) parent=1360
2026-09-13 11:41:13 [argus.main] INFO EVENT: PROCESS_TERMINATED — PID 10800 (conhost.exe)
2026-09-13 11:41:13 [argus.main] INFO EVENT: PROCESS_TERMINATED — PID 14768 (powershell.exe)
2026-09-13 11:41:17 [argus.file_monitor.scanner] INFO File scan: 4 roots, 17 candidates, 2 findings
2026-09-13 11:41:32 [argus.file_monitor.scanner] INFO File scan: 4 roots, 17 candidates, 2 findings
2026-09-13 11:41:33 [argus.main] INFO EVENT: PROCESS_STARTED — PID 596 (node.exe) parent=16152
2026-09-13 11:41:33 [argus.main] INFO EVENT: PROCESS_STARTED — PID 12608 (conhost.exe) parent=16152
2026-09-13 11:41:33 [argus.main] INFO EVENT: PROCESS_STARTED — PID 16152 (powershell.exe) parent=14748
2026-09-13 11:41:35 [argus.main] INFO EVENT: PROCESS_STARTED — PID 13980 (node.exe) parent=16428
2026-09-13 11:41:35 [argus.main] INFO EVENT: PROCESS_STARTED — PID 16428 (cmd.exe) parent=596
2026-09-13 11:41:37 [argus.main] INFO EVENT: PROCESS_TERMINATED — PID 596 (node.exe)
2026-09-13 11:41:37 [argus.main] INFO EVENT: PROCESS_TERMINATED — PID 12608 (conhost.exe)
2026-09-13 11:41:37 [argus.main] INFO EVENT: PROCESS_TERMINATED — PID 16152 (powershell.exe)
2026-09-13 11:41:37 [argus.main] INFO EVENT: PROCESS_TERMINATED — PID 13980 (node.exe)
2026-09-13 11:41:37 [argus.main] INFO EVENT: PROCESS_TERMINATED — PID 16428 (cmd.exe)
2026-09-13 11:41:43 [argus.main] INFO EVENT: PROCESS_STARTED — PID 7356 (conhost.exe) parent=15100
2026-09-13 11:41:44 [argus.main] INFO EVENT: PROCESS_STARTED — PID 15100 (powershell.exe) parent=14748
2026-09-13 11:41:44 [argus.main] INFO EVENT: PROCESS_STARTED — PID 28732 (node.exe) parent=15100
2026-09-13 11:41:46 [argus.main] INFO EVENT: PROCESS_STARTED — PID 15920 (node.exe) parent=29868
2026-09-13 11:41:46 [argus.main] INFO EVENT: PROCESS_STARTED — PID 29868 (cmd.exe) parent=28732
2026-09-13 11:41:47 [argus.file_monitor.scanner] INFO File scan: 4 roots, 17 candidates, 2 findings
2026-09-13 11:41:48 [argus.main] INFO EVENT: PROCESS_TERMINATED — PID 7356 (conhost.exe)
2026-09-13 11:41:48 [argus.main] INFO EVENT: PROCESS_TERMINATED — PID 15100 (powershell.exe)
2026-09-13 11:41:48 [argus.main] INFO EVENT: PROCESS_TERMINATED — PID 28732 (node.exe)
2026-09-13 11:41:48 [argus.main] INFO EVENT: PROCESS_TERMINATED — PID 15920 (node.exe)
2026-09-13 11:41:48 [argus.main] INFO EVENT: PROCESS_TERMINATED — PID 29868 (cmd.exe)
2026-09-13 11:41:50 [argus.main] INFO EVENT: PROCESS_STARTED — PID 6368 (powershell.exe) parent=14748
2026-09-13 11:41:50 [argus.main] INFO EVENT: PROCESS_STARTED — PID 16204 (node.exe) parent=6368
2026-09-13 11:41:50 [argus.main] INFO EVENT: PROCESS_STARTED — PID 24152 (conhost.exe) parent=6368
2026-09-13 11:41:52 [argus.main] INFO EVENT: PROCESS_STARTED — PID 13360 (backgroundTaskHost.exe) parent=1596
2026-09-13 11:41:52 [argus.main] INFO EVENT: PROCESS_STARTED — PID 18020 (node.exe) parent=28936
2026-09-13 11:41:52 [argus.main] INFO EVENT: PROCESS_STARTED — PID 20816 (cmd.exe) parent=16204
2026-09-13 11:41:52 [argus.main] INFO EVENT: PROCESS_STARTED — PID 25536 (node.exe) parent=20816
2026-09-13 11:41:52 [argus.main] INFO EVENT: PROCESS_STARTED — PID 28936 (node.exe) parent=25536
2026-09-13 11:41:54 [argus.main] INFO EVENT: PROCESS_STARTED — PID 11984 (node.exe) parent=28936
2026-09-13 11:41:54 [argus.main] INFO EVENT: PROCESS_STARTED — PID 14428 (<unknown-pid-14428>) parent=none
2026-09-13 11:41:54 [argus.main] INFO EVENT: PROCESS_STARTED — PID 25548 (esbuild.exe) parent=18020
2026-09-13 11:41:56 [argus.main] INFO EVENT: PROCESS_STARTED — PID 11888 (WmiPrvSE.exe) parent=1596
2026-09-13 11:41:56 [argus.main] INFO EVENT: PROCESS_STARTED — PID 16752 (chrome.exe) parent=20496
2026-09-13 11:41:56 [argus.main] INFO EVENT: PROCESS_STARTED — PID 22344 (chrome.exe) parent=20496
2026-09-13 11:41:56 [argus.main] INFO EVENT: PROCESS_STARTED — PID 23576 (chrome.exe) parent=20496
2026-09-13 11:41:57 [argus.main] INFO EVENT: PROCESS_STARTED — PID 25216 (RuntimeBroker.exe) parent=1596
2026-09-13 11:41:57 [argus.main] INFO EVENT: PROCESS_TERMINATED — PID 19480 (chrome.exe)
2026-09-13 11:41:57 [argus.main] INFO EVENT: PROCESS_TERMINATED — PID 11984 (node.exe)
2026-09-13 11:41:57 [argus.main] INFO EVENT: PROCESS_TERMINATED — PID 14428 (<unknown-pid-14428>)
2026-09-13 11:41:59 [argus.main] INFO EVENT: PROCESS_STARTED — PID 30780 (chrome.exe) parent=20496
2026-09-13 11:42:01 [argus.main] INFO EVENT: PROCESS_TERMINATED — PID 6368 (powershell.exe)
2026-09-13 11:42:01 [argus.main] INFO EVENT: PROCESS_TERMINATED — PID 16204 (node.exe)
2026-09-13 11:42:01 [argus.main] INFO EVENT: PROCESS_TERMINATED — PID 24152 (conhost.exe)
2026-09-13 11:42:01 [argus.main] INFO EVENT: PROCESS_TERMINATED — PID 18020 (node.exe)
2026-09-13 11:42:01 [argus.main] INFO EVENT: PROCESS_TERMINATED — PID 20816 (cmd.exe)
2026-09-13 11:42:01 [argus.main] INFO EVENT: PROCESS_TERMINATED — PID 25536 (node.exe)
2026-09-13 11:42:01 [argus.main] INFO EVENT: PROCESS_TERMINATED — PID 28936 (node.exe)
2026-09-13 11:42:01 [argus.main] INFO EVENT: PROCESS_TERMINATED — PID 25548 (esbuild.exe)
2026-09-13 11:42:02 [argus.file_monitor.scanner] INFO File scan: 4 roots, 17 candidates, 2 findings
2026-09-13 11:42:07 [argus.main] INFO EVENT: PROCESS_STARTED — PID 13696 (chrome.exe) parent=20496
2026-09-13 11:42:07 [argus.main] INFO EVENT: PROCESS_TERMINATED — PID 20048 (svchost.exe)
2026-09-13 11:42:07 [argus.main] INFO EVENT: PROCESS_TERMINATED — PID 22344 (chrome.exe)
2026-09-13 11:42:09 [argus.main] INFO EVENT: PROCESS_STARTED — PID 14012 (chrome.exe) parent=20496
2026-09-13 11:42:11 [argus.main] INFO EVENT: PROCESS_STARTED — PID 12692 (powershell.exe) parent=31368
2026-09-13 11:42:11 [argus.main] INFO EVENT: PROCESS_STARTED — PID 13864 (conhost.exe) parent=22716
2026-09-13 11:42:11 [argus.main] INFO EVENT: PROCESS_STARTED — PID 22716 (powershell.exe) parent=14748
2026-09-13 11:42:11 [argus.main] INFO EVENT: PROCESS_STARTED — PID 23156 (chrome.exe) parent=20496
2026-09-13 11:42:11 [argus.main] INFO EVENT: PROCESS_STARTED — PID 30076 (conhost.exe) parent=12692
2026-09-13 11:42:13 [argus.main] INFO EVENT: PROCESS_STARTED — PID 20136 (chrome.exe) parent=20496
2026-09-13 11:42:13 [argus.main] INFO EVENT: PROCESS_TERMINATED — PID 12692 (powershell.exe)
2026-09-13 11:42:13 [argus.main] INFO EVENT: PROCESS_TERMINATED — PID 13864 (conhost.exe)
2026-09-13 11:42:13 [argus.main] INFO EVENT: PROCESS_TERMINATED — PID 22716 (powershell.exe)
2026-09-13 11:42:13 [argus.main] INFO EVENT: PROCESS_TERMINATED — PID 30076 (conhost.exe)
2026-09-13 11:42:15 [argus.main] INFO EVENT: PROCESS_STARTED — PID 12232 (powershell.exe) parent=31368
2026-09-13 11:42:16 [argus.main] INFO EVENT: PROCESS_STARTED — PID 18516 (conhost.exe) parent=12232
2026-09-13 11:42:16 [argus.main] INFO EVENT: PROCESS_STARTED — PID 25356 (chrome.exe) parent=20496
2026-09-13 11:42:16 [argus.main] INFO EVENT: PROCESS_STARTED — PID 26964 (chrome.exe) parent=20496
2026-09-13 11:42:16 [argus.main] INFO EVENT: PROCESS_STARTED — PID 29304 (audiodg.exe) parent=3388
2026-09-13 11:42:18 [argus.main] INFO EVENT: PROCESS_STARTED — PID 7472 (svchost.exe) parent=1360
2026-09-13 11:42:18 [argus.file_monitor.scanner] INFO File scan: 4 roots, 17 candidates, 2 findings
2026-09-13 11:42:20 [argus.main] INFO EVENT: PROCESS_TERMINATED — PID 12232 (powershell.exe)
2026-09-13 11:42:20 [argus.main] INFO EVENT: PROCESS_TERMINATED — PID 18516 (conhost.exe)
2026-09-13 11:42:22 [argus.main] INFO EVENT: PROCESS_STARTED — PID 16076 (conhost.exe) parent=25000
2026-09-13 11:42:22 [argus.main] INFO EVENT: PROCESS_STARTED — PID 20176 (node.exe) parent=25000
2026-09-13 11:42:22 [argus.main] INFO EVENT: PROCESS_STARTED — PID 25000 (powershell.exe) parent=14748
2026-09-13 11:42:22 [argus.main] INFO EVENT: PROCESS_TERMINATED — PID 13696 (chrome.exe)
2026-09-13 11:42:24 [argus.main] INFO EVENT: PROCESS_STARTED — PID 6624 (cmd.exe) parent=20176
2026-09-13 11:42:24 [argus.main] INFO EVENT: PROCESS_STARTED — PID 19184 (node.exe) parent=25444
2026-09-13 11:42:24 [argus.main] INFO EVENT: PROCESS_STARTED — PID 25444 (cmd.exe) parent=27220
2026-09-13 11:42:24 [argus.main] INFO EVENT: PROCESS_STARTED — PID 27220 (node.exe) parent=6624
2026-09-13 11:42:26 [argus.main] INFO EVENT: PROCESS_STARTED — PID 10144 (node.exe) parent=6624
2026-09-13 11:42:26 [argus.main] INFO EVENT: PROCESS_TERMINATED — PID 19184 (node.exe)
2026-09-13 11:42:26 [argus.main] INFO EVENT: PROCESS_TERMINATED — PID 25444 (cmd.exe)
2026-09-13 11:42:27 [argus.main] INFO EVENT: PROCESS_TERMINATED — PID 27220 (node.exe)
2026-09-13 11:42:29 [argus.main] INFO EVENT: PROCESS_STARTED — PID 4896 (cmd.exe) parent=10144
2026-09-13 11:42:29 [argus.main] INFO EVENT: PROCESS_STARTED — PID 12824 (cmd.exe) parent=10144
2026-09-13 11:42:29 [argus.main] INFO EVENT: PROCESS_STARTED — PID 20132 (cmd.exe) parent=10144
2026-09-13 11:42:29 [argus.main] INFO EVENT: PROCESS_STARTED — PID 24124 (cmd.exe) parent=10144
2026-09-13 11:42:29 [argus.main] INFO EVENT: PROCESS_STARTED — PID 24444 (node.exe) parent=12824
2026-09-13 11:42:29 [argus.main] INFO EVENT: PROCESS_STARTED — PID 28880 (node.exe) parent=4896
2026-09-13 11:42:29 [argus.main] INFO EVENT: PROCESS_STARTED — PID 30852 (node.exe) parent=20132
2026-09-13 11:42:29 [argus.main] INFO EVENT: PROCESS_STARTED — PID 31596 (node.exe) parent=24124
2026-09-13 11:42:31 [argus.main] INFO EVENT: PROCESS_STARTED — PID 15000 (chrome.exe) parent=20496
2026-09-13 11:42:31 [argus.main] INFO EVENT: PROCESS_TERMINATED — PID 12824 (cmd.exe)
2026-09-13 11:42:31 [argus.main] INFO EVENT: PROCESS_TERMINATED — PID 20132 (cmd.exe)
2026-09-13 11:42:31 [argus.main] INFO EVENT: PROCESS_TERMINATED — PID 24444 (node.exe)
2026-09-13 11:42:31 [argus.main] INFO EVENT: PROCESS_TERMINATED — PID 30852 (node.exe)
2026-09-13 11:42:33 [argus.main] INFO EVENT: PROCESS_TERMINATED — PID 4896 (cmd.exe)
2026-09-13 11:42:33 [argus.main] INFO EVENT: PROCESS_TERMINATED — PID 28880 (node.exe)
2026-09-13 11:42:33 [argus.file_monitor.scanner] INFO File scan: 4 roots, 17 candidates, 2 findings
2026-09-13 11:42:35 [argus.main] INFO EVENT: PROCESS_STARTED — PID 20256 (chrome.exe) parent=20496
2026-09-13 11:42:35 [argus.main] INFO EVENT: PROCESS_TERMINATED — PID 16076 (conhost.exe)
2026-09-13 11:42:35 [argus.main] INFO EVENT: PROCESS_TERMINATED — PID 20176 (node.exe)
2026-09-13 11:42:35 [argus.main] INFO EVENT: PROCESS_TERMINATED — PID 25000 (powershell.exe)
2026-09-13 11:42:35 [argus.main] INFO EVENT: PROCESS_TERMINATED — PID 6624 (cmd.exe)
2026-09-13 11:42:35 [argus.main] INFO EVENT: PROCESS_TERMINATED — PID 10144 (node.exe)
2026-09-13 11:42:35 [argus.main] INFO EVENT: PROCESS_TERMINATED — PID 24124 (cmd.exe)
2026-09-13 11:42:35 [argus.main] INFO EVENT: PROCESS_TERMINATED — PID 31596 (node.exe)
2026-09-13 11:42:37 [argus.main] INFO EVENT: PROCESS_STARTED — PID 16380 (chrome.exe) parent=20496
2026-09-13 11:42:38 [argus.main] INFO EVENT: PROCESS_TERMINATED — PID 20256 (chrome.exe)
2026-09-13 11:42:40 [argus.main] INFO EVENT: PROCESS_STARTED — PID 2912 (conhost.exe) parent=14316
2026-09-13 11:42:40 [argus.main] INFO EVENT: PROCESS_STARTED — PID 14316 (powershell.exe) parent=14748
2026-09-13 11:42:40 [argus.main] INFO EVENT: PROCESS_STARTED — PID 23684 (node.exe) parent=14316
2026-09-13 11:42:42 [argus.main] INFO EVENT: PROCESS_STARTED — PID 12636 (conhost.exe) parent=13308
2026-09-13 11:42:42 [argus.main] INFO EVENT: PROCESS_STARTED — PID 13308 (powershell.exe) parent=31368
2026-09-13 11:42:42 [argus.main] INFO EVENT: PROCESS_TERMINATED — PID 2912 (conhost.exe)
2026-09-13 11:42:42 [argus.main] INFO EVENT: PROCESS_TERMINATED — PID 14316 (powershell.exe)
2026-09-13 11:42:42 [argus.main] INFO EVENT: PROCESS_TERMINATED — PID 23684 (node.exe)
2026-09-13 11:42:44 [argus.main] INFO EVENT: PROCESS_TERMINATED — PID 12636 (conhost.exe)
2026-09-13 11:42:44 [argus.main] INFO EVENT: PROCESS_TERMINATED — PID 13308 (powershell.exe)
2026-09-13 11:42:47 [argus.file_monitor.scanner] INFO File scan: 4 roots, 17 candidates, 2 findings
2026-09-13 11:42:48 [argus.main] INFO EVENT: PROCESS_TERMINATED — PID 15000 (chrome.exe)
2026-09-13 11:42:58 [argus.main] INFO EVENT: PROCESS_TERMINATED — PID 13360 (backgroundTaskHost.exe)
2026-09-13 11:42:58 [argus.main] INFO EVENT: PROCESS_TERMINATED — PID 11888 (WmiPrvSE.exe)
2026-09-13 11:43:00 [argus.main] INFO EVENT: PROCESS_STARTED — PID 14072 (powershell.exe) parent=14748
2026-09-13 11:43:00 [argus.main] INFO EVENT: PROCESS_STARTED — PID 23344 (conhost.exe) parent=14072
2026-09-13 11:43:02 [argus.file_monitor.scanner] INFO File scan: 4 roots, 17 candidates, 2 findings
2026-09-13 11:43:04 [argus.main] INFO EVENT: PROCESS_TERMINATED — PID 14072 (powershell.exe)
2026-09-13 11:43:04 [argus.main] INFO EVENT: PROCESS_TERMINATED — PID 23344 (conhost.exe)
2026-09-13 11:43:06 [argus.main] INFO EVENT: PROCESS_STARTED — PID 5188 (powershell.exe) parent=14748
2026-09-13 11:43:06 [argus.main] INFO EVENT: PROCESS_STARTED — PID 18080 (conhost.exe) parent=5188
2026-09-13 11:43:06 [argus.main] INFO EVENT: PROCESS_TERMINATED — PID 7472 (svchost.exe)
2026-09-13 11:43:08 [argus.main] INFO EVENT: PROCESS_TERMINATED — PID 5188 (powershell.exe)
2026-09-13 11:43:08 [argus.main] INFO EVENT: PROCESS_TERMINATED — PID 18080 (conhost.exe)
2026-09-13 11:43:10 [argus.main] INFO EVENT: PROCESS_STARTED — PID 24932 (conhost.exe) parent=27940
2026-09-13 11:43:15 [argus.main] INFO EVENT: PROCESS_TERMINATED — PID 18188 (node.exe)
2026-09-13 11:43:17 [argus.file_monitor.scanner] INFO File scan: 4 roots, 17 candidates, 2 findings
2026-09-13 11:43:18 [argus.main] INFO EVENT: PROCESS_TERMINATED — PID 24496 (conhost.exe)
2026-09-13 11:43:20 [argus.main] INFO EVENT: PROCESS_STARTED — PID 8440 (powershell.exe) parent=31368
2026-09-13 11:43:20 [argus.main] INFO EVENT: PROCESS_STARTED — PID 11488 (conhost.exe) parent=15232
2026-09-13 11:43:20 [argus.main] INFO EVENT: PROCESS_STARTED — PID 14820 (conhost.exe) parent=29192
2026-09-13 11:43:20 [argus.main] INFO EVENT: PROCESS_STARTED — PID 15232 (node.exe) parent=29192
2026-09-13 11:43:21 [argus.main] INFO EVENT: PROCESS_STARTED — PID 18836 (conhost.exe) parent=8440
2026-09-13 11:43:21 [argus.main] INFO EVENT: PROCESS_STARTED — PID 25176 (svchost.exe) parent=1360
2026-09-13 11:43:21 [argus.main] INFO EVENT: PROCESS_STARTED — PID 29192 (powershell.exe) parent=14748
2026-09-13 11:43:21 [argus.main] INFO EVENT: PROCESS_TERMINATED — PID 24932 (conhost.exe)
2026-09-13 11:43:23 [argus.main] INFO EVENT: PROCESS_TERMINATED — PID 8440 (powershell.exe)
2026-09-13 11:43:23 [argus.main] INFO EVENT: PROCESS_TERMINATED — PID 18836 (conhost.exe)
2026-09-13 11:43:25 [argus.main] INFO EVENT: PROCESS_TERMINATED — PID 14820 (conhost.exe)
2026-09-13 11:43:25 [argus.main] INFO EVENT: PROCESS_TERMINATED — PID 29192 (powershell.exe)
2026-09-13 11:43:29 [argus.main] INFO EVENT: PROCESS_TERMINATED — PID 25216 (RuntimeBroker.exe)
2026-09-13 11:43:31 [argus.main] INFO EVENT: PROCESS_STARTED — PID 11808 (svchost.exe) parent=1360
2026-09-13 11:43:32 [argus.file_monitor.scanner] INFO File scan: 4 roots, 17 candidates, 2 findings
2026-09-13 11:43:41 [argus.main] INFO EVENT: PROCESS_STARTED — PID 9004 (postgres.exe) parent=14392
2026-09-13 11:43:43 [argus.main] INFO EVENT: PROCESS_TERMINATED — PID 9004 (postgres.exe)
2026-09-13 11:43:47 [argus.file_monitor.scanner] INFO File scan: 4 roots, 17 candidates, 2 findings
2026-09-13 11:44:02 [argus.file_monitor.scanner] INFO File scan: 4 roots, 17 candidates, 2 findings
2026-09-13 11:44:07 [argus.main] INFO EVENT: PROCESS_TERMINATED — PID 25176 (svchost.exe)
2026-09-13 11:44:17 [argus.file_monitor.scanner] INFO File scan: 4 roots, 17 candidates, 2 findings
2026-09-13 11:44:21 [argus.main] INFO EVENT: PROCESS_STARTED — PID 2600 (conhost.exe) parent=26668
2026-09-13 11:44:21 [argus.main] INFO EVENT: PROCESS_STARTED — PID 16260 (chrome.exe) parent=20496
2026-09-13 11:44:21 [argus.main] INFO EVENT: PROCESS_STARTED — PID 26668 (powershell.exe) parent=31368
2026-09-13 11:44:21 [argus.main] INFO EVENT: PROCESS_TERMINATED — PID 16380 (chrome.exe)
2026-09-13 11:44:23 [argus.main] INFO EVENT: PROCESS_STARTED — PID 29800 (svchost.exe) parent=1360
2026-09-13 11:44:23 [argus.main] INFO EVENT: PROCESS_TERMINATED — PID 2600 (conhost.exe)
2026-09-13 11:44:23 [argus.main] INFO EVENT: PROCESS_TERMINATED — PID 26668 (powershell.exe)
2026-09-13 11:44:25 [argus.main] INFO EVENT: PROCESS_STARTED — PID 10212 (powershell.exe) parent=31368
2026-09-13 11:44:25 [argus.main] INFO EVENT: PROCESS_STARTED — PID 18856 (conhost.exe) parent=10212
2026-09-13 11:44:27 [argus.main] INFO EVENT: PROCESS_TERMINATED — PID 10212 (powershell.exe)
2026-09-13 11:44:28 [argus.main] INFO EVENT: PROCESS_TERMINATED — PID 18856 (conhost.exe)
2026-09-13 11:44:32 [argus.file_monitor.scanner] INFO File scan: 4 roots, 17 candidates, 2 findings
2026-09-13 11:44:36 [argus.main] INFO EVENT: PROCESS_STARTED — PID 21428 (chrome.exe) parent=20496
2026-09-13 11:44:38 [argus.main] INFO EVENT: PROCESS_STARTED — PID 14608 (chrome.exe) parent=20496
2026-09-13 11:44:42 [argus.main] INFO EVENT: PROCESS_STARTED — PID 15116 (chrome.exe) parent=20496
2026-09-13 11:44:42 [argus.main] INFO EVENT: PROCESS_TERMINATED — PID 14608 (chrome.exe)
2026-09-13 11:44:47 [argus.file_monitor.scanner] INFO File scan: 4 roots, 17 candidates, 2 findings
2026-09-13 11:44:48 [argus.main] INFO EVENT: PROCESS_TERMINATED — PID 16260 (chrome.exe)
2026-09-13 11:45:02 [argus.file_monitor.scanner] INFO File scan: 4 roots, 17 candidates, 2 findings
2026-09-13 11:45:08 [argus.main] INFO EVENT: PROCESS_TERMINATED — PID 29800 (svchost.exe)
2026-09-13 11:45:17 [argus.file_monitor.scanner] INFO File scan: 4 roots, 17 candidates, 2 findings
2026-09-13 11:45:20 [argus.main] INFO EVENT: PROCESS_STARTED — PID 21324 (conhost.exe) parent=25296
2026-09-13 11:45:20 [argus.main] INFO EVENT: PROCESS_STARTED — PID 25296 (cmd.exe) parent=14748
2026-09-13 11:45:20 [argus.main] INFO EVENT: PROCESS_STARTED — PID 29632 (taskkill.exe) parent=25296
2026-09-13 11:45:22 [argus.main] INFO EVENT: PROCESS_STARTED — PID 24212 (powershell.exe) parent=31368
2026-09-13 11:45:22 [argus.main] INFO EVENT: PROCESS_STARTED — PID 30736 (conhost.exe) parent=24212
2026-09-13 11:45:22 [argus.main] INFO EVENT: PROCESS_TERMINATED — PID 21324 (conhost.exe)
2026-09-13 11:45:22 [argus.main] INFO EVENT: PROCESS_TERMINATED — PID 25296 (cmd.exe)
2026-09-13 11:45:22 [argus.main] INFO EVENT: PROCESS_TERMINATED — PID 29632 (taskkill.exe)
2026-09-13 11:45:24 [argus.main] INFO EVENT: PROCESS_STARTED — PID 604 (svchost.exe) parent=1360
2026-09-13 11:45:24 [argus.main] INFO EVENT: PROCESS_TERMINATED — PID 24212 (powershell.exe)
2026-09-13 11:45:24 [argus.main] INFO EVENT: PROCESS_TERMINATED — PID 30736 (conhost.exe)
2026-09-13 11:45:26 [argus.main] INFO EVENT: PROCESS_TERMINATED — PID 14012 (chrome.exe)
2026-09-13 11:45:26 [argus.main] INFO EVENT: PROCESS_TERMINATED — PID 25356 (chrome.exe)
2026-09-13 11:45:28 [argus.main] INFO EVENT: PROCESS_STARTED — PID 16320 (chrome.exe) parent=20496
2026-09-13 11:45:31 [argus.main] INFO EVENT: PROCESS_STARTED — PID 25376 (conhost.exe) parent=25932
2026-09-13 11:45:31 [argus.main] INFO EVENT: PROCESS_STARTED — PID 25932 (powershell.exe) parent=31368
2026-09-13 11:45:31 [argus.main] INFO EVENT: PROCESS_STARTED — PID 29604 (chrome.exe) parent=20496
2026-09-13 11:45:31 [argus.main] INFO EVENT: PROCESS_TERMINATED — PID 26964 (chrome.exe)
2026-09-13 11:45:32 [argus.file_monitor.scanner] INFO File scan: 4 roots, 17 candidates, 2 findings
2026-09-13 11:45:33 [argus.main] INFO EVENT: PROCESS_STARTED — PID 29576 (chrome.exe) parent=20496
2026-09-13 11:45:33 [argus.main] INFO EVENT: PROCESS_TERMINATED — PID 25376 (conhost.exe)
2026-09-13 11:45:33 [argus.main] INFO EVENT: PROCESS_TERMINATED — PID 25932 (powershell.exe)
2026-09-13 11:45:39 [argus.main] INFO EVENT: PROCESS_TERMINATED — PID 15116 (chrome.exe)
2026-09-13 11:45:47 [argus.file_monitor.scanner] INFO File scan: 4 roots, 17 candidates, 2 findings
2026-09-13 11:46:01 [argus.main] INFO EVENT: PROCESS_STARTED — PID 29756 (powershell.exe) parent=31368
2026-09-13 11:46:01 [argus.main] INFO EVENT: PROCESS_STARTED — PID 30612 (conhost.exe) parent=29756
2026-09-13 11:46:02 [argus.file_monitor.scanner] INFO File scan: 4 roots, 17 candidates, 2 findings
2026-09-13 11:46:03 [argus.main] INFO EVENT: PROCESS_TERMINATED — PID 29756 (powershell.exe)
2026-09-13 11:46:03 [argus.main] INFO EVENT: PROCESS_TERMINATED — PID 30612 (conhost.exe)
2026-09-13 11:46:07 [argus.main] INFO EVENT: PROCESS_TERMINATED — PID 604 (svchost.exe)
2026-09-13 11:46:17 [argus.file_monitor.scanner] INFO File scan: 4 roots, 17 candidates, 2 findings
2026-09-13 11:46:17 [argus.main] INFO EVENT: PROCESS_STARTED — PID 2132 (chrome.exe) parent=20496
2026-09-13 11:46:19 [argus.main] INFO EVENT: PROCESS_STARTED — PID 30708 (chrome.exe) parent=20496
2026-09-13 11:46:25 [argus.main] INFO EVENT: PROCESS_STARTED — PID 23380 (conhost.exe) parent=31324
2026-09-13 11:46:25 [argus.main] INFO EVENT: PROCESS_STARTED — PID 31324 (powershell.exe) parent=31368
2026-09-13 11:46:27 [argus.main] INFO EVENT: PROCESS_STARTED — PID 9868 (svchost.exe) parent=1360
2026-09-13 11:46:27 [argus.main] INFO EVENT: PROCESS_TERMINATED — PID 23380 (conhost.exe)
2026-09-13 11:46:27 [argus.main] INFO EVENT: PROCESS_TERMINATED — PID 31324 (powershell.exe)
2026-09-13 11:46:31 [argus.main] INFO EVENT: PROCESS_TERMINATED — PID 2132 (chrome.exe)
2026-09-13 11:46:32 [argus.file_monitor.scanner] INFO File scan: 4 roots, 17 candidates, 2 findings
2026-09-13 11:46:33 [argus.main] INFO EVENT: PROCESS_STARTED — PID 10388 (conhost.exe) parent=20720
2026-09-13 11:46:33 [argus.main] INFO EVENT: PROCESS_STARTED — PID 20720 (powershell.exe) parent=31368
2026-09-13 11:46:33 [argus.main] INFO EVENT: PROCESS_STARTED — PID 21216 (chrome.exe) parent=20496
2026-09-13 11:46:33 [argus.main] INFO EVENT: PROCESS_TERMINATED — PID 30708 (chrome.exe)
2026-09-13 11:46:35 [argus.main] INFO EVENT: PROCESS_TERMINATED — PID 10388 (conhost.exe)
2026-09-13 11:46:35 [argus.main] INFO EVENT: PROCESS_TERMINATED — PID 20720 (powershell.exe)
2026-09-13 11:46:47 [argus.file_monitor.scanner] INFO File scan: 4 roots, 17 candidates, 2 findings
2026-09-13 11:47:02 [argus.file_monitor.scanner] INFO File scan: 4 roots, 17 candidates, 2 findings
2026-09-13 11:47:08 [argus.main] INFO EVENT: PROCESS_TERMINATED — PID 9868 (svchost.exe)
2026-09-13 11:47:17 [argus.file_monitor.scanner] INFO File scan: 4 roots, 17 candidates, 2 findings
2026-09-13 11:47:22 [argus.main] INFO EVENT: PROCESS_STARTED — PID 440 (<unknown-pid-440>) parent=14392
2026-09-13 11:47:24 [argus.main] INFO EVENT: PROCESS_TERMINATED — PID 440 (<unknown-pid-440>)
2026-09-13 11:47:28 [argus.main] INFO EVENT: PROCESS_STARTED — PID 9208 (powershell.exe) parent=31368
2026-09-13 11:47:28 [argus.main] INFO EVENT: PROCESS_STARTED — PID 16912 (conhost.exe) parent=9208
2026-09-13 11:47:30 [argus.main] INFO EVENT: PROCESS_STARTED — PID 6672 (svchost.exe) parent=1360
2026-09-13 11:47:30 [argus.main] INFO EVENT: PROCESS_TERMINATED — PID 9208 (powershell.exe)
2026-09-13 11:47:30 [argus.main] INFO EVENT: PROCESS_TERMINATED — PID 16912 (conhost.exe)
2026-09-13 11:47:32 [argus.file_monitor.scanner] INFO File scan: 4 roots, 17 candidates, 2 findings
2026-09-13 11:47:47 [argus.file_monitor.scanner] INFO File scan: 4 roots, 17 candidates, 2 findings
2026-09-13 11:47:52 [argus.main] INFO EVENT: PROCESS_STARTED — PID 8552 (backgroundTaskHost.exe) parent=1596
2026-09-13 11:47:52 [argus.main] INFO EVENT: PROCESS_STARTED — PID 26900 (backgroundTaskHost.exe) parent=1596
2026-09-13 11:48:02 [argus.file_monitor.scanner] INFO File scan: 4 roots, 17 candidates, 2 findings
2026-09-13 11:48:08 [argus.main] INFO EVENT: PROCESS_TERMINATED — PID 6672 (svchost.exe)
2026-09-13 11:48:17 [argus.file_monitor.scanner] INFO File scan: 4 roots, 17 candidates, 2 findings
2026-09-13 11:48:24 [argus.main] INFO EVENT: PROCESS_STARTED — PID 28232 (chrome.exe) parent=20496
2026-09-13 11:48:24 [argus.main] INFO EVENT: PROCESS_TERMINATED — PID 21216 (chrome.exe)
2026-09-13 11:48:30 [argus.main] INFO EVENT: PROCESS_STARTED — PID 25548 (conhost.exe) parent=30728
2026-09-13 11:48:30 [argus.main] INFO EVENT: PROCESS_STARTED — PID 30728 (powershell.exe) parent=31368
2026-09-13 11:48:32 [argus.file_monitor.scanner] INFO File scan: 4 roots, 17 candidates, 2 findings
2026-09-13 11:48:32 [argus.main] INFO EVENT: PROCESS_STARTED — PID 17968 (svchost.exe) parent=1360
2026-09-13 11:48:32 [argus.main] INFO EVENT: PROCESS_TERMINATED — PID 25548 (conhost.exe)
2026-09-13 11:48:32 [argus.main] INFO EVENT: PROCESS_TERMINATED — PID 30728 (powershell.exe)
2026-09-13 11:48:40 [argus.main] INFO EVENT: PROCESS_STARTED — PID 20212 (powershell.exe) parent=31368
2026-09-13 11:48:41 [argus.main] INFO EVENT: PROCESS_STARTED — PID 28876 (conhost.exe) parent=20212
2026-09-13 11:48:43 [argus.main] INFO EVENT: PROCESS_TERMINATED — PID 20212 (powershell.exe)
2026-09-13 11:48:43 [argus.main] INFO EVENT: PROCESS_TERMINATED — PID 28876 (conhost.exe)
2026-09-13 11:48:47 [argus.file_monitor.scanner] INFO File scan: 4 roots, 17 candidates, 2 findings
2026-09-13 11:48:51 [argus.main] INFO EVENT: PROCESS_STARTED — PID 7048 (chrome.exe) parent=20496
2026-09-13 11:48:51 [argus.main] INFO EVENT: PROCESS_STARTED — PID 26308 (chrome.exe) parent=20496
2026-09-13 11:48:53 [argus.main] INFO EVENT: PROCESS_TERMINATED — PID 8552 (backgroundTaskHost.exe)
2026-09-13 11:48:53 [argus.main] INFO EVENT: PROCESS_TERMINATED — PID 26900 (backgroundTaskHost.exe)
2026-09-13 11:48:55 [argus.main] INFO EVENT: PROCESS_STARTED — PID 12416 (chrome.exe) parent=20496
2026-09-13 11:48:55 [argus.main] INFO EVENT: PROCESS_STARTED — PID 29552 (chrome.exe) parent=20496
2026-09-13 11:48:55 [argus.main] INFO EVENT: PROCESS_TERMINATED — PID 28232 (chrome.exe)
2026-09-13 11:48:57 [argus.main] INFO EVENT: PROCESS_TERMINATED — PID 16752 (chrome.exe)
2026-09-13 11:48:57 [argus.main] INFO EVENT: PROCESS_TERMINATED — PID 23156 (chrome.exe)
2026-09-13 11:48:57 [argus.main] INFO EVENT: PROCESS_TERMINATED — PID 20136 (chrome.exe)
2026-09-13 11:48:57 [argus.main] INFO EVENT: PROCESS_TERMINATED — PID 21428 (chrome.exe)
2026-09-13 11:48:57 [argus.main] INFO EVENT: PROCESS_TERMINATED — PID 16320 (chrome.exe)
2026-09-13 11:48:57 [argus.main] INFO EVENT: PROCESS_TERMINATED — PID 29604 (chrome.exe)
2026-09-13 11:48:57 [argus.main] INFO EVENT: PROCESS_TERMINATED — PID 29576 (chrome.exe)
2026-09-13 11:48:59 [argus.main] INFO EVENT: PROCESS_STARTED — PID 17356 (chrome.exe) parent=20496
2026-09-13 11:49:02 [argus.file_monitor.scanner] INFO File scan: 4 roots, 17 candidates, 2 findings
2026-09-13 11:49:07 [argus.main] INFO EVENT: PROCESS_TERMINATED — PID 17968 (svchost.exe)
2026-09-13 11:49:07 [argus.main] INFO EVENT: PROCESS_TERMINATED — PID 29552 (chrome.exe)
2026-09-13 11:49:09 [argus.main] INFO EVENT: PROCESS_STARTED — PID 18984 (chrome.exe) parent=20496
2026-09-13 11:49:11 [argus.main] INFO EVENT: PROCESS_STARTED — PID 11084 (chrome.exe) parent=20496
2026-09-13 11:49:11 [argus.main] INFO EVENT: PROCESS_TERMINATED — PID 18984 (chrome.exe)
2026-09-13 11:49:13 [argus.main] INFO EVENT: PROCESS_STARTED — PID 21460 (conhost.exe) parent=22552
2026-09-13 11:49:13 [argus.main] INFO EVENT: PROCESS_STARTED — PID 22552 (powershell.exe) parent=31368
2026-09-13 11:49:15 [argus.main] INFO EVENT: PROCESS_TERMINATED — PID 21460 (conhost.exe)
2026-09-13 11:49:15 [argus.main] INFO EVENT: PROCESS_TERMINATED — PID 22552 (powershell.exe)
2026-09-13 11:49:17 [argus.file_monitor.scanner] INFO File scan: 4 roots, 17 candidates, 2 findings
2026-09-13 11:49:17 [argus.main] INFO EVENT: PROCESS_STARTED — PID 26772 (chrome.exe) parent=20496
2026-09-13 11:49:17 [argus.main] INFO EVENT: PROCESS_TERMINATED — PID 17356 (chrome.exe)
2026-09-13 11:49:19 [argus.main] INFO EVENT: PROCESS_STARTED — PID 28568 (chrome.exe) parent=20496
2026-09-13 11:49:23 [argus.main] INFO EVENT: PROCESS_STARTED — PID 5904 (chrome.exe) parent=20496
2026-09-13 11:49:29 [argus.main] INFO EVENT: PROCESS_STARTED — PID 17852 (chrome.exe) parent=20496
2026-09-13 11:49:29 [argus.main] INFO EVENT: PROCESS_TERMINATED — PID 7048 (chrome.exe)
2026-09-13 11:49:32 [argus.main] INFO EVENT: PROCESS_STARTED — PID 6292 (conhost.exe) parent=12400
2026-09-13 11:49:32 [argus.main] INFO EVENT: PROCESS_STARTED — PID 12400 (powershell.exe) parent=31368
2026-09-13 11:49:32 [argus.main] INFO EVENT: PROCESS_TERMINATED — PID 26772 (chrome.exe)
2026-09-13 11:49:33 [argus.file_monitor.scanner] INFO File scan: 4 roots, 17 candidates, 2 findings
2026-09-13 11:49:34 [argus.main] INFO EVENT: PROCESS_STARTED — PID 7220 (svchost.exe) parent=1360
2026-09-13 11:49:34 [argus.main] INFO EVENT: PROCESS_TERMINATED — PID 6292 (conhost.exe)
2026-09-13 11:49:34 [argus.main] INFO EVENT: PROCESS_TERMINATED — PID 12400 (powershell.exe)
2026-09-13 11:49:36 [argus.main] INFO EVENT: PROCESS_STARTED — PID 26640 (chrome.exe) parent=20496
2026-09-13 11:49:40 [argus.main] INFO EVENT: PROCESS_STARTED — PID 8648 (chrome.exe) parent=20496
2026-09-13 11:49:40 [argus.main] INFO EVENT: PROCESS_STARTED — PID 28608 (chrome.exe) parent=20496
2026-09-13 11:49:42 [argus.main] INFO EVENT: PROCESS_STARTED — PID 13360 (chrome.exe) parent=20496
2026-09-13 11:49:42 [argus.main] INFO EVENT: PROCESS_STARTED — PID 16624 (chrome.exe) parent=20496
2026-09-13 11:49:44 [argus.main] INFO EVENT: PROCESS_STARTED — PID 9268 (chrome.exe) parent=20496
2026-09-13 11:49:44 [argus.main] INFO EVENT: PROCESS_STARTED — PID 9732 (chrome.exe) parent=20496
2026-09-13 11:49:44 [argus.main] INFO EVENT: PROCESS_TERMINATED — PID 26640 (chrome.exe)
2026-09-13 11:49:44 [argus.main] INFO EVENT: PROCESS_TERMINATED — PID 28608 (chrome.exe)
2026-09-13 11:49:46 [argus.main] INFO EVENT: PROCESS_STARTED — PID 4508 (chrome.exe) parent=20496
2026-09-13 11:49:46 [argus.main] INFO EVENT: PROCESS_STARTED — PID 4896 (conhost.exe) parent=28856
2026-09-13 11:49:46 [argus.main] INFO EVENT: PROCESS_STARTED — PID 8008 (chrome.exe) parent=20496
2026-09-13 11:49:46 [argus.main] INFO EVENT: PROCESS_STARTED — PID 28856 (powershell.exe) parent=31368
2026-09-13 11:49:46 [argus.main] INFO EVENT: PROCESS_TERMINATED — PID 13360 (chrome.exe)
2026-09-13 11:49:48 [argus.file_monitor.scanner] INFO File scan: 4 roots, 17 candidates, 2 findings
2026-09-13 11:49:49 [argus.main] INFO EVENT: PROCESS_STARTED — PID 31140 (chrome.exe) parent=20496
2026-09-13 11:49:49 [argus.main] INFO EVENT: PROCESS_TERMINATED — PID 17852 (chrome.exe)
2026-09-13 11:49:49 [argus.main] INFO EVENT: PROCESS_TERMINATED — PID 16624 (chrome.exe)
2026-09-13 11:49:49 [argus.main] INFO EVENT: PROCESS_TERMINATED — PID 4896 (conhost.exe)
2026-09-13 11:49:49 [argus.main] INFO EVENT: PROCESS_TERMINATED — PID 28856 (powershell.exe)
2026-09-13 11:49:51 [argus.main] INFO EVENT: PROCESS_STARTED — PID 3868 (<unknown-pid-3868>) parent=none
2026-09-13 11:49:53 [argus.main] INFO EVENT: PROCESS_STARTED — PID 12896 (chrome.exe) parent=20496
2026-09-13 11:49:53 [argus.main] INFO EVENT: PROCESS_TERMINATED — PID 3868 (<unknown-pid-3868>)
2026-09-13 11:49:59 [argus.main] INFO EVENT: PROCESS_TERMINATED — PID 4508 (chrome.exe)
2026-09-13 11:50:02 [argus.file_monitor.scanner] INFO File scan: 4 roots, 17 candidates, 2 findings
2026-09-13 11:50:07 [argus.main] INFO EVENT: PROCESS_TERMINATED — PID 7220 (svchost.exe)
2026-09-13 11:50:09 [argus.main] INFO EVENT: PROCESS_STARTED — PID 3400 (chrome.exe) parent=20496
2026-09-13 11:50:09 [argus.main] INFO EVENT: PROCESS_TERMINATED — PID 12896 (chrome.exe)
2026-09-13 11:50:17 [argus.file_monitor.scanner] INFO File scan: 4 roots, 17 candidates, 2 findings
2026-09-13 11:50:27 [argus.main] INFO EVENT: PROCESS_TERMINATED — PID 31140 (chrome.exe)
2026-09-13 11:50:32 [argus.file_monitor.scanner] INFO File scan: 4 roots, 17 candidates, 2 findings
2026-09-13 11:50:33 [argus.main] INFO EVENT: PROCESS_STARTED — PID 11900 (powershell.exe) parent=31368
2026-09-13 11:50:33 [argus.main] INFO EVENT: PROCESS_STARTED — PID 19664 (conhost.exe) parent=11900
2026-09-13 11:50:35 [argus.main] INFO EVENT: PROCESS_STARTED — PID 25304 (svchost.exe) parent=1360
2026-09-13 11:50:35 [argus.main] INFO EVENT: PROCESS_TERMINATED — PID 11900 (powershell.exe)
2026-09-13 11:50:35 [argus.main] INFO EVENT: PROCESS_TERMINATED — PID 19664 (conhost.exe)
2026-09-13 11:50:47 [argus.file_monitor.scanner] INFO File scan: 4 roots, 17 candidates, 2 findings
2026-09-13 11:51:02 [argus.file_monitor.scanner] INFO File scan: 4 roots, 17 candidates, 2 findings
2026-09-13 11:51:17 [argus.file_monitor.scanner] INFO File scan: 4 roots, 17 candidates, 2 findings
2026-09-13 11:51:23 [argus.main] INFO EVENT: PROCESS_STARTED — PID 24828 (conhost.exe) parent=27064
2026-09-13 11:51:23 [argus.main] INFO EVENT: PROCESS_STARTED — PID 27064 (powershell.exe) parent=31368
2026-09-13 11:51:25 [argus.main] INFO EVENT: PROCESS_TERMINATED — PID 24828 (conhost.exe)
2026-09-13 11:51:26 [argus.main] INFO EVENT: PROCESS_TERMINATED — PID 27064 (powershell.exe)
2026-09-13 11:51:32 [argus.file_monitor.scanner] INFO File scan: 4 roots, 17 candidates, 2 findings
2026-09-13 11:51:36 [argus.main] INFO EVENT: PROCESS_STARTED — PID 18036 (conhost.exe) parent=26528
2026-09-13 11:51:36 [argus.main] INFO EVENT: PROCESS_STARTED — PID 26528 (powershell.exe) parent=31368
2026-09-13 11:51:38 [argus.main] INFO EVENT: PROCESS_TERMINATED — PID 18036 (conhost.exe)
2026-09-13 11:51:38 [argus.main] INFO EVENT: PROCESS_TERMINATED — PID 26528 (powershell.exe)
2026-09-13 11:51:47 [argus.file_monitor.scanner] INFO File scan: 4 roots, 17 candidates, 2 findings
2026-09-13 11:51:56 [argus.main] INFO EVENT: PROCESS_STARTED — PID 22608 (conhost.exe) parent=24840
2026-09-13 11:51:56 [argus.main] INFO EVENT: PROCESS_STARTED — PID 24840 (powershell.exe) parent=31368
2026-09-13 11:51:58 [argus.main] INFO EVENT: PROCESS_TERMINATED — PID 22608 (conhost.exe)
2026-09-13 11:51:58 [argus.main] INFO EVENT: PROCESS_TERMINATED — PID 24840 (powershell.exe)
2026-09-13 11:52:02 [argus.file_monitor.scanner] INFO File scan: 4 roots, 17 candidates, 2 findings
2026-09-13 11:52:17 [argus.file_monitor.scanner] INFO File scan: 4 roots, 17 candidates, 2 findings
2026-09-13 11:52:26 [argus.main] INFO EVENT: PROCESS_STARTED — PID 3476 (<unknown-pid-3476>) parent=none
2026-09-13 11:52:28 [argus.main] INFO EVENT: PROCESS_TERMINATED — PID 3476 (<unknown-pid-3476>)
2026-09-13 11:52:32 [argus.file_monitor.scanner] INFO File scan: 4 roots, 17 candidates, 2 findings
2026-09-13 11:52:36 [argus.main] INFO EVENT: PROCESS_STARTED — PID 23088 (powershell.exe) parent=31368
2026-09-13 11:52:36 [argus.main] INFO EVENT: PROCESS_STARTED — PID 25040 (conhost.exe) parent=23088
2026-09-13 11:52:38 [argus.main] INFO EVENT: PROCESS_STARTED — PID 16176 (svchost.exe) parent=1360
2026-09-13 11:52:38 [argus.main] INFO EVENT: PROCESS_TERMINATED — PID 25304 (svchost.exe)
2026-09-13 11:52:38 [argus.main] INFO EVENT: PROCESS_TERMINATED — PID 23088 (powershell.exe)
2026-09-13 11:52:38 [argus.main] INFO EVENT: PROCESS_TERMINATED — PID 25040 (conhost.exe)
2026-09-13 11:52:47 [argus.file_monitor.scanner] INFO File scan: 4 roots, 17 candidates, 2 findings
2026-09-13 11:52:56 [argus.main] INFO EVENT: PROCESS_STARTED — PID 3632 (ARP.EXE) parent=31368
2026-09-13 11:52:58 [argus.main] INFO EVENT: PROCESS_TERMINATED — PID 3632 (ARP.EXE)
2026-09-13 11:53:02 [argus.file_monitor.scanner] INFO File scan: 4 roots, 17 candidates, 2 findings
2026-09-13 11:53:17 [argus.file_monitor.scanner] INFO File scan: 4 roots, 17 candidates, 2 findings
2026-09-13 11:53:28 [argus.main] INFO EVENT: PROCESS_STARTED — PID 19928 (RuntimeBroker.exe) parent=1596
2026-09-13 11:53:28 [argus.main] INFO EVENT: PROCESS_STARTED — PID 30304 (backgroundTaskHost.exe) parent=1596
2026-09-13 11:53:31 [argus.main] INFO EVENT: PROCESS_STARTED — PID 7624 (RuntimeBroker.exe) parent=1596
2026-09-13 11:53:31 [argus.main] INFO EVENT: PROCESS_STARTED — PID 27128 (svchost.exe) parent=1360
2026-09-13 11:53:31 [argus.main] INFO EVENT: PROCESS_TERMINATED — PID 11808 (svchost.exe)
2026-09-13 11:53:32 [argus.file_monitor.scanner] INFO File scan: 4 roots, 17 candidates, 2 findings
2026-09-13 11:53:33 [argus.main] INFO EVENT: PROCESS_STARTED — PID 25784 (MoUsoCoreWorker.exe) parent=2476
2026-09-13 11:53:37 [argus.main] INFO EVENT: PROCESS_STARTED — PID 5672 (conhost.exe) parent=28760
2026-09-13 11:53:37 [argus.main] INFO EVENT: PROCESS_STARTED — PID 14476 (BackgroundTransferHost.exe) parent=1596
2026-09-13 11:53:37 [argus.main] INFO EVENT: PROCESS_STARTED — PID 28760 (powershell.exe) parent=31368
2026-09-13 11:53:37 [argus.main] INFO EVENT: PROCESS_TERMINATED — PID 16176 (svchost.exe)
2026-09-13 11:53:37 [argus.main] INFO EVENT: PROCESS_TERMINATED — PID 30304 (backgroundTaskHost.exe)
2026-09-13 11:53:39 [argus.main] INFO EVENT: PROCESS_STARTED — PID 16736 (svchost.exe) parent=1360
2026-09-13 11:53:39 [argus.main] INFO EVENT: PROCESS_TERMINATED — PID 5672 (conhost.exe)
2026-09-13 11:53:39 [argus.main] INFO EVENT: PROCESS_TERMINATED — PID 14476 (BackgroundTransferHost.exe)
2026-09-13 11:53:41 [argus.main] INFO EVENT: PROCESS_STARTED — PID 21976 (backgroundTaskHost.exe) parent=1596
2026-09-13 11:53:41 [argus.main] INFO EVENT: PROCESS_TERMINATED — PID 28760 (powershell.exe)
2026-09-13 11:53:43 [argus.main] INFO EVENT: PROCESS_TERMINATED — PID 21976 (backgroundTaskHost.exe)
2026-09-13 11:53:47 [argus.file_monitor.scanner] INFO File scan: 4 roots, 17 candidates, 2 findings
2026-09-13 11:54:01 [argus.main] INFO EVENT: PROCESS_STARTED — PID 5652 (<unknown-pid-5652>) parent=31368
2026-09-13 11:54:02 [argus.file_monitor.scanner] INFO File scan: 4 roots, 17 candidates, 2 findings
2026-09-13 11:54:03 [argus.main] INFO EVENT: PROCESS_TERMINATED — PID 5652 (<unknown-pid-5652>)
2026-09-13 11:54:09 [argus.main] INFO EVENT: PROCESS_TERMINATED — PID 7624 (RuntimeBroker.exe)
2026-09-13 11:54:17 [argus.file_monitor.scanner] INFO File scan: 4 roots, 17 candidates, 2 findings
2026-09-13 11:54:19 [argus.main] INFO EVENT: PROCESS_STARTED — PID 8928 (updater.exe) parent=1360
2026-09-13 11:54:19 [argus.main] INFO EVENT: PROCESS_STARTED — PID 19344 (updater.exe) parent=1360
2026-09-13 11:54:19 [argus.main] INFO EVENT: PROCESS_STARTED — PID 26840 (updater.exe) parent=8928
2026-09-13 11:54:19 [argus.main] INFO EVENT: PROCESS_STARTED — PID 28536 (updater.exe) parent=2996
2026-09-13 11:54:19 [argus.main] INFO EVENT: PROCESS_STARTED — PID 28824 (updater.exe) parent=19344
2026-09-13 11:54:19 [argus.main] INFO EVENT: PROCESS_STARTED — PID 30776 (updater.exe) parent=28536
2026-09-13 11:54:23 [argus.main] INFO EVENT: PROCESS_TERMINATED — PID 28536 (updater.exe)
2026-09-13 11:54:23 [argus.main] INFO EVENT: PROCESS_TERMINATED — PID 30776 (updater.exe)
2026-09-13 11:54:31 [argus.main] INFO EVENT: PROCESS_STARTED — PID 10236 (conhost.exe) parent=12492
2026-09-13 11:54:32 [argus.main] INFO EVENT: PROCESS_STARTED — PID 12492 (powershell.exe) parent=31368
2026-09-13 11:54:32 [argus.file_monitor.scanner] INFO File scan: 4 roots, 17 candidates, 2 findings
2026-09-13 11:54:34 [argus.main] INFO EVENT: PROCESS_TERMINATED — PID 8928 (updater.exe)
2026-09-13 11:54:34 [argus.main] INFO EVENT: PROCESS_TERMINATED — PID 19344 (updater.exe)
2026-09-13 11:54:34 [argus.main] INFO EVENT: PROCESS_TERMINATED — PID 26840 (updater.exe)
2026-09-13 11:54:34 [argus.main] INFO EVENT: PROCESS_TERMINATED — PID 28824 (updater.exe)
2026-09-13 11:54:34 [argus.main] INFO EVENT: PROCESS_TERMINATED — PID 10236 (conhost.exe)
2026-09-13 11:54:34 [argus.main] INFO EVENT: PROCESS_TERMINATED — PID 12492 (powershell.exe)
2026-09-13 11:54:36 [argus.main] INFO EVENT: PROCESS_TERMINATED — PID 9536 (svchost.exe)
2026-09-13 11:54:38 [argus.main] INFO EVENT: PROCESS_TERMINATED — PID 16736 (svchost.exe)
2026-09-13 11:54:40 [argus.main] INFO EVENT: PROCESS_STARTED — PID 24972 (conhost.exe) parent=26868
2026-09-13 11:54:40 [argus.main] INFO EVENT: PROCESS_STARTED — PID 26868 (powershell.exe) parent=31368
2026-09-13 11:54:42 [argus.main] INFO EVENT: PROCESS_STARTED — PID 30232 (svchost.exe) parent=1360
2026-09-13 11:54:42 [argus.main] INFO EVENT: PROCESS_TERMINATED — PID 24972 (conhost.exe)
2026-09-13 11:54:42 [argus.main] INFO EVENT: PROCESS_TERMINATED — PID 26868 (powershell.exe)
2026-09-13 11:54:44 [argus.main] INFO EVENT: PROCESS_STARTED — PID 15724 (svchost.exe) parent=1360
2026-09-13 11:54:47 [argus.file_monitor.scanner] INFO File scan: 4 roots, 17 candidates, 2 findings
2026-09-13 11:54:56 [argus.main] INFO EVENT: PROCESS_TERMINATED — PID 19928 (RuntimeBroker.exe)
2026-09-13 11:55:02 [argus.file_monitor.scanner] INFO File scan: 4 roots, 17 candidates, 2 findings
2026-09-13 11:55:10 [argus.main] INFO EVENT: PROCESS_TERMINATED — PID 25784 (MoUsoCoreWorker.exe)
2026-09-13 11:55:17 [argus.file_monitor.scanner] INFO File scan: 4 roots, 17 candidates, 2 findings
2026-09-13 11:55:28 [argus.main] INFO EVENT: PROCESS_STARTED — PID 26932 (backgroundTaskHost.exe) parent=1596
2026-09-13 11:55:30 [argus.main] INFO EVENT: PROCESS_STARTED — PID 9360 (WmiPrvSE.exe) parent=1596
2026-09-13 11:55:30 [argus.main] INFO EVENT: PROCESS_STARTED — PID 10456 (RuntimeBroker.exe) parent=1596
2026-09-13 11:55:32 [argus.file_monitor.scanner] INFO File scan: 4 roots, 17 candidates, 2 findings
2026-09-13 11:55:36 [argus.main] INFO EVENT: PROCESS_STARTED — PID 13280 (conhost.exe) parent=25380
2026-09-13 11:55:36 [argus.main] INFO EVENT: PROCESS_STARTED — PID 25380 (powershell.exe) parent=31368
2026-09-13 11:55:36 [argus.main] INFO EVENT: PROCESS_TERMINATED — PID 30232 (svchost.exe)
2026-09-13 11:55:38 [argus.main] INFO EVENT: PROCESS_TERMINATED — PID 13280 (conhost.exe)
2026-09-13 11:55:38 [argus.main] INFO EVENT: PROCESS_TERMINATED — PID 25380 (powershell.exe)
2026-09-13 11:55:41 [argus.main] INFO EVENT: PROCESS_STARTED — PID 14768 (powershell.exe) parent=31368
2026-09-13 11:55:41 [argus.main] INFO EVENT: PROCESS_STARTED — PID 28936 (conhost.exe) parent=14768
2026-09-13 11:55:43 [argus.main] INFO EVENT: PROCESS_STARTED — PID 26316 (svchost.exe) parent=1360
2026-09-13 11:55:43 [argus.main] INFO EVENT: PROCESS_TERMINATED — PID 14768 (powershell.exe)
2026-09-13 11:55:43 [argus.main] INFO EVENT: PROCESS_TERMINATED — PID 28936 (conhost.exe)
2026-09-13 11:55:47 [argus.file_monitor.scanner] INFO File scan: 4 roots, 17 candidates, 2 findings
2026-09-13 11:56:01 [argus.main] INFO EVENT: PROCESS_TERMINATED — PID 27128 (svchost.exe)
2026-09-13 11:56:02 [argus.file_monitor.scanner] INFO File scan: 4 roots, 17 candidates, 2 findings
2026-09-13 11:56:07 [argus.main] INFO EVENT: PROCESS_STARTED — PID 9104 (conhost.exe) parent=16376
2026-09-13 11:56:09 [argus.main] INFO EVENT: PROCESS_TERMINATED — PID 9104 (conhost.exe)
2026-09-13 11:56:17 [argus.file_monitor.scanner] INFO File scan: 4 roots, 17 candidates, 2 findings
2026-09-13 11:56:31 [argus.main] INFO EVENT: PROCESS_TERMINATED — PID 26932 (backgroundTaskHost.exe)
2026-09-13 11:56:31 [argus.main] INFO EVENT: PROCESS_TERMINATED — PID 9360 (WmiPrvSE.exe)
2026-09-13 11:56:32 [argus.file_monitor.scanner] INFO File scan: 4 roots, 17 candidates, 2 findings
2026-09-13 11:56:37 [argus.main] INFO EVENT: PROCESS_TERMINATED — PID 26316 (svchost.exe)
2026-09-13 11:56:43 [argus.main] INFO EVENT: PROCESS_STARTED — PID 10172 (powershell.exe) parent=31368
2026-09-13 11:56:43 [argus.main] INFO EVENT: PROCESS_STARTED — PID 21612 (conhost.exe) parent=10172
2026-09-13 11:56:45 [argus.main] INFO EVENT: PROCESS_STARTED — PID 16152 (svchost.exe) parent=1360
2026-09-13 11:56:45 [argus.main] INFO EVENT: PROCESS_TERMINATED — PID 10172 (powershell.exe)
2026-09-13 11:56:45 [argus.main] INFO EVENT: PROCESS_TERMINATED — PID 21612 (conhost.exe)
2026-09-13 11:56:47 [argus.file_monitor.scanner] INFO File scan: 4 roots, 17 candidates, 2 findings
2026-09-13 11:57:01 [argus.main] INFO EVENT: PROCESS_TERMINATED — PID 10456 (RuntimeBroker.exe)
2026-09-13 11:57:02 [argus.file_monitor.scanner] INFO File scan: 4 roots, 17 candidates, 2 findings
2026-09-13 11:57:09 [argus.main] INFO EVENT: PROCESS_STARTED — PID 5992 (powershell.exe) parent=31368
2026-09-13 11:57:09 [argus.main] INFO EVENT: PROCESS_STARTED — PID 22740 (conhost.exe) parent=5992
2026-09-13 11:57:11 [argus.main] INFO EVENT: PROCESS_TERMINATED — PID 5992 (powershell.exe)
2026-09-13 11:57:11 [argus.main] INFO EVENT: PROCESS_TERMINATED — PID 22740 (conhost.exe)
2026-09-13 11:57:17 [argus.file_monitor.scanner] INFO File scan: 4 roots, 17 candidates, 2 findings
2026-09-13 11:57:32 [argus.file_monitor.scanner] INFO File scan: 4 roots, 17 candidates, 2 findings
2026-09-13 11:57:37 [argus.main] INFO EVENT: PROCESS_TERMINATED — PID 16152 (svchost.exe)
2026-09-13 11:57:42 [argus.main] INFO EVENT: PROCESS_STARTED — PID 8224 (ARP.EXE) parent=31368
2026-09-13 11:57:44 [argus.main] INFO EVENT: PROCESS_TERMINATED — PID 8224 (ARP.EXE)
2026-09-13 11:57:47 [argus.file_monitor.scanner] INFO File scan: 4 roots, 17 candidates, 2 findings
2026-09-13 11:57:48 [argus.main] INFO EVENT: PROCESS_STARTED — PID 22844 (conhost.exe) parent=31492
2026-09-13 11:57:48 [argus.main] INFO EVENT: PROCESS_STARTED — PID 31492 (powershell.exe) parent=31368
2026-09-13 11:57:50 [argus.main] INFO EVENT: PROCESS_STARTED — PID 12928 (svchost.exe) parent=1360
2026-09-13 11:57:50 [argus.main] INFO EVENT: PROCESS_TERMINATED — PID 22844 (conhost.exe)
2026-09-13 11:57:50 [argus.main] INFO EVENT: PROCESS_TERMINATED — PID 31492 (powershell.exe)
2026-09-13 11:58:02 [argus.file_monitor.scanner] INFO File scan: 4 roots, 17 candidates, 2 findings
2026-09-13 11:58:14 [argus.main] INFO EVENT: PROCESS_STARTED — PID 15708 (conhost.exe) parent=31732
2026-09-13 11:58:14 [argus.main] INFO EVENT: PROCESS_STARTED — PID 31732 (powershell.exe) parent=31368
2026-09-13 11:58:16 [argus.main] INFO EVENT: PROCESS_TERMINATED — PID 15708 (conhost.exe)
2026-09-13 11:58:16 [argus.main] INFO EVENT: PROCESS_TERMINATED — PID 31732 (powershell.exe)
2026-09-13 11:58:17 [argus.file_monitor.scanner] INFO File scan: 4 roots, 17 candidates, 2 findings
2026-09-13 11:58:26 [argus.main] INFO EVENT: PROCESS_STARTED — PID 11564 (smartscreen.exe) parent=1596
2026-09-13 11:58:28 [argus.main] INFO EVENT: PROCESS_STARTED — PID 30156 (activate.exe) parent=6136
2026-09-13 11:58:30 [argus.main] INFO EVENT: PROCESS_STARTED — PID 8564 (svchost.exe) parent=1360
2026-09-13 11:58:32 [argus.file_monitor.scanner] INFO File scan: 4 roots, 17 candidates, 2 findings
2026-09-13 11:58:32 [argus.main] INFO EVENT: PROCESS_STARTED — PID 29880 (svchost.exe) parent=1360
2026-09-13 11:58:32 [argus.main] INFO EVENT: PROCESS_TERMINATED — PID 30156 (activate.exe)
2026-09-13 11:58:38 [argus.main] INFO EVENT: PROCESS_TERMINATED — PID 12928 (svchost.exe)
2026-09-13 11:58:44 [argus.main] INFO EVENT: PROCESS_STARTED — PID 3468 (conhost.exe) parent=14412
2026-09-13 11:58:44 [argus.main] INFO EVENT: PROCESS_STARTED — PID 14412 (powershell.exe) parent=31368
2026-09-13 11:58:46 [argus.main] INFO EVENT: PROCESS_TERMINATED — PID 3468 (conhost.exe)
2026-09-13 11:58:46 [argus.main] INFO EVENT: PROCESS_TERMINATED — PID 14412 (powershell.exe)
2026-09-13 11:58:47 [argus.file_monitor.scanner] INFO File scan: 4 roots, 17 candidates, 2 findings
2026-09-13 11:58:48 [argus.main] INFO EVENT: PROCESS_STARTED — PID 3680 (conhost.exe) parent=9736
2026-09-13 11:58:48 [argus.main] INFO EVENT: PROCESS_STARTED — PID 9736 (powershell.exe) parent=31368
2026-09-13 11:58:50 [argus.main] INFO EVENT: PROCESS_STARTED — PID 4416 (svchost.exe) parent=1360
2026-09-13 11:58:51 [argus.main] INFO EVENT: PROCESS_TERMINATED — PID 3680 (conhost.exe)
2026-09-13 11:58:51 [argus.main] INFO EVENT: PROCESS_TERMINATED — PID 9736 (powershell.exe)
2026-09-13 11:58:59 [argus.main] INFO EVENT: PROCESS_TERMINATED — PID 26308 (chrome.exe)
2026-09-13 11:59:02 [argus.file_monitor.scanner] INFO File scan: 4 roots, 17 candidates, 2 findings
2026-09-13 11:59:09 [argus.main] INFO EVENT: PROCESS_STARTED — PID 10724 (conhost.exe) parent=26668
2026-09-13 11:59:11 [argus.main] INFO EVENT: PROCESS_TERMINATED — PID 10724 (conhost.exe)
2026-09-13 11:59:17 [argus.file_monitor.scanner] INFO File scan: 4 roots, 17 candidates, 2 findings
2026-09-13 11:59:23 [argus.main] INFO EVENT: PROCESS_TERMINATED — PID 11084 (chrome.exe)
2026-09-13 11:59:32 [argus.file_monitor.scanner] INFO File scan: 4 roots, 17 candidates, 2 findings
2026-09-13 11:59:37 [argus.main] INFO EVENT: PROCESS_TERMINATED — PID 4416 (svchost.exe)
2026-09-13 11:59:47 [argus.file_monitor.scanner] INFO File scan: 4 roots, 17 candidates, 2 findings
2026-09-13 11:59:49 [argus.main] INFO EVENT: PROCESS_STARTED — PID 1976 (powershell.exe) parent=31368
2026-09-13 11:59:49 [argus.main] INFO EVENT: PROCESS_STARTED — PID 24784 (conhost.exe) parent=1976
2026-09-13 11:59:51 [argus.main] INFO EVENT: PROCESS_TERMINATED — PID 1976 (powershell.exe)
2026-09-13 11:59:51 [argus.main] INFO EVENT: PROCESS_TERMINATED — PID 24784 (conhost.exe)
2026-09-13 11:59:53 [argus.main] INFO EVENT: PROCESS_STARTED — PID 5656 (powershell.exe) parent=31368
2026-09-13 11:59:53 [argus.main] INFO EVENT: PROCESS_STARTED — PID 12760 (conhost.exe) parent=5656
2026-09-13 11:59:55 [argus.main] INFO EVENT: PROCESS_STARTED — PID 26116 (svchost.exe) parent=1360
2026-09-13 11:59:55 [argus.main] INFO EVENT: PROCESS_TERMINATED — PID 5656 (powershell.exe)
2026-09-13 11:59:55 [argus.main] INFO EVENT: PROCESS_TERMINATED — PID 12760 (conhost.exe)
2026-09-13 11:59:57 [argus.main] INFO EVENT: PROCESS_STARTED — PID 6932 (conhost.exe) parent=20272
2026-09-13 11:59:59 [argus.main] INFO EVENT: PROCESS_TERMINATED — PID 6932 (conhost.exe)
2026-09-13 12:00:02 [argus.file_monitor.scanner] INFO File scan: 4 roots, 17 candidates, 2 findings
2026-09-13 12:00:05 [argus.main] INFO EVENT: PROCESS_STARTED — PID 12480 (chrome.exe) parent=20496
2026-09-13 12:00:05 [argus.main] INFO EVENT: PROCESS_TERMINATED — PID 3400 (chrome.exe)
2026-09-13 12:00:17 [argus.file_monitor.scanner] INFO File scan: 4 roots, 17 candidates, 2 findings
2026-09-13 12:00:29 [argus.main] INFO EVENT: PROCESS_TERMINATED — PID 15724 (svchost.exe)
2026-09-13 12:00:31 [argus.main] INFO EVENT: PROCESS_TERMINATED — PID 29880 (svchost.exe)
2026-09-13 12:00:32 [argus.file_monitor.scanner] INFO File scan: 4 roots, 17 candidates, 2 findings
2026-09-13 12:00:37 [argus.main] INFO EVENT: PROCESS_TERMINATED — PID 26116 (svchost.exe)
2026-09-13 12:00:47 [argus.file_monitor.scanner] INFO File scan: 4 roots, 17 candidates, 2 findings
2026-09-13 12:00:54 [argus.main] INFO EVENT: PROCESS_STARTED — PID 5576 (conhost.exe) parent=12632
2026-09-13 12:00:54 [argus.main] INFO EVENT: PROCESS_STARTED — PID 12632 (powershell.exe) parent=31368
2026-09-13 12:00:56 [argus.main] INFO EVENT: PROCESS_STARTED — PID 6672 (svchost.exe) parent=1360
2026-09-13 12:00:56 [argus.main] INFO EVENT: PROCESS_STARTED — PID 23804 (powershell.exe) parent=31368
2026-09-13 12:00:56 [argus.main] INFO EVENT: PROCESS_STARTED — PID 30308 (conhost.exe) parent=23804
2026-09-13 12:00:56 [argus.main] INFO EVENT: PROCESS_TERMINATED — PID 5576 (conhost.exe)
2026-09-13 12:00:56 [argus.main] INFO EVENT: PROCESS_TERMINATED — PID 12632 (powershell.exe)
2026-09-13 12:00:58 [argus.main] INFO EVENT: PROCESS_TERMINATED — PID 23804 (powershell.exe)
2026-09-13 12:00:58 [argus.main] INFO EVENT: PROCESS_TERMINATED — PID 30308 (conhost.exe)
2026-09-13 12:01:02 [argus.file_monitor.scanner] INFO File scan: 4 roots, 17 candidates, 2 findings
2026-09-13 12:01:17 [argus.file_monitor.scanner] INFO File scan: 4 roots, 17 candidates, 2 findings
2026-09-13 12:01:28 [argus.main] INFO EVENT: PROCESS_STARTED — PID 15572 (conhost.exe) parent=26800
2026-09-13 12:01:28 [argus.main] INFO EVENT: PROCESS_STARTED — PID 26800 (powershell.exe) parent=31368
2026-09-13 12:01:30 [argus.main] INFO EVENT: PROCESS_TERMINATED — PID 15572 (conhost.exe)
2026-09-13 12:01:30 [argus.main] INFO EVENT: PROCESS_TERMINATED — PID 26800 (powershell.exe)
2026-09-13 12:01:32 [argus.file_monitor.scanner] INFO File scan: 4 roots, 17 candidates, 2 findings
2026-09-13 12:01:38 [argus.main] INFO EVENT: PROCESS_TERMINATED — PID 6672 (svchost.exe)
2026-09-13 12:01:47 [argus.file_monitor.scanner] INFO File scan: 4 roots, 17 candidates, 2 findings
2026-09-13 12:01:56 [argus.main] INFO EVENT: PROCESS_STARTED — PID 9472 (powershell.exe) parent=31368
2026-09-13 12:01:56 [argus.main] INFO EVENT: PROCESS_STARTED — PID 18860 (conhost.exe) parent=9472
2026-09-13 12:01:58 [argus.main] INFO EVENT: PROCESS_STARTED — PID 5672 (svchost.exe) parent=1360
2026-09-13 12:01:58 [argus.main] INFO EVENT: PROCESS_TERMINATED — PID 9472 (powershell.exe)
2026-09-13 12:01:58 [argus.main] INFO EVENT: PROCESS_TERMINATED — PID 18860 (conhost.exe)
2026-09-13 12:02:00 [argus.main] INFO EVENT: PROCESS_STARTED — PID 5148 (powershell.exe) parent=31368
2026-09-13 12:02:00 [argus.main] INFO EVENT: PROCESS_STARTED — PID 24144 (conhost.exe) parent=5148
2026-09-13 12:02:02 [argus.file_monitor.scanner] INFO File scan: 4 roots, 17 candidates, 2 findings
2026-09-13 12:02:03 [argus.main] INFO EVENT: PROCESS_TERMINATED — PID 5148 (powershell.exe)
2026-09-13 12:02:03 [argus.main] INFO EVENT: PROCESS_TERMINATED — PID 24144 (conhost.exe)
2026-09-13 12:02:17 [argus.file_monitor.scanner] INFO File scan: 4 roots, 17 candidates, 2 findings
2026-09-13 12:02:31 [argus.main] INFO EVENT: PROCESS_STARTED — PID 16604 (conhost.exe) parent=29912
2026-09-13 12:02:31 [argus.main] INFO EVENT: PROCESS_STARTED — PID 29912 (powershell.exe) parent=31368
2026-09-13 12:02:32 [argus.file_monitor.scanner] INFO File scan: 4 roots, 17 candidates, 2 findings
2026-09-13 12:02:33 [argus.main] INFO EVENT: PROCESS_TERMINATED — PID 16604 (conhost.exe)
2026-09-13 12:02:33 [argus.main] INFO EVENT: PROCESS_TERMINATED — PID 29912 (powershell.exe)
2026-09-13 12:02:37 [argus.main] INFO EVENT: PROCESS_TERMINATED — PID 5672 (svchost.exe)
2026-09-13 12:02:47 [argus.file_monitor.scanner] INFO File scan: 4 roots, 17 candidates, 2 findings
2026-09-13 12:02:53 [argus.main] INFO EVENT: PROCESS_STARTED — PID 24152 (backgroundTaskHost.exe) parent=1596
2026-09-13 12:02:53 [argus.main] INFO EVENT: PROCESS_STARTED — PID 28248 (StoreDesktopExtension.exe) parent=1596
2026-09-13 12:02:57 [argus.main] INFO EVENT: PROCESS_STARTED — PID 6872 (conhost.exe) parent=20048
2026-09-13 12:02:57 [argus.main] INFO EVENT: PROCESS_STARTED — PID 20048 (powershell.exe) parent=31368
2026-09-13 12:02:59 [argus.main] INFO EVENT: PROCESS_STARTED — PID 5616 (conhost.exe) parent=25836
2026-09-13 12:02:59 [argus.main] INFO EVENT: PROCESS_STARTED — PID 12564 (svchost.exe) parent=1360
2026-09-13 12:02:59 [argus.main] INFO EVENT: PROCESS_TERMINATED — PID 6872 (conhost.exe)
2026-09-13 12:02:59 [argus.main] INFO EVENT: PROCESS_TERMINATED — PID 20048 (powershell.exe)
2026-09-13 12:03:01 [argus.main] INFO EVENT: PROCESS_TERMINATED — PID 5616 (conhost.exe)
2026-09-13 12:03:02 [argus.file_monitor.scanner] INFO File scan: 4 roots, 17 candidates, 2 findings
2026-09-13 12:03:03 [argus.main] INFO EVENT: PROCESS_STARTED — PID 3308 (powershell.exe) parent=31368
2026-09-13 12:03:03 [argus.main] INFO EVENT: PROCESS_STARTED — PID 27232 (conhost.exe) parent=3308
2026-09-13 12:03:05 [argus.main] INFO EVENT: PROCESS_TERMINATED — PID 3308 (powershell.exe)
2026-09-13 12:03:05 [argus.main] INFO EVENT: PROCESS_TERMINATED — PID 27232 (conhost.exe)
2026-09-13 12:03:17 [argus.file_monitor.scanner] INFO File scan: 4 roots, 17 candidates, 2 findings
2026-09-13 12:03:25 [argus.main] INFO EVENT: PROCESS_TERMINATED — PID 11564 (smartscreen.exe)
2026-09-13 12:03:28 [argus.main] INFO EVENT: PROCESS_STARTED — PID 22012 (smartscreen.exe) parent=1596
2026-09-13 12:03:32 [argus.main] INFO EVENT: PROCESS_STARTED — PID 12756 (conhost.exe) parent=31036
2026-09-13 12:03:32 [argus.file_monitor.scanner] INFO File scan: 4 roots, 17 candidates, 2 findings
2026-09-13 12:03:34 [argus.main] INFO EVENT: PROCESS_TERMINATED — PID 12756 (conhost.exe)
2026-09-13 12:03:36 [argus.main] INFO EVENT: PROCESS_STARTED — PID 23156 (conhost.exe) parent=24848
2026-09-13 12:03:36 [argus.main] INFO EVENT: PROCESS_STARTED — PID 24848 (powershell.exe) parent=31368
2026-09-13 12:03:38 [argus.main] INFO EVENT: PROCESS_TERMINATED — PID 12564 (svchost.exe)
2026-09-13 12:03:38 [argus.main] INFO EVENT: PROCESS_TERMINATED — PID 23156 (conhost.exe)
2026-09-13 12:03:38 [argus.main] INFO EVENT: PROCESS_TERMINATED — PID 24848 (powershell.exe)
2026-09-13 12:03:42 [argus.main] INFO EVENT: PROCESS_STARTED — PID 25364 (postgres.exe) parent=14392
2026-09-13 12:03:44 [argus.main] INFO EVENT: PROCESS_TERMINATED — PID 25364 (postgres.exe)
2026-09-13 12:03:47 [argus.file_monitor.scanner] INFO File scan: 4 roots, 17 candidates, 2 findings
2026-09-13 12:03:52 [argus.main] INFO EVENT: PROCESS_TERMINATED — PID 24152 (backgroundTaskHost.exe)
2026-09-13 12:03:52 [argus.main] INFO EVENT: PROCESS_TERMINATED — PID 28248 (StoreDesktopExtension.exe)
2026-09-13 12:04:00 [argus.main] INFO EVENT: PROCESS_STARTED — PID 5744 (powershell.exe) parent=31368
2026-09-13 12:04:00 [argus.main] INFO EVENT: PROCESS_STARTED — PID 27560 (conhost.exe) parent=5744
2026-09-13 12:04:00 [argus.main] INFO EVENT: PROCESS_STARTED — PID 30296 (svchost.exe) parent=1360
2026-09-13 12:04:02 [argus.file_monitor.scanner] INFO File scan: 4 roots, 17 candidates, 2 findings
2026-09-13 12:04:02 [argus.main] INFO EVENT: PROCESS_TERMINATED — PID 5744 (powershell.exe)
2026-09-13 12:04:02 [argus.main] INFO EVENT: PROCESS_TERMINATED — PID 27560 (conhost.exe)
2026-09-13 12:04:17 [argus.file_monitor.scanner] INFO File scan: 4 roots, 17 candidates, 2 findings
2026-09-13 12:04:32 [argus.file_monitor.scanner] INFO File scan: 4 roots, 17 candidates, 2 findings
2026-09-13 12:04:38 [argus.main] INFO EVENT: PROCESS_TERMINATED — PID 30296 (svchost.exe)
2026-09-13 12:04:47 [argus.file_monitor.scanner] INFO File scan: 4 roots, 17 candidates, 2 findings
2026-09-13 12:05:00 [argus.main] INFO EVENT: PROCESS_STARTED — PID 3248 (powershell.exe) parent=31368
2026-09-13 12:05:00 [argus.main] INFO EVENT: PROCESS_STARTED — PID 26692 (conhost.exe) parent=3248
2026-09-13 12:05:02 [argus.file_monitor.scanner] INFO File scan: 4 roots, 17 candidates, 2 findings
2026-09-13 12:05:02 [argus.main] INFO EVENT: PROCESS_STARTED — PID 26864 (svchost.exe) parent=1360
2026-09-13 12:05:02 [argus.main] INFO EVENT: PROCESS_TERMINATED — PID 3248 (powershell.exe)
2026-09-13 12:05:02 [argus.main] INFO EVENT: PROCESS_TERMINATED — PID 26692 (conhost.exe)
2026-09-13 12:05:08 [argus.main] INFO EVENT: PROCESS_STARTED — PID 15384 (powershell.exe) parent=31368
2026-09-13 12:05:08 [argus.main] INFO EVENT: PROCESS_STARTED — PID 30868 (conhost.exe) parent=15384
2026-09-13 12:05:10 [argus.main] INFO EVENT: PROCESS_TERMINATED — PID 15384 (powershell.exe)
2026-09-13 12:05:10 [argus.main] INFO EVENT: PROCESS_TERMINATED — PID 30868 (conhost.exe)
2026-09-13 12:05:13 [argus.main] INFO EVENT: PROCESS_STARTED — PID 6856 (conhost.exe) parent=11984
2026-09-13 12:05:15 [argus.main] INFO EVENT: PROCESS_TERMINATED — PID 6856 (conhost.exe)
2026-09-13 12:05:17 [argus.file_monitor.scanner] INFO File scan: 4 roots, 17 candidates, 2 findings
2026-09-13 12:05:32 [argus.file_monitor.scanner] INFO File scan: 4 roots, 17 candidates, 2 findings
2026-09-13 12:05:37 [argus.main] INFO EVENT: PROCESS_TERMINATED — PID 26864 (svchost.exe)
2026-09-13 12:05:41 [argus.main] INFO EVENT: PROCESS_STARTED — PID 8988 (<unknown-pid-8988>) parent=none
2026-09-13 12:05:43 [argus.main] INFO EVENT: PROCESS_TERMINATED — PID 8988 (<unknown-pid-8988>)
2026-09-13 12:05:47 [argus.file_monitor.scanner] INFO File scan: 4 roots, 17 candidates, 2 findings
2026-09-13 12:06:02 [argus.file_monitor.scanner] INFO File scan: 4 roots, 17 candidates, 2 findings
2026-09-13 12:06:03 [argus.main] INFO EVENT: PROCESS_STARTED — PID 8296 (svchost.exe) parent=1360
2026-09-13 12:06:03 [argus.main] INFO EVENT: PROCESS_STARTED — PID 26272 (powershell.exe) parent=31368
2026-09-13 12:06:05 [argus.main] INFO EVENT: PROCESS_TERMINATED — PID 26272 (powershell.exe)
2026-09-13 12:06:07 [argus.main] INFO EVENT: PROCESS_TERMINATED — PID 23576 (chrome.exe)
2026-09-13 12:06:07 [argus.main] INFO EVENT: PROCESS_TERMINATED — PID 30780 (chrome.exe)
2026-09-13 12:06:07 [argus.main] INFO EVENT: PROCESS_TERMINATED — PID 12416 (chrome.exe)
2026-09-13 12:06:07 [argus.main] INFO EVENT: PROCESS_TERMINATED — PID 28568 (chrome.exe)
2026-09-13 12:06:07 [argus.main] INFO EVENT: PROCESS_TERMINATED — PID 5904 (chrome.exe)
2026-09-13 12:06:07 [argus.main] INFO EVENT: PROCESS_TERMINATED — PID 8648 (chrome.exe)
2026-09-13 12:06:07 [argus.main] INFO EVENT: PROCESS_TERMINATED — PID 9268 (chrome.exe)
2026-09-13 12:06:07 [argus.main] INFO EVENT: PROCESS_TERMINATED — PID 9732 (chrome.exe)
2026-09-13 12:06:07 [argus.main] INFO EVENT: PROCESS_TERMINATED — PID 8008 (chrome.exe)
2026-09-13 12:06:07 [argus.main] INFO EVENT: PROCESS_TERMINATED — PID 12480 (chrome.exe)
2026-09-13 12:06:13 [argus.main] INFO EVENT: PROCESS_STARTED — PID 20524 (conhost.exe) parent=24652
2026-09-13 12:06:13 [argus.main] INFO EVENT: PROCESS_STARTED — PID 24652 (powershell.exe) parent=31368
2026-09-13 12:06:15 [argus.main] INFO EVENT: PROCESS_TERMINATED — PID 20524 (conhost.exe)
2026-09-13 12:06:15 [argus.main] INFO EVENT: PROCESS_TERMINATED — PID 24652 (powershell.exe)
2026-09-13 12:06:17 [argus.file_monitor.scanner] INFO File scan: 4 roots, 17 candidates, 2 findings
2026-09-13 12:06:32 [argus.file_monitor.scanner] INFO File scan: 4 roots, 17 candidates, 2 findings
2026-09-13 12:06:37 [argus.main] INFO EVENT: PROCESS_TERMINATED — PID 8296 (svchost.exe)
2026-09-13 12:06:43 [argus.main] INFO EVENT: PROCESS_STARTED — PID 27612 (conhost.exe) parent=27984
2026-09-13 12:06:43 [argus.main] INFO EVENT: PROCESS_STARTED — PID 27984 (powershell.exe) parent=31368
2026-09-13 12:06:45 [argus.main] INFO EVENT: PROCESS_TERMINATED — PID 27612 (conhost.exe)
2026-09-13 12:06:45 [argus.main] INFO EVENT: PROCESS_TERMINATED — PID 27984 (powershell.exe)
2026-09-13 12:06:47 [argus.file_monitor.scanner] INFO File scan: 4 roots, 17 candidates, 2 findings
2026-09-13 12:06:53 [argus.main] INFO EVENT: PROCESS_STARTED — PID 17636 (<unknown-pid-17636>) parent=30360
2026-09-13 12:06:55 [argus.main] INFO EVENT: PROCESS_TERMINATED — PID 17636 (<unknown-pid-17636>)
2026-09-13 12:07:02 [argus.file_monitor.scanner] INFO File scan: 4 roots, 17 candidates, 2 findings
2026-09-13 12:07:03 [argus.main] INFO EVENT: PROCESS_STARTED — PID 9836 (conhost.exe) parent=30908
2026-09-13 12:07:04 [argus.main] INFO EVENT: PROCESS_STARTED — PID 30908 (powershell.exe) parent=31368
2026-09-13 12:07:06 [argus.main] INFO EVENT: PROCESS_STARTED — PID 17560 (svchost.exe) parent=1360
2026-09-13 12:07:06 [argus.main] INFO EVENT: PROCESS_TERMINATED — PID 9836 (conhost.exe)
2026-09-13 12:07:06 [argus.main] INFO EVENT: PROCESS_TERMINATED — PID 30908 (powershell.exe)
2026-09-13 12:07:16 [argus.main] INFO EVENT: PROCESS_STARTED — PID 17976 (powershell.exe) parent=31368
2026-09-13 12:07:16 [argus.main] INFO EVENT: PROCESS_STARTED — PID 26444 (conhost.exe) parent=17976
2026-09-13 12:07:17 [argus.file_monitor.scanner] INFO File scan: 4 roots, 17 candidates, 2 findings
2026-09-13 12:07:18 [argus.main] INFO EVENT: PROCESS_TERMINATED — PID 17976 (powershell.exe)
2026-09-13 12:07:18 [argus.main] INFO EVENT: PROCESS_TERMINATED — PID 26444 (conhost.exe)
2026-09-13 12:07:32 [argus.file_monitor.scanner] INFO File scan: 4 roots, 17 candidates, 2 findings
2026-09-13 12:07:42 [argus.main] INFO EVENT: PROCESS_STARTED — PID 28556 (postgres.exe) parent=14392
2026-09-13 12:07:44 [argus.main] INFO EVENT: PROCESS_STARTED — PID 20108 (<unknown-pid-20108>) parent=none
2026-09-13 12:07:44 [argus.main] INFO EVENT: PROCESS_TERMINATED — PID 28556 (postgres.exe)
2026-09-13 12:07:46 [argus.main] INFO EVENT: PROCESS_TERMINATED — PID 20108 (<unknown-pid-20108>)
2026-09-13 12:07:47 [argus.file_monitor.scanner] INFO File scan: 4 roots, 17 candidates, 2 findings
2026-09-13 12:07:48 [argus.main] INFO EVENT: PROCESS_STARTED — PID 3244 (powershell.exe) parent=31368
2026-09-13 12:07:48 [argus.main] INFO EVENT: PROCESS_STARTED — PID 31196 (conhost.exe) parent=3244
2026-09-13 12:07:50 [argus.main] INFO EVENT: PROCESS_TERMINATED — PID 3244 (powershell.exe)
2026-09-13 12:07:50 [argus.main] INFO EVENT: PROCESS_TERMINATED — PID 31196 (conhost.exe)
2026-09-13 12:08:02 [argus.file_monitor.scanner] INFO File scan: 4 roots, 17 candidates, 2 findings
2026-09-13 12:08:06 [argus.main] INFO EVENT: PROCESS_STARTED — PID 20136 (conhost.exe) parent=30792
2026-09-13 12:08:06 [argus.main] INFO EVENT: PROCESS_STARTED — PID 30792 (powershell.exe) parent=31368
2026-09-13 12:08:08 [argus.main] INFO EVENT: PROCESS_STARTED — PID 15868 (svchost.exe) parent=1360
2026-09-13 12:08:08 [argus.main] INFO EVENT: PROCESS_TERMINATED — PID 17560 (svchost.exe)
2026-09-13 12:08:08 [argus.main] INFO EVENT: PROCESS_TERMINATED — PID 20136 (conhost.exe)
2026-09-13 12:08:08 [argus.main] INFO EVENT: PROCESS_TERMINATED — PID 30792 (powershell.exe)
2026-09-13 12:08:17 [argus.file_monitor.scanner] INFO File scan: 4 roots, 17 candidates, 2 findings
2026-09-13 12:08:28 [argus.main] INFO EVENT: PROCESS_TERMINATED — PID 22012 (smartscreen.exe)
2026-09-13 12:08:30 [argus.main] INFO EVENT: PROCESS_TERMINATED — PID 8564 (svchost.exe)
2026-09-13 12:08:32 [argus.file_monitor.scanner] INFO File scan: 4 roots, 17 candidates, 2 findings
2026-09-13 12:08:47 [argus.file_monitor.scanner] INFO File scan: 4 roots, 17 candidates, 2 findings
2026-09-13 12:08:53 [argus.main] INFO EVENT: PROCESS_STARTED — PID 24528 (powershell.exe) parent=31368
2026-09-13 12:08:53 [argus.main] INFO EVENT: PROCESS_STARTED — PID 28992 (conhost.exe) parent=24528
2026-09-13 12:08:55 [argus.main] INFO EVENT: PROCESS_TERMINATED — PID 24528 (powershell.exe)
2026-09-13 12:08:55 [argus.main] INFO EVENT: PROCESS_TERMINATED — PID 28992 (conhost.exe)
2026-09-13 12:09:02 [argus.file_monitor.scanner] INFO File scan: 4 roots, 17 candidates, 2 findings
2026-09-13 12:09:07 [argus.main] INFO EVENT: PROCESS_STARTED — PID 17048 (conhost.exe) parent=21128
2026-09-13 12:09:07 [argus.main] INFO EVENT: PROCESS_STARTED — PID 21128 (powershell.exe) parent=31368
2026-09-13 12:09:07 [argus.main] INFO EVENT: PROCESS_TERMINATED — PID 15868 (svchost.exe)
2026-09-13 12:09:09 [argus.main] INFO EVENT: PROCESS_STARTED — PID 21584 (svchost.exe) parent=1360
2026-09-13 12:09:09 [argus.main] INFO EVENT: PROCESS_TERMINATED — PID 17048 (conhost.exe)
2026-09-13 12:09:09 [argus.main] INFO EVENT: PROCESS_TERMINATED — PID 21128 (powershell.exe)
2026-09-13 12:09:17 [argus.file_monitor.scanner] INFO File scan: 4 roots, 17 candidates, 2 findings
2026-09-13 12:09:25 [argus.main] INFO EVENT: PROCESS_STARTED — PID 24364 (powershell.exe) parent=31368
2026-09-13 12:09:25 [argus.main] INFO EVENT: PROCESS_STARTED — PID 25328 (conhost.exe) parent=24364
2026-09-13 12:09:27 [argus.main] INFO EVENT: PROCESS_STARTED — PID 14372 (chrome.exe) parent=20496
2026-09-13 12:09:27 [argus.main] INFO EVENT: PROCESS_TERMINATED — PID 24364 (powershell.exe)
2026-09-13 12:09:27 [argus.main] INFO EVENT: PROCESS_TERMINATED — PID 25328 (conhost.exe)
2026-09-13 12:09:33 [argus.file_monitor.scanner] INFO File scan: 4 roots, 17 candidates, 2 findings
2026-09-13 12:09:41 [argus.main] INFO EVENT: PROCESS_STARTED — PID 18044 (ROUTE.EXE) parent=31368
2026-09-13 12:09:41 [argus.main] INFO EVENT: PROCESS_STARTED — PID 29596 (conhost.exe) parent=18044
2026-09-13 12:09:43 [argus.main] INFO EVENT: PROCESS_TERMINATED — PID 18044 (ROUTE.EXE)
2026-09-13 12:09:43 [argus.main] INFO EVENT: PROCESS_TERMINATED — PID 29596 (conhost.exe)
2026-09-13 12:09:47 [argus.file_monitor.scanner] INFO File scan: 4 roots, 17 candidates, 2 findings
2026-09-13 12:09:57 [argus.main] INFO EVENT: PROCESS_STARTED — PID 14040 (powershell.exe) parent=31368
2026-09-13 12:09:57 [argus.main] INFO EVENT: PROCESS_STARTED — PID 29480 (conhost.exe) parent=14040
2026-09-13 12:09:59 [argus.main] INFO EVENT: PROCESS_TERMINATED — PID 14040 (powershell.exe)
2026-09-13 12:09:59 [argus.main] INFO EVENT: PROCESS_TERMINATED — PID 29480 (conhost.exe)
2026-09-13 12:10:02 [argus.file_monitor.scanner] INFO File scan: 4 roots, 17 candidates, 2 findings
2026-09-13 12:10:07 [argus.main] INFO EVENT: PROCESS_TERMINATED — PID 21584 (svchost.exe)
2026-09-13 12:10:09 [argus.main] INFO EVENT: PROCESS_STARTED — PID 18584 (conhost.exe) parent=19824
2026-09-13 12:10:09 [argus.main] INFO EVENT: PROCESS_STARTED — PID 19824 (powershell.exe) parent=31368
2026-09-13 12:10:11 [argus.main] INFO EVENT: PROCESS_STARTED — PID 23720 (svchost.exe) parent=1360
2026-09-13 12:10:11 [argus.main] INFO EVENT: PROCESS_TERMINATED — PID 18584 (conhost.exe)
2026-09-13 12:10:11 [argus.main] INFO EVENT: PROCESS_TERMINATED — PID 19824 (powershell.exe)
2026-09-13 12:10:17 [argus.file_monitor.scanner] INFO File scan: 4 roots, 17 candidates, 2 findings
2026-09-13 12:10:30 [argus.main] INFO EVENT: PROCESS_STARTED — PID 25008 (conhost.exe) parent=27176
2026-09-13 12:10:30 [argus.main] INFO EVENT: PROCESS_STARTED — PID 27176 (powershell.exe) parent=31368
2026-09-13 12:10:32 [argus.main] INFO EVENT: PROCESS_TERMINATED — PID 25008 (conhost.exe)
2026-09-13 12:10:32 [argus.main] INFO EVENT: PROCESS_TERMINATED — PID 27176 (powershell.exe)
2026-09-13 12:10:32 [argus.file_monitor.scanner] INFO File scan: 4 roots, 17 candidates, 2 findings
2026-09-13 12:10:47 [argus.file_monitor.scanner] INFO File scan: 4 roots, 17 candidates, 2 findings
2026-09-13 12:11:02 [argus.main] INFO EVENT: PROCESS_STARTED — PID 2552 (conhost.exe) parent=17836
2026-09-13 12:11:02 [argus.file_monitor.scanner] INFO File scan: 4 roots, 17 candidates, 2 findings
2026-09-13 12:11:04 [argus.main] INFO EVENT: PROCESS_TERMINATED — PID 2552 (conhost.exe)
2026-09-13 12:11:08 [argus.main] INFO EVENT: PROCESS_TERMINATED — PID 23720 (svchost.exe)
2026-09-13 12:11:10 [argus.main] INFO EVENT: PROCESS_STARTED — PID 12144 (conhost.exe) parent=17436
2026-09-13 12:11:10 [argus.main] INFO EVENT: PROCESS_STARTED — PID 17436 (powershell.exe) parent=31368
2026-09-13 12:11:12 [argus.main] INFO EVENT: PROCESS_STARTED — PID 5916 (svchost.exe) parent=1360
2026-09-13 12:11:12 [argus.main] INFO EVENT: PROCESS_TERMINATED — PID 12144 (conhost.exe)
2026-09-13 12:11:12 [argus.main] INFO EVENT: PROCESS_TERMINATED — PID 17436 (powershell.exe)
2026-09-13 12:11:17 [argus.file_monitor.scanner] INFO File scan: 4 roots, 17 candidates, 2 findings
2026-09-13 12:11:32 [argus.file_monitor.scanner] INFO File scan: 4 roots, 17 candidates, 2 findings
2026-09-13 12:11:34 [argus.main] INFO EVENT: PROCESS_STARTED — PID 4592 (conhost.exe) parent=21904
2026-09-13 12:11:34 [argus.main] INFO EVENT: PROCESS_STARTED — PID 21904 (powershell.exe) parent=31368
2026-09-13 12:11:36 [argus.main] INFO EVENT: PROCESS_TERMINATED — PID 4592 (conhost.exe)
2026-09-13 12:11:36 [argus.main] INFO EVENT: PROCESS_TERMINATED — PID 21904 (powershell.exe)
2026-09-13 12:11:47 [argus.file_monitor.scanner] INFO File scan: 4 roots, 17 candidates, 2 findings
2026-09-13 12:12:02 [argus.file_monitor.scanner] INFO File scan: 4 roots, 17 candidates, 2 findings
2026-09-13 12:12:06 [argus.main] INFO EVENT: PROCESS_TERMINATED — PID 5916 (svchost.exe)
2026-09-13 12:12:12 [argus.main] INFO EVENT: PROCESS_STARTED — PID 20188 (powershell.exe) parent=31368
2026-09-13 12:12:12 [argus.main] INFO EVENT: PROCESS_STARTED — PID 30156 (conhost.exe) parent=20188
2026-09-13 12:12:14 [argus.main] INFO EVENT: PROCESS_STARTED — PID 12168 (svchost.exe) parent=1360
2026-09-13 12:12:14 [argus.main] INFO EVENT: PROCESS_TERMINATED — PID 20188 (powershell.exe)
2026-09-13 12:12:14 [argus.main] INFO EVENT: PROCESS_TERMINATED — PID 30156 (conhost.exe)
2026-09-13 12:12:17 [argus.file_monitor.scanner] INFO File scan: 4 roots, 17 candidates, 2 findings
2026-09-13 12:12:22 [argus.main] INFO EVENT: PROCESS_STARTED — PID 19832 (<unknown-pid-19832>) parent=14392
2026-09-13 12:12:24 [argus.main] INFO EVENT: PROCESS_TERMINATED — PID 19832 (<unknown-pid-19832>)
2026-09-13 12:12:32 [argus.file_monitor.scanner] INFO File scan: 4 roots, 17 candidates, 2 findings
2026-09-13 12:12:38 [argus.main] INFO EVENT: PROCESS_STARTED — PID 4904 (conhost.exe) parent=5984
2026-09-13 12:12:41 [argus.main] INFO EVENT: PROCESS_TERMINATED — PID 4904 (conhost.exe)
2026-09-13 12:12:47 [argus.file_monitor.scanner] INFO File scan: 4 roots, 17 candidates, 2 findings
2026-09-13 12:13:02 [argus.file_monitor.scanner] INFO File scan: 4 roots, 17 candidates, 2 findings
2026-09-13 12:13:07 [argus.main] INFO EVENT: PROCESS_TERMINATED — PID 12168 (svchost.exe)
2026-09-13 12:13:13 [argus.main] INFO EVENT: PROCESS_STARTED — PID 5912 (conhost.exe) parent=30808
2026-09-13 12:13:13 [argus.main] INFO EVENT: PROCESS_STARTED — PID 30808 (powershell.exe) parent=31368
2026-09-13 12:13:15 [argus.main] INFO EVENT: PROCESS_STARTED — PID 5700 (svchost.exe) parent=1360
2026-09-13 12:13:15 [argus.main] INFO EVENT: PROCESS_STARTED — PID 7076 (conhost.exe) parent=29260
2026-09-13 12:13:15 [argus.main] INFO EVENT: PROCESS_STARTED — PID 29260 (powershell.exe) parent=31368
2026-09-13 12:13:15 [argus.main] INFO EVENT: PROCESS_TERMINATED — PID 5912 (conhost.exe)
2026-09-13 12:13:15 [argus.main] INFO EVENT: PROCESS_TERMINATED — PID 30808 (powershell.exe)
2026-09-13 12:13:17 [argus.main] INFO EVENT: PROCESS_TERMINATED — PID 7076 (conhost.exe)
2026-09-13 12:13:17 [argus.main] INFO EVENT: PROCESS_TERMINATED — PID 29260 (powershell.exe)
2026-09-13 12:13:17 [argus.file_monitor.scanner] INFO File scan: 4 roots, 17 candidates, 2 findings
2026-09-13 12:13:31 [argus.main] INFO EVENT: PROCESS_STARTED — PID 8164 (svchost.exe) parent=1360
2026-09-13 12:13:32 [argus.file_monitor.scanner] INFO File scan: 4 roots, 17 candidates, 2 findings
2026-09-13 12:13:47 [argus.main] INFO EVENT: PROCESS_STARTED — PID 23880 (powershell.exe) parent=31368
2026-09-13 12:13:47 [argus.main] INFO EVENT: PROCESS_STARTED — PID 31188 (conhost.exe) parent=23880
2026-09-13 12:13:47 [argus.file_monitor.scanner] INFO File scan: 4 roots, 17 candidates, 2 findings
2026-09-13 12:13:49 [argus.main] INFO EVENT: PROCESS_TERMINATED — PID 23880 (powershell.exe)
2026-09-13 12:13:49 [argus.main] INFO EVENT: PROCESS_TERMINATED — PID 31188 (conhost.exe)
2026-09-13 12:14:02 [argus.file_monitor.scanner] INFO File scan: 4 roots, 17 candidates, 2 findings
2026-09-13 12:14:03 [argus.main] INFO EVENT: PROCESS_STARTED — PID 24128 (svchost.exe) parent=1360
2026-09-13 12:14:07 [argus.main] INFO EVENT: PROCESS_TERMINATED — PID 5700 (svchost.exe)
2026-09-13 12:14:13 [argus.main] INFO EVENT: PROCESS_STARTED — PID 6088 (powershell.exe) parent=31368
2026-09-13 12:14:13 [argus.main] INFO EVENT: PROCESS_STARTED — PID 28336 (conhost.exe) parent=6088
2026-09-13 12:14:15 [argus.main] INFO EVENT: PROCESS_STARTED — PID 12388 (svchost.exe) parent=1360
2026-09-13 12:14:15 [argus.main] INFO EVENT: PROCESS_TERMINATED — PID 6088 (powershell.exe)
2026-09-13 12:14:15 [argus.main] INFO EVENT: PROCESS_TERMINATED — PID 28336 (conhost.exe)
2026-09-13 12:14:17 [argus.file_monitor.scanner] INFO File scan: 4 roots, 17 candidates, 2 findings
2026-09-13 12:14:19 [argus.main] INFO EVENT: PROCESS_STARTED — PID 1464 (powershell.exe) parent=31368
2026-09-13 12:14:19 [argus.main] INFO EVENT: PROCESS_STARTED — PID 21492 (conhost.exe) parent=1464
2026-09-13 12:14:21 [argus.main] INFO EVENT: PROCESS_TERMINATED — PID 1464 (powershell.exe)
2026-09-13 12:14:21 [argus.main] INFO EVENT: PROCESS_TERMINATED — PID 21492 (conhost.exe)
2026-09-13 12:14:33 [argus.file_monitor.scanner] INFO File scan: 4 roots, 17 candidates, 2 findings
2026-09-13 12:14:34 [argus.main] INFO EVENT: PROCESS_STARTED — PID 16360 (svchost.exe) parent=1360
2026-09-13 12:14:47 [argus.file_monitor.scanner] INFO File scan: 4 roots, 17 candidates, 2 findings
2026-09-13 12:15:02 [argus.file_monitor.scanner] INFO File scan: 4 roots, 17 candidates, 2 findings
2026-09-13 12:15:08 [argus.main] INFO EVENT: PROCESS_TERMINATED — PID 12388 (svchost.exe)
2026-09-13 12:15:16 [argus.main] INFO EVENT: PROCESS_STARTED — PID 20200 (powershell.exe) parent=31368
2026-09-13 12:15:16 [argus.main] INFO EVENT: PROCESS_STARTED — PID 27176 (conhost.exe) parent=20200
2026-09-13 12:15:17 [argus.file_monitor.scanner] INFO File scan: 4 roots, 17 candidates, 2 findings
2026-09-13 12:15:18 [argus.main] INFO EVENT: PROCESS_STARTED — PID 4960 (svchost.exe) parent=1360
2026-09-13 12:15:18 [argus.main] INFO EVENT: PROCESS_TERMINATED — PID 20200 (powershell.exe)
2026-09-13 12:15:18 [argus.main] INFO EVENT: PROCESS_TERMINATED — PID 27176 (conhost.exe)
2026-09-13 12:15:20 [argus.main] INFO EVENT: PROCESS_TERMINATED — PID 24128 (svchost.exe)
2026-09-13 12:15:32 [argus.file_monitor.scanner] INFO File scan: 4 roots, 17 candidates, 2 findings
2026-09-13 12:15:47 [argus.file_monitor.scanner] INFO File scan: 4 roots, 17 candidates, 2 findings
2026-09-13 12:15:54 [argus.main] INFO EVENT: PROCESS_STARTED — PID 12480 (<unknown-pid-12480>) parent=31368
2026-09-13 12:15:56 [argus.main] INFO EVENT: PROCESS_TERMINATED — PID 12480 (<unknown-pid-12480>)
2026-09-13 12:16:02 [argus.file_monitor.scanner] INFO File scan: 4 roots, 17 candidates, 2 findings
2026-09-13 12:16:08 [argus.main] INFO EVENT: PROCESS_TERMINATED — PID 4960 (svchost.exe)
2026-09-13 12:16:16 [argus.main] INFO EVENT: PROCESS_STARTED — PID 19608 (powershell.exe) parent=31368
2026-09-13 12:16:16 [argus.main] INFO EVENT: PROCESS_STARTED — PID 20392 (conhost.exe) parent=19608
2026-09-13 12:16:17 [argus.file_monitor.scanner] INFO File scan: 4 roots, 17 candidates, 2 findings
2026-09-13 12:16:18 [argus.main] INFO EVENT: PROCESS_STARTED — PID 19908 (svchost.exe) parent=1360
2026-09-13 12:16:18 [argus.main] INFO EVENT: PROCESS_TERMINATED — PID 19608 (powershell.exe)
2026-09-13 12:16:18 [argus.main] INFO EVENT: PROCESS_TERMINATED — PID 20392 (conhost.exe)
2026-09-13 12:16:22 [argus.main] INFO EVENT: PROCESS_STARTED — PID 12796 (postgres.exe) parent=14392
2026-09-13 12:16:24 [argus.main] INFO EVENT: PROCESS_STARTED — PID 1728 (conhost.exe) parent=23100
2026-09-13 12:16:24 [argus.main] INFO EVENT: PROCESS_STARTED — PID 23100 (powershell.exe) parent=31368
2026-09-13 12:16:24 [argus.main] INFO EVENT: PROCESS_TERMINATED — PID 12796 (postgres.exe)
2026-09-13 12:16:26 [argus.main] INFO EVENT: PROCESS_TERMINATED — PID 1728 (conhost.exe)
2026-09-13 12:16:26 [argus.main] INFO EVENT: PROCESS_TERMINATED — PID 23100 (powershell.exe)
2026-09-13 12:16:28 [argus.main] INFO EVENT: PROCESS_STARTED — PID 10824 (backgroundTaskHost.exe) parent=1596
2026-09-13 12:16:28 [argus.main] INFO EVENT: PROCESS_STARTED — PID 15936 (taskhostw.exe) parent=2996
2026-09-13 12:16:31 [argus.main] INFO EVENT: PROCESS_STARTED — PID 7624 (svchost.exe) parent=1360
2026-09-13 12:16:31 [argus.main] INFO EVENT: PROCESS_STARTED — PID 16648 (RuntimeBroker.exe) parent=1596
2026-09-13 12:16:31 [argus.main] INFO EVENT: PROCESS_STARTED — PID 24228 (sppsvc.exe) parent=1360
2026-09-13 12:16:31 [argus.main] INFO EVENT: PROCESS_TERMINATED — PID 10824 (backgroundTaskHost.exe)
2026-09-13 12:16:32 [argus.file_monitor.scanner] INFO File scan: 4 roots, 17 candidates, 2 findings
2026-09-13 12:16:35 [argus.main] INFO EVENT: PROCESS_TERMINATED — PID 15936 (taskhostw.exe)
2026-09-13 12:16:47 [argus.file_monitor.scanner] INFO File scan: 4 roots, 17 candidates, 2 findings
2026-09-13 12:16:55 [argus.main] INFO EVENT: PROCESS_STARTED — PID 5692 (conhost.exe) parent=14400
2026-09-13 12:16:55 [argus.main] INFO EVENT: PROCESS_STARTED — PID 14400 (powershell.exe) parent=31368
2026-09-13 12:16:57 [argus.main] INFO EVENT: PROCESS_TERMINATED — PID 5692 (conhost.exe)
2026-09-13 12:16:57 [argus.main] INFO EVENT: PROCESS_TERMINATED — PID 14400 (powershell.exe)
2026-09-13 12:17:01 [argus.main] INFO EVENT: PROCESS_TERMINATED — PID 24228 (sppsvc.exe)
2026-09-13 12:17:02 [argus.file_monitor.scanner] INFO File scan: 4 roots, 17 candidates, 2 findings
2026-09-13 12:17:07 [argus.main] INFO EVENT: PROCESS_TERMINATED — PID 19908 (svchost.exe)
2026-09-13 12:17:09 [argus.main] INFO EVENT: PROCESS_TERMINATED — PID 16648 (RuntimeBroker.exe)
2026-09-13 12:17:15 [argus.main] INFO EVENT: PROCESS_STARTED — PID 4412 (conhost.exe) parent=20172
2026-09-13 12:17:17 [argus.file_monitor.scanner] INFO File scan: 4 roots, 17 candidates, 2 findings
2026-09-13 12:17:17 [argus.main] INFO EVENT: PROCESS_TERMINATED — PID 4412 (conhost.exe)
2026-09-13 12:17:19 [argus.main] INFO EVENT: PROCESS_STARTED — PID 10688 (powershell.exe) parent=31368
2026-09-13 12:17:19 [argus.main] INFO EVENT: PROCESS_STARTED — PID 14644 (conhost.exe) parent=10688
2026-09-13 12:17:21 [argus.main] INFO EVENT: PROCESS_STARTED — PID 25380 (svchost.exe) parent=1360
2026-09-13 12:17:21 [argus.main] INFO EVENT: PROCESS_TERMINATED — PID 10688 (powershell.exe)
2026-09-13 12:17:21 [argus.main] INFO EVENT: PROCESS_TERMINATED — PID 14644 (conhost.exe)
2026-09-13 12:17:27 [argus.main] INFO EVENT: PROCESS_STARTED — PID 20208 (<unknown-pid-20208>) parent=27084
2026-09-13 12:17:29 [argus.main] INFO EVENT: PROCESS_TERMINATED — PID 20208 (<unknown-pid-20208>)
2026-09-13 12:17:32 [argus.file_monitor.scanner] INFO File scan: 4 roots, 17 candidates, 2 findings
2026-09-13 12:17:33 [argus.main] INFO EVENT: PROCESS_TERMINATED — PID 16360 (svchost.exe)
2026-09-13 12:17:47 [argus.file_monitor.scanner] INFO File scan: 4 roots, 17 candidates, 2 findings
2026-09-13 12:17:51 [argus.main] INFO EVENT: PROCESS_STARTED — PID 12712 (backgroundTaskHost.exe) parent=1596
2026-09-13 12:17:51 [argus.main] INFO EVENT: PROCESS_STARTED — PID 24264 (backgroundTaskHost.exe) parent=1596
2026-09-13 12:17:53 [argus.main] INFO EVENT: PROCESS_STARTED — PID 11880 (RuntimeBroker.exe) parent=1596
2026-09-13 12:18:00 [argus.main] INFO EVENT: PROCESS_STARTED — PID 10384 (conhost.exe) parent=31680
2026-09-13 12:18:00 [argus.main] INFO EVENT: PROCESS_STARTED — PID 31680 (powershell.exe) parent=31368
2026-09-13 12:18:02 [argus.main] INFO EVENT: PROCESS_TERMINATED — PID 10384 (conhost.exe)
2026-09-13 12:18:02 [argus.main] INFO EVENT: PROCESS_TERMINATED — PID 31680 (powershell.exe)
2026-09-13 12:18:02 [argus.file_monitor.scanner] INFO File scan: 4 roots, 17 candidates, 2 findings
2026-09-13 12:18:08 [argus.main] INFO EVENT: PROCESS_TERMINATED — PID 25380 (svchost.exe)
2026-09-13 12:18:17 [argus.file_monitor.scanner] INFO File scan: 4 roots, 17 candidates, 2 findings
2026-09-13 12:18:20 [argus.main] INFO EVENT: PROCESS_STARTED — PID 4356 (powershell.exe) parent=31368
2026-09-13 12:18:20 [argus.main] INFO EVENT: PROCESS_STARTED — PID 23848 (conhost.exe) parent=4356
2026-09-13 12:18:22 [argus.main] INFO EVENT: PROCESS_STARTED — PID 15820 (svchost.exe) parent=1360
2026-09-13 12:18:22 [argus.main] INFO EVENT: PROCESS_TERMINATED — PID 4356 (powershell.exe)
2026-09-13 12:18:22 [argus.main] INFO EVENT: PROCESS_TERMINATED — PID 23848 (conhost.exe)
2026-09-13 12:18:32 [argus.file_monitor.scanner] INFO File scan: 4 roots, 17 candidates, 2 findings
2026-09-13 12:18:42 [argus.main] INFO EVENT: PROCESS_STARTED — PID 23780 (postgres.exe) parent=14392
2026-09-13 12:18:44 [argus.main] INFO EVENT: PROCESS_TERMINATED — PID 23780 (postgres.exe)
2026-09-13 12:18:47 [argus.file_monitor.scanner] INFO File scan: 4 roots, 17 candidates, 2 findings
2026-09-13 12:18:52 [argus.main] INFO EVENT: PROCESS_TERMINATED — PID 12712 (backgroundTaskHost.exe)
2026-09-13 12:18:54 [argus.main] INFO EVENT: PROCESS_TERMINATED — PID 24264 (backgroundTaskHost.exe)
2026-09-13 12:19:02 [argus.file_monitor.scanner] INFO File scan: 4 roots, 17 candidates, 2 findings
2026-09-13 12:19:08 [argus.main] INFO EVENT: PROCESS_TERMINATED — PID 15820 (svchost.exe)
2026-09-13 12:19:17 [argus.file_monitor.scanner] INFO File scan: 4 roots, 17 candidates, 2 findings
2026-09-13 12:19:22 [argus.main] INFO EVENT: PROCESS_STARTED — PID 11540 (powershell.exe) parent=31368
2026-09-13 12:19:22 [argus.main] INFO EVENT: PROCESS_STARTED — PID 13940 (conhost.exe) parent=11540
2026-09-13 12:19:22 [argus.main] INFO EVENT: PROCESS_STARTED — PID 14468 (WmiPrvSE.exe) parent=1596
2026-09-13 12:19:22 [argus.main] INFO EVENT: PROCESS_TERMINATED — PID 22476 (WmiPrvSE.exe)
2026-09-13 12:19:24 [argus.main] INFO EVENT: PROCESS_STARTED — PID 29100 (svchost.exe) parent=1360
2026-09-13 12:19:24 [argus.main] INFO EVENT: PROCESS_TERMINATED — PID 11880 (RuntimeBroker.exe)
2026-09-13 12:19:24 [argus.main] INFO EVENT: PROCESS_TERMINATED — PID 11540 (powershell.exe)
2026-09-13 12:19:24 [argus.main] INFO EVENT: PROCESS_TERMINATED — PID 13940 (conhost.exe)
2026-09-13 12:19:32 [argus.file_monitor.scanner] INFO File scan: 4 roots, 17 candidates, 2 findings
2026-09-13 12:19:32 [argus.main] INFO EVENT: PROCESS_STARTED — PID 31348 (powershell.exe) parent=31368
2026-09-13 12:19:32 [argus.main] INFO EVENT: PROCESS_STARTED — PID 31408 (conhost.exe) parent=31348
2026-09-13 12:19:34 [argus.main] INFO EVENT: PROCESS_TERMINATED — PID 31348 (powershell.exe)
2026-09-13 12:19:34 [argus.main] INFO EVENT: PROCESS_TERMINATED — PID 31408 (conhost.exe)
2026-09-13 12:19:47 [argus.file_monitor.scanner] INFO File scan: 4 roots, 17 candidates, 2 findings
2026-09-13 12:19:59 [argus.main] INFO EVENT: PROCESS_STARTED — PID 13996 (<unknown-pid-13996>) parent=31368
2026-09-13 12:20:01 [argus.main] INFO EVENT: PROCESS_TERMINATED — PID 13996 (<unknown-pid-13996>)
2026-09-13 12:20:02 [argus.file_monitor.scanner] INFO File scan: 4 roots, 17 candidates, 2 findings
2026-09-13 12:20:17 [argus.file_monitor.scanner] INFO File scan: 4 roots, 17 candidates, 2 findings
2026-09-13 12:20:23 [argus.main] INFO EVENT: PROCESS_STARTED — PID 3124 (conhost.exe) parent=10324
2026-09-13 12:20:23 [argus.main] INFO EVENT: PROCESS_STARTED — PID 10324 (powershell.exe) parent=31368
2026-09-13 12:20:25 [argus.main] INFO EVENT: PROCESS_TERMINATED — PID 3124 (conhost.exe)
2026-09-13 12:20:25 [argus.main] INFO EVENT: PROCESS_TERMINATED — PID 10324 (powershell.exe)
2026-09-13 12:20:32 [argus.file_monitor.scanner] INFO File scan: 4 roots, 17 candidates, 2 findings
2026-09-13 12:20:47 [argus.file_monitor.scanner] INFO File scan: 4 roots, 17 candidates, 2 findings
2026-09-13 12:21:02 [argus.file_monitor.scanner] INFO File scan: 4 roots, 17 candidates, 2 findings
2026-09-13 12:21:11 [argus.main] INFO EVENT: PROCESS_STARTED — PID 4712 (conhost.exe) parent=26812
2026-09-13 12:21:11 [argus.main] INFO EVENT: PROCESS_STARTED — PID 26812 (powershell.exe) parent=31368
2026-09-13 12:21:13 [argus.main] INFO EVENT: PROCESS_TERMINATED — PID 4712 (conhost.exe)
2026-09-13 12:21:13 [argus.main] INFO EVENT: PROCESS_TERMINATED — PID 26812 (powershell.exe)
2026-09-13 12:21:17 [argus.file_monitor.scanner] INFO File scan: 4 roots, 17 candidates, 2 findings
2026-09-13 12:21:25 [argus.main] INFO EVENT: PROCESS_STARTED — PID 24312 (conhost.exe) parent=29392
2026-09-13 12:21:25 [argus.main] INFO EVENT: PROCESS_STARTED — PID 29392 (powershell.exe) parent=31368
2026-09-13 12:21:27 [argus.main] INFO EVENT: PROCESS_STARTED — PID 24652 (svchost.exe) parent=1360
2026-09-13 12:21:27 [argus.main] INFO EVENT: PROCESS_TERMINATED — PID 29100 (svchost.exe)
2026-09-13 12:21:27 [argus.main] INFO EVENT: PROCESS_TERMINATED — PID 24312 (conhost.exe)
2026-09-13 12:21:27 [argus.main] INFO EVENT: PROCESS_TERMINATED — PID 29392 (powershell.exe)
2026-09-13 12:21:32 [argus.file_monitor.scanner] INFO File scan: 4 roots, 17 candidates, 2 findings
2026-09-13 12:21:41 [argus.main] INFO EVENT: PROCESS_STARTED — PID 27292 (ipconfig.exe) parent=31368
2026-09-13 12:21:43 [argus.main] INFO EVENT: PROCESS_TERMINATED — PID 27292 (ipconfig.exe)
2026-09-13 12:21:47 [argus.file_monitor.scanner] INFO File scan: 4 roots, 17 candidates, 2 findings
2026-09-13 12:22:02 [argus.file_monitor.scanner] INFO File scan: 4 roots, 17 candidates, 2 findings
2026-09-13 12:22:15 [argus.main] INFO EVENT: PROCESS_STARTED — PID 24548 (powershell.exe) parent=31368
2026-09-13 12:22:17 [argus.file_monitor.scanner] INFO File scan: 4 roots, 17 candidates, 2 findings
2026-09-13 12:22:18 [argus.main] INFO EVENT: PROCESS_TERMINATED — PID 24548 (powershell.exe)
2026-09-13 12:22:24 [argus.main] INFO EVENT: PROCESS_STARTED — PID 10616 (reg.exe) parent=18040
2026-09-13 12:22:26 [argus.main] INFO EVENT: PROCESS_STARTED — PID 6124 (conhost.exe) parent=20168
2026-09-13 12:22:26 [argus.main] INFO EVENT: PROCESS_STARTED — PID 20168 (powershell.exe) parent=31368
2026-09-13 12:22:26 [argus.main] INFO EVENT: PROCESS_TERMINATED — PID 24652 (svchost.exe)
2026-09-13 12:22:26 [argus.main] INFO EVENT: PROCESS_TERMINATED — PID 10616 (reg.exe)
2026-09-13 12:22:28 [argus.main] INFO EVENT: PROCESS_STARTED — PID 2692 (svchost.exe) parent=1360
2026-09-13 12:22:28 [argus.main] INFO EVENT: PROCESS_TERMINATED — PID 6124 (conhost.exe)
2026-09-13 12:22:28 [argus.main] INFO EVENT: PROCESS_TERMINATED — PID 20168 (powershell.exe)
2026-09-13 12:22:32 [argus.file_monitor.scanner] INFO File scan: 4 roots, 17 candidates, 2 findings
2026-09-13 12:22:47 [argus.file_monitor.scanner] INFO File scan: 4 roots, 17 candidates, 2 findings
2026-09-13 12:23:02 [argus.main] INFO EVENT: PROCESS_STARTED — PID 16264 (postgres.exe) parent=14392
2026-09-13 12:23:02 [argus.file_monitor.scanner] INFO File scan: 4 roots, 17 candidates, 2 findings
2026-09-13 12:23:04 [argus.main] INFO EVENT: PROCESS_TERMINATED — PID 16264 (postgres.exe)
2026-09-13 12:23:17 [argus.file_monitor.scanner] INFO File scan: 4 roots, 17 candidates, 2 findings
2026-09-13 12:23:20 [argus.main] INFO EVENT: PROCESS_STARTED — PID 5492 (conhost.exe) parent=26464
2026-09-13 12:23:20 [argus.main] INFO EVENT: PROCESS_STARTED — PID 26464 (powershell.exe) parent=31368
2026-09-13 12:23:22 [argus.main] INFO EVENT: PROCESS_TERMINATED — PID 5492 (conhost.exe)
2026-09-13 12:23:22 [argus.main] INFO EVENT: PROCESS_TERMINATED — PID 26464 (powershell.exe)
2026-09-13 12:23:26 [argus.main] INFO EVENT: PROCESS_TERMINATED — PID 2692 (svchost.exe)
2026-09-13 12:23:28 [argus.main] INFO EVENT: PROCESS_STARTED — PID 17120 (conhost.exe) parent=22012
2026-09-13 12:23:28 [argus.main] INFO EVENT: PROCESS_STARTED — PID 22012 (powershell.exe) parent=31368
2026-09-13 12:23:30 [argus.main] INFO EVENT: PROCESS_STARTED — PID 27120 (svchost.exe) parent=1360
2026-09-13 12:23:30 [argus.main] INFO EVENT: PROCESS_TERMINATED — PID 8164 (svchost.exe)
2026-09-13 12:23:30 [argus.main] INFO EVENT: PROCESS_TERMINATED — PID 17120 (conhost.exe)
2026-09-13 12:23:30 [argus.main] INFO EVENT: PROCESS_TERMINATED — PID 22012 (powershell.exe)
2026-09-13 12:23:32 [argus.file_monitor.scanner] INFO File scan: 4 roots, 17 candidates, 2 findings
2026-09-13 12:23:42 [argus.main] INFO EVENT: PROCESS_STARTED — PID 31068 (postgres.exe) parent=14392
2026-09-13 12:23:44 [argus.main] INFO EVENT: PROCESS_TERMINATED — PID 31068 (postgres.exe)
2026-09-13 12:23:47 [argus.file_monitor.scanner] INFO File scan: 4 roots, 17 candidates, 2 findings
2026-09-13 12:24:02 [argus.file_monitor.scanner] INFO File scan: 4 roots, 17 candidates, 2 findings
2026-09-13 12:24:17 [argus.file_monitor.scanner] INFO File scan: 4 roots, 17 candidates, 2 findings
2026-09-13 12:24:25 [argus.main] INFO EVENT: PROCESS_STARTED — PID 15868 (conhost.exe) parent=23484
2026-09-13 12:24:25 [argus.main] INFO EVENT: PROCESS_STARTED — PID 23484 (powershell.exe) parent=31368
2026-09-13 12:24:27 [argus.main] INFO EVENT: PROCESS_TERMINATED — PID 27120 (svchost.exe)
2026-09-13 12:24:27 [argus.main] INFO EVENT: PROCESS_TERMINATED — PID 15868 (conhost.exe)
2026-09-13 12:24:27 [argus.main] INFO EVENT: PROCESS_TERMINATED — PID 23484 (powershell.exe)
2026-09-13 12:24:29 [argus.main] INFO EVENT: PROCESS_STARTED — PID 2132 (conhost.exe) parent=16152
2026-09-13 12:24:29 [argus.main] INFO EVENT: PROCESS_STARTED — PID 16152 (powershell.exe) parent=31368
2026-09-13 12:24:31 [argus.main] INFO EVENT: PROCESS_STARTED — PID 28188 (svchost.exe) parent=1360
2026-09-13 12:24:31 [argus.main] INFO EVENT: PROCESS_TERMINATED — PID 2132 (conhost.exe)
2026-09-13 12:24:31 [argus.main] INFO EVENT: PROCESS_TERMINATED — PID 16152 (powershell.exe)
2026-09-13 12:24:32 [argus.file_monitor.scanner] INFO File scan: 4 roots, 17 candidates, 2 findings
2026-09-13 12:24:47 [argus.file_monitor.scanner] INFO File scan: 4 roots, 17 candidates, 2 findings
2026-09-13 12:24:57 [argus.main] INFO EVENT: PROCESS_STARTED — PID 17532 (powershell.exe) parent=31368
2026-09-13 12:24:57 [argus.main] INFO EVENT: PROCESS_STARTED — PID 28976 (conhost.exe) parent=17532
2026-09-13 12:24:59 [argus.main] INFO EVENT: PROCESS_TERMINATED — PID 17532 (powershell.exe)
2026-09-13 12:24:59 [argus.main] INFO EVENT: PROCESS_TERMINATED — PID 28976 (conhost.exe)
2026-09-13 12:25:02 [argus.file_monitor.scanner] INFO File scan: 4 roots, 17 candidates, 2 findings
2026-09-13 12:25:17 [argus.file_monitor.scanner] INFO File scan: 4 roots, 17 candidates, 2 findings
2026-09-13 12:25:23 [argus.main] INFO EVENT: PROCESS_STARTED — PID 18308 (MoUsoCoreWorker.exe) parent=2476
2026-09-13 12:25:25 [argus.main] INFO EVENT: PROCESS_STARTED — PID 29640 (RuntimeBroker.exe) parent=1596
2026-09-13 12:25:27 [argus.main] INFO EVENT: PROCESS_STARTED — PID 22384 (sppsvc.exe) parent=1360
2026-09-13 12:25:27 [argus.main] INFO EVENT: PROCESS_STARTED — PID 23684 (svchost.exe) parent=1360
2026-09-13 12:25:27 [argus.main] INFO EVENT: PROCESS_STARTED — PID 29776 (svchost.exe) parent=1360
2026-09-13 12:25:27 [argus.main] INFO EVENT: PROCESS_STARTED — PID 31720 (taskhostw.exe) parent=2996
2026-09-13 12:25:27 [argus.main] INFO EVENT: PROCESS_TERMINATED — PID 28188 (svchost.exe)
2026-09-13 12:25:29 [argus.main] INFO EVENT: PROCESS_STARTED — PID 10992 (conhost.exe) parent=27364
2026-09-13 12:25:29 [argus.main] INFO EVENT: PROCESS_STARTED — PID 27364 (powershell.exe) parent=31368
2026-09-13 12:25:32 [argus.main] INFO EVENT: PROCESS_STARTED — PID 20888 (TrustedInstaller.exe) parent=1360
2026-09-13 12:25:32 [argus.main] INFO EVENT: PROCESS_STARTED — PID 30908 (TiWorker.exe) parent=1596
2026-09-13 12:25:32 [argus.main] INFO EVENT: PROCESS_TERMINATED — PID 31720 (taskhostw.exe)
2026-09-13 12:25:32 [argus.main] INFO EVENT: PROCESS_TERMINATED — PID 10992 (conhost.exe)
2026-09-13 12:25:32 [argus.main] INFO EVENT: PROCESS_TERMINATED — PID 27364 (powershell.exe)
2026-09-13 12:25:32 [argus.file_monitor.scanner] INFO File scan: 4 roots, 17 candidates, 2 findings
2026-09-13 12:25:34 [argus.main] INFO EVENT: PROCESS_STARTED — PID 8100 (conhost.exe) parent=13740
2026-09-13 12:25:34 [argus.main] INFO EVENT: PROCESS_STARTED — PID 13740 (powershell.exe) parent=31368
2026-09-13 12:25:36 [argus.main] INFO EVENT: PROCESS_STARTED — PID 22544 (svchost.exe) parent=1360
2026-09-13 12:25:36 [argus.main] INFO EVENT: PROCESS_TERMINATED — PID 8100 (conhost.exe)
2026-09-13 12:25:36 [argus.main] INFO EVENT: PROCESS_TERMINATED — PID 13740 (powershell.exe)
2026-09-13 12:25:40 [argus.main] INFO EVENT: PROCESS_STARTED — PID 18860 (backgroundTaskHost.exe) parent=1596
2026-09-13 12:25:44 [argus.main] INFO EVENT: PROCESS_STARTED — PID 13452 (WmiPrvSE.exe) parent=1596
2026-09-13 12:25:44 [argus.main] INFO EVENT: PROCESS_STARTED — PID 28732 (RuntimeBroker.exe) parent=1596
2026-09-13 12:25:47 [argus.file_monitor.scanner] INFO File scan: 4 roots, 17 candidates, 2 findings
2026-09-13 12:26:02 [argus.main] INFO EVENT: PROCESS_STARTED — PID 2248 (powershell.exe) parent=31368
2026-09-13 12:26:02 [argus.main] INFO EVENT: PROCESS_STARTED — PID 3472 (conhost.exe) parent=2248
2026-09-13 12:26:02 [argus.main] INFO EVENT: PROCESS_STARTED — PID 31136 (postgres.exe) parent=14392
2026-09-13 12:26:04 [argus.file_monitor.scanner] INFO File scan: 4 roots, 17 candidates, 2 findings
2026-09-13 12:26:04 [argus.main] INFO EVENT: PROCESS_TERMINATED — PID 2248 (powershell.exe)
2026-09-13 12:26:04 [argus.main] INFO EVENT: PROCESS_TERMINATED — PID 3472 (conhost.exe)
2026-09-13 12:26:04 [argus.main] INFO EVENT: PROCESS_TERMINATED — PID 31136 (postgres.exe)
2026-09-13 12:26:06 [argus.main] INFO EVENT: PROCESS_TERMINATED — PID 29640 (RuntimeBroker.exe)
2026-09-13 12:26:06 [argus.main] INFO EVENT: PROCESS_TERMINATED — PID 22384 (sppsvc.exe)
2026-09-13 12:26:17 [argus.file_monitor.scanner] INFO File scan: 4 roots, 17 candidates, 2 findings
2026-09-13 12:26:26 [argus.main] INFO EVENT: PROCESS_TERMINATED — PID 22544 (svchost.exe)
2026-09-13 12:26:28 [argus.main] INFO EVENT: PROCESS_TERMINATED — PID 23684 (svchost.exe)
2026-09-13 12:26:32 [argus.file_monitor.scanner] INFO File scan: 4 roots, 17 candidates, 2 findings
2026-09-13 12:26:36 [argus.main] INFO EVENT: PROCESS_STARTED — PID 25580 (conhost.exe) parent=26200
2026-09-13 12:26:36 [argus.main] INFO EVENT: PROCESS_STARTED — PID 26200 (powershell.exe) parent=31368
2026-09-13 12:26:38 [argus.main] INFO EVENT: PROCESS_STARTED — PID 21244 (svchost.exe) parent=1360
2026-09-13 12:26:38 [argus.main] INFO EVENT: PROCESS_TERMINATED — PID 25580 (conhost.exe)
2026-09-13 12:26:38 [argus.main] INFO EVENT: PROCESS_TERMINATED — PID 26200 (powershell.exe)
2026-09-13 12:26:44 [argus.main] INFO EVENT: PROCESS_TERMINATED — PID 18308 (MoUsoCoreWorker.exe)
2026-09-13 12:26:45 [argus.main] INFO EVENT: PROCESS_TERMINATED — PID 18860 (backgroundTaskHost.exe)
2026-09-13 12:26:45 [argus.main] INFO EVENT: PROCESS_TERMINATED — PID 13452 (WmiPrvSE.exe)
2026-09-13 12:26:47 [argus.file_monitor.scanner] INFO File scan: 4 roots, 17 candidates, 2 findings
2026-09-13 12:27:02 [argus.file_monitor.scanner] INFO File scan: 4 roots, 17 candidates, 2 findings
2026-09-13 12:27:15 [argus.main] INFO EVENT: PROCESS_TERMINATED — PID 28732 (RuntimeBroker.exe)
2026-09-13 12:27:17 [argus.file_monitor.scanner] INFO File scan: 4 roots, 17 candidates, 2 findings
2026-09-13 12:27:27 [argus.main] INFO EVENT: PROCESS_TERMINATED — PID 21244 (svchost.exe)
2026-09-13 12:27:32 [argus.file_monitor.scanner] INFO File scan: 4 roots, 17 candidates, 2 findings
2026-09-13 12:27:35 [argus.main] INFO EVENT: PROCESS_TERMINATED — PID 20888 (TrustedInstaller.exe)
2026-09-13 12:27:35 [argus.main] INFO EVENT: PROCESS_TERMINATED — PID 30908 (TiWorker.exe)
2026-09-13 12:27:37 [argus.main] INFO EVENT: PROCESS_STARTED — PID 3680 (conhost.exe) parent=28016
2026-09-13 12:27:37 [argus.main] INFO EVENT: PROCESS_STARTED — PID 28016 (powershell.exe) parent=31368
2026-09-13 12:27:39 [argus.main] INFO EVENT: PROCESS_STARTED — PID 10624 (svchost.exe) parent=1360
2026-09-13 12:27:39 [argus.main] INFO EVENT: PROCESS_TERMINATED — PID 3680 (conhost.exe)
2026-09-13 12:27:39 [argus.main] INFO EVENT: PROCESS_TERMINATED — PID 28016 (powershell.exe)
2026-09-13 12:27:47 [argus.file_monitor.scanner] INFO File scan: 4 roots, 17 candidates, 2 findings
2026-09-13 12:28:02 [argus.file_monitor.scanner] INFO File scan: 4 roots, 17 candidates, 2 findings
2026-09-13 12:28:11 [argus.main] INFO EVENT: PROCESS_STARTED — PID 18012 (powershell.exe) parent=31368
2026-09-13 12:28:11 [argus.main] INFO EVENT: PROCESS_STARTED — PID 29252 (conhost.exe) parent=18012
2026-09-13 12:28:13 [argus.main] INFO EVENT: PROCESS_TERMINATED — PID 18012 (powershell.exe)
2026-09-13 12:28:13 [argus.main] INFO EVENT: PROCESS_TERMINATED — PID 29252 (conhost.exe)
2026-09-13 12:28:17 [argus.file_monitor.scanner] INFO File scan: 4 roots, 17 candidates, 2 findings
2026-09-13 12:28:27 [argus.main] INFO EVENT: PROCESS_TERMINATED — PID 10624 (svchost.exe)
2026-09-13 12:28:31 [argus.main] INFO EVENT: PROCESS_STARTED — PID 29756 (svchost.exe) parent=1360
2026-09-13 12:28:32 [argus.file_monitor.scanner] INFO File scan: 4 roots, 17 candidates, 2 findings
2026-09-13 12:28:37 [argus.main] INFO EVENT: PROCESS_STARTED — PID 6948 (conhost.exe) parent=10884
2026-09-13 12:28:37 [argus.main] INFO EVENT: PROCESS_STARTED — PID 10884 (powershell.exe) parent=31368
2026-09-13 12:28:39 [argus.main] INFO EVENT: PROCESS_STARTED — PID 21764 (svchost.exe) parent=1360
2026-09-13 12:28:39 [argus.main] INFO EVENT: PROCESS_TERMINATED — PID 6948 (conhost.exe)
2026-09-13 12:28:39 [argus.main] INFO EVENT: PROCESS_TERMINATED — PID 10884 (powershell.exe)
2026-09-13 12:28:43 [argus.main] INFO EVENT: PROCESS_STARTED — PID 18704 (conhost.exe) parent=23620
2026-09-13 12:28:44 [argus.main] INFO EVENT: PROCESS_STARTED — PID 23620 (powershell.exe) parent=31368
2026-09-13 12:28:46 [argus.main] INFO EVENT: PROCESS_TERMINATED — PID 18704 (conhost.exe)
2026-09-13 12:28:46 [argus.main] INFO EVENT: PROCESS_TERMINATED — PID 23620 (powershell.exe)
2026-09-13 12:28:47 [argus.file_monitor.scanner] INFO File scan: 4 roots, 17 candidates, 2 findings
2026-09-13 12:29:02 [argus.file_monitor.scanner] INFO File scan: 4 roots, 17 candidates, 2 findings
2026-09-13 12:29:16 [argus.main] INFO EVENT: PROCESS_STARTED — PID 13804 (conhost.exe) parent=18468
2026-09-13 12:29:16 [argus.main] INFO EVENT: PROCESS_STARTED — PID 18468 (powershell.exe) parent=31368
2026-09-13 12:29:17 [argus.file_monitor.scanner] INFO File scan: 4 roots, 17 candidates, 2 findings
2026-09-13 12:29:18 [argus.main] INFO EVENT: PROCESS_TERMINATED — PID 13804 (conhost.exe)
2026-09-13 12:29:18 [argus.main] INFO EVENT: PROCESS_TERMINATED — PID 18468 (powershell.exe)
2026-09-13 12:29:26 [argus.main] INFO EVENT: PROCESS_TERMINATED — PID 21764 (svchost.exe)
2026-09-13 12:29:32 [argus.file_monitor.scanner] INFO File scan: 4 roots, 17 candidates, 2 findings
2026-09-13 12:29:40 [argus.main] INFO EVENT: PROCESS_STARTED — PID 16032 (conhost.exe) parent=18336
2026-09-13 12:29:40 [argus.main] INFO EVENT: PROCESS_STARTED — PID 18336 (powershell.exe) parent=31368
2026-09-13 12:29:42 [argus.main] INFO EVENT: PROCESS_STARTED — PID 8240 (svchost.exe) parent=1360
2026-09-13 12:29:42 [argus.main] INFO EVENT: PROCESS_TERMINATED — PID 16032 (conhost.exe)
2026-09-13 12:29:42 [argus.main] INFO EVENT: PROCESS_TERMINATED — PID 18336 (powershell.exe)
2026-09-13 12:29:47 [argus.file_monitor.scanner] INFO File scan: 4 roots, 17 candidates, 2 findings
2026-09-13 12:30:02 [argus.main] INFO EVENT: PROCESS_STARTED — PID 17028 (postgres.exe) parent=14392
2026-09-13 12:30:02 [argus.file_monitor.scanner] INFO File scan: 4 roots, 17 candidates, 2 findings
2026-09-13 12:30:04 [argus.main] INFO EVENT: PROCESS_TERMINATED — PID 17028 (postgres.exe)
2026-09-13 12:30:18 [argus.file_monitor.scanner] INFO File scan: 4 roots, 17 candidates, 2 findings
2026-09-13 12:30:20 [argus.main] INFO EVENT: PROCESS_STARTED — PID 17860 (conhost.exe) parent=28612
2026-09-13 12:30:20 [argus.main] INFO EVENT: PROCESS_STARTED — PID 28612 (powershell.exe) parent=31368
2026-09-13 12:30:22 [argus.main] INFO EVENT: PROCESS_TERMINATED — PID 17860 (conhost.exe)
2026-09-13 12:30:22 [argus.main] INFO EVENT: PROCESS_TERMINATED — PID 28612 (powershell.exe)
2026-09-13 12:30:26 [argus.main] INFO EVENT: PROCESS_STARTED — PID 9196 (MoUsoCoreWorker.exe) parent=2476
2026-09-13 12:30:26 [argus.main] INFO EVENT: PROCESS_TERMINATED — PID 8240 (svchost.exe)
2026-09-13 12:30:32 [argus.file_monitor.scanner] INFO File scan: 4 roots, 17 candidates, 2 findings
2026-09-13 12:30:40 [argus.main] INFO EVENT: PROCESS_STARTED — PID 14820 (conhost.exe) parent=24184
2026-09-13 12:30:40 [argus.main] INFO EVENT: PROCESS_STARTED — PID 24184 (powershell.exe) parent=31368
2026-09-13 12:30:42 [argus.main] INFO EVENT: PROCESS_STARTED — PID 26840 (svchost.exe) parent=1360
2026-09-13 12:30:42 [argus.main] INFO EVENT: PROCESS_STARTED — PID 27780 (postgres.exe) parent=14392
2026-09-13 12:30:42 [argus.main] INFO EVENT: PROCESS_TERMINATED — PID 14820 (conhost.exe)
2026-09-13 12:30:42 [argus.main] INFO EVENT: PROCESS_TERMINATED — PID 24184 (powershell.exe)
2026-09-13 12:30:44 [argus.main] INFO EVENT: PROCESS_TERMINATED — PID 27780 (postgres.exe)
2026-09-13 12:30:47 [argus.file_monitor.scanner] INFO File scan: 4 roots, 17 candidates, 2 findings
2026-09-13 12:30:53 [argus.main] INFO EVENT: PROCESS_STARTED — PID 15472 (powershell.exe) parent=31368
2026-09-13 12:30:53 [argus.main] INFO EVENT: PROCESS_STARTED — PID 16004 (conhost.exe) parent=15472
2026-09-13 12:30:55 [argus.main] INFO EVENT: PROCESS_TERMINATED — PID 15472 (powershell.exe)
2026-09-13 12:30:55 [argus.main] INFO EVENT: PROCESS_TERMINATED — PID 16004 (conhost.exe)
2026-09-13 12:31:02 [argus.file_monitor.scanner] INFO File scan: 4 roots, 17 candidates, 2 findings
2026-09-13 12:31:17 [argus.file_monitor.scanner] INFO File scan: 4 roots, 17 candidates, 2 findings
2026-09-13 12:31:23 [argus.main] INFO EVENT: PROCESS_STARTED — PID 7632 (postgres.exe) parent=14392
2026-09-13 12:31:23 [argus.main] INFO EVENT: PROCESS_STARTED — PID 16496 (backgroundTaskHost.exe) parent=1596
2026-09-13 12:31:25 [argus.main] INFO EVENT: PROCESS_STARTED — PID 11672 (RuntimeBroker.exe) parent=1596
2026-09-13 12:31:25 [argus.main] INFO EVENT: PROCESS_STARTED — PID 27500 (conhost.exe) parent=27796
2026-09-13 12:31:25 [argus.main] INFO EVENT: PROCESS_STARTED — PID 27796 (powershell.exe) parent=31368
2026-09-13 12:31:25 [argus.main] INFO EVENT: PROCESS_STARTED — PID 29016 (WmiPrvSE.exe) parent=1596
2026-09-13 12:31:25 [argus.main] INFO EVENT: PROCESS_TERMINATED — PID 7632 (postgres.exe)
2026-09-13 12:31:27 [argus.main] INFO EVENT: PROCESS_TERMINATED — PID 26840 (svchost.exe)
2026-09-13 12:31:27 [argus.main] INFO EVENT: PROCESS_TERMINATED — PID 27500 (conhost.exe)
2026-09-13 12:31:27 [argus.main] INFO EVENT: PROCESS_TERMINATED — PID 27796 (powershell.exe)
2026-09-13 12:31:32 [argus.file_monitor.scanner] INFO File scan: 4 roots, 17 candidates, 2 findings
2026-09-13 12:31:43 [argus.main] INFO EVENT: PROCESS_STARTED — PID 7224 (powershell.exe) parent=31368
2026-09-13 12:31:43 [argus.main] INFO EVENT: PROCESS_STARTED — PID 14692 (conhost.exe) parent=7224
2026-09-13 12:31:45 [argus.main] INFO EVENT: PROCESS_STARTED — PID 23688 (svchost.exe) parent=1360
2026-09-13 12:31:45 [argus.main] INFO EVENT: PROCESS_TERMINATED — PID 7224 (powershell.exe)
2026-09-13 12:31:45 [argus.main] INFO EVENT: PROCESS_TERMINATED — PID 14692 (conhost.exe)
2026-09-13 12:31:48 [argus.file_monitor.scanner] INFO File scan: 4 roots, 17 candidates, 2 findings
2026-09-13 12:31:57 [argus.main] INFO EVENT: PROCESS_STARTED — PID 10308 (powershell.exe) parent=31368
2026-09-13 12:31:57 [argus.main] INFO EVENT: PROCESS_STARTED — PID 28016 (conhost.exe) parent=10308
2026-09-13 12:31:59 [argus.main] INFO EVENT: PROCESS_TERMINATED — PID 10308 (powershell.exe)
2026-09-13 12:31:59 [argus.main] INFO EVENT: PROCESS_TERMINATED — PID 28016 (conhost.exe)
2026-09-13 12:32:02 [argus.file_monitor.scanner] INFO File scan: 4 roots, 17 candidates, 2 findings
2026-09-13 12:32:17 [argus.file_monitor.scanner] INFO File scan: 4 roots, 17 candidates, 2 findings
2026-09-13 12:32:23 [argus.main] INFO EVENT: PROCESS_TERMINATED — PID 9196 (MoUsoCoreWorker.exe)
2026-09-13 12:32:26 [argus.main] INFO EVENT: PROCESS_TERMINATED — PID 16496 (backgroundTaskHost.exe)
2026-09-13 12:32:26 [argus.main] INFO EVENT: PROCESS_TERMINATED — PID 23688 (svchost.exe)
2026-09-13 12:32:30 [argus.main] INFO EVENT: PROCESS_STARTED — PID 1440 (powershell.exe) parent=31368
2026-09-13 12:32:30 [argus.main] INFO EVENT: PROCESS_STARTED — PID 20980 (conhost.exe) parent=1440
2026-09-13 12:32:32 [argus.main] INFO EVENT: PROCESS_TERMINATED — PID 1440 (powershell.exe)
2026-09-13 12:32:32 [argus.main] INFO EVENT: PROCESS_TERMINATED — PID 20980 (conhost.exe)
2026-09-13 12:32:32 [argus.file_monitor.scanner] INFO File scan: 4 roots, 17 candidates, 2 findings
2026-09-13 12:32:44 [argus.main] INFO EVENT: PROCESS_STARTED — PID 27476 (powershell.exe) parent=31368
2026-09-13 12:32:44 [argus.main] INFO EVENT: PROCESS_STARTED — PID 29216 (conhost.exe) parent=27476
2026-09-13 12:32:46 [argus.main] INFO EVENT: PROCESS_STARTED — PID 9112 (svchost.exe) parent=1360
2026-09-13 12:32:46 [argus.main] INFO EVENT: PROCESS_TERMINATED — PID 27476 (powershell.exe)
2026-09-13 12:32:46 [argus.main] INFO EVENT: PROCESS_TERMINATED — PID 29216 (conhost.exe)
2026-09-13 12:32:47 [argus.file_monitor.scanner] INFO File scan: 4 roots, 17 candidates, 2 findings
2026-09-13 12:32:52 [argus.main] INFO EVENT: PROCESS_STARTED — PID 2496 (backgroundTaskHost.exe) parent=1596
2026-09-13 12:32:52 [argus.main] INFO EVENT: PROCESS_STARTED — PID 6976 (RuntimeBroker.exe) parent=1596
2026-09-13 12:32:52 [argus.main] INFO EVENT: PROCESS_STARTED — PID 8440 (backgroundTaskHost.exe) parent=1596
2026-09-13 12:32:56 [argus.main] INFO EVENT: PROCESS_TERMINATED — PID 11672 (RuntimeBroker.exe)
2026-09-13 12:32:56 [argus.main] INFO EVENT: PROCESS_TERMINATED — PID 29016 (WmiPrvSE.exe)
2026-09-13 12:33:02 [argus.main] INFO EVENT: PROCESS_STARTED — PID 16232 (conhost.exe) parent=18608
2026-09-13 12:33:02 [argus.main] INFO EVENT: PROCESS_STARTED — PID 18608 (powershell.exe) parent=31368
2026-09-13 12:33:02 [argus.main] INFO EVENT: PROCESS_STARTED — PID 29360 (postgres.exe) parent=14392
2026-09-13 12:33:02 [argus.file_monitor.scanner] INFO File scan: 4 roots, 17 candidates, 2 findings
2026-09-13 12:33:04 [argus.main] INFO EVENT: PROCESS_TERMINATED — PID 16232 (conhost.exe)
2026-09-13 12:33:04 [argus.main] INFO EVENT: PROCESS_TERMINATED — PID 18608 (powershell.exe)
2026-09-13 12:33:04 [argus.main] INFO EVENT: PROCESS_TERMINATED — PID 29360 (postgres.exe)
2026-09-13 12:33:17 [argus.file_monitor.scanner] INFO File scan: 4 roots, 17 candidates, 2 findings
2026-09-13 12:33:26 [argus.main] INFO EVENT: PROCESS_TERMINATED — PID 9112 (svchost.exe)
2026-09-13 12:33:32 [argus.file_monitor.scanner] INFO File scan: 4 roots, 17 candidates, 2 findings
2026-09-13 12:33:34 [argus.main] INFO EVENT: PROCESS_STARTED — PID 19344 (powershell.exe) parent=31368
2026-09-13 12:33:34 [argus.main] INFO EVENT: PROCESS_STARTED — PID 19560 (conhost.exe) parent=19344
2026-09-13 12:33:36 [argus.main] INFO EVENT: PROCESS_TERMINATED — PID 19344 (powershell.exe)
2026-09-13 12:33:36 [argus.main] INFO EVENT: PROCESS_TERMINATED — PID 19560 (conhost.exe)
2026-09-13 12:33:42 [argus.main] INFO EVENT: PROCESS_STARTED — PID 14588 (postgres.exe) parent=14392
2026-09-13 12:33:44 [argus.main] INFO EVENT: PROCESS_TERMINATED — PID 14588 (postgres.exe)
2026-09-13 12:33:47 [argus.main] INFO EVENT: PROCESS_STARTED — PID 668 (powershell.exe) parent=31368
2026-09-13 12:33:47 [argus.main] INFO EVENT: PROCESS_STARTED — PID 30052 (conhost.exe) parent=668
2026-09-13 12:33:47 [argus.file_monitor.scanner] INFO File scan: 4 roots, 17 candidates, 2 findings
2026-09-13 12:33:49 [argus.main] INFO EVENT: PROCESS_STARTED — PID 31052 (svchost.exe) parent=1360
2026-09-13 12:33:49 [argus.main] INFO EVENT: PROCESS_TERMINATED — PID 668 (powershell.exe)
2026-09-13 12:33:49 [argus.main] INFO EVENT: PROCESS_TERMINATED — PID 30052 (conhost.exe)
2026-09-13 12:33:53 [argus.main] INFO EVENT: PROCESS_TERMINATED — PID 2496 (backgroundTaskHost.exe)
2026-09-13 12:33:53 [argus.main] INFO EVENT: PROCESS_TERMINATED — PID 8440 (backgroundTaskHost.exe)
2026-09-13 12:34:02 [argus.file_monitor.scanner] INFO File scan: 4 roots, 17 candidates, 2 findings
2026-09-13 12:34:07 [argus.main] INFO EVENT: PROCESS_STARTED — PID 13692 (powershell.exe) parent=31368
2026-09-13 12:34:07 [argus.main] INFO EVENT: PROCESS_STARTED — PID 24248 (conhost.exe) parent=13692
2026-09-13 12:34:09 [argus.main] INFO EVENT: PROCESS_TERMINATED — PID 13692 (powershell.exe)
2026-09-13 12:34:09 [argus.main] INFO EVENT: PROCESS_TERMINATED — PID 24248 (conhost.exe)
2026-09-13 12:34:17 [argus.file_monitor.scanner] INFO File scan: 4 roots, 17 candidates, 2 findings
2026-09-13 12:34:23 [argus.main] INFO EVENT: PROCESS_TERMINATED — PID 6976 (RuntimeBroker.exe)
2026-09-13 12:34:27 [argus.main] INFO EVENT: PROCESS_TERMINATED — PID 31052 (svchost.exe)
2026-09-13 12:34:32 [argus.file_monitor.scanner] INFO File scan: 4 roots, 17 candidates, 2 findings
2026-09-13 12:34:39 [argus.main] INFO EVENT: PROCESS_STARTED — PID 26944 (conhost.exe) parent=27604
2026-09-13 12:34:39 [argus.main] INFO EVENT: PROCESS_STARTED — PID 27604 (powershell.exe) parent=31368
2026-09-13 12:34:41 [argus.main] INFO EVENT: PROCESS_TERMINATED — PID 26944 (conhost.exe)
2026-09-13 12:34:41 [argus.main] INFO EVENT: PROCESS_TERMINATED — PID 27604 (powershell.exe)
2026-09-13 12:34:47 [argus.main] INFO EVENT: PROCESS_STARTED — PID 404 (conhost.exe) parent=29072
2026-09-13 12:34:47 [argus.main] INFO EVENT: PROCESS_STARTED — PID 29072 (powershell.exe) parent=31368
2026-09-13 12:34:47 [argus.file_monitor.scanner] INFO File scan: 4 roots, 17 candidates, 2 findings
2026-09-13 12:34:49 [argus.main] INFO EVENT: PROCESS_STARTED — PID 29240 (svchost.exe) parent=1360
2026-09-13 12:34:49 [argus.main] INFO EVENT: PROCESS_TERMINATED — PID 404 (conhost.exe)
2026-09-13 12:34:49 [argus.main] INFO EVENT: PROCESS_TERMINATED — PID 29072 (powershell.exe)
2026-09-13 12:35:02 [argus.file_monitor.scanner] INFO File scan: 4 roots, 17 candidates, 2 findings
2026-09-13 12:35:11 [argus.main] INFO EVENT: PROCESS_STARTED — PID 22208 (conhost.exe) parent=30156
2026-09-13 12:35:11 [argus.main] INFO EVENT: PROCESS_STARTED — PID 30156 (powershell.exe) parent=31368
2026-09-13 12:35:14 [argus.main] INFO EVENT: PROCESS_TERMINATED — PID 22208 (conhost.exe)
2026-09-13 12:35:14 [argus.main] INFO EVENT: PROCESS_TERMINATED — PID 30156 (powershell.exe)
2026-09-13 12:35:17 [argus.file_monitor.scanner] INFO File scan: 4 roots, 17 candidates, 2 findings
2026-09-13 12:35:26 [argus.main] INFO EVENT: PROCESS_TERMINATED — PID 29240 (svchost.exe)
2026-09-13 12:35:32 [argus.file_monitor.scanner] INFO File scan: 4 roots, 17 candidates, 2 findings
2026-09-13 12:35:40 [argus.main] INFO EVENT: PROCESS_STARTED — PID 6376 (conhost.exe) parent=30484
2026-09-13 12:35:42 [argus.main] INFO EVENT: PROCESS_TERMINATED — PID 6376 (conhost.exe)
2026-09-13 12:35:44 [argus.main] INFO EVENT: PROCESS_STARTED — PID 1484 (powershell.exe) parent=31368
2026-09-13 12:35:44 [argus.main] INFO EVENT: PROCESS_STARTED — PID 17968 (conhost.exe) parent=1484
2026-09-13 12:35:46 [argus.main] INFO EVENT: PROCESS_TERMINATED — PID 1484 (powershell.exe)
2026-09-13 12:35:46 [argus.main] INFO EVENT: PROCESS_TERMINATED — PID 17968 (conhost.exe)
2026-09-13 12:35:47 [argus.file_monitor.scanner] INFO File scan: 4 roots, 17 candidates, 2 findings
2026-09-13 12:35:48 [argus.main] INFO EVENT: PROCESS_STARTED — PID 7928 (powershell.exe) parent=31368
2026-09-13 12:35:48 [argus.main] INFO EVENT: PROCESS_STARTED — PID 26360 (conhost.exe) parent=7928
2026-09-13 12:35:48 [argus.main] INFO EVENT: PROCESS_TERMINATED — PID 29776 (svchost.exe)
2026-09-13 12:35:50 [argus.main] INFO EVENT: PROCESS_STARTED — PID 28556 (svchost.exe) parent=1360
2026-09-13 12:35:50 [argus.main] INFO EVENT: PROCESS_TERMINATED — PID 7928 (powershell.exe)
2026-09-13 12:35:50 [argus.main] INFO EVENT: PROCESS_TERMINATED — PID 26360 (conhost.exe)
2026-09-13 12:35:52 [argus.main] INFO EVENT: PROCESS_STARTED — PID 30676 (MoUsoCoreWorker.exe) parent=2476
2026-09-13 12:36:02 [argus.file_monitor.scanner] INFO File scan: 4 roots, 17 candidates, 2 findings
2026-09-13 12:36:17 [argus.file_monitor.scanner] INFO File scan: 4 roots, 17 candidates, 2 findings
2026-09-13 12:36:26 [argus.main] INFO EVENT: PROCESS_TERMINATED — PID 28556 (svchost.exe)
2026-09-13 12:36:28 [argus.main] INFO EVENT: PROCESS_STARTED — PID 15520 (<unknown-pid-15520>) parent=none
2026-09-13 12:36:30 [argus.main] INFO EVENT: PROCESS_TERMINATED — PID 15520 (<unknown-pid-15520>)
2026-09-13 12:36:32 [argus.file_monitor.scanner] INFO File scan: 4 roots, 17 candidates, 2 findings
2026-09-13 12:36:42 [argus.main] INFO EVENT: PROCESS_STARTED — PID 25948 (postgres.exe) parent=14392
2026-09-13 12:36:44 [argus.main] INFO EVENT: PROCESS_TERMINATED — PID 25948 (postgres.exe)
2026-09-13 12:36:47 [argus.file_monitor.scanner] INFO File scan: 4 roots, 17 candidates, 2 findings
2026-09-13 12:36:52 [argus.main] INFO EVENT: PROCESS_STARTED — PID 8660 (conhost.exe) parent=15704
2026-09-13 12:36:52 [argus.main] INFO EVENT: PROCESS_STARTED — PID 15704 (powershell.exe) parent=31368
2026-09-13 12:36:54 [argus.main] INFO EVENT: PROCESS_STARTED — PID 14656 (svchost.exe) parent=1360
2026-09-13 12:36:55 [argus.main] INFO EVENT: PROCESS_TERMINATED — PID 30676 (MoUsoCoreWorker.exe)
2026-09-13 12:36:55 [argus.main] INFO EVENT: PROCESS_TERMINATED — PID 8660 (conhost.exe)
2026-09-13 12:36:55 [argus.main] INFO EVENT: PROCESS_TERMINATED — PID 15704 (powershell.exe)
2026-09-13 12:37:02 [argus.file_monitor.scanner] INFO File scan: 4 roots, 17 candidates, 2 findings
2026-09-13 12:37:13 [argus.main] INFO EVENT: PROCESS_STARTED — PID 10888 (backgroundTaskHost.exe) parent=1596
2026-09-13 12:37:15 [argus.main] INFO EVENT: PROCESS_STARTED — PID 10556 (RuntimeBroker.exe) parent=1596
2026-09-13 12:37:15 [argus.main] INFO EVENT: PROCESS_STARTED — PID 16812 (WmiPrvSE.exe) parent=1596
2026-09-13 12:37:18 [argus.file_monitor.scanner] INFO File scan: 4 roots, 17 candidates, 2 findings
2026-09-13 12:37:21 [argus.main] INFO EVENT: PROCESS_STARTED — PID 26468 (<unknown-pid-26468>) parent=none
2026-09-13 12:37:23 [argus.main] INFO EVENT: PROCESS_TERMINATED — PID 26468 (<unknown-pid-26468>)
2026-09-13 12:37:32 [argus.file_monitor.scanner] INFO File scan: 4 roots, 17 candidates, 2 findings
2026-09-13 12:37:47 [argus.file_monitor.scanner] INFO File scan: 4 roots, 17 candidates, 2 findings
2026-09-13 12:37:53 [argus.main] INFO EVENT: PROCESS_STARTED — PID 15476 (powershell.exe) parent=31368
2026-09-13 12:37:53 [argus.main] INFO EVENT: PROCESS_STARTED — PID 21608 (conhost.exe) parent=15476
2026-09-13 12:37:55 [argus.main] INFO EVENT: PROCESS_STARTED — PID 12676 (powershell.exe) parent=31368
2026-09-13 12:37:55 [argus.main] INFO EVENT: PROCESS_STARTED — PID 22228 (conhost.exe) parent=12676
2026-09-13 12:37:55 [argus.main] INFO EVENT: PROCESS_TERMINATED — PID 15476 (powershell.exe)
2026-09-13 12:37:55 [argus.main] INFO EVENT: PROCESS_TERMINATED — PID 21608 (conhost.exe)
2026-09-13 12:37:57 [argus.main] INFO EVENT: PROCESS_TERMINATED — PID 12676 (powershell.exe)
2026-09-13 12:37:57 [argus.main] INFO EVENT: PROCESS_TERMINATED — PID 22228 (conhost.exe)
2026-09-13 12:38:01 [argus.main] INFO EVENT: PROCESS_STARTED — PID 21244 (taskhostw.exe) parent=2996
2026-09-13 12:38:02 [argus.file_monitor.scanner] INFO File scan: 4 roots, 17 candidates, 2 findings
2026-09-13 12:38:03 [argus.main] INFO EVENT: PROCESS_TERMINATED — PID 21244 (taskhostw.exe)
2026-09-13 12:38:17 [argus.file_monitor.scanner] INFO File scan: 4 roots, 17 candidates, 2 findings
2026-09-13 12:38:17 [argus.main] INFO EVENT: PROCESS_TERMINATED — PID 10888 (backgroundTaskHost.exe)
2026-09-13 12:38:27 [argus.main] INFO EVENT: PROCESS_STARTED — PID 3224 (powershell.exe) parent=31368
2026-09-13 12:38:27 [argus.main] INFO EVENT: PROCESS_STARTED — PID 10012 (conhost.exe) parent=3224
2026-09-13 12:38:29 [argus.main] INFO EVENT: PROCESS_TERMINATED — PID 3224 (powershell.exe)
2026-09-13 12:38:29 [argus.main] INFO EVENT: PROCESS_TERMINATED — PID 10012 (conhost.exe)
2026-09-13 12:38:31 [argus.main] INFO EVENT: PROCESS_TERMINATED — PID 29756 (svchost.exe)
2026-09-13 12:38:32 [argus.file_monitor.scanner] INFO File scan: 4 roots, 17 candidates, 2 findings
2026-09-13 12:38:46 [argus.main] INFO EVENT: PROCESS_TERMINATED — PID 10556 (RuntimeBroker.exe)
2026-09-13 12:38:46 [argus.main] INFO EVENT: PROCESS_TERMINATED — PID 16812 (WmiPrvSE.exe)
2026-09-13 12:38:47 [argus.file_monitor.scanner] INFO File scan: 4 roots, 17 candidates, 2 findings
2026-09-13 12:38:54 [argus.main] INFO EVENT: PROCESS_STARTED — PID 19460 (powershell.exe) parent=31368
2026-09-13 12:38:54 [argus.main] INFO EVENT: PROCESS_STARTED — PID 31364 (conhost.exe) parent=19460
2026-09-13 12:38:56 [argus.main] INFO EVENT: PROCESS_STARTED — PID 17616 (svchost.exe) parent=1360
2026-09-13 12:38:56 [argus.main] INFO EVENT: PROCESS_TERMINATED — PID 14656 (svchost.exe)
2026-09-13 12:38:56 [argus.main] INFO EVENT: PROCESS_TERMINATED — PID 19460 (powershell.exe)
2026-09-13 12:38:56 [argus.main] INFO EVENT: PROCESS_TERMINATED — PID 31364 (conhost.exe)
2026-09-13 12:39:00 [argus.main] INFO EVENT: PROCESS_STARTED — PID 3472 (conhost.exe) parent=12984
2026-09-13 12:39:00 [argus.main] INFO EVENT: PROCESS_STARTED — PID 12984 (powershell.exe) parent=31368
2026-09-13 12:39:02 [argus.main] INFO EVENT: PROCESS_TERMINATED — PID 3472 (conhost.exe)
2026-09-13 12:39:02 [argus.main] INFO EVENT: PROCESS_TERMINATED — PID 12984 (powershell.exe)
2026-09-13 12:39:02 [argus.file_monitor.scanner] INFO File scan: 4 roots, 17 candidates, 2 findings
2026-09-13 12:39:17 [argus.file_monitor.scanner] INFO File scan: 4 roots, 17 candidates, 2 findings
2026-09-13 12:39:32 [argus.main] INFO EVENT: PROCESS_STARTED — PID 12708 (powershell.exe) parent=31368
2026-09-13 12:39:32 [argus.main] INFO EVENT: PROCESS_STARTED — PID 13432 (conhost.exe) parent=12708
2026-09-13 12:39:32 [argus.file_monitor.scanner] INFO File scan: 4 roots, 17 candidates, 2 findings
2026-09-13 12:39:34 [argus.main] INFO EVENT: PROCESS_TERMINATED — PID 12708 (powershell.exe)
2026-09-13 12:39:34 [argus.main] INFO EVENT: PROCESS_TERMINATED — PID 13432 (conhost.exe)
2026-09-13 12:39:47 [argus.file_monitor.scanner] INFO File scan: 4 roots, 17 candidates, 2 findings
2026-09-13 12:39:56 [argus.main] INFO EVENT: PROCESS_STARTED — PID 21700 (powershell.exe) parent=31368
2026-09-13 12:39:56 [argus.main] INFO EVENT: PROCESS_STARTED — PID 25932 (conhost.exe) parent=21700
2026-09-13 12:39:56 [argus.main] INFO EVENT: PROCESS_TERMINATED — PID 17616 (svchost.exe)
2026-09-13 12:39:58 [argus.main] INFO EVENT: PROCESS_STARTED — PID 17972 (svchost.exe) parent=1360
2026-09-13 12:39:58 [argus.main] INFO EVENT: PROCESS_TERMINATED — PID 21700 (powershell.exe)
2026-09-13 12:39:58 [argus.main] INFO EVENT: PROCESS_TERMINATED — PID 25932 (conhost.exe)
2026-09-13 12:40:02 [argus.file_monitor.scanner] INFO File scan: 4 roots, 17 candidates, 2 findings
2026-09-13 12:40:02 [argus.main] INFO EVENT: PROCESS_STARTED — PID 20876 (postgres.exe) parent=14392
2026-09-13 12:40:04 [argus.main] INFO EVENT: PROCESS_STARTED — PID 19448 (conhost.exe) parent=19584
2026-09-13 12:40:04 [argus.main] INFO EVENT: PROCESS_STARTED — PID 19584 (powershell.exe) parent=31368
2026-09-13 12:40:04 [argus.main] INFO EVENT: PROCESS_TERMINATED — PID 20876 (postgres.exe)
2026-09-13 12:40:06 [argus.main] INFO EVENT: PROCESS_TERMINATED — PID 19448 (conhost.exe)
2026-09-13 12:40:06 [argus.main] INFO EVENT: PROCESS_TERMINATED — PID 19584 (powershell.exe)
2026-09-13 12:40:17 [argus.file_monitor.scanner] INFO File scan: 4 roots, 17 candidates, 2 findings
2026-09-13 12:40:32 [argus.file_monitor.scanner] INFO File scan: 4 roots, 17 candidates, 2 findings
2026-09-13 12:40:37 [argus.main] INFO EVENT: PROCESS_STARTED — PID 14384 (powershell.exe) parent=31368
2026-09-13 12:40:37 [argus.main] INFO EVENT: PROCESS_STARTED — PID 23836 (conhost.exe) parent=14384
2026-09-13 12:40:39 [argus.main] INFO EVENT: PROCESS_TERMINATED — PID 14384 (powershell.exe)
2026-09-13 12:40:39 [argus.main] INFO EVENT: PROCESS_TERMINATED — PID 23836 (conhost.exe)
2026-09-13 12:40:47 [argus.file_monitor.scanner] INFO File scan: 4 roots, 17 candidates, 2 findings
2026-09-13 12:40:57 [argus.main] INFO EVENT: PROCESS_STARTED — PID 22224 (powershell.exe) parent=31368
2026-09-13 12:40:57 [argus.main] INFO EVENT: PROCESS_STARTED — PID 22892 (conhost.exe) parent=22224
2026-09-13 12:40:57 [argus.main] INFO EVENT: PROCESS_TERMINATED — PID 17972 (svchost.exe)
2026-09-13 12:40:59 [argus.main] INFO EVENT: PROCESS_STARTED — PID 28272 (svchost.exe) parent=1360
2026-09-13 12:40:59 [argus.main] INFO EVENT: PROCESS_TERMINATED — PID 22224 (powershell.exe)
2026-09-13 12:40:59 [argus.main] INFO EVENT: PROCESS_TERMINATED — PID 22892 (conhost.exe)
2026-09-13 12:41:02 [argus.file_monitor.scanner] INFO File scan: 4 roots, 17 candidates, 2 findings
2026-09-13 12:41:09 [argus.main] INFO EVENT: PROCESS_STARTED — PID 5420 (powershell.exe) parent=31368
2026-09-13 12:41:09 [argus.main] INFO EVENT: PROCESS_STARTED — PID 13364 (conhost.exe) parent=5420
2026-09-13 12:41:11 [argus.main] INFO EVENT: PROCESS_TERMINATED — PID 5420 (powershell.exe)
2026-09-13 12:41:11 [argus.main] INFO EVENT: PROCESS_TERMINATED — PID 13364 (conhost.exe)
2026-09-13 12:41:17 [argus.file_monitor.scanner] INFO File scan: 4 roots, 17 candidates, 2 findings
2026-09-13 12:41:19 [argus.main] INFO EVENT: PROCESS_STARTED — PID 14172 (MoUsoCoreWorker.exe) parent=2476
2026-09-13 12:41:32 [argus.file_monitor.scanner] INFO File scan: 4 roots, 17 candidates, 2 findings
2026-09-13 12:41:41 [argus.main] INFO EVENT: PROCESS_STARTED — PID 22464 (conhost.exe) parent=25456
2026-09-13 12:41:41 [argus.main] INFO EVENT: PROCESS_STARTED — PID 25456 (powershell.exe) parent=31368
2026-09-13 12:41:43 [argus.main] INFO EVENT: PROCESS_TERMINATED — PID 22464 (conhost.exe)
2026-09-13 12:41:43 [argus.main] INFO EVENT: PROCESS_TERMINATED — PID 25456 (powershell.exe)
2026-09-13 12:41:47 [argus.file_monitor.scanner] INFO File scan: 4 roots, 17 candidates, 2 findings
2026-09-13 12:41:55 [argus.main] INFO EVENT: PROCESS_TERMINATED — PID 28272 (svchost.exe)
2026-09-13 12:41:57 [argus.main] INFO EVENT: PROCESS_STARTED — PID 3312 (powershell.exe) parent=31368
2026-09-13 12:41:57 [argus.main] INFO EVENT: PROCESS_STARTED — PID 18092 (conhost.exe) parent=3312
2026-09-13 12:41:59 [argus.main] INFO EVENT: PROCESS_STARTED — PID 14800 (svchost.exe) parent=1360
2026-09-13 12:41:59 [argus.main] INFO EVENT: PROCESS_TERMINATED — PID 3312 (powershell.exe)
2026-09-13 12:41:59 [argus.main] INFO EVENT: PROCESS_TERMINATED — PID 18092 (conhost.exe)
2026-09-13 12:42:02 [argus.file_monitor.scanner] INFO File scan: 4 roots, 17 candidates, 2 findings
2026-09-13 12:42:17 [argus.file_monitor.scanner] INFO File scan: 4 roots, 17 candidates, 2 findings
2026-09-13 12:42:20 [argus.main] INFO EVENT: PROCESS_TERMINATED — PID 14172 (MoUsoCoreWorker.exe)
2026-09-13 12:42:32 [argus.file_monitor.scanner] INFO File scan: 4 roots, 17 candidates, 2 findings
2026-09-13 12:42:46 [argus.main] INFO EVENT: PROCESS_STARTED — PID 13308 (conhost.exe) parent=29084
2026-09-13 12:42:46 [argus.main] INFO EVENT: PROCESS_STARTED — PID 29084 (powershell.exe) parent=31368
2026-09-13 12:42:47 [argus.file_monitor.scanner] INFO File scan: 4 roots, 17 candidates, 2 findings
2026-09-13 12:42:48 [argus.main] INFO EVENT: PROCESS_TERMINATED — PID 13308 (conhost.exe)
2026-09-13 12:42:48 [argus.main] INFO EVENT: PROCESS_TERMINATED — PID 29084 (powershell.exe)
2026-09-13 12:42:54 [argus.main] INFO EVENT: PROCESS_STARTED — PID 4476 (backgroundTaskHost.exe) parent=1596
2026-09-13 12:42:56 [argus.main] INFO EVENT: PROCESS_STARTED — PID 13096 (RuntimeBroker.exe) parent=1596
2026-09-13 12:42:56 [argus.main] INFO EVENT: PROCESS_STARTED — PID 24488 (WmiPrvSE.exe) parent=1596
2026-09-13 12:42:56 [argus.main] INFO EVENT: PROCESS_TERMINATED — PID 14800 (svchost.exe)
2026-09-13 12:43:00 [argus.main] INFO EVENT: PROCESS_STARTED — PID 24036 (powershell.exe) parent=31368
2026-09-13 12:43:00 [argus.main] INFO EVENT: PROCESS_STARTED — PID 25696 (conhost.exe) parent=24036
2026-09-13 12:43:02 [argus.main] INFO EVENT: PROCESS_STARTED — PID 13092 (svchost.exe) parent=1360
2026-09-13 12:43:02 [argus.main] INFO EVENT: PROCESS_TERMINATED — PID 24036 (powershell.exe)
2026-09-13 12:43:02 [argus.main] INFO EVENT: PROCESS_TERMINATED — PID 25696 (conhost.exe)
2026-09-13 12:43:04 [argus.file_monitor.scanner] INFO File scan: 4 roots, 17 candidates, 2 findings
2026-09-13 12:43:04 [argus.main] INFO EVENT: PROCESS_STARTED — PID 3368 (<unknown-pid-3368>) parent=27892
2026-09-13 12:43:06 [argus.main] INFO EVENT: PROCESS_TERMINATED — PID 3368 (<unknown-pid-3368>)
2026-09-13 12:43:18 [argus.file_monitor.scanner] INFO File scan: 4 roots, 17 candidates, 2 findings
2026-09-13 12:43:18 [argus.main] INFO EVENT: PROCESS_STARTED — PID 10020 (powershell.exe) parent=31368
2026-09-13 12:43:18 [argus.main] INFO EVENT: PROCESS_STARTED — PID 28580 (conhost.exe) parent=10020
2026-09-13 12:43:20 [argus.main] INFO EVENT: PROCESS_TERMINATED — PID 10020 (powershell.exe)
2026-09-13 12:43:20 [argus.main] INFO EVENT: PROCESS_TERMINATED — PID 28580 (conhost.exe)
2026-09-13 12:43:31 [argus.main] INFO EVENT: PROCESS_STARTED — PID 26300 (svchost.exe) parent=1360
2026-09-13 12:43:33 [argus.file_monitor.scanner] INFO File scan: 4 roots, 17 candidates, 2 findings
2026-09-13 12:43:41 [argus.main] INFO EVENT: PROCESS_STARTED — PID 8328 (RuntimeBroker.exe) parent=1596
2026-09-13 12:43:41 [argus.main] INFO EVENT: PROCESS_STARTED — PID 22340 (svchost.exe) parent=1360
2026-09-13 12:43:43 [argus.main] INFO EVENT: PROCESS_STARTED — PID 12460 (taskhostw.exe) parent=2996
2026-09-13 12:43:43 [argus.main] INFO EVENT: PROCESS_STARTED — PID 14252 (sppsvc.exe) parent=1360
2026-09-13 12:43:45 [argus.main] INFO EVENT: PROCESS_TERMINATED — PID 12460 (taskhostw.exe)
2026-09-13 12:43:47 [argus.file_monitor.scanner] INFO File scan: 4 roots, 17 candidates, 2 findings
2026-09-13 12:43:57 [argus.main] INFO EVENT: PROCESS_TERMINATED — PID 4476 (backgroundTaskHost.exe)
2026-09-13 12:43:57 [argus.main] INFO EVENT: PROCESS_TERMINATED — PID 13092 (svchost.exe)
2026-09-13 12:44:02 [argus.file_monitor.scanner] INFO File scan: 4 roots, 17 candidates, 2 findings
2026-09-13 12:44:03 [argus.main] INFO EVENT: PROCESS_STARTED — PID 12732 (svchost.exe) parent=1360
2026-09-13 12:44:13 [argus.main] INFO EVENT: PROCESS_TERMINATED — PID 14252 (sppsvc.exe)
2026-09-13 12:44:17 [argus.file_monitor.scanner] INFO File scan: 4 roots, 17 candidates, 2 findings
2026-09-13 12:44:19 [argus.main] INFO EVENT: PROCESS_STARTED — PID 25968 (conhost.exe) parent=28496
2026-09-13 12:44:19 [argus.main] INFO EVENT: PROCESS_STARTED — PID 28496 (powershell.exe) parent=31368
2026-09-13 12:44:21 [argus.main] INFO EVENT: PROCESS_TERMINATED — PID 30572 (opencode.exe)
2026-09-13 12:44:21 [argus.main] INFO EVENT: PROCESS_TERMINATED — PID 8328 (RuntimeBroker.exe)
2026-09-13 12:44:21 [argus.main] INFO EVENT: PROCESS_TERMINATED — PID 25968 (conhost.exe)
2026-09-13 12:44:21 [argus.main] INFO EVENT: PROCESS_TERMINATED — PID 28496 (powershell.exe)
2026-09-13 12:44:23 [argus.main] INFO EVENT: PROCESS_STARTED — PID 22848 (opencode.exe) parent=7880
2026-09-13 12:44:27 [argus.main] INFO EVENT: PROCESS_TERMINATED — PID 13096 (RuntimeBroker.exe)
2026-09-13 12:44:32 [argus.file_monitor.scanner] INFO File scan: 4 roots, 17 candidates, 2 findings
2026-09-13 12:44:41 [argus.main] INFO EVENT: PROCESS_TERMINATED — PID 22340 (svchost.exe)
2026-09-13 12:44:43 [argus.main] INFO EVENT: PROCESS_TERMINATED — PID 24488 (WmiPrvSE.exe)
2026-09-13 12:44:47 [argus.file_monitor.scanner] INFO File scan: 4 roots, 17 candidates, 2 findings
2026-09-13 12:44:56 [argus.main] INFO EVENT: PROCESS_TERMINATED — PID 12732 (svchost.exe)
2026-09-13 12:45:02 [argus.file_monitor.scanner] INFO File scan: 4 roots, 17 candidates, 2 findings
2026-09-13 12:45:04 [argus.main] INFO EVENT: PROCESS_STARTED — PID 656 (conhost.exe) parent=13040
2026-09-13 12:45:04 [argus.main] INFO EVENT: PROCESS_STARTED — PID 13040 (powershell.exe) parent=31368
2026-09-13 12:45:06 [argus.main] INFO EVENT: PROCESS_STARTED — PID 21988 (svchost.exe) parent=1360
2026-09-13 12:45:06 [argus.main] INFO EVENT: PROCESS_TERMINATED — PID 656 (conhost.exe)
2026-09-13 12:45:06 [argus.main] INFO EVENT: PROCESS_TERMINATED — PID 13040 (powershell.exe)
2026-09-13 12:45:10 [argus.main] INFO EVENT: PROCESS_TERMINATED — PID 14748 (opencode.exe)
2026-09-13 12:45:17 [argus.file_monitor.scanner] INFO File scan: 4 roots, 17 candidates, 2 findings
2026-09-13 12:45:22 [argus.main] INFO EVENT: PROCESS_STARTED — PID 19564 (conhost.exe) parent=29528
2026-09-13 12:45:22 [argus.main] INFO EVENT: PROCESS_STARTED — PID 22636 (powershell.exe) parent=22848
2026-09-13 12:45:22 [argus.main] INFO EVENT: PROCESS_STARTED — PID 22808 (conhost.exe) parent=22636
2026-09-13 12:45:22 [argus.main] INFO EVENT: PROCESS_STARTED — PID 24364 (NETSTAT.EXE) parent=29528
2026-09-13 12:45:22 [argus.main] INFO EVENT: PROCESS_STARTED — PID 29528 (powershell.exe) parent=22848
2026-09-13 12:45:24 [argus.main] INFO EVENT: PROCESS_STARTED — PID 28556 (conhost.exe) parent=31476
2026-09-13 12:45:24 [argus.main] INFO EVENT: PROCESS_STARTED — PID 31476 (powershell.exe) parent=31368
2026-09-13 12:45:24 [argus.main] INFO EVENT: PROCESS_TERMINATED — PID 19564 (conhost.exe)
2026-09-13 12:45:24 [argus.main] INFO EVENT: PROCESS_TERMINATED — PID 24364 (NETSTAT.EXE)
2026-09-13 12:45:24 [argus.main] INFO EVENT: PROCESS_TERMINATED — PID 29528 (powershell.exe)
2026-09-13 12:45:26 [argus.main] INFO EVENT: PROCESS_TERMINATED — PID 22636 (powershell.exe)
2026-09-13 12:45:26 [argus.main] INFO EVENT: PROCESS_TERMINATED — PID 22808 (conhost.exe)
2026-09-13 12:45:26 [argus.main] INFO EVENT: PROCESS_TERMINATED — PID 28556 (conhost.exe)
2026-09-13 12:45:26 [argus.main] INFO EVENT: PROCESS_TERMINATED — PID 31476 (powershell.exe)
2026-09-13 12:45:32 [argus.file_monitor.scanner] INFO File scan: 4 roots, 17 candidates, 2 findings
2026-09-13 12:45:38 [argus.main] INFO EVENT: PROCESS_STARTED — PID 27364 (conhost.exe) parent=27768
2026-09-13 12:45:38 [argus.main] INFO EVENT: PROCESS_STARTED — PID 27768 (powershell.exe) parent=22848
2026-09-13 12:45:40 [argus.main] INFO EVENT: PROCESS_STARTED — PID 12552 (conhost.exe) parent=27708
2026-09-13 12:45:40 [argus.main] INFO EVENT: PROCESS_STARTED — PID 27708 (powershell.exe) parent=22848
2026-09-13 12:45:40 [argus.main] INFO EVENT: PROCESS_TERMINATED — PID 27364 (conhost.exe)
2026-09-13 12:45:40 [argus.main] INFO EVENT: PROCESS_TERMINATED — PID 27768 (powershell.exe)
2026-09-13 12:45:42 [argus.main] INFO EVENT: PROCESS_STARTED — PID 27256 (postgres.exe) parent=14392
2026-09-13 12:45:42 [argus.main] INFO EVENT: PROCESS_TERMINATED — PID 12552 (conhost.exe)
2026-09-13 12:45:42 [argus.main] INFO EVENT: PROCESS_TERMINATED — PID 27708 (powershell.exe)
2026-09-13 12:45:44 [argus.main] INFO EVENT: PROCESS_TERMINATED — PID 27256 (postgres.exe)
2026-09-13 12:45:47 [argus.file_monitor.scanner] INFO File scan: 4 roots, 17 candidates, 2 findings
2026-09-13 12:45:52 [argus.main] INFO EVENT: PROCESS_STARTED — PID 3268 (powershell.exe) parent=22848
2026-09-13 12:45:53 [argus.main] INFO EVENT: PROCESS_STARTED — PID 10536 (conhost.exe) parent=3268
2026-09-13 12:45:55 [argus.main] INFO EVENT: PROCESS_TERMINATED — PID 3268 (powershell.exe)
2026-09-13 12:45:55 [argus.main] INFO EVENT: PROCESS_TERMINATED — PID 10536 (conhost.exe)
2026-09-13 12:45:57 [argus.main] INFO EVENT: PROCESS_STARTED — PID 28904 (powershell.exe) parent=31368
2026-09-13 12:45:57 [argus.main] INFO EVENT: PROCESS_TERMINATED — PID 21988 (svchost.exe)
2026-09-13 12:45:59 [argus.main] INFO EVENT: PROCESS_STARTED — PID 15152 (powershell.exe) parent=22848
2026-09-13 12:45:59 [argus.main] INFO EVENT: PROCESS_STARTED — PID 17636 (conhost.exe) parent=15152
2026-09-13 12:45:59 [argus.main] INFO EVENT: PROCESS_TERMINATED — PID 28904 (powershell.exe)
2026-09-13 12:46:01 [argus.main] INFO EVENT: PROCESS_STARTED — PID 10824 (opencode.exe) parent=24016
2026-09-13 12:46:01 [argus.main] INFO EVENT: PROCESS_TERMINATED — PID 15152 (powershell.exe)
2026-09-13 12:46:01 [argus.main] INFO EVENT: PROCESS_TERMINATED — PID 17636 (conhost.exe)
2026-09-13 12:46:02 [argus.file_monitor.scanner] INFO File scan: 4 roots, 17 candidates, 2 findings
2026-09-13 12:46:05 [argus.main] INFO EVENT: PROCESS_STARTED — PID 21480 (powershell.exe) parent=31368
2026-09-13 12:46:05 [argus.main] INFO EVENT: PROCESS_STARTED — PID 22772 (conhost.exe) parent=21480
2026-09-13 12:46:07 [argus.main] INFO EVENT: PROCESS_STARTED — PID 4608 (svchost.exe) parent=1360
2026-09-13 12:46:07 [argus.main] INFO EVENT: PROCESS_TERMINATED — PID 21480 (powershell.exe)
2026-09-13 12:46:07 [argus.main] INFO EVENT: PROCESS_TERMINATED — PID 22772 (conhost.exe)
2026-09-13 12:46:17 [argus.file_monitor.scanner] INFO File scan: 4 roots, 17 candidates, 2 findings
2026-09-13 12:46:29 [argus.main] INFO EVENT: PROCESS_STARTED — PID 6036 (powershell.exe) parent=31368
2026-09-13 12:46:29 [argus.main] INFO EVENT: PROCESS_STARTED — PID 15304 (node.exe) parent=16232
2026-09-13 12:46:29 [argus.main] INFO EVENT: PROCESS_STARTED — PID 16232 (powershell.exe) parent=22848
2026-09-13 12:46:29 [argus.main] INFO EVENT: PROCESS_STARTED — PID 23876 (conhost.exe) parent=6036
2026-09-13 12:46:29 [argus.main] INFO EVENT: PROCESS_STARTED — PID 26468 (conhost.exe) parent=16232
2026-09-13 12:46:31 [argus.main] INFO EVENT: PROCESS_TERMINATED — PID 6036 (powershell.exe)
2026-09-13 12:46:31 [argus.main] INFO EVENT: PROCESS_TERMINATED — PID 15304 (node.exe)
2026-09-13 12:46:31 [argus.main] INFO EVENT: PROCESS_TERMINATED — PID 16232 (powershell.exe)
2026-09-13 12:46:31 [argus.main] INFO EVENT: PROCESS_TERMINATED — PID 23876 (conhost.exe)
2026-09-13 12:46:31 [argus.main] INFO EVENT: PROCESS_TERMINATED — PID 26468 (conhost.exe)
2026-09-13 12:46:32 [argus.file_monitor.scanner] INFO File scan: 4 roots, 17 candidates, 2 findings
2026-09-13 12:46:39 [argus.main] INFO EVENT: PROCESS_STARTED — PID 14040 (<unknown-pid-14040>) parent=none
2026-09-13 12:46:39 [argus.main] INFO EVENT: PROCESS_STARTED — PID 23904 (powershell.exe) parent=22848
2026-09-13 12:46:40 [argus.main] INFO EVENT: PROCESS_STARTED — PID 26676 (node.exe) parent=23904
2026-09-13 12:46:40 [argus.main] INFO EVENT: PROCESS_STARTED — PID 29604 (conhost.exe) parent=23904
2026-09-13 12:46:42 [argus.main] INFO EVENT: PROCESS_STARTED — PID 28456 (esbuild.exe) parent=26676
2026-09-13 12:46:42 [argus.main] INFO EVENT: PROCESS_TERMINATED — PID 14040 (<unknown-pid-14040>)
2026-09-13 12:46:47 [argus.file_monitor.scanner] INFO File scan: 4 roots, 17 candidates, 2 findings
2026-09-13 12:46:48 [argus.main] INFO EVENT: PROCESS_TERMINATED — PID 23904 (powershell.exe)
2026-09-13 12:46:56 [argus.main] INFO EVENT: PROCESS_TERMINATED — PID 4608 (svchost.exe)
2026-09-13 12:47:03 [argus.file_monitor.scanner] INFO File scan: 4 roots, 17 candidates, 2 findings
2026-09-13 12:47:08 [argus.main] INFO EVENT: PROCESS_STARTED — PID 16680 (powershell.exe) parent=31368
2026-09-13 12:47:08 [argus.main] INFO EVENT: PROCESS_STARTED — PID 31284 (conhost.exe) parent=16680
2026-09-13 12:47:10 [argus.main] INFO EVENT: PROCESS_STARTED — PID 11672 (svchost.exe) parent=1360
2026-09-13 12:47:10 [argus.main] INFO EVENT: PROCESS_TERMINATED — PID 16680 (powershell.exe)
2026-09-13 12:47:10 [argus.main] INFO EVENT: PROCESS_TERMINATED — PID 31284 (conhost.exe)
2026-09-13 12:47:17 [argus.file_monitor.scanner] INFO File scan: 4 roots, 17 candidates, 2 findings
2026-09-13 12:47:33 [argus.file_monitor.scanner] INFO File scan: 4 roots, 17 candidates, 2 findings
2026-09-13 12:47:34 [argus.main] INFO EVENT: PROCESS_STARTED — PID 7912 (powershell.exe) parent=31368
2026-09-13 12:47:34 [argus.main] INFO EVENT: PROCESS_STARTED — PID 13960 (conhost.exe) parent=7912
2026-09-13 12:47:36 [argus.main] INFO EVENT: PROCESS_TERMINATED — PID 7912 (powershell.exe)
2026-09-13 12:47:36 [argus.main] INFO EVENT: PROCESS_TERMINATED — PID 13960 (conhost.exe)
2026-09-13 12:47:47 [argus.file_monitor.scanner] INFO File scan: 4 roots, 17 candidates, 2 findings
2026-09-13 12:47:52 [argus.main] INFO EVENT: PROCESS_STARTED — PID 1928 (backgroundTaskHost.exe) parent=1596
2026-09-13 12:47:52 [argus.main] INFO EVENT: PROCESS_STARTED — PID 28612 (backgroundTaskHost.exe) parent=1596
2026-09-13 12:47:56 [argus.main] INFO EVENT: PROCESS_TERMINATED — PID 11672 (svchost.exe)
2026-09-13 12:48:02 [argus.file_monitor.scanner] INFO File scan: 4 roots, 17 candidates, 2 findings
2026-09-13 12:48:08 [argus.main] INFO EVENT: PROCESS_STARTED — PID 13460 (powershell.exe) parent=31368
2026-09-13 12:48:08 [argus.main] INFO EVENT: PROCESS_STARTED — PID 21516 (conhost.exe) parent=13460
2026-09-13 12:48:10 [argus.main] INFO EVENT: PROCESS_STARTED — PID 14328 (svchost.exe) parent=1360
2026-09-13 12:48:10 [argus.main] INFO EVENT: PROCESS_TERMINATED — PID 13460 (powershell.exe)
2026-09-13 12:48:10 [argus.main] INFO EVENT: PROCESS_TERMINATED — PID 21516 (conhost.exe)
2026-09-13 12:48:17 [argus.file_monitor.scanner] INFO File scan: 4 roots, 17 candidates, 2 findings
2026-09-13 12:48:27 [argus.main] INFO EVENT: PROCESS_STARTED — PID 13944 (powershell.exe) parent=10824
2026-09-13 12:48:27 [argus.main] INFO EVENT: PROCESS_STARTED — PID 16212 (conhost.exe) parent=13944
2026-09-13 12:48:27 [argus.main] INFO EVENT: PROCESS_STARTED — PID 17104 (node.exe) parent=13944
2026-09-13 12:48:29 [argus.main] INFO EVENT: PROCESS_STARTED — PID 10040 (svchost.exe) parent=1360
2026-09-13 12:48:29 [argus.main] INFO EVENT: PROCESS_TERMINATED — PID 13944 (powershell.exe)
2026-09-13 12:48:29 [argus.main] INFO EVENT: PROCESS_TERMINATED — PID 16212 (conhost.exe)
2026-09-13 12:48:29 [argus.main] INFO EVENT: PROCESS_TERMINATED — PID 17104 (node.exe)
2026-09-13 12:48:32 [argus.file_monitor.scanner] INFO File scan: 4 roots, 17 candidates, 2 findings
2026-09-13 12:48:33 [argus.main] INFO EVENT: PROCESS_STARTED — PID 14776 (conhost.exe) parent=21532
2026-09-13 12:48:33 [argus.main] INFO EVENT: PROCESS_STARTED — PID 21532 (powershell.exe) parent=10824
2026-09-13 12:48:33 [argus.main] INFO EVENT: PROCESS_STARTED — PID 31456 (node.exe) parent=21532
2026-09-13 12:48:35 [argus.main] INFO EVENT: PROCESS_TERMINATED — PID 14776 (conhost.exe)
2026-09-13 12:48:35 [argus.main] INFO EVENT: PROCESS_TERMINATED — PID 21532 (powershell.exe)
2026-09-13 12:48:35 [argus.main] INFO EVENT: PROCESS_TERMINATED — PID 31456 (node.exe)
2026-09-13 12:48:39 [argus.main] INFO EVENT: PROCESS_STARTED — PID 2196 (powershell.exe) parent=10824
2026-09-13 12:48:39 [argus.main] INFO EVENT: PROCESS_STARTED — PID 10708 (node.exe) parent=2196
2026-09-13 12:48:39 [argus.main] INFO EVENT: PROCESS_STARTED — PID 14928 (conhost.exe) parent=2196
2026-09-13 12:48:41 [argus.main] INFO EVENT: PROCESS_STARTED — PID 8928 (conhost.exe) parent=18584
2026-09-13 12:48:41 [argus.main] INFO EVENT: PROCESS_STARTED — PID 18584 (cmd.exe) parent=22848
2026-09-13 12:48:41 [argus.main] INFO EVENT: PROCESS_STARTED — PID 29728 (node.exe) parent=31492
2026-09-13 12:48:41 [argus.main] INFO EVENT: PROCESS_STARTED — PID 30836 (taskkill.exe) parent=18584
2026-09-13 12:48:41 [argus.main] INFO EVENT: PROCESS_STARTED — PID 31492 (cmd.exe) parent=10708
2026-09-13 12:48:44 [argus.main] INFO EVENT: PROCESS_TERMINATED — PID 2196 (powershell.exe)
2026-09-13 12:48:44 [argus.main] INFO EVENT: PROCESS_TERMINATED — PID 10708 (node.exe)
2026-09-13 12:48:44 [argus.main] INFO EVENT: PROCESS_TERMINATED — PID 14928 (conhost.exe)
2026-09-13 12:48:44 [argus.main] INFO EVENT: PROCESS_TERMINATED — PID 8928 (conhost.exe)
2026-09-13 12:48:44 [argus.main] INFO EVENT: PROCESS_TERMINATED — PID 18584 (cmd.exe)
2026-09-13 12:48:44 [argus.main] INFO EVENT: PROCESS_TERMINATED — PID 29728 (node.exe)
2026-09-13 12:48:44 [argus.main] INFO EVENT: PROCESS_TERMINATED — PID 30836 (taskkill.exe)
2026-09-13 12:48:44 [argus.main] INFO EVENT: PROCESS_TERMINATED — PID 31492 (cmd.exe)
2026-09-13 12:48:46 [argus.main] INFO EVENT: PROCESS_STARTED — PID 2908 (powershell.exe) parent=10824
2026-09-13 12:48:46 [argus.main] INFO EVENT: PROCESS_STARTED — PID 27900 (conhost.exe) parent=2908
2026-09-13 12:48:46 [argus.main] INFO EVENT: PROCESS_STARTED — PID 29184 (node.exe) parent=2908
2026-09-13 12:48:47 [argus.file_monitor.scanner] INFO File scan: 4 roots, 17 candidates, 2 findings
2026-09-13 12:48:48 [argus.main] INFO EVENT: PROCESS_STARTED — PID 960 (node.exe) parent=12756
2026-09-13 12:48:48 [argus.main] INFO EVENT: PROCESS_STARTED — PID 12756 (cmd.exe) parent=29184
2026-09-13 12:48:48 [argus.main] INFO EVENT: PROCESS_STARTED — PID 29552 (node.exe) parent=30368
2026-09-13 12:48:48 [argus.main] INFO EVENT: PROCESS_STARTED — PID 30368 (node.exe) parent=960
2026-09-13 12:48:50 [argus.main] INFO EVENT: PROCESS_STARTED — PID 30472 (node.exe) parent=30368
2026-09-13 12:48:52 [argus.main] INFO EVENT: PROCESS_TERMINATED — PID 1928 (backgroundTaskHost.exe)
2026-09-13 12:48:52 [argus.main] INFO EVENT: PROCESS_TERMINATED — PID 28612 (backgroundTaskHost.exe)
2026-09-13 12:48:52 [argus.main] INFO EVENT: PROCESS_TERMINATED — PID 30472 (node.exe)
2026-09-13 12:48:56 [argus.main] INFO EVENT: PROCESS_TERMINATED — PID 2908 (powershell.exe)
2026-09-13 12:48:56 [argus.main] INFO EVENT: PROCESS_TERMINATED — PID 27900 (conhost.exe)
2026-09-13 12:48:56 [argus.main] INFO EVENT: PROCESS_TERMINATED — PID 29184 (node.exe)
2026-09-13 12:48:56 [argus.main] INFO EVENT: PROCESS_TERMINATED — PID 960 (node.exe)
2026-09-13 12:48:56 [argus.main] INFO EVENT: PROCESS_TERMINATED — PID 12756 (cmd.exe)
2026-09-13 12:48:56 [argus.main] INFO EVENT: PROCESS_TERMINATED — PID 29552 (node.exe)
2026-09-13 12:48:56 [argus.main] INFO EVENT: PROCESS_TERMINATED — PID 30368 (node.exe)
2026-09-13 12:49:00 [argus.main] INFO EVENT: PROCESS_STARTED — PID 10496 (conhost.exe) parent=26296
2026-09-13 12:49:00 [argus.main] INFO EVENT: PROCESS_STARTED — PID 15040 (cmd.exe) parent=18368
2026-09-13 12:49:00 [argus.main] INFO EVENT: PROCESS_STARTED — PID 18368 (node.exe) parent=26296
2026-09-13 12:49:00 [argus.main] INFO EVENT: PROCESS_STARTED — PID 26296 (powershell.exe) parent=10824
2026-09-13 12:49:02 [argus.main] INFO EVENT: PROCESS_STARTED — PID 9172 (cmd.exe) parent=13308
2026-09-13 12:49:03 [argus.main] INFO EVENT: PROCESS_STARTED — PID 13308 (node.exe) parent=15040
2026-09-13 12:49:03 [argus.main] INFO EVENT: PROCESS_STARTED — PID 13352 (node.exe) parent=9172
2026-09-13 12:49:04 [argus.file_monitor.scanner] INFO File scan: 4 roots, 17 candidates, 2 findings
2026-09-13 12:49:05 [argus.main] INFO EVENT: PROCESS_STARTED — PID 5984 (node.exe) parent=17284
2026-09-13 12:49:05 [argus.main] INFO EVENT: PROCESS_STARTED — PID 6592 (node.exe) parent=15040
2026-09-13 12:49:05 [argus.main] INFO EVENT: PROCESS_STARTED — PID 7580 (node.exe) parent=16708
2026-09-13 12:49:05 [argus.main] INFO EVENT: PROCESS_STARTED — PID 16256 (node.exe) parent=17540
2026-09-13 12:49:05 [argus.main] INFO EVENT: PROCESS_STARTED — PID 16604 (node.exe) parent=28700
2026-09-13 12:49:05 [argus.main] INFO EVENT: PROCESS_STARTED — PID 16708 (cmd.exe) parent=6592
2026-09-13 12:49:05 [argus.main] INFO EVENT: PROCESS_STARTED — PID 17284 (cmd.exe) parent=6592
2026-09-13 12:49:05 [argus.main] INFO EVENT: PROCESS_STARTED — PID 17540 (cmd.exe) parent=6592
2026-09-13 12:49:05 [argus.main] INFO EVENT: PROCESS_STARTED — PID 28700 (cmd.exe) parent=6592
2026-09-13 12:49:05 [argus.main] INFO EVENT: PROCESS_TERMINATED — PID 9172 (cmd.exe)
2026-09-13 12:49:05 [argus.main] INFO EVENT: PROCESS_TERMINATED — PID 13308 (node.exe)
2026-09-13 12:49:05 [argus.main] INFO EVENT: PROCESS_TERMINATED — PID 13352 (node.exe)
2026-09-13 12:49:09 [argus.main] INFO EVENT: PROCESS_STARTED — PID 8256 (powershell.exe) parent=31368
2026-09-13 12:49:09 [argus.main] INFO EVENT: PROCESS_STARTED — PID 15192 (conhost.exe) parent=8256
2026-09-13 12:49:09 [argus.main] INFO EVENT: PROCESS_TERMINATED — PID 5984 (node.exe)
2026-09-13 12:49:09 [argus.main] INFO EVENT: PROCESS_TERMINATED — PID 7580 (node.exe)
2026-09-13 12:49:10 [argus.main] INFO EVENT: PROCESS_TERMINATED — PID 16708 (cmd.exe)
2026-09-13 12:49:10 [argus.main] INFO EVENT: PROCESS_TERMINATED — PID 17284 (cmd.exe)
2026-09-13 12:49:14 [argus.main] INFO EVENT: PROCESS_TERMINATED — PID 16604 (node.exe)
2026-09-13 12:49:14 [argus.main] INFO EVENT: PROCESS_TERMINATED — PID 28700 (cmd.exe)
2026-09-13 12:49:14 [argus.main] INFO EVENT: PROCESS_TERMINATED — PID 8256 (powershell.exe)
2026-09-13 12:49:14 [argus.main] INFO EVENT: PROCESS_TERMINATED — PID 15192 (conhost.exe)
2026-09-13 12:49:16 [argus.main] INFO EVENT: PROCESS_TERMINATED — PID 10496 (conhost.exe)
2026-09-13 12:49:16 [argus.main] INFO EVENT: PROCESS_TERMINATED — PID 15040 (cmd.exe)
2026-09-13 12:49:16 [argus.main] INFO EVENT: PROCESS_TERMINATED — PID 18368 (node.exe)
2026-09-13 12:49:16 [argus.main] INFO EVENT: PROCESS_TERMINATED — PID 26296 (powershell.exe)
2026-09-13 12:49:16 [argus.main] INFO EVENT: PROCESS_TERMINATED — PID 6592 (node.exe)
2026-09-13 12:49:16 [argus.main] INFO EVENT: PROCESS_TERMINATED — PID 16256 (node.exe)
2026-09-13 12:49:16 [argus.main] INFO EVENT: PROCESS_TERMINATED — PID 17540 (cmd.exe)
2026-09-13 12:49:18 [argus.file_monitor.scanner] INFO File scan: 4 roots, 17 candidates, 2 findings
2026-09-13 12:49:32 [argus.file_monitor.scanner] INFO File scan: 4 roots, 17 candidates, 2 findings
2026-09-13 12:49:46 [argus.main] INFO EVENT: PROCESS_STARTED — PID 9944 (conhost.exe) parent=23216
2026-09-13 12:49:46 [argus.main] INFO EVENT: PROCESS_STARTED — PID 23216 (powershell.exe) parent=31368
2026-09-13 12:49:47 [argus.file_monitor.scanner] INFO File scan: 4 roots, 17 candidates, 2 findings
2026-09-13 12:49:48 [argus.main] INFO EVENT: PROCESS_TERMINATED — PID 9944 (conhost.exe)
2026-09-13 12:49:48 [argus.main] INFO EVENT: PROCESS_TERMINATED — PID 23216 (powershell.exe)
2026-09-13 12:50:02 [argus.file_monitor.scanner] INFO File scan: 4 roots, 17 candidates, 2 findings
2026-09-13 12:50:12 [argus.main] INFO EVENT: PROCESS_STARTED — PID 8476 (conhost.exe) parent=22944
2026-09-13 12:50:12 [argus.main] INFO EVENT: PROCESS_STARTED — PID 22944 (powershell.exe) parent=31368
2026-09-13 12:50:14 [argus.main] INFO EVENT: PROCESS_TERMINATED — PID 8476 (conhost.exe)
2026-09-13 12:50:14 [argus.main] INFO EVENT: PROCESS_TERMINATED — PID 22944 (powershell.exe)
2026-09-13 12:50:17 [argus.file_monitor.scanner] INFO File scan: 4 roots, 17 candidates, 2 findings
2026-09-13 12:50:32 [argus.file_monitor.scanner] INFO File scan: 4 roots, 17 candidates, 2 findings
2026-09-13 12:50:34 [argus.main] INFO EVENT: PROCESS_STARTED — PID 12040 (conhost.exe) parent=22544
2026-09-13 12:50:34 [argus.main] INFO EVENT: PROCESS_STARTED — PID 18364 (node.exe) parent=22544
2026-09-13 12:50:34 [argus.main] INFO EVENT: PROCESS_STARTED — PID 22544 (powershell.exe) parent=10824
2026-09-13 12:50:36 [argus.main] INFO EVENT: PROCESS_STARTED — PID 2572 (node.exe) parent=14416
2026-09-13 12:50:36 [argus.main] INFO EVENT: PROCESS_STARTED — PID 2616 (esbuild.exe) parent=25452
2026-09-13 12:50:37 [argus.main] INFO EVENT: PROCESS_STARTED — PID 14416 (cmd.exe) parent=18364
2026-09-13 12:50:37 [argus.main] INFO EVENT: PROCESS_STARTED — PID 21568 (cmd.exe) parent=18364
2026-09-13 12:50:37 [argus.main] INFO EVENT: PROCESS_STARTED — PID 25452 (node.exe) parent=21568
2026-09-13 12:50:37 [argus.main] INFO EVENT: PROCESS_STARTED — PID 29840 (esbuild.exe) parent=2572
2026-09-13 12:50:41 [argus.main] INFO EVENT: PROCESS_TERMINATED — PID 2616 (esbuild.exe)
2026-09-13 12:50:41 [argus.main] INFO EVENT: PROCESS_TERMINATED — PID 21568 (cmd.exe)
2026-09-13 12:50:41 [argus.main] INFO EVENT: PROCESS_TERMINATED — PID 25452 (node.exe)
2026-09-13 12:50:47 [argus.main] INFO EVENT: PROCESS_STARTED — PID 2648 (powershell.exe) parent=31368
2026-09-13 12:50:47 [argus.main] INFO EVENT: PROCESS_STARTED — PID 20324 (conhost.exe) parent=2648
2026-09-13 12:50:48 [argus.file_monitor.scanner] INFO File scan: 4 roots, 17 candidates, 2 findings
2026-09-13 12:50:49 [argus.main] INFO EVENT: PROCESS_TERMINATED — PID 2648 (powershell.exe)
2026-09-13 12:50:49 [argus.main] INFO EVENT: PROCESS_TERMINATED — PID 20324 (conhost.exe)
2026-09-13 12:50:53 [argus.main] INFO EVENT: PROCESS_TERMINATED — PID 12040 (conhost.exe)
2026-09-13 12:50:53 [argus.main] INFO EVENT: PROCESS_TERMINATED — PID 18364 (node.exe)
2026-09-13 12:50:53 [argus.main] INFO EVENT: PROCESS_TERMINATED — PID 22544 (powershell.exe)
2026-09-13 12:50:53 [argus.main] INFO EVENT: PROCESS_TERMINATED — PID 2572 (node.exe)
2026-09-13 12:50:53 [argus.main] INFO EVENT: PROCESS_TERMINATED — PID 14416 (cmd.exe)
2026-09-13 12:50:53 [argus.main] INFO EVENT: PROCESS_TERMINATED — PID 29840 (esbuild.exe)
2026-09-13 12:50:57 [argus.main] INFO EVENT: PROCESS_TERMINATED — PID 14328 (svchost.exe)
2026-09-13 12:51:02 [argus.file_monitor.scanner] INFO File scan: 4 roots, 17 candidates, 2 findings
2026-09-13 12:51:13 [argus.main] INFO EVENT: PROCESS_STARTED — PID 9860 (conhost.exe) parent=12896
2026-09-13 12:51:13 [argus.main] INFO EVENT: PROCESS_STARTED — PID 12896 (powershell.exe) parent=31368
2026-09-13 12:51:15 [argus.main] INFO EVENT: PROCESS_STARTED — PID 19388 (svchost.exe) parent=1360
2026-09-13 12:51:15 [argus.main] INFO EVENT: PROCESS_TERMINATED — PID 9860 (conhost.exe)
2026-09-13 12:51:15 [argus.main] INFO EVENT: PROCESS_TERMINATED — PID 12896 (powershell.exe)
2026-09-13 12:51:17 [argus.main] INFO EVENT: PROCESS_STARTED — PID 4456 (powershell.exe) parent=31368
2026-09-13 12:51:17 [argus.main] INFO EVENT: PROCESS_STARTED — PID 23804 (conhost.exe) parent=4456
2026-09-13 12:51:17 [argus.file_monitor.scanner] INFO File scan: 4 roots, 17 candidates, 2 findings
2026-09-13 12:51:19 [argus.main] INFO EVENT: PROCESS_TERMINATED — PID 4456 (powershell.exe)
2026-09-13 12:51:19 [argus.main] INFO EVENT: PROCESS_TERMINATED — PID 23804 (conhost.exe)
2026-09-13 12:51:33 [argus.file_monitor.scanner] INFO File scan: 4 roots, 17 candidates, 2 findings
2026-09-13 12:51:36 [argus.main] INFO EVENT: PROCESS_STARTED — PID 7032 (conhost.exe) parent=27428
2026-09-13 12:51:36 [argus.main] INFO EVENT: PROCESS_STARTED — PID 21108 (rg.exe) parent=10824
2026-09-13 12:51:36 [argus.main] INFO EVENT: PROCESS_STARTED — PID 26740 (conhost.exe) parent=21108
2026-09-13 12:51:36 [argus.main] INFO EVENT: PROCESS_STARTED — PID 27428 (powershell.exe) parent=10824
2026-09-13 12:51:38 [argus.main] INFO EVENT: PROCESS_TERMINATED — PID 7032 (conhost.exe)
2026-09-13 12:51:38 [argus.main] INFO EVENT: PROCESS_TERMINATED — PID 27428 (powershell.exe)
2026-09-13 12:51:48 [argus.file_monitor.scanner] INFO File scan: 4 roots, 17 candidates, 2 findings
2026-09-13 12:51:48 [argus.main] INFO EVENT: PROCESS_STARTED — PID 9356 (conhost.exe) parent=26784
2026-09-13 12:51:48 [argus.main] INFO EVENT: PROCESS_STARTED — PID 26784 (powershell.exe) parent=31368
2026-09-13 12:51:48 [argus.main] INFO EVENT: PROCESS_TERMINATED — PID 21108 (rg.exe)
2026-09-13 12:51:48 [argus.main] INFO EVENT: PROCESS_TERMINATED — PID 26740 (conhost.exe)
2026-09-13 12:51:50 [argus.main] INFO EVENT: PROCESS_TERMINATED — PID 9356 (conhost.exe)
2026-09-13 12:51:50 [argus.main] INFO EVENT: PROCESS_TERMINATED — PID 26784 (powershell.exe)
2026-09-13 12:52:02 [argus.file_monitor.scanner] INFO File scan: 4 roots, 17 candidates, 2 findings
2026-09-13 12:52:04 [argus.main] INFO EVENT: PROCESS_TERMINATED — PID 19388 (svchost.exe)
2026-09-13 12:52:16 [argus.main] INFO EVENT: PROCESS_STARTED — PID 20456 (powershell.exe) parent=31368
2026-09-13 12:52:16 [argus.main] INFO EVENT: PROCESS_STARTED — PID 25412 (conhost.exe) parent=20456
2026-09-13 12:52:17 [argus.file_monitor.scanner] INFO File scan: 4 roots, 17 candidates, 2 findings
2026-09-13 12:52:18 [argus.main] INFO EVENT: PROCESS_STARTED — PID 19596 (svchost.exe) parent=1360
2026-09-13 12:52:18 [argus.main] INFO EVENT: PROCESS_TERMINATED — PID 20456 (powershell.exe)
2026-09-13 12:52:18 [argus.main] INFO EVENT: PROCESS_TERMINATED — PID 25412 (conhost.exe)
2026-09-13 12:52:20 [argus.main] INFO EVENT: PROCESS_STARTED — PID 23452 (powershell.exe) parent=31368
2026-09-13 12:52:20 [argus.main] INFO EVENT: PROCESS_STARTED — PID 26768 (conhost.exe) parent=23452
2026-09-13 12:52:22 [argus.main] INFO EVENT: PROCESS_TERMINATED — PID 23452 (powershell.exe)
2026-09-13 12:52:22 [argus.main] INFO EVENT: PROCESS_TERMINATED — PID 26768 (conhost.exe)
2026-09-13 12:52:32 [argus.file_monitor.scanner] INFO File scan: 4 roots, 17 candidates, 2 findings
2026-09-13 12:52:43 [argus.main] INFO EVENT: PROCESS_STARTED — PID 1448 (postgres.exe) parent=14392
2026-09-13 12:52:45 [argus.main] INFO EVENT: PROCESS_TERMINATED — PID 1448 (postgres.exe)
2026-09-13 12:52:47 [argus.file_monitor.scanner] INFO File scan: 4 roots, 17 candidates, 2 findings
2026-09-13 12:52:53 [argus.main] INFO EVENT: PROCESS_STARTED — PID 25616 (conhost.exe) parent=26512
2026-09-13 12:52:53 [argus.main] INFO EVENT: PROCESS_STARTED — PID 26512 (powershell.exe) parent=31368
2026-09-13 12:52:55 [argus.main] INFO EVENT: PROCESS_TERMINATED — PID 25616 (conhost.exe)
2026-09-13 12:52:55 [argus.main] INFO EVENT: PROCESS_TERMINATED — PID 26512 (powershell.exe)
2026-09-13 12:52:57 [argus.main] INFO EVENT: PROCESS_STARTED — PID 15384 (ROUTE.EXE) parent=31368
2026-09-13 12:52:57 [argus.main] INFO EVENT: PROCESS_STARTED — PID 22404 (<unknown-pid-22404>) parent=none
2026-09-13 12:52:59 [argus.main] INFO EVENT: PROCESS_TERMINATED — PID 15384 (ROUTE.EXE)
2026-09-13 12:52:59 [argus.main] INFO EVENT: PROCESS_TERMINATED — PID 22404 (<unknown-pid-22404>)
2026-09-13 12:53:02 [argus.file_monitor.scanner] INFO File scan: 4 roots, 17 candidates, 2 findings
2026-09-13 12:53:03 [argus.main] INFO EVENT: PROCESS_TERMINATED — PID 19596 (svchost.exe)
2026-09-13 12:53:17 [argus.main] INFO EVENT: PROCESS_STARTED — PID 8936 (powershell.exe) parent=31368
2026-09-13 12:53:17 [argus.main] INFO EVENT: PROCESS_STARTED — PID 23064 (conhost.exe) parent=8936
2026-09-13 12:53:18 [argus.file_monitor.scanner] INFO File scan: 4 roots, 17 candidates, 2 findings
2026-09-13 12:53:19 [argus.main] INFO EVENT: PROCESS_STARTED — PID 14688 (svchost.exe) parent=1360
2026-09-13 12:53:19 [argus.main] INFO EVENT: PROCESS_TERMINATED — PID 8936 (powershell.exe)
2026-09-13 12:53:19 [argus.main] INFO EVENT: PROCESS_TERMINATED — PID 23064 (conhost.exe)
2026-09-13 12:53:23 [argus.main] INFO EVENT: PROCESS_STARTED — PID 10588 (postgres.exe) parent=14392
2026-09-13 12:53:25 [argus.main] INFO EVENT: PROCESS_STARTED — PID 12116 (powershell.exe) parent=31368
2026-09-13 12:53:25 [argus.main] INFO EVENT: PROCESS_STARTED — PID 27608 (conhost.exe) parent=12116
2026-09-13 12:53:25 [argus.main] INFO EVENT: PROCESS_TERMINATED — PID 10588 (postgres.exe)
2026-09-13 12:53:27 [argus.main] INFO EVENT: PROCESS_TERMINATED — PID 12116 (powershell.exe)
2026-09-13 12:53:27 [argus.main] INFO EVENT: PROCESS_TERMINATED — PID 27608 (conhost.exe)
2026-09-13 12:53:29 [argus.main] INFO EVENT: PROCESS_STARTED — PID 24436 (ROUTE.EXE) parent=31368
2026-09-13 12:53:29 [argus.main] INFO EVENT: PROCESS_TERMINATED — PID 10040 (svchost.exe)
2026-09-13 12:53:31 [argus.main] INFO EVENT: PROCESS_TERMINATED — PID 26300 (svchost.exe)
2026-09-13 12:53:31 [argus.main] INFO EVENT: PROCESS_TERMINATED — PID 24436 (ROUTE.EXE)
2026-09-13 12:53:32 [argus.file_monitor.scanner] INFO File scan: 4 roots, 17 candidates, 2 findings
2026-09-13 12:53:47 [argus.file_monitor.scanner] INFO File scan: 4 roots, 17 candidates, 2 findings
2026-09-13 12:53:57 [argus.main] INFO EVENT: PROCESS_STARTED — PID 5276 (node.exe) parent=8240
2026-09-13 12:53:57 [argus.main] INFO EVENT: PROCESS_STARTED — PID 8240 (powershell.exe) parent=10824
2026-09-13 12:53:57 [argus.main] INFO EVENT: PROCESS_STARTED — PID 14580 (conhost.exe) parent=8240
2026-09-13 12:54:00 [argus.main] INFO EVENT: PROCESS_STARTED — PID 16280 (node.exe) parent=23956
2026-09-13 12:54:00 [argus.main] INFO EVENT: PROCESS_STARTED — PID 23956 (cmd.exe) parent=5276
2026-09-13 12:54:02 [argus.main] INFO EVENT: PROCESS_STARTED — PID 7940 (node.exe) parent=23956
2026-09-13 12:54:02 [argus.main] INFO EVENT: PROCESS_TERMINATED — PID 16280 (node.exe)
2026-09-13 12:54:02 [argus.file_monitor.scanner] INFO File scan: 4 roots, 17 candidates, 2 findings
2026-09-13 12:54:04 [argus.main] INFO EVENT: PROCESS_STARTED — PID 11252 (node.exe) parent=26860
2026-09-13 12:54:04 [argus.main] INFO EVENT: PROCESS_STARTED — PID 26860 (cmd.exe) parent=7940
2026-09-13 12:54:04 [argus.main] INFO EVENT: PROCESS_TERMINATED — PID 14688 (svchost.exe)
2026-09-13 12:54:08 [argus.main] INFO EVENT: PROCESS_TERMINATED — PID 11252 (node.exe)
2026-09-13 12:54:10 [argus.main] INFO EVENT: PROCESS_TERMINATED — PID 5276 (node.exe)
2026-09-13 12:54:10 [argus.main] INFO EVENT: PROCESS_TERMINATED — PID 8240 (powershell.exe)
2026-09-13 12:54:10 [argus.main] INFO EVENT: PROCESS_TERMINATED — PID 14580 (conhost.exe)
2026-09-13 12:54:10 [argus.main] INFO EVENT: PROCESS_TERMINATED — PID 23956 (cmd.exe)
2026-09-13 12:54:10 [argus.main] INFO EVENT: PROCESS_TERMINATED — PID 7940 (node.exe)
2026-09-13 12:54:10 [argus.main] INFO EVENT: PROCESS_TERMINATED — PID 26860 (cmd.exe)
2026-09-13 12:54:17 [argus.file_monitor.scanner] INFO File scan: 4 roots, 17 candidates, 2 findings
2026-09-13 12:54:18 [argus.main] INFO EVENT: PROCESS_STARTED — PID 2660 (updater.exe) parent=19228
2026-09-13 12:54:18 [argus.main] INFO EVENT: PROCESS_STARTED — PID 19228 (updater.exe) parent=2996
2026-09-13 12:54:18 [argus.main] INFO EVENT: PROCESS_STARTED — PID 20668 (updater.exe) parent=1360
2026-09-13 12:54:18 [argus.main] INFO EVENT: PROCESS_STARTED — PID 23992 (conhost.exe) parent=30516
2026-09-13 12:54:18 [argus.main] INFO EVENT: PROCESS_STARTED — PID 30516 (powershell.exe) parent=31368
2026-09-13 12:54:20 [argus.main] INFO EVENT: PROCESS_STARTED — PID 21200 (updater.exe) parent=20668
2026-09-13 12:54:20 [argus.main] INFO EVENT: PROCESS_STARTED — PID 21936 (svchost.exe) parent=1360
2026-09-13 12:54:20 [argus.main] INFO EVENT: PROCESS_STARTED — PID 29840 (updater.exe) parent=1360
2026-09-13 12:54:20 [argus.main] INFO EVENT: PROCESS_STARTED — PID 31108 (updater.exe) parent=29840
2026-09-13 12:54:20 [argus.main] INFO EVENT: PROCESS_TERMINATED — PID 23992 (conhost.exe)
2026-09-13 12:54:20 [argus.main] INFO EVENT: PROCESS_TERMINATED — PID 30516 (powershell.exe)
2026-09-13 12:54:24 [argus.main] INFO EVENT: PROCESS_TERMINATED — PID 2660 (updater.exe)
2026-09-13 12:54:24 [argus.main] INFO EVENT: PROCESS_TERMINATED — PID 19228 (updater.exe)
2026-09-13 12:54:30 [argus.main] INFO EVENT: PROCESS_STARTED — PID 10572 (powershell.exe) parent=31368
2026-09-13 12:54:30 [argus.main] INFO EVENT: PROCESS_STARTED — PID 28664 (conhost.exe) parent=10572
2026-09-13 12:54:32 [argus.file_monitor.scanner] INFO File scan: 4 roots, 17 candidates, 2 findings
2026-09-13 12:54:32 [argus.main] INFO EVENT: PROCESS_TERMINATED — PID 10572 (powershell.exe)
2026-09-13 12:54:32 [argus.main] INFO EVENT: PROCESS_TERMINATED — PID 28664 (conhost.exe)
2026-09-13 12:54:34 [argus.main] INFO EVENT: PROCESS_TERMINATED — PID 20668 (updater.exe)
2026-09-13 12:54:35 [argus.main] INFO EVENT: PROCESS_TERMINATED — PID 21200 (updater.exe)
2026-09-13 12:54:35 [argus.main] INFO EVENT: PROCESS_TERMINATED — PID 29840 (updater.exe)
2026-09-13 12:54:35 [argus.main] INFO EVENT: PROCESS_TERMINATED — PID 31108 (updater.exe)
2026-09-13 12:54:43 [argus.main] INFO EVENT: PROCESS_STARTED — PID 29764 (postgres.exe) parent=14392
2026-09-13 12:54:45 [argus.main] INFO EVENT: PROCESS_TERMINATED — PID 29764 (postgres.exe)
2026-09-13 12:54:47 [argus.file_monitor.scanner] INFO File scan: 4 roots, 17 candidates, 2 findings
2026-09-13 12:54:49 [argus.main] INFO EVENT: PROCESS_STARTED — PID 18352 (conhost.exe) parent=19780
2026-09-13 12:54:49 [argus.main] INFO EVENT: PROCESS_STARTED — PID 19780 (powershell.exe) parent=10824
2026-09-13 12:54:51 [argus.main] INFO EVENT: PROCESS_TERMINATED — PID 18352 (conhost.exe)
2026-09-13 12:54:51 [argus.main] INFO EVENT: PROCESS_TERMINATED — PID 19780 (powershell.exe)
2026-09-13 12:55:02 [argus.file_monitor.scanner] INFO File scan: 4 roots, 17 candidates, 2 findings
2026-09-13 12:55:03 [argus.main] INFO EVENT: PROCESS_STARTED — PID 25080 (postgres.exe) parent=14392
2026-09-13 12:55:03 [argus.main] INFO EVENT: PROCESS_STARTED — PID 25536 (conhost.exe) parent=30744
2026-09-13 12:55:03 [argus.main] INFO EVENT: PROCESS_STARTED — PID 30744 (powershell.exe) parent=31368
2026-09-13 12:55:03 [argus.main] INFO EVENT: PROCESS_TERMINATED — PID 21936 (svchost.exe)
2026-09-13 12:55:05 [argus.main] INFO EVENT: PROCESS_TERMINATED — PID 25080 (postgres.exe)
2026-09-13 12:55:05 [argus.main] INFO EVENT: PROCESS_TERMINATED — PID 25536 (conhost.exe)
2026-09-13 12:55:05 [argus.main] INFO EVENT: PROCESS_TERMINATED — PID 30744 (powershell.exe)
2026-09-13 12:55:17 [argus.file_monitor.scanner] INFO File scan: 4 roots, 17 candidates, 2 findings
2026-09-13 12:55:21 [argus.main] INFO EVENT: PROCESS_STARTED — PID 656 (conhost.exe) parent=28472
2026-09-13 12:55:21 [argus.main] INFO EVENT: PROCESS_STARTED — PID 28472 (powershell.exe) parent=31368
2026-09-13 12:55:23 [argus.main] INFO EVENT: PROCESS_STARTED — PID 3760 (svchost.exe) parent=1360
2026-09-13 12:55:23 [argus.main] INFO EVENT: PROCESS_TERMINATED — PID 656 (conhost.exe)
2026-09-13 12:55:23 [argus.main] INFO EVENT: PROCESS_TERMINATED — PID 28472 (powershell.exe)
2026-09-13 12:55:32 [argus.file_monitor.scanner] INFO File scan: 4 roots, 17 candidates, 2 findings
2026-09-13 12:55:35 [argus.main] INFO EVENT: PROCESS_STARTED — PID 8176 (powershell.exe) parent=31368
2026-09-13 12:55:35 [argus.main] INFO EVENT: PROCESS_STARTED — PID 16500 (conhost.exe) parent=8176
2026-09-13 12:55:37 [argus.main] INFO EVENT: PROCESS_TERMINATED — PID 8176 (powershell.exe)
2026-09-13 12:55:37 [argus.main] INFO EVENT: PROCESS_TERMINATED — PID 16500 (conhost.exe)
2026-09-13 12:55:47 [argus.file_monitor.scanner] INFO File scan: 4 roots, 17 candidates, 2 findings
2026-09-13 12:56:03 [argus.file_monitor.scanner] INFO File scan: 4 roots, 17 candidates, 2 findings
2026-09-13 12:56:03 [argus.main] INFO EVENT: PROCESS_TERMINATED — PID 3760 (svchost.exe)
2026-09-13 12:56:08 [argus.main] INFO EVENT: PROCESS_STARTED — PID 18124 (conhost.exe) parent=18716
2026-09-13 12:56:08 [argus.main] INFO EVENT: PROCESS_STARTED — PID 18716 (powershell.exe) parent=31368
2026-09-13 12:56:10 [argus.main] INFO EVENT: PROCESS_TERMINATED — PID 18124 (conhost.exe)
2026-09-13 12:56:10 [argus.main] INFO EVENT: PROCESS_TERMINATED — PID 18716 (powershell.exe)
2026-09-13 12:56:17 [argus.file_monitor.scanner] INFO File scan: 4 roots, 17 candidates, 2 findings
2026-09-13 12:56:22 [argus.main] INFO EVENT: PROCESS_STARTED — PID 29084 (conhost.exe) parent=29732
2026-09-13 12:56:22 [argus.main] INFO EVENT: PROCESS_STARTED — PID 29732 (powershell.exe) parent=31368
2026-09-13 12:56:24 [argus.main] INFO EVENT: PROCESS_STARTED — PID 19624 (svchost.exe) parent=1360
2026-09-13 12:56:24 [argus.main] INFO EVENT: PROCESS_TERMINATED — PID 29084 (conhost.exe)
2026-09-13 12:56:24 [argus.main] INFO EVENT: PROCESS_TERMINATED — PID 29732 (powershell.exe)
2026-09-13 12:56:32 [argus.file_monitor.scanner] INFO File scan: 4 roots, 17 candidates, 2 findings
2026-09-13 12:56:36 [argus.main] INFO EVENT: PROCESS_STARTED — PID 22152 (powershell.exe) parent=10824
2026-09-13 12:56:36 [argus.main] INFO EVENT: PROCESS_STARTED — PID 30952 (conhost.exe) parent=22152
2026-09-13 12:56:38 [argus.main] INFO EVENT: PROCESS_TERMINATED — PID 22152 (powershell.exe)
2026-09-13 12:56:38 [argus.main] INFO EVENT: PROCESS_TERMINATED — PID 30952 (conhost.exe)
2026-09-13 12:56:40 [argus.main] INFO EVENT: PROCESS_STARTED — PID 10764 (conhost.exe) parent=27504
2026-09-13 12:56:40 [argus.main] INFO EVENT: PROCESS_STARTED — PID 27504 (powershell.exe) parent=31368
2026-09-13 12:56:42 [argus.main] INFO EVENT: PROCESS_TERMINATED — PID 10764 (conhost.exe)
2026-09-13 12:56:42 [argus.main] INFO EVENT: PROCESS_TERMINATED — PID 27504 (powershell.exe)
2026-09-13 12:56:47 [argus.file_monitor.scanner] INFO File scan: 4 roots, 17 candidates, 2 findings
2026-09-13 12:56:54 [argus.main] INFO EVENT: PROCESS_STARTED — PID 7660 (conhost.exe) parent=13832
2026-09-13 12:56:54 [argus.main] INFO EVENT: PROCESS_STARTED — PID 13832 (powershell.exe) parent=10824
2026-09-13 12:56:56 [argus.main] INFO EVENT: PROCESS_TERMINATED — PID 7660 (conhost.exe)
2026-09-13 12:56:56 [argus.main] INFO EVENT: PROCESS_TERMINATED — PID 13832 (powershell.exe)
2026-09-13 12:57:02 [argus.file_monitor.scanner] INFO File scan: 4 roots, 17 candidates, 2 findings
2026-09-13 12:57:04 [argus.main] INFO EVENT: PROCESS_STARTED — PID 1164 (conhost.exe) parent=8344
2026-09-13 12:57:04 [argus.main] INFO EVENT: PROCESS_STARTED — PID 7876 (conhost.exe) parent=27240
2026-09-13 12:57:04 [argus.main] INFO EVENT: PROCESS_STARTED — PID 8344 (rg.exe) parent=10824
2026-09-13 12:57:04 [argus.main] INFO EVENT: PROCESS_STARTED — PID 27240 (rg.exe) parent=10824
2026-09-13 12:57:04 [argus.main] INFO EVENT: PROCESS_TERMINATED — PID 19624 (svchost.exe)
2026-09-13 12:57:08 [argus.main] INFO EVENT: PROCESS_TERMINATED — PID 1164 (conhost.exe)
2026-09-13 12:57:08 [argus.main] INFO EVENT: PROCESS_TERMINATED — PID 7876 (conhost.exe)
2026-09-13 12:57:09 [argus.main] INFO EVENT: PROCESS_TERMINATED — PID 8344 (rg.exe)
2026-09-13 12:57:09 [argus.main] INFO EVENT: PROCESS_TERMINATED — PID 27240 (rg.exe)
2026-09-13 12:57:17 [argus.file_monitor.scanner] INFO File scan: 4 roots, 17 candidates, 2 findings
2026-09-13 12:57:25 [argus.main] INFO EVENT: PROCESS_STARTED — PID 17616 (conhost.exe) parent=26176
2026-09-13 12:57:25 [argus.main] INFO EVENT: PROCESS_STARTED — PID 26176 (powershell.exe) parent=31368
2026-09-13 12:57:27 [argus.main] INFO EVENT: PROCESS_STARTED — PID 5816 (svchost.exe) parent=1360
2026-09-13 12:57:27 [argus.main] INFO EVENT: PROCESS_TERMINATED — PID 17616 (conhost.exe)
2026-09-13 12:57:27 [argus.main] INFO EVENT: PROCESS_TERMINATED — PID 26176 (powershell.exe)
2026-09-13 12:57:32 [argus.file_monitor.scanner] INFO File scan: 4 roots, 17 candidates, 2 findings
2026-09-13 12:57:41 [argus.main] INFO EVENT: PROCESS_STARTED — PID 676 (conhost.exe) parent=25736
2026-09-13 12:57:41 [argus.main] INFO EVENT: PROCESS_STARTED — PID 25736 (powershell.exe) parent=31368
2026-09-13 12:57:43 [argus.main] INFO EVENT: PROCESS_TERMINATED — PID 676 (conhost.exe)
2026-09-13 12:57:43 [argus.main] INFO EVENT: PROCESS_TERMINATED — PID 25736 (powershell.exe)
2026-09-13 12:57:47 [argus.file_monitor.scanner] INFO File scan: 4 roots, 17 candidates, 2 findings
2026-09-13 12:58:02 [argus.file_monitor.scanner] INFO File scan: 4 roots, 17 candidates, 2 findings
2026-09-13 12:58:03 [argus.main] INFO EVENT: PROCESS_TERMINATED — PID 5816 (svchost.exe)
2026-09-13 12:58:15 [argus.main] INFO EVENT: PROCESS_STARTED — PID 6668 (conhost.exe) parent=10144
2026-09-13 12:58:15 [argus.main] INFO EVENT: PROCESS_STARTED — PID 10144 (powershell.exe) parent=31368
2026-09-13 12:58:15 [argus.main] INFO EVENT: PROCESS_STARTED — PID 11548 (conhost.exe) parent=30740
2026-09-13 12:58:15 [argus.main] INFO EVENT: PROCESS_STARTED — PID 30740 (powershell.exe) parent=10824
2026-09-13 12:58:17 [argus.main] INFO EVENT: PROCESS_TERMINATED — PID 6668 (conhost.exe)
2026-09-13 12:58:17 [argus.main] INFO EVENT: PROCESS_TERMINATED — PID 10144 (powershell.exe)
2026-09-13 12:58:17 [argus.main] INFO EVENT: PROCESS_TERMINATED — PID 11548 (conhost.exe)
2026-09-13 12:58:17 [argus.main] INFO EVENT: PROCESS_TERMINATED — PID 30740 (powershell.exe)
2026-09-13 12:58:18 [argus.file_monitor.scanner] INFO File scan: 4 roots, 17 candidates, 2 findings
2026-09-13 12:58:25 [argus.main] INFO EVENT: PROCESS_STARTED — PID 21712 (powershell.exe) parent=31368
2026-09-13 12:58:25 [argus.main] INFO EVENT: PROCESS_STARTED — PID 26916 (smartscreen.exe) parent=1596
2026-09-13 12:58:25 [argus.main] INFO EVENT: PROCESS_STARTED — PID 27156 (conhost.exe) parent=21712
2026-09-13 12:58:27 [argus.main] INFO EVENT: PROCESS_STARTED — PID 3956 (activate.exe) parent=6136
2026-09-13 12:58:28 [argus.main] INFO EVENT: PROCESS_STARTED — PID 29964 (svchost.exe) parent=1360
2026-09-13 12:58:28 [argus.main] INFO EVENT: PROCESS_TERMINATED — PID 21712 (powershell.exe)
2026-09-13 12:58:28 [argus.main] INFO EVENT: PROCESS_TERMINATED — PID 27156 (conhost.exe)
2026-09-13 12:58:32 [argus.main] INFO EVENT: PROCESS_STARTED — PID 15564 (svchost.exe) parent=1360
2026-09-13 12:58:32 [argus.main] INFO EVENT: PROCESS_STARTED — PID 24472 (svchost.exe) parent=1360
2026-09-13 12:58:32 [argus.main] INFO EVENT: PROCESS_TERMINATED — PID 3956 (activate.exe)
2026-09-13 12:58:33 [argus.file_monitor.scanner] INFO File scan: 4 roots, 17 candidates, 2 findings
2026-09-13 12:58:48 [argus.file_monitor.scanner] INFO File scan: 4 roots, 17 candidates, 2 findings
2026-09-13 12:59:03 [argus.file_monitor.scanner] INFO File scan: 4 roots, 17 candidates, 2 findings
2026-09-13 12:59:04 [argus.main] INFO EVENT: PROCESS_TERMINATED — PID 29964 (svchost.exe)
2026-09-13 12:59:18 [argus.file_monitor.scanner] INFO File scan: 4 roots, 17 candidates, 2 findings
2026-09-13 12:59:28 [argus.main] INFO EVENT: PROCESS_STARTED — PID 16024 (powershell.exe) parent=31368
2026-09-13 12:59:28 [argus.main] INFO EVENT: PROCESS_STARTED — PID 19024 (conhost.exe) parent=16024
2026-09-13 12:59:28 [argus.main] INFO EVENT: PROCESS_TERMINATED — PID 14468 (WmiPrvSE.exe)
2026-09-13 12:59:30 [argus.main] INFO EVENT: PROCESS_STARTED — PID 4356 (WmiPrvSE.exe) parent=1596
2026-09-13 12:59:30 [argus.main] INFO EVENT: PROCESS_STARTED — PID 20160 (svchost.exe) parent=1360
2026-09-13 12:59:30 [argus.main] INFO EVENT: PROCESS_TERMINATED — PID 16024 (powershell.exe)
2026-09-13 12:59:30 [argus.main] INFO EVENT: PROCESS_TERMINATED — PID 19024 (conhost.exe)
2026-09-13 12:59:32 [argus.file_monitor.scanner] INFO File scan: 4 roots, 17 candidates, 2 findings
2026-09-13 12:59:47 [argus.file_monitor.scanner] INFO File scan: 4 roots, 17 candidates, 2 findings
2026-09-13 12:59:48 [argus.main] INFO EVENT: PROCESS_STARTED — PID 9480 (conhost.exe) parent=23640
2026-09-13 12:59:48 [argus.main] INFO EVENT: PROCESS_STARTED — PID 23640 (powershell.exe) parent=31368
2026-09-13 12:59:48 [argus.main] INFO EVENT: PROCESS_STARTED — PID 28356 (powershell.exe) parent=10824
2026-09-13 12:59:50 [argus.main] INFO EVENT: PROCESS_TERMINATED — PID 9480 (conhost.exe)
2026-09-13 12:59:50 [argus.main] INFO EVENT: PROCESS_TERMINATED — PID 23640 (powershell.exe)
2026-09-13 12:59:50 [argus.main] INFO EVENT: PROCESS_TERMINATED — PID 28356 (powershell.exe)
2026-09-13 13:00:03 [argus.file_monitor.scanner] INFO File scan: 4 roots, 17 candidates, 2 findings
2026-09-13 13:00:17 [argus.file_monitor.scanner] INFO File scan: 4 roots, 17 candidates, 2 findings
2026-09-13 13:00:29 [argus.main] INFO EVENT: PROCESS_STARTED — PID 2308 (powershell.exe) parent=31368
2026-09-13 13:00:29 [argus.main] INFO EVENT: PROCESS_STARTED — PID 24248 (conhost.exe) parent=2308
2026-09-13 13:00:31 [argus.main] INFO EVENT: PROCESS_TERMINATED — PID 24472 (svchost.exe)
2026-09-13 13:00:31 [argus.main] INFO EVENT: PROCESS_TERMINATED — PID 2308 (powershell.exe)
2026-09-13 13:00:31 [argus.main] INFO EVENT: PROCESS_TERMINATED — PID 24248 (conhost.exe)
2026-09-13 13:00:32 [argus.file_monitor.scanner] INFO File scan: 4 roots, 17 candidates, 2 findings
2026-09-13 13:00:48 [argus.file_monitor.scanner] INFO File scan: 4 roots, 17 candidates, 2 findings
2026-09-13 13:00:53 [argus.main] INFO EVENT: PROCESS_STARTED — PID 16604 (conhost.exe) parent=26692
2026-09-13 13:00:53 [argus.main] INFO EVENT: PROCESS_STARTED — PID 26692 (powershell.exe) parent=31368
2026-09-13 13:00:55 [argus.main] INFO EVENT: PROCESS_TERMINATED — PID 16604 (conhost.exe)
2026-09-13 13:00:55 [argus.main] INFO EVENT: PROCESS_TERMINATED — PID 26692 (powershell.exe)
2026-09-13 13:01:02 [argus.file_monitor.scanner] INFO File scan: 4 roots, 17 candidates, 2 findings
2026-09-13 13:01:03 [argus.main] INFO EVENT: PROCESS_STARTED — PID 20488 (postgres.exe) parent=14392
2026-09-13 13:01:05 [argus.main] INFO EVENT: PROCESS_TERMINATED — PID 20488 (postgres.exe)
2026-09-13 13:01:17 [argus.file_monitor.scanner] INFO File scan: 4 roots, 17 candidates, 2 findings
2026-09-13 13:01:23 [argus.main] INFO EVENT: PROCESS_STARTED — PID 2664 (conhost.exe) parent=30768
2026-09-13 13:01:23 [argus.main] INFO EVENT: PROCESS_STARTED — PID 30768 (powershell.exe) parent=31368
2026-09-13 13:01:25 [argus.main] INFO EVENT: PROCESS_STARTED — PID 11440 (powershell.exe) parent=10824
2026-09-13 13:01:25 [argus.main] INFO EVENT: PROCESS_STARTED — PID 28872 (conhost.exe) parent=11440
2026-09-13 13:01:25 [argus.main] INFO EVENT: PROCESS_STARTED — PID 29420 (node.exe) parent=11440
2026-09-13 13:01:25 [argus.main] INFO EVENT: PROCESS_TERMINATED — PID 2664 (conhost.exe)
2026-09-13 13:01:25 [argus.main] INFO EVENT: PROCESS_TERMINATED — PID 30768 (powershell.exe)
2026-09-13 13:01:27 [argus.main] INFO EVENT: PROCESS_STARTED — PID 14220 (node.exe) parent=30632
2026-09-13 13:01:27 [argus.main] INFO EVENT: PROCESS_STARTED — PID 30632 (cmd.exe) parent=29420
2026-09-13 13:01:29 [argus.main] INFO EVENT: PROCESS_TERMINATED — PID 11440 (powershell.exe)
2026-09-13 13:01:29 [argus.main] INFO EVENT: PROCESS_TERMINATED — PID 28872 (conhost.exe)
2026-09-13 13:01:29 [argus.main] INFO EVENT: PROCESS_TERMINATED — PID 29420 (node.exe)
2026-09-13 13:01:29 [argus.main] INFO EVENT: PROCESS_TERMINATED — PID 14220 (node.exe)
2026-09-13 13:01:29 [argus.main] INFO EVENT: PROCESS_TERMINATED — PID 30632 (cmd.exe)
2026-09-13 13:01:31 [argus.main] INFO EVENT: PROCESS_STARTED — PID 9544 (conhost.exe) parent=17880
2026-09-13 13:01:31 [argus.main] INFO EVENT: PROCESS_STARTED — PID 17880 (powershell.exe) parent=31368
2026-09-13 13:01:33 [argus.file_monitor.scanner] INFO File scan: 4 roots, 17 candidates, 2 findings
2026-09-13 13:01:33 [argus.main] INFO EVENT: PROCESS_STARTED — PID 18672 (svchost.exe) parent=1360
2026-09-13 13:01:34 [argus.main] INFO EVENT: PROCESS_TERMINATED — PID 20160 (svchost.exe)
2026-09-13 13:01:34 [argus.main] INFO EVENT: PROCESS_TERMINATED — PID 9544 (conhost.exe)
2026-09-13 13:01:34 [argus.main] INFO EVENT: PROCESS_TERMINATED — PID 17880 (powershell.exe)
2026-09-13 13:01:47 [argus.file_monitor.scanner] INFO File scan: 4 roots, 17 candidates, 2 findings
2026-09-13 13:02:02 [argus.file_monitor.scanner] INFO File scan: 4 roots, 17 candidates, 2 findings
2026-09-13 13:02:17 [argus.file_monitor.scanner] INFO File scan: 4 roots, 17 candidates, 2 findings
2026-09-13 13:02:18 [argus.main] INFO EVENT: PROCESS_STARTED — PID 13060 (MoUsoCoreWorker.exe) parent=2476
2026-09-13 13:02:24 [argus.main] INFO EVENT: PROCESS_STARTED — PID 18968 (ipconfig.exe) parent=31368
2026-09-13 13:02:26 [argus.main] INFO EVENT: PROCESS_TERMINATED — PID 18968 (ipconfig.exe)
2026-09-13 13:02:28 [argus.main] INFO EVENT: PROCESS_STARTED — PID 2408 (conhost.exe) parent=12380
2026-09-13 13:02:28 [argus.main] INFO EVENT: PROCESS_STARTED — PID 12380 (powershell.exe) parent=31368
2026-09-13 13:02:30 [argus.main] INFO EVENT: PROCESS_TERMINATED — PID 2408 (conhost.exe)
2026-09-13 13:02:30 [argus.main] INFO EVENT: PROCESS_TERMINATED — PID 12380 (powershell.exe)
2026-09-13 13:02:32 [argus.main] INFO EVENT: PROCESS_STARTED — PID 20828 (conhost.exe) parent=31596
2026-09-13 13:02:32 [argus.main] INFO EVENT: PROCESS_STARTED — PID 31596 (powershell.exe) parent=31368
2026-09-13 13:02:32 [argus.main] INFO EVENT: PROCESS_TERMINATED — PID 18672 (svchost.exe)
2026-09-13 13:02:33 [argus.file_monitor.scanner] INFO File scan: 4 roots, 17 candidates, 2 findings
2026-09-13 13:02:34 [argus.main] INFO EVENT: PROCESS_STARTED — PID 21856 (svchost.exe) parent=1360
2026-09-13 13:02:34 [argus.main] INFO EVENT: PROCESS_TERMINATED — PID 20828 (conhost.exe)
2026-09-13 13:02:34 [argus.main] INFO EVENT: PROCESS_TERMINATED — PID 31596 (powershell.exe)
2026-09-13 13:02:47 [argus.file_monitor.scanner] INFO File scan: 4 roots, 17 candidates, 2 findings
2026-09-13 13:02:52 [argus.main] INFO EVENT: PROCESS_STARTED — PID 12492 (backgroundTaskHost.exe) parent=1596
2026-09-13 13:03:02 [argus.file_monitor.scanner] INFO File scan: 4 roots, 17 candidates, 2 findings
2026-09-13 13:03:17 [argus.file_monitor.scanner] INFO File scan: 4 roots, 17 candidates, 2 findings
2026-09-13 13:03:18 [argus.main] INFO EVENT: PROCESS_STARTED — PID 25772 (powershell.exe) parent=10824
2026-09-13 13:03:18 [argus.main] INFO EVENT: PROCESS_STARTED — PID 30716 (conhost.exe) parent=25772
2026-09-13 13:03:18 [argus.main] INFO EVENT: PROCESS_TERMINATED — PID 13060 (MoUsoCoreWorker.exe)
2026-09-13 13:03:20 [argus.main] INFO EVENT: PROCESS_STARTED — PID 2908 (node.exe) parent=29312
2026-09-13 13:03:20 [argus.main] INFO EVENT: PROCESS_STARTED — PID 29312 (cmd.exe) parent=31468
2026-09-13 13:03:20 [argus.main] INFO EVENT: PROCESS_STARTED — PID 31468 (node.exe) parent=25772
2026-09-13 13:03:25 [argus.main] INFO EVENT: PROCESS_TERMINATED — PID 25772 (powershell.exe)
2026-09-13 13:03:25 [argus.main] INFO EVENT: PROCESS_TERMINATED — PID 30716 (conhost.exe)
2026-09-13 13:03:25 [argus.main] INFO EVENT: PROCESS_TERMINATED — PID 2908 (node.exe)
2026-09-13 13:03:25 [argus.main] INFO EVENT: PROCESS_TERMINATED — PID 29312 (cmd.exe)
2026-09-13 13:03:25 [argus.main] INFO EVENT: PROCESS_TERMINATED — PID 31468 (node.exe)
2026-09-13 13:03:27 [argus.main] INFO EVENT: PROCESS_TERMINATED — PID 26916 (smartscreen.exe)
2026-09-13 13:03:29 [argus.main] INFO EVENT: PROCESS_STARTED — PID 18668 (scanner.exe) parent=11176
2026-09-13 13:03:29 [argus.main] INFO EVENT: PROCESS_STARTED — PID 25436 (smartscreen.exe) parent=1596
2026-09-13 13:03:31 [argus.main] INFO EVENT: PROCESS_TERMINATED — PID 7624 (svchost.exe)
2026-09-13 13:03:33 [argus.main] INFO EVENT: PROCESS_TERMINATED — PID 21856 (svchost.exe)
2026-09-13 13:03:34 [argus.file_monitor.scanner] INFO File scan: 4 roots, 17 candidates, 2 findings
2026-09-13 13:03:35 [argus.main] INFO EVENT: PROCESS_STARTED — PID 13996 (powershell.exe) parent=31368
2026-09-13 13:03:35 [argus.main] INFO EVENT: PROCESS_STARTED — PID 28876 (conhost.exe) parent=13996
2026-09-13 13:03:37 [argus.main] INFO EVENT: PROCESS_STARTED — PID 27052 (svchost.exe) parent=1360
2026-09-13 13:03:37 [argus.main] INFO EVENT: PROCESS_TERMINATED — PID 13996 (powershell.exe)
2026-09-13 13:03:37 [argus.main] INFO EVENT: PROCESS_TERMINATED — PID 28876 (conhost.exe)
2026-09-13 13:03:48 [argus.file_monitor.scanner] INFO File scan: 4 roots, 17 candidates, 2 findings
2026-09-13 13:03:53 [argus.main] INFO EVENT: PROCESS_TERMINATED — PID 12492 (backgroundTaskHost.exe)
2026-09-13 13:04:01 [argus.main] INFO EVENT: PROCESS_STARTED — PID 24828 (ARP.EXE) parent=31368
2026-09-13 13:04:01 [argus.main] INFO EVENT: PROCESS_STARTED — PID 30652 (<unknown-pid-30652>) parent=24828
2026-09-13 13:04:03 [argus.file_monitor.scanner] INFO File scan: 4 roots, 17 candidates, 2 findings
2026-09-13 13:04:03 [argus.main] INFO EVENT: PROCESS_TERMINATED — PID 24828 (ARP.EXE)
2026-09-13 13:04:03 [argus.main] INFO EVENT: PROCESS_TERMINATED — PID 30652 (<unknown-pid-30652>)
2026-09-13 13:04:09 [argus.main] INFO EVENT: PROCESS_STARTED — PID 2156 (backgroundTaskHost.exe) parent=1596
2026-09-13 13:04:11 [argus.main] INFO EVENT: PROCESS_STARTED — PID 8736 (RuntimeBroker.exe) parent=1596
2026-09-13 13:04:11 [argus.main] INFO EVENT: PROCESS_STARTED — PID 23580 (svchost.exe) parent=1360
2026-09-13 13:04:14 [argus.main] INFO EVENT: PROCESS_STARTED — PID 2080 (WmiPrvSE.exe) parent=1596
2026-09-13 13:04:18 [argus.file_monitor.scanner] INFO File scan: 4 roots, 17 candidates, 2 findings
2026-09-13 13:04:32 [argus.main] INFO EVENT: PROCESS_STARTED — PID 5064 (powershell.exe) parent=31368
2026-09-13 13:04:32 [argus.main] INFO EVENT: PROCESS_STARTED — PID 16860 (conhost.exe) parent=5064
2026-09-13 13:04:33 [argus.file_monitor.scanner] INFO File scan: 4 roots, 17 candidates, 2 findings
2026-09-13 13:04:34 [argus.main] INFO EVENT: PROCESS_TERMINATED — PID 27052 (svchost.exe)
2026-09-13 13:04:34 [argus.main] INFO EVENT: PROCESS_TERMINATED — PID 5064 (powershell.exe)
2026-09-13 13:04:34 [argus.main] INFO EVENT: PROCESS_TERMINATED — PID 16860 (conhost.exe)
2026-09-13 13:04:38 [argus.main] INFO EVENT: PROCESS_STARTED — PID 6464 (powershell.exe) parent=31368
2026-09-13 13:04:38 [argus.main] INFO EVENT: PROCESS_STARTED — PID 22188 (conhost.exe) parent=6464
2026-09-13 13:04:38 [argus.main] INFO EVENT: PROCESS_STARTED — PID 25644 (svchost.exe) parent=1360
2026-09-13 13:04:40 [argus.main] INFO EVENT: PROCESS_TERMINATED — PID 6464 (powershell.exe)
2026-09-13 13:04:40 [argus.main] INFO EVENT: PROCESS_TERMINATED — PID 22188 (conhost.exe)
2026-09-13 13:04:42 [argus.main] INFO EVENT: PROCESS_STARTED — PID 17316 (taskhostw.exe) parent=2996
2026-09-13 13:04:42 [argus.main] INFO EVENT: PROCESS_STARTED — PID 18236 (RuntimeBroker.exe) parent=1596
2026-09-13 13:04:44 [argus.main] INFO EVENT: PROCESS_STARTED — PID 13700 (sppsvc.exe) parent=1360
2026-09-13 13:04:46 [argus.main] INFO EVENT: PROCESS_TERMINATED — PID 17316 (taskhostw.exe)
2026-09-13 13:04:48 [argus.file_monitor.scanner] INFO File scan: 4 roots, 17 candidates, 2 findings
2026-09-13 13:04:54 [argus.main] INFO EVENT: PROCESS_STARTED — PID 2496 (ipconfig.exe) parent=31368
2026-09-13 13:04:56 [argus.main] INFO EVENT: PROCESS_TERMINATED — PID 2496 (ipconfig.exe)
2026-09-13 13:05:03 [argus.file_monitor.scanner] INFO File scan: 4 roots, 17 candidates, 2 findings
2026-09-13 13:05:04 [argus.main] INFO EVENT: PROCESS_STARTED — PID 22976 (powershell.exe) parent=31368
2026-09-13 13:05:04 [argus.main] INFO EVENT: PROCESS_STARTED — PID 29080 (conhost.exe) parent=22976
2026-09-13 13:05:06 [argus.main] INFO EVENT: PROCESS_TERMINATED — PID 22976 (powershell.exe)
2026-09-13 13:05:06 [argus.main] INFO EVENT: PROCESS_TERMINATED — PID 29080 (conhost.exe)
2026-09-13 13:05:14 [argus.main] INFO EVENT: PROCESS_TERMINATED — PID 2156 (backgroundTaskHost.exe)
2026-09-13 13:05:14 [argus.main] INFO EVENT: PROCESS_TERMINATED — PID 2080 (WmiPrvSE.exe)
2026-09-13 13:05:14 [argus.main] INFO EVENT: PROCESS_TERMINATED — PID 13700 (sppsvc.exe)
2026-09-13 13:05:18 [argus.file_monitor.scanner] INFO File scan: 4 roots, 17 candidates, 2 findings
2026-09-13 13:05:22 [argus.main] INFO EVENT: PROCESS_TERMINATED — PID 18236 (RuntimeBroker.exe)
2026-09-13 13:05:33 [argus.main] INFO EVENT: PROCESS_TERMINATED — PID 25644 (svchost.exe)
2026-09-13 13:05:33 [argus.file_monitor.scanner] INFO File scan: 4 roots, 17 candidates, 2 findings
2026-09-13 13:05:37 [argus.main] INFO EVENT: PROCESS_STARTED — PID 12088 (powershell.exe) parent=31368
2026-09-13 13:05:37 [argus.main] INFO EVENT: PROCESS_STARTED — PID 14548 (conhost.exe) parent=12088
2026-09-13 13:05:39 [argus.main] INFO EVENT: PROCESS_STARTED — PID 28344 (svchost.exe) parent=1360
2026-09-13 13:05:39 [argus.main] INFO EVENT: PROCESS_TERMINATED — PID 12088 (powershell.exe)
2026-09-13 13:05:39 [argus.main] INFO EVENT: PROCESS_TERMINATED — PID 14548 (conhost.exe)
2026-09-13 13:05:43 [argus.main] INFO EVENT: PROCESS_STARTED — PID 21524 (postgres.exe) parent=14392
2026-09-13 13:05:43 [argus.main] INFO EVENT: PROCESS_TERMINATED — PID 8736 (RuntimeBroker.exe)
2026-09-13 13:05:45 [argus.main] INFO EVENT: PROCESS_TERMINATED — PID 21524 (postgres.exe)
2026-09-13 13:05:48 [argus.file_monitor.scanner] INFO File scan: 4 roots, 17 candidates, 2 findings
2026-09-13 13:05:53 [argus.main] INFO EVENT: PROCESS_STARTED — PID 18368 (conhost.exe) parent=26620
2026-09-13 13:05:55 [argus.main] INFO EVENT: PROCESS_TERMINATED — PID 18668 (scanner.exe)
2026-09-13 13:05:55 [argus.main] INFO EVENT: PROCESS_TERMINATED — PID 18368 (conhost.exe)
2026-09-13 13:06:03 [argus.main] INFO EVENT: PROCESS_STARTED — PID 12992 (conhost.exe) parent=15804
2026-09-13 13:06:03 [argus.main] INFO EVENT: PROCESS_STARTED — PID 15804 (powershell.exe) parent=10824
2026-09-13 13:06:03 [argus.main] INFO EVENT: PROCESS_STARTED — PID 21124 (postgres.exe) parent=14392
2026-09-13 13:06:03 [argus.main] INFO EVENT: PROCESS_STARTED — PID 22740 (node.exe) parent=15804
2026-09-13 13:06:04 [argus.file_monitor.scanner] INFO File scan: 4 roots, 17 candidates, 2 findings
2026-09-13 13:06:05 [argus.main] INFO EVENT: PROCESS_STARTED — PID 19388 (node.exe) parent=29244
2026-09-13 13:06:05 [argus.main] INFO EVENT: PROCESS_STARTED — PID 29244 (cmd.exe) parent=22740
2026-09-13 13:06:05 [argus.main] INFO EVENT: PROCESS_TERMINATED — PID 21124 (postgres.exe)
2026-09-13 13:06:07 [argus.main] INFO EVENT: PROCESS_STARTED — PID 16500 (node.exe) parent=29244
2026-09-13 13:06:07 [argus.main] INFO EVENT: PROCESS_STARTED — PID 23488 (SoftLandingTask.exe) parent=1596
2026-09-13 13:06:07 [argus.main] INFO EVENT: PROCESS_TERMINATED — PID 19388 (node.exe)
2026-09-13 13:06:09 [argus.main] INFO EVENT: PROCESS_STARTED — PID 444 (node.exe) parent=12740
2026-09-13 13:06:09 [argus.main] INFO EVENT: PROCESS_STARTED — PID 5892 (cmd.exe) parent=16500
2026-09-13 13:06:09 [argus.main] INFO EVENT: PROCESS_STARTED — PID 12740 (cmd.exe) parent=16500
2026-09-13 13:06:09 [argus.main] INFO EVENT: PROCESS_STARTED — PID 15016 (cmd.exe) parent=16500
2026-09-13 13:06:10 [argus.main] INFO EVENT: PROCESS_STARTED — PID 15280 (node.exe) parent=16644
2026-09-13 13:06:10 [argus.main] INFO EVENT: PROCESS_STARTED — PID 16644 (cmd.exe) parent=16500
2026-09-13 13:06:10 [argus.main] INFO EVENT: PROCESS_STARTED — PID 19128 (node.exe) parent=5892
2026-09-13 13:06:10 [argus.main] INFO EVENT: PROCESS_STARTED — PID 24888 (conhost.exe) parent=28692
2026-09-13 13:06:10 [argus.main] INFO EVENT: PROCESS_STARTED — PID 27636 (node.exe) parent=15016
2026-09-13 13:06:10 [argus.main] INFO EVENT: PROCESS_STARTED — PID 28692 (powershell.exe) parent=31368
2026-09-13 13:06:12 [argus.main] INFO EVENT: PROCESS_TERMINATED — PID 15280 (node.exe)
2026-09-13 13:06:12 [argus.main] INFO EVENT: PROCESS_TERMINATED — PID 16644 (cmd.exe)
2026-09-13 13:06:12 [argus.main] INFO EVENT: PROCESS_TERMINATED — PID 24888 (conhost.exe)
2026-09-13 13:06:12 [argus.main] INFO EVENT: PROCESS_TERMINATED — PID 28692 (powershell.exe)
2026-09-13 13:06:14 [argus.main] INFO EVENT: PROCESS_TERMINATED — PID 15016 (cmd.exe)
2026-09-13 13:06:14 [argus.main] INFO EVENT: PROCESS_TERMINATED — PID 27636 (node.exe)
2026-09-13 13:06:16 [argus.main] INFO EVENT: PROCESS_TERMINATED — PID 5892 (cmd.exe)
2026-09-13 13:06:16 [argus.main] INFO EVENT: PROCESS_TERMINATED — PID 19128 (node.exe)
2026-09-13 13:06:18 [argus.file_monitor.scanner] INFO File scan: 4 roots, 17 candidates, 2 findings
2026-09-13 13:06:26 [argus.main] INFO EVENT: PROCESS_TERMINATED — PID 12992 (conhost.exe)
2026-09-13 13:06:26 [argus.main] INFO EVENT: PROCESS_TERMINATED — PID 15804 (powershell.exe)
2026-09-13 13:06:26 [argus.main] INFO EVENT: PROCESS_TERMINATED — PID 22740 (node.exe)
2026-09-13 13:06:26 [argus.main] INFO EVENT: PROCESS_TERMINATED — PID 29244 (cmd.exe)
2026-09-13 13:06:26 [argus.main] INFO EVENT: PROCESS_TERMINATED — PID 16500 (node.exe)
2026-09-13 13:06:26 [argus.main] INFO EVENT: PROCESS_TERMINATED — PID 444 (node.exe)
2026-09-13 13:06:26 [argus.main] INFO EVENT: PROCESS_TERMINATED — PID 12740 (cmd.exe)
2026-09-13 13:06:30 [argus.main] INFO EVENT: PROCESS_STARTED — PID 23528 (node.exe) parent=31344
2026-09-13 13:06:30 [argus.main] INFO EVENT: PROCESS_STARTED — PID 30044 (conhost.exe) parent=31344
2026-09-13 13:06:30 [argus.main] INFO EVENT: PROCESS_STARTED — PID 31344 (powershell.exe) parent=10824
2026-09-13 13:06:32 [argus.main] INFO EVENT: PROCESS_STARTED — PID 1296 (node.exe) parent=10492
2026-09-13 13:06:32 [argus.main] INFO EVENT: PROCESS_STARTED — PID 1896 (node.exe) parent=6592
2026-09-13 13:06:32 [argus.main] INFO EVENT: PROCESS_STARTED — PID 6592 (cmd.exe) parent=23528
2026-09-13 13:06:32 [argus.main] INFO EVENT: PROCESS_STARTED — PID 10492 (node.exe) parent=1896
2026-09-13 13:06:32 [argus.main] INFO EVENT: PROCESS_TERMINATED — PID 28344 (svchost.exe)
2026-09-13 13:06:32 [argus.file_monitor.scanner] INFO File scan: 4 roots, 17 candidates, 2 findings
2026-09-13 13:06:34 [argus.main] INFO EVENT: PROCESS_STARTED — PID 19036 (esbuild.exe) parent=1296
2026-09-13 13:06:34 [argus.main] INFO EVENT: PROCESS_STARTED — PID 24368 (node.exe) parent=10492
2026-09-13 13:06:36 [argus.main] INFO EVENT: PROCESS_TERMINATED — PID 24368 (node.exe)
2026-09-13 13:06:38 [argus.main] INFO EVENT: PROCESS_STARTED — PID 14888 (conhost.exe) parent=24108
2026-09-13 13:06:38 [argus.main] INFO EVENT: PROCESS_STARTED — PID 24108 (powershell.exe) parent=31368
2026-09-13 13:06:40 [argus.main] INFO EVENT: PROCESS_STARTED — PID 9648 (svchost.exe) parent=1360
2026-09-13 13:06:40 [argus.main] INFO EVENT: PROCESS_TERMINATED — PID 23528 (node.exe)
2026-09-13 13:06:41 [argus.main] INFO EVENT: PROCESS_TERMINATED — PID 30044 (conhost.exe)
2026-09-13 13:06:41 [argus.main] INFO EVENT: PROCESS_TERMINATED — PID 31344 (powershell.exe)
2026-09-13 13:06:41 [argus.main] INFO EVENT: PROCESS_TERMINATED — PID 1296 (node.exe)
2026-09-13 13:06:41 [argus.main] INFO EVENT: PROCESS_TERMINATED — PID 1896 (node.exe)
2026-09-13 13:06:41 [argus.main] INFO EVENT: PROCESS_TERMINATED — PID 6592 (cmd.exe)
2026-09-13 13:06:41 [argus.main] INFO EVENT: PROCESS_TERMINATED — PID 10492 (node.exe)
2026-09-13 13:06:41 [argus.main] INFO EVENT: PROCESS_TERMINATED — PID 19036 (esbuild.exe)
2026-09-13 13:06:41 [argus.main] INFO EVENT: PROCESS_TERMINATED — PID 14888 (conhost.exe)
2026-09-13 13:06:41 [argus.main] INFO EVENT: PROCESS_TERMINATED — PID 24108 (powershell.exe)
2026-09-13 13:06:43 [argus.main] INFO EVENT: PROCESS_STARTED — PID 30684 (postgres.exe) parent=14392
2026-09-13 13:06:45 [argus.main] INFO EVENT: PROCESS_TERMINATED — PID 30684 (postgres.exe)
2026-09-13 13:06:48 [argus.file_monitor.scanner] INFO File scan: 4 roots, 17 candidates, 2 findings
2026-09-13 13:06:49 [argus.main] INFO EVENT: PROCESS_STARTED — PID 15776 (conhost.exe) parent=18268
2026-09-13 13:06:49 [argus.main] INFO EVENT: PROCESS_STARTED — PID 18268 (powershell.exe) parent=10824
2026-09-13 13:06:49 [argus.main] INFO EVENT: PROCESS_STARTED — PID 29928 (node.exe) parent=18268
2026-09-13 13:06:51 [argus.main] INFO EVENT: PROCESS_STARTED — PID 26152 (cmd.exe) parent=29928
2026-09-13 13:06:51 [argus.main] INFO EVENT: PROCESS_STARTED — PID 31416 (node.exe) parent=26152
2026-09-13 13:06:53 [argus.main] INFO EVENT: PROCESS_STARTED — PID 6892 (cmd.exe) parent=31416
2026-09-13 13:06:53 [argus.main] INFO EVENT: PROCESS_STARTED — PID 23156 (node.exe) parent=6892
2026-09-13 13:06:53 [argus.main] INFO EVENT: PROCESS_STARTED — PID 29196 (node.exe) parent=30888
2026-09-13 13:06:53 [argus.main] INFO EVENT: PROCESS_STARTED — PID 30888 (cmd.exe) parent=23156
2026-09-13 13:06:55 [argus.main] INFO EVENT: PROCESS_STARTED — PID 1652 (cmd.exe) parent=29144
2026-09-13 13:06:55 [argus.main] INFO EVENT: PROCESS_STARTED — PID 23940 (cmd.exe) parent=29144
2026-09-13 13:06:55 [argus.main] INFO EVENT: PROCESS_STARTED — PID 26052 (node.exe) parent=1652
2026-09-13 13:06:55 [argus.main] INFO EVENT: PROCESS_STARTED — PID 27240 (cmd.exe) parent=29144
2026-09-13 13:06:55 [argus.main] INFO EVENT: PROCESS_STARTED — PID 28096 (cmd.exe) parent=29144
2026-09-13 13:06:55 [argus.main] INFO EVENT: PROCESS_STARTED — PID 29144 (node.exe) parent=6892
2026-09-13 13:06:55 [argus.main] INFO EVENT: PROCESS_TERMINATED — PID 23156 (node.exe)
2026-09-13 13:06:55 [argus.main] INFO EVENT: PROCESS_TERMINATED — PID 29196 (node.exe)
2026-09-13 13:06:55 [argus.main] INFO EVENT: PROCESS_TERMINATED — PID 30888 (cmd.exe)
2026-09-13 13:06:58 [argus.main] INFO EVENT: PROCESS_STARTED — PID 2308 (node.exe) parent=28096
2026-09-13 13:06:58 [argus.main] INFO EVENT: PROCESS_STARTED — PID 8136 (node.exe) parent=27240
2026-09-13 13:06:58 [argus.main] INFO EVENT: PROCESS_STARTED — PID 12636 (node.exe) parent=23940
2026-09-13 13:07:00 [argus.main] INFO EVENT: PROCESS_TERMINATED — PID 1652 (cmd.exe)
2026-09-13 13:07:00 [argus.main] INFO EVENT: PROCESS_TERMINATED — PID 23940 (cmd.exe)
2026-09-13 13:07:00 [argus.main] INFO EVENT: PROCESS_TERMINATED — PID 26052 (node.exe)
2026-09-13 13:07:00 [argus.main] INFO EVENT: PROCESS_TERMINATED — PID 12636 (node.exe)
2026-09-13 13:07:03 [argus.file_monitor.scanner] INFO File scan: 4 roots, 17 candidates, 2 findings
2026-09-13 13:07:04 [argus.main] INFO EVENT: PROCESS_STARTED — PID 1312 (node.exe) parent=26152
2026-09-13 13:07:04 [argus.main] INFO EVENT: PROCESS_TERMINATED — PID 31416 (node.exe)
2026-09-13 13:07:04 [argus.main] INFO EVENT: PROCESS_TERMINATED — PID 6892 (cmd.exe)
2026-09-13 13:07:04 [argus.main] INFO EVENT: PROCESS_TERMINATED — PID 27240 (cmd.exe)
2026-09-13 13:07:04 [argus.main] INFO EVENT: PROCESS_TERMINATED — PID 28096 (cmd.exe)
2026-09-13 13:07:04 [argus.main] INFO EVENT: PROCESS_TERMINATED — PID 29144 (node.exe)
2026-09-13 13:07:04 [argus.main] INFO EVENT: PROCESS_TERMINATED — PID 2308 (node.exe)
2026-09-13 13:07:04 [argus.main] INFO EVENT: PROCESS_TERMINATED — PID 8136 (node.exe)
2026-09-13 13:07:06 [argus.main] INFO EVENT: PROCESS_STARTED — PID 12360 (cmd.exe) parent=1312
2026-09-13 13:07:06 [argus.main] INFO EVENT: PROCESS_STARTED — PID 20796 (<unknown-pid-20796>) parent=none
2026-09-13 13:07:06 [argus.main] INFO EVENT: PROCESS_STARTED — PID 31496 (node.exe) parent=12360
2026-09-13 13:07:06 [argus.main] INFO EVENT: PROCESS_TERMINATED — PID 23488 (SoftLandingTask.exe)
2026-09-13 13:07:08 [argus.main] INFO EVENT: PROCESS_STARTED — PID 27756 (esbuild.exe) parent=31496
2026-09-13 13:07:08 [argus.main] INFO EVENT: PROCESS_TERMINATED — PID 20796 (<unknown-pid-20796>)
2026-09-13 13:07:10 [argus.main] INFO EVENT: PROCESS_STARTED — PID 3312 (powershell.exe) parent=31368
2026-09-13 13:07:10 [argus.main] INFO EVENT: PROCESS_STARTED — PID 27052 (conhost.exe) parent=3312
2026-09-13 13:07:12 [argus.main] INFO EVENT: PROCESS_STARTED — PID 12292 (cmd.exe) parent=1312
2026-09-13 13:07:12 [argus.main] INFO EVENT: PROCESS_STARTED — PID 18988 (node.exe) parent=12292
2026-09-13 13:07:12 [argus.main] INFO EVENT: PROCESS_STARTED — PID 30408 (esbuild.exe) parent=18988
2026-09-13 13:07:12 [argus.main] INFO EVENT: PROCESS_TERMINATED — PID 12360 (cmd.exe)
2026-09-13 13:07:12 [argus.main] INFO EVENT: PROCESS_TERMINATED — PID 31496 (node.exe)
2026-09-13 13:07:12 [argus.main] INFO EVENT: PROCESS_TERMINATED — PID 27756 (esbuild.exe)
2026-09-13 13:07:12 [argus.main] INFO EVENT: PROCESS_TERMINATED — PID 3312 (powershell.exe)
2026-09-13 13:07:12 [argus.main] INFO EVENT: PROCESS_TERMINATED — PID 27052 (conhost.exe)
2026-09-13 13:07:18 [argus.file_monitor.scanner] INFO File scan: 4 roots, 17 candidates, 2 findings
2026-09-13 13:07:31 [argus.main] INFO EVENT: PROCESS_TERMINATED — PID 15776 (conhost.exe)
2026-09-13 13:07:31 [argus.main] INFO EVENT: PROCESS_TERMINATED — PID 18268 (powershell.exe)
2026-09-13 13:07:31 [argus.main] INFO EVENT: PROCESS_TERMINATED — PID 29928 (node.exe)
2026-09-13 13:07:31 [argus.main] INFO EVENT: PROCESS_TERMINATED — PID 26152 (cmd.exe)
2026-09-13 13:07:31 [argus.main] INFO EVENT: PROCESS_TERMINATED — PID 1312 (node.exe)
2026-09-13 13:07:31 [argus.main] INFO EVENT: PROCESS_TERMINATED — PID 12292 (cmd.exe)
2026-09-13 13:07:31 [argus.main] INFO EVENT: PROCESS_TERMINATED — PID 18988 (node.exe)
2026-09-13 13:07:31 [argus.main] INFO EVENT: PROCESS_TERMINATED — PID 30408 (esbuild.exe)
2026-09-13 13:07:33 [argus.file_monitor.scanner] INFO File scan: 4 roots, 17 candidates, 2 findings
2026-09-13 13:07:33 [argus.main] INFO EVENT: PROCESS_TERMINATED — PID 9648 (svchost.exe)
2026-09-13 13:07:37 [argus.main] INFO EVENT: PROCESS_STARTED — PID 3756 (<unknown-pid-3756>) parent=none
2026-09-13 13:07:39 [argus.main] INFO EVENT: PROCESS_TERMINATED — PID 3756 (<unknown-pid-3756>)
2026-09-13 13:07:41 [argus.main] INFO EVENT: PROCESS_STARTED — PID 13592 (conhost.exe) parent=31304
2026-09-13 13:07:41 [argus.main] INFO EVENT: PROCESS_STARTED — PID 31304 (powershell.exe) parent=31368
2026-09-13 13:07:43 [argus.main] INFO EVENT: PROCESS_STARTED — PID 16840 (svchost.exe) parent=1360
2026-09-13 13:07:43 [argus.main] INFO EVENT: PROCESS_STARTED — PID 19176 (powershell.exe) parent=31368
2026-09-13 13:07:43 [argus.main] INFO EVENT: PROCESS_STARTED — PID 19516 (conhost.exe) parent=19176
2026-09-13 13:07:43 [argus.main] INFO EVENT: PROCESS_TERMINATED — PID 13592 (conhost.exe)
2026-09-13 13:07:43 [argus.main] INFO EVENT: PROCESS_TERMINATED — PID 31304 (powershell.exe)
2026-09-13 13:07:45 [argus.main] INFO EVENT: PROCESS_TERMINATED — PID 19176 (powershell.exe)
2026-09-13 13:07:45 [argus.main] INFO EVENT: PROCESS_TERMINATED — PID 19516 (conhost.exe)
2026-09-13 13:07:48 [argus.file_monitor.scanner] INFO File scan: 4 roots, 17 candidates, 2 findings
2026-09-13 13:08:02 [argus.file_monitor.scanner] INFO File scan: 4 roots, 17 candidates, 2 findings
2026-09-13 13:08:03 [argus.main] INFO EVENT: PROCESS_STARTED — PID 8028 (postgres.exe) parent=14392
2026-09-13 13:08:05 [argus.main] INFO EVENT: PROCESS_TERMINATED — PID 8028 (postgres.exe)
2026-09-13 13:08:15 [argus.main] INFO EVENT: PROCESS_STARTED — PID 28092 (powershell.exe) parent=31368
2026-09-13 13:08:17 [argus.main] INFO EVENT: PROCESS_TERMINATED — PID 28092 (powershell.exe)
2026-09-13 13:08:18 [argus.file_monitor.scanner] INFO File scan: 4 roots, 17 candidates, 2 findings
2026-09-13 13:08:29 [argus.main] INFO EVENT: PROCESS_TERMINATED — PID 25436 (smartscreen.exe)
2026-09-13 13:08:31 [argus.main] INFO EVENT: PROCESS_TERMINATED — PID 15564 (svchost.exe)
2026-09-13 13:08:33 [argus.file_monitor.scanner] INFO File scan: 4 roots, 17 candidates, 2 findings
2026-09-13 13:08:33 [argus.main] INFO EVENT: PROCESS_TERMINATED — PID 16840 (svchost.exe)
2026-09-13 13:08:44 [argus.main] INFO EVENT: PROCESS_STARTED — PID 12084 (powershell.exe) parent=31368
2026-09-13 13:08:44 [argus.main] INFO EVENT: PROCESS_STARTED — PID 24540 (conhost.exe) parent=12084
2026-09-13 13:08:46 [argus.main] INFO EVENT: PROCESS_STARTED — PID 15372 (svchost.exe) parent=1360
2026-09-13 13:08:46 [argus.main] INFO EVENT: PROCESS_TERMINATED — PID 10824 (opencode.exe)
2026-09-13 13:08:46 [argus.main] INFO EVENT: PROCESS_TERMINATED — PID 12084 (powershell.exe)
2026-09-13 13:08:46 [argus.main] INFO EVENT: PROCESS_TERMINATED — PID 24540 (conhost.exe)
2026-09-13 13:08:48 [argus.main] INFO EVENT: PROCESS_STARTED — PID 1984 (powershell.exe) parent=31368
2026-09-13 13:08:48 [argus.main] INFO EVENT: PROCESS_STARTED — PID 13568 (conhost.exe) parent=1984
2026-09-13 13:08:48 [argus.file_monitor.scanner] INFO File scan: 4 roots, 17 candidates, 2 findings
2026-09-13 13:08:50 [argus.main] INFO EVENT: PROCESS_TERMINATED — PID 1984 (powershell.exe)
2026-09-13 13:08:50 [argus.main] INFO EVENT: PROCESS_TERMINATED — PID 13568 (conhost.exe)
2026-09-13 13:09:02 [argus.file_monitor.scanner] INFO File scan: 4 roots, 17 candidates, 2 findings
2026-09-13 13:09:18 [argus.file_monitor.scanner] INFO File scan: 4 roots, 17 candidates, 2 findings
2026-09-13 13:09:18 [argus.main] INFO EVENT: PROCESS_STARTED — PID 18404 (conhost.exe) parent=24212
2026-09-13 13:09:18 [argus.main] INFO EVENT: PROCESS_STARTED — PID 24212 (powershell.exe) parent=31368
2026-09-13 13:09:20 [argus.main] INFO EVENT: PROCESS_TERMINATED — PID 18404 (conhost.exe)
2026-09-13 13:09:20 [argus.main] INFO EVENT: PROCESS_TERMINATED — PID 24212 (powershell.exe)
2026-09-13 13:09:32 [argus.main] INFO EVENT: PROCESS_TERMINATED — PID 15372 (svchost.exe)
2026-09-13 13:09:33 [argus.file_monitor.scanner] INFO File scan: 4 roots, 17 candidates, 2 findings
2026-09-13 13:09:46 [argus.main] INFO EVENT: PROCESS_STARTED — PID 10620 (<unknown-pid-10620>) parent=none
2026-09-13 13:09:46 [argus.main] INFO EVENT: PROCESS_STARTED — PID 15660 (svchost.exe) parent=1360
2026-09-13 13:09:48 [argus.file_monitor.scanner] INFO File scan: 4 roots, 17 candidates, 2 findings
2026-09-13 13:09:48 [argus.main] INFO EVENT: PROCESS_TERMINATED — PID 10620 (<unknown-pid-10620>)
2026-09-13 13:09:50 [argus.main] INFO EVENT: PROCESS_STARTED — PID 20776 (powershell.exe) parent=31368
2026-09-13 13:09:50 [argus.main] INFO EVENT: PROCESS_STARTED — PID 28344 (conhost.exe) parent=20776
2026-09-13 13:09:52 [argus.main] INFO EVENT: PROCESS_TERMINATED — PID 20776 (powershell.exe)
2026-09-13 13:09:52 [argus.main] INFO EVENT: PROCESS_TERMINATED — PID 28344 (conhost.exe)
2026-09-13 13:10:02 [argus.file_monitor.scanner] INFO File scan: 4 roots, 17 candidates, 2 findings
2026-09-13 13:10:17 [argus.file_monitor.scanner] INFO File scan: 4 roots, 17 candidates, 2 findings
2026-09-13 13:10:22 [argus.main] INFO EVENT: PROCESS_STARTED — PID 10556 (conhost.exe) parent=20468
2026-09-13 13:10:23 [argus.main] INFO EVENT: PROCESS_STARTED — PID 20468 (powershell.exe) parent=31368
2026-09-13 13:10:25 [argus.main] INFO EVENT: PROCESS_TERMINATED — PID 10556 (conhost.exe)
2026-09-13 13:10:25 [argus.main] INFO EVENT: PROCESS_TERMINATED — PID 20468 (powershell.exe)
2026-09-13 13:10:33 [argus.main] INFO EVENT: PROCESS_TERMINATED — PID 15660 (svchost.exe)
2026-09-13 13:10:33 [argus.file_monitor.scanner] INFO File scan: 4 roots, 17 candidates, 2 findings
2026-09-13 13:10:47 [argus.main] INFO EVENT: PROCESS_STARTED — PID 7632 (powershell.exe) parent=31368
2026-09-13 13:10:47 [argus.main] INFO EVENT: PROCESS_STARTED — PID 10600 (conhost.exe) parent=7632
2026-09-13 13:10:47 [argus.main] INFO EVENT: PROCESS_TERMINATED — PID 4356 (WmiPrvSE.exe)
2026-09-13 13:10:48 [argus.file_monitor.scanner] INFO File scan: 4 roots, 17 candidates, 2 findings
2026-09-13 13:10:49 [argus.main] INFO EVENT: PROCESS_STARTED — PID 12768 (WmiPrvSE.exe) parent=1596
2026-09-13 13:10:49 [argus.main] INFO EVENT: PROCESS_STARTED — PID 26444 (svchost.exe) parent=1360
2026-09-13 13:10:49 [argus.main] INFO EVENT: PROCESS_TERMINATED — PID 7632 (powershell.exe)
2026-09-13 13:10:49 [argus.main] INFO EVENT: PROCESS_TERMINATED — PID 10600 (conhost.exe)
2026-09-13 13:10:55 [argus.main] INFO EVENT: PROCESS_STARTED — PID 13860 (conhost.exe) parent=14292
2026-09-13 13:10:55 [argus.main] INFO EVENT: PROCESS_STARTED — PID 14292 (powershell.exe) parent=31368
2026-09-13 13:10:57 [argus.main] INFO EVENT: PROCESS_TERMINATED — PID 13860 (conhost.exe)
2026-09-13 13:10:57 [argus.main] INFO EVENT: PROCESS_TERMINATED — PID 14292 (powershell.exe)
2026-09-13 13:11:03 [argus.file_monitor.scanner] INFO File scan: 4 roots, 17 candidates, 2 findings
2026-09-13 13:11:05 [argus.main] INFO EVENT: PROCESS_STARTED — PID 5492 (ROUTE.EXE) parent=31368
2026-09-13 13:11:07 [argus.main] INFO EVENT: PROCESS_TERMINATED — PID 5492 (ROUTE.EXE)
2026-09-13 13:11:17 [argus.file_monitor.scanner] INFO File scan: 4 roots, 17 candidates, 2 findings
2026-09-13 13:11:25 [argus.main] INFO EVENT: PROCESS_STARTED — PID 9200 (powershell.exe) parent=31368
2026-09-13 13:11:25 [argus.main] INFO EVENT: PROCESS_STARTED — PID 11920 (conhost.exe) parent=9200
2026-09-13 13:11:27 [argus.main] INFO EVENT: PROCESS_TERMINATED — PID 9200 (powershell.exe)
2026-09-13 13:11:27 [argus.main] INFO EVENT: PROCESS_TERMINATED — PID 11920 (conhost.exe)
2026-09-13 13:11:33 [argus.file_monitor.scanner] INFO File scan: 4 roots, 17 candidates, 2 findings
2026-09-13 13:11:48 [argus.file_monitor.scanner] INFO File scan: 4 roots, 17 candidates, 2 findings
2026-09-13 13:11:49 [argus.main] INFO EVENT: PROCESS_STARTED — PID 17064 (conhost.exe) parent=24536
2026-09-13 13:11:49 [argus.main] INFO EVENT: PROCESS_STARTED — PID 24536 (powershell.exe) parent=31368
2026-09-13 13:11:51 [argus.main] INFO EVENT: PROCESS_STARTED — PID 16900 (svchost.exe) parent=1360
2026-09-13 13:11:51 [argus.main] INFO EVENT: PROCESS_TERMINATED — PID 26444 (svchost.exe)
2026-09-13 13:11:51 [argus.main] INFO EVENT: PROCESS_TERMINATED — PID 17064 (conhost.exe)
2026-09-13 13:11:52 [argus.main] INFO EVENT: PROCESS_TERMINATED — PID 24536 (powershell.exe)
2026-09-13 13:11:58 [argus.main] INFO EVENT: PROCESS_STARTED — PID 1312 (powershell.exe) parent=31368
2026-09-13 13:11:58 [argus.main] INFO EVENT: PROCESS_STARTED — PID 19560 (conhost.exe) parent=1312
2026-09-13 13:12:00 [argus.main] INFO EVENT: PROCESS_TERMINATED — PID 1312 (powershell.exe)
2026-09-13 13:12:00 [argus.main] INFO EVENT: PROCESS_TERMINATED — PID 19560 (conhost.exe)
2026-09-13 13:12:03 [argus.file_monitor.scanner] INFO File scan: 4 roots, 17 candidates, 2 findings
2026-09-13 13:12:18 [argus.file_monitor.scanner] INFO File scan: 4 roots, 17 candidates, 2 findings
2026-09-13 13:12:33 [argus.file_monitor.scanner] INFO File scan: 4 roots, 17 candidates, 2 findings
2026-09-13 13:12:44 [argus.main] INFO EVENT: PROCESS_STARTED — PID 2912 (ROUTE.EXE) parent=31368
2026-09-13 13:12:44 [argus.main] INFO EVENT: PROCESS_STARTED — PID 25644 (<unknown-pid-25644>) parent=none
2026-09-13 13:12:46 [argus.main] INFO EVENT: PROCESS_TERMINATED — PID 2912 (ROUTE.EXE)
2026-09-13 13:12:46 [argus.main] INFO EVENT: PROCESS_TERMINATED — PID 25644 (<unknown-pid-25644>)
2026-09-13 13:12:48 [argus.file_monitor.scanner] INFO File scan: 4 roots, 17 candidates, 2 findings
2026-09-13 13:12:52 [argus.main] INFO EVENT: PROCESS_STARTED — PID 22876 (powershell.exe) parent=31368
2026-09-13 13:12:52 [argus.main] INFO EVENT: PROCESS_STARTED — PID 31628 (conhost.exe) parent=22876
2026-09-13 13:12:52 [argus.main] INFO EVENT: PROCESS_TERMINATED — PID 16900 (svchost.exe)
2026-09-13 13:12:54 [argus.main] INFO EVENT: PROCESS_STARTED — PID 28808 (svchost.exe) parent=1360
2026-09-13 13:12:54 [argus.main] INFO EVENT: PROCESS_TERMINATED — PID 22876 (powershell.exe)
2026-09-13 13:12:54 [argus.main] INFO EVENT: PROCESS_TERMINATED — PID 31628 (conhost.exe)
2026-09-13 13:13:02 [argus.main] INFO EVENT: PROCESS_STARTED — PID 1456 (conhost.exe) parent=16972
2026-09-13 13:13:02 [argus.main] INFO EVENT: PROCESS_STARTED — PID 16972 (powershell.exe) parent=31368
2026-09-13 13:13:03 [argus.file_monitor.scanner] INFO File scan: 4 roots, 17 candidates, 2 findings
2026-09-13 13:13:04 [argus.main] INFO EVENT: PROCESS_TERMINATED — PID 1456 (conhost.exe)
2026-09-13 13:13:04 [argus.main] INFO EVENT: PROCESS_TERMINATED — PID 16972 (powershell.exe)
2026-09-13 13:13:18 [argus.file_monitor.scanner] INFO File scan: 4 roots, 17 candidates, 2 findings
2026-09-13 13:13:30 [argus.main] INFO EVENT: PROCESS_STARTED — PID 30648 (svchost.exe) parent=1360
2026-09-13 13:13:33 [argus.file_monitor.scanner] INFO File scan: 4 roots, 17 candidates, 2 findings
2026-09-13 13:13:36 [argus.main] INFO EVENT: PROCESS_STARTED — PID 14896 (powershell.exe) parent=31368
2026-09-13 13:13:38 [argus.main] INFO EVENT: PROCESS_TERMINATED — PID 14896 (powershell.exe)
2026-09-13 13:13:48 [argus.file_monitor.scanner] INFO File scan: 4 roots, 17 candidates, 2 findings
2026-09-13 13:13:50 [argus.main] INFO EVENT: PROCESS_TERMINATED — PID 28808 (svchost.exe)
2026-09-13 13:13:53 [argus.main] INFO EVENT: PROCESS_STARTED — PID 6524 (powershell.exe) parent=31368
2026-09-13 13:13:53 [argus.main] INFO EVENT: PROCESS_STARTED — PID 12564 (conhost.exe) parent=6524
2026-09-13 13:13:55 [argus.main] INFO EVENT: PROCESS_STARTED — PID 15600 (svchost.exe) parent=1360
2026-09-13 13:13:55 [argus.main] INFO EVENT: PROCESS_TERMINATED — PID 6524 (powershell.exe)
2026-09-13 13:13:55 [argus.main] INFO EVENT: PROCESS_TERMINATED — PID 12564 (conhost.exe)
2026-09-13 13:14:02 [argus.file_monitor.scanner] INFO File scan: 4 roots, 17 candidates, 2 findings
2026-09-13 13:14:05 [argus.main] INFO EVENT: PROCESS_STARTED — PID 19128 (svchost.exe) parent=1360
2026-09-13 13:14:07 [argus.main] INFO EVENT: PROCESS_STARTED — PID 3340 (powershell.exe) parent=31368
2026-09-13 13:14:07 [argus.main] INFO EVENT: PROCESS_STARTED — PID 24864 (conhost.exe) parent=3340
2026-09-13 13:14:09 [argus.main] INFO EVENT: PROCESS_TERMINATED — PID 3340 (powershell.exe)
2026-09-13 13:14:09 [argus.main] INFO EVENT: PROCESS_TERMINATED — PID 24864 (conhost.exe)
2026-09-13 13:14:18 [argus.file_monitor.scanner] INFO File scan: 4 roots, 17 candidates, 2 findings
2026-09-13 13:14:33 [argus.file_monitor.scanner] INFO File scan: 4 roots, 17 candidates, 2 findings
2026-09-13 13:14:33 [argus.main] INFO EVENT: PROCESS_STARTED — PID 19488 (svchost.exe) parent=1360
2026-09-13 13:14:43 [argus.main] INFO EVENT: PROCESS_STARTED — PID 9168 (postgres.exe) parent=14392
2026-09-13 13:14:45 [argus.main] INFO EVENT: PROCESS_TERMINATED — PID 9168 (postgres.exe)
2026-09-13 13:14:48 [argus.file_monitor.scanner] INFO File scan: 4 roots, 17 candidates, 2 findings
2026-09-13 13:14:51 [argus.main] INFO EVENT: PROCESS_TERMINATED — PID 15600 (svchost.exe)
2026-09-13 13:14:55 [argus.main] INFO EVENT: PROCESS_STARTED — PID 4356 (powershell.exe) parent=31368
2026-09-13 13:14:55 [argus.main] INFO EVENT: PROCESS_STARTED — PID 28656 (svchost.exe) parent=1360
2026-09-13 13:14:57 [argus.main] INFO EVENT: PROCESS_TERMINATED — PID 4356 (powershell.exe)
2026-09-13 13:15:03 [argus.file_monitor.scanner] INFO File scan: 4 roots, 17 candidates, 2 findings
2026-09-13 13:15:03 [argus.main] INFO EVENT: PROCESS_STARTED — PID 12716 (postgres.exe) parent=14392
2026-09-13 13:15:05 [argus.main] INFO EVENT: PROCESS_TERMINATED — PID 12716 (postgres.exe)
2026-09-13 13:15:11 [argus.main] INFO EVENT: PROCESS_STARTED — PID 10524 (powershell.exe) parent=31368
2026-09-13 13:15:11 [argus.main] INFO EVENT: PROCESS_STARTED — PID 27404 (conhost.exe) parent=10524
2026-09-13 13:15:11 [argus.main] INFO EVENT: PROCESS_TERMINATED — PID 23580 (svchost.exe)
2026-09-13 13:15:13 [argus.main] INFO EVENT: PROCESS_TERMINATED — PID 10524 (powershell.exe)
2026-09-13 13:15:14 [argus.main] INFO EVENT: PROCESS_TERMINATED — PID 27404 (conhost.exe)
2026-09-13 13:15:18 [argus.file_monitor.scanner] INFO File scan: 4 roots, 17 candidates, 2 findings
2026-09-13 13:15:20 [argus.main] INFO EVENT: PROCESS_TERMINATED — PID 19128 (svchost.exe)
2026-09-13 13:15:33 [argus.file_monitor.scanner] INFO File scan: 4 roots, 17 candidates, 2 findings
2026-09-13 13:15:42 [argus.main] INFO EVENT: PROCESS_STARTED — PID 7444 (powershell.exe) parent=31368
2026-09-13 13:15:42 [argus.main] INFO EVENT: PROCESS_STARTED — PID 16960 (conhost.exe) parent=7444
2026-09-13 13:15:44 [argus.main] INFO EVENT: PROCESS_TERMINATED — PID 7444 (powershell.exe)
2026-09-13 13:15:44 [argus.main] INFO EVENT: PROCESS_TERMINATED — PID 16960 (conhost.exe)
2026-09-13 13:15:48 [argus.file_monitor.scanner] INFO File scan: 4 roots, 17 candidates, 2 findings
2026-09-13 13:15:52 [argus.main] INFO EVENT: PROCESS_TERMINATED — PID 28656 (svchost.exe)
2026-09-13 13:15:56 [argus.main] INFO EVENT: PROCESS_STARTED — PID 2200 (conhost.exe) parent=4328
2026-09-13 13:15:56 [argus.main] INFO EVENT: PROCESS_STARTED — PID 4328 (powershell.exe) parent=31368
2026-09-13 13:15:58 [argus.main] INFO EVENT: PROCESS_STARTED — PID 21472 (svchost.exe) parent=1360
2026-09-13 13:15:58 [argus.main] INFO EVENT: PROCESS_TERMINATED — PID 2200 (conhost.exe)
2026-09-13 13:15:58 [argus.main] INFO EVENT: PROCESS_TERMINATED — PID 4328 (powershell.exe)
2026-09-13 13:16:03 [argus.file_monitor.scanner] INFO File scan: 4 roots, 17 candidates, 2 findings
2026-09-13 13:16:14 [argus.main] INFO EVENT: PROCESS_STARTED — PID 4020 (conhost.exe) parent=6288
2026-09-13 13:16:14 [argus.main] INFO EVENT: PROCESS_STARTED — PID 6288 (powershell.exe) parent=31368
2026-09-13 13:16:16 [argus.main] INFO EVENT: PROCESS_TERMINATED — PID 4020 (conhost.exe)
2026-09-13 13:16:16 [argus.main] INFO EVENT: PROCESS_TERMINATED — PID 6288 (powershell.exe)
2026-09-13 13:16:18 [argus.file_monitor.scanner] INFO File scan: 4 roots, 17 candidates, 2 findings
2026-09-13 13:16:24 [argus.main] INFO EVENT: PROCESS_STARTED — PID 16208 (postgres.exe) parent=14392
2026-09-13 13:16:26 [argus.main] INFO EVENT: PROCESS_TERMINATED — PID 16208 (postgres.exe)
2026-09-13 13:16:33 [argus.file_monitor.scanner] INFO File scan: 4 roots, 17 candidates, 2 findings
2026-09-13 13:16:46 [argus.main] INFO EVENT: PROCESS_STARTED — PID 25804 (powershell.exe) parent=31368
2026-09-13 13:16:46 [argus.main] INFO EVENT: PROCESS_STARTED — PID 30048 (conhost.exe) parent=25804
2026-09-13 13:16:48 [argus.file_monitor.scanner] INFO File scan: 4 roots, 17 candidates, 2 findings
2026-09-13 13:16:48 [argus.main] INFO EVENT: PROCESS_TERMINATED — PID 25804 (powershell.exe)
2026-09-13 13:16:48 [argus.main] INFO EVENT: PROCESS_TERMINATED — PID 30048 (conhost.exe)
2026-09-13 13:16:50 [argus.main] INFO EVENT: PROCESS_TERMINATED — PID 21472 (svchost.exe)
2026-09-13 13:16:56 [argus.main] INFO EVENT: PROCESS_STARTED — PID 636 (conhost.exe) parent=13800
2026-09-13 13:16:57 [argus.main] INFO EVENT: PROCESS_STARTED — PID 13800 (powershell.exe) parent=31368
2026-09-13 13:16:59 [argus.main] INFO EVENT: PROCESS_STARTED — PID 20364 (ipconfig.exe) parent=31368
2026-09-13 13:16:59 [argus.main] INFO EVENT: PROCESS_STARTED — PID 24820 (svchost.exe) parent=1360
2026-09-13 13:16:59 [argus.main] INFO EVENT: PROCESS_TERMINATED — PID 636 (conhost.exe)
2026-09-13 13:16:59 [argus.main] INFO EVENT: PROCESS_TERMINATED — PID 13800 (powershell.exe)
2026-09-13 13:17:01 [argus.main] INFO EVENT: PROCESS_TERMINATED — PID 20364 (ipconfig.exe)
2026-09-13 13:17:03 [argus.file_monitor.scanner] INFO File scan: 4 roots, 17 candidates, 2 findings
2026-09-13 13:17:18 [argus.file_monitor.scanner] INFO File scan: 4 roots, 17 candidates, 2 findings
2026-09-13 13:17:33 [argus.file_monitor.scanner] INFO File scan: 4 roots, 17 candidates, 2 findings
2026-09-13 13:17:33 [argus.main] INFO EVENT: PROCESS_TERMINATED — PID 19488 (svchost.exe)
2026-09-13 13:17:43 [argus.main] INFO EVENT: PROCESS_STARTED — PID 1484 (postgres.exe) parent=14392
2026-09-13 13:17:45 [argus.main] INFO EVENT: PROCESS_TERMINATED — PID 1484 (postgres.exe)
2026-09-13 13:17:48 [argus.file_monitor.scanner] INFO File scan: 4 roots, 17 candidates, 2 findings
2026-09-13 13:17:51 [argus.main] INFO EVENT: PROCESS_STARTED — PID 24896 (backgroundTaskHost.exe) parent=1596
2026-09-13 13:17:51 [argus.main] INFO EVENT: PROCESS_STARTED — PID 25468 (backgroundTaskHost.exe) parent=1596
2026-09-13 13:17:51 [argus.main] INFO EVENT: PROCESS_TERMINATED — PID 24820 (svchost.exe)
2026-09-13 13:17:53 [argus.main] INFO EVENT: PROCESS_STARTED — PID 6524 (svchost.exe) parent=1360
2026-09-13 13:17:53 [argus.main] INFO EVENT: PROCESS_STARTED — PID 15864 (RuntimeBroker.exe) parent=1596
2026-09-13 13:17:59 [argus.main] INFO EVENT: PROCESS_STARTED — PID 15516 (conhost.exe) parent=28184
2026-09-13 13:17:59 [argus.main] INFO EVENT: PROCESS_STARTED — PID 28184 (powershell.exe) parent=31368
2026-09-13 13:18:01 [argus.main] INFO EVENT: PROCESS_STARTED — PID 19748 (svchost.exe) parent=1360
2026-09-13 13:18:01 [argus.main] INFO EVENT: PROCESS_TERMINATED — PID 15516 (conhost.exe)
2026-09-13 13:18:01 [argus.main] INFO EVENT: PROCESS_TERMINATED — PID 28184 (powershell.exe)
2026-09-13 13:18:03 [argus.file_monitor.scanner] INFO File scan: 4 roots, 17 candidates, 2 findings
2026-09-13 13:18:03 [argus.main] INFO EVENT: PROCESS_STARTED — PID 25760 (postgres.exe) parent=14392
2026-09-13 13:18:05 [argus.main] INFO EVENT: PROCESS_TERMINATED — PID 25760 (postgres.exe)
2026-09-13 13:18:18 [argus.file_monitor.scanner] INFO File scan: 4 roots, 17 candidates, 2 findings
2026-09-13 13:18:20 [argus.main] INFO EVENT: PROCESS_STARTED — PID 19024 (ROUTE.EXE) parent=31368
2026-09-13 13:18:20 [argus.main] INFO EVENT: PROCESS_STARTED — PID 29312 (<unknown-pid-29312>) parent=none
2026-09-13 13:18:22 [argus.main] INFO EVENT: PROCESS_TERMINATED — PID 19024 (ROUTE.EXE)
2026-09-13 13:18:22 [argus.main] INFO EVENT: PROCESS_TERMINATED — PID 29312 (<unknown-pid-29312>)
2026-09-13 13:18:33 [argus.file_monitor.scanner] INFO File scan: 4 roots, 17 candidates, 2 findings
2026-09-13 13:18:48 [argus.file_monitor.scanner] INFO File scan: 4 roots, 17 candidates, 2 findings
2026-09-13 13:18:52 [argus.main] INFO EVENT: PROCESS_TERMINATED — PID 25468 (backgroundTaskHost.exe)
2026-09-13 13:18:52 [argus.main] INFO EVENT: PROCESS_TERMINATED — PID 19748 (svchost.exe)
2026-09-13 13:18:54 [argus.main] INFO EVENT: PROCESS_STARTED — PID 7448 (powershell.exe) parent=31368
2026-09-13 13:18:54 [argus.main] INFO EVENT: PROCESS_TERMINATED — PID 24896 (backgroundTaskHost.exe)
2026-09-13 13:18:56 [argus.main] INFO EVENT: PROCESS_TERMINATED — PID 7448 (powershell.exe)
2026-09-13 13:19:02 [argus.main] INFO EVENT: PROCESS_STARTED — PID 16240 (conhost.exe) parent=19712
2026-09-13 13:19:02 [argus.main] INFO EVENT: PROCESS_STARTED — PID 19712 (powershell.exe) parent=31368
2026-09-13 13:19:03 [argus.file_monitor.scanner] INFO File scan: 4 roots, 17 candidates, 2 findings
2026-09-13 13:19:04 [argus.main] INFO EVENT: PROCESS_STARTED — PID 2828 (MoUsoCoreWorker.exe) parent=2476
2026-09-13 13:19:04 [argus.main] INFO EVENT: PROCESS_STARTED — PID 12720 (svchost.exe) parent=1360
2026-09-13 13:19:04 [argus.main] INFO EVENT: PROCESS_TERMINATED — PID 16240 (conhost.exe)
2026-09-13 13:19:04 [argus.main] INFO EVENT: PROCESS_TERMINATED — PID 19712 (powershell.exe)
2026-09-13 13:19:18 [argus.file_monitor.scanner] INFO File scan: 4 roots, 17 candidates, 2 findings
2026-09-13 13:19:24 [argus.main] INFO EVENT: PROCESS_STARTED — PID 20720 (backgroundTaskHost.exe) parent=1596
2026-09-13 13:19:24 [argus.main] INFO EVENT: PROCESS_TERMINATED — PID 15864 (RuntimeBroker.exe)
2026-09-13 13:19:26 [argus.main] INFO EVENT: PROCESS_STARTED — PID 7912 (powershell.exe) parent=31368
2026-09-13 13:19:26 [argus.main] INFO EVENT: PROCESS_STARTED — PID 10708 (conhost.exe) parent=7912
2026-09-13 13:19:28 [argus.main] INFO EVENT: PROCESS_STARTED — PID 12612 (WmiPrvSE.exe) parent=1596
2026-09-13 13:19:28 [argus.main] INFO EVENT: PROCESS_STARTED — PID 13528 (RuntimeBroker.exe) parent=1596
2026-09-13 13:19:28 [argus.main] INFO EVENT: PROCESS_TERMINATED — PID 7912 (powershell.exe)
2026-09-13 13:19:28 [argus.main] INFO EVENT: PROCESS_TERMINATED — PID 10708 (conhost.exe)
2026-09-13 13:19:34 [argus.file_monitor.scanner] INFO File scan: 4 roots, 17 candidates, 2 findings
2026-09-13 13:19:42 [argus.main] INFO EVENT: PROCESS_STARTED — PID 9840 (ROUTE.EXE) parent=31368
2026-09-13 13:19:44 [argus.main] INFO EVENT: PROCESS_TERMINATED — PID 9840 (ROUTE.EXE)
2026-09-13 13:19:48 [argus.file_monitor.scanner] INFO File scan: 4 roots, 17 candidates, 2 findings
2026-09-13 13:19:51 [argus.main] INFO EVENT: PROCESS_TERMINATED — PID 12720 (svchost.exe)
2026-09-13 13:20:03 [argus.file_monitor.scanner] INFO File scan: 4 roots, 17 candidates, 2 findings
2026-09-13 13:20:05 [argus.main] INFO EVENT: PROCESS_STARTED — PID 16280 (powershell.exe) parent=31368
2026-09-13 13:20:05 [argus.main] INFO EVENT: PROCESS_STARTED — PID 17548 (conhost.exe) parent=16280
2026-09-13 13:20:07 [argus.main] INFO EVENT: PROCESS_STARTED — PID 23484 (svchost.exe) parent=1360
2026-09-13 13:20:07 [argus.main] INFO EVENT: PROCESS_TERMINATED — PID 16280 (powershell.exe)
2026-09-13 13:20:07 [argus.main] INFO EVENT: PROCESS_TERMINATED — PID 17548 (conhost.exe)
2026-09-13 13:20:18 [argus.file_monitor.scanner] INFO File scan: 4 roots, 17 candidates, 2 findings
2026-09-13 13:20:25 [argus.main] INFO EVENT: PROCESS_TERMINATED — PID 2828 (MoUsoCoreWorker.exe)
2026-09-13 13:20:29 [argus.main] INFO EVENT: PROCESS_TERMINATED — PID 20720 (backgroundTaskHost.exe)
2026-09-13 13:20:33 [argus.file_monitor.scanner] INFO File scan: 4 roots, 17 candidates, 2 findings
2026-09-13 13:20:48 [argus.file_monitor.scanner] INFO File scan: 4 roots, 17 candidates, 2 findings
2026-09-13 13:20:51 [argus.main] INFO EVENT: PROCESS_TERMINATED — PID 23484 (svchost.exe)
2026-09-13 13:20:59 [argus.main] INFO EVENT: PROCESS_TERMINATED — PID 12612 (WmiPrvSE.exe)
2026-09-13 13:20:59 [argus.main] INFO EVENT: PROCESS_TERMINATED — PID 13528 (RuntimeBroker.exe)
2026-09-13 13:21:01 [argus.main] INFO EVENT: PROCESS_STARTED — PID 25712 (conhost.exe) parent=30652
2026-09-13 13:21:01 [argus.main] INFO EVENT: PROCESS_STARTED — PID 30652 (powershell.exe) parent=31368
2026-09-13 13:21:03 [argus.file_monitor.scanner] INFO File scan: 4 roots, 17 candidates, 2 findings
2026-09-13 13:21:03 [argus.main] INFO EVENT: PROCESS_TERMINATED — PID 25712 (conhost.exe)
2026-09-13 13:21:03 [argus.main] INFO EVENT: PROCESS_TERMINATED — PID 30652 (powershell.exe)
2026-09-13 13:21:05 [argus.main] INFO EVENT: PROCESS_STARTED — PID 24616 (conhost.exe) parent=30020
2026-09-13 13:21:05 [argus.main] INFO EVENT: PROCESS_STARTED — PID 30020 (powershell.exe) parent=31368
2026-09-13 13:21:07 [argus.main] INFO EVENT: PROCESS_STARTED — PID 14812 (svchost.exe) parent=1360
2026-09-13 13:21:07 [argus.main] INFO EVENT: PROCESS_TERMINATED — PID 24616 (conhost.exe)
2026-09-13 13:21:07 [argus.main] INFO EVENT: PROCESS_TERMINATED — PID 30020 (powershell.exe)
2026-09-13 13:21:18 [argus.file_monitor.scanner] INFO File scan: 4 roots, 17 candidates, 2 findings
2026-09-13 13:21:33 [argus.file_monitor.scanner] INFO File scan: 4 roots, 17 candidates, 2 findings
2026-09-13 13:21:34 [argus.main] INFO EVENT: PROCESS_STARTED — PID 14152 (<unknown-pid-14152>) parent=21472
2026-09-13 13:21:36 [argus.main] INFO EVENT: PROCESS_TERMINATED — PID 14152 (<unknown-pid-14152>)
2026-09-13 13:21:48 [argus.file_monitor.scanner] INFO File scan: 4 roots, 17 candidates, 2 findings
2026-09-13 13:21:52 [argus.main] INFO EVENT: PROCESS_TERMINATED — PID 14812 (svchost.exe)
2026-09-13 13:22:03 [argus.file_monitor.scanner] INFO File scan: 4 roots, 17 candidates, 2 findings
2026-09-13 13:22:06 [argus.main] INFO EVENT: PROCESS_STARTED — PID 20976 (powershell.exe) parent=31368
2026-09-13 13:22:06 [argus.main] INFO EVENT: PROCESS_STARTED — PID 27368 (conhost.exe) parent=20976
2026-09-13 13:22:08 [argus.main] INFO EVENT: PROCESS_STARTED — PID 17820 (svchost.exe) parent=1360
2026-09-13 13:22:08 [argus.main] INFO EVENT: PROCESS_STARTED — PID 24208 (powershell.exe) parent=31368
2026-09-13 13:22:08 [argus.main] INFO EVENT: PROCESS_STARTED — PID 31616 (conhost.exe) parent=24208
2026-09-13 13:22:08 [argus.main] INFO EVENT: PROCESS_TERMINATED — PID 20976 (powershell.exe)
2026-09-13 13:22:08 [argus.main] INFO EVENT: PROCESS_TERMINATED — PID 27368 (conhost.exe)
2026-09-13 13:22:10 [argus.main] INFO EVENT: PROCESS_TERMINATED — PID 24208 (powershell.exe)
2026-09-13 13:22:10 [argus.main] INFO EVENT: PROCESS_TERMINATED — PID 31616 (conhost.exe)
2026-09-13 13:22:18 [argus.file_monitor.scanner] INFO File scan: 4 roots, 17 candidates, 2 findings
2026-09-13 13:22:33 [argus.file_monitor.scanner] INFO File scan: 4 roots, 17 candidates, 2 findings
2026-09-13 13:22:40 [argus.main] INFO EVENT: PROCESS_STARTED — PID 9196 (conhost.exe) parent=20828
2026-09-13 13:22:40 [argus.main] INFO EVENT: PROCESS_STARTED — PID 20828 (powershell.exe) parent=31368
2026-09-13 13:22:42 [argus.main] INFO EVENT: PROCESS_TERMINATED — PID 9196 (conhost.exe)
2026-09-13 13:22:42 [argus.main] INFO EVENT: PROCESS_TERMINATED — PID 20828 (powershell.exe)
2026-09-13 13:22:44 [argus.main] INFO EVENT: PROCESS_STARTED — PID 17768 (ROUTE.EXE) parent=31368
2026-09-13 13:22:46 [argus.main] INFO EVENT: PROCESS_TERMINATED — PID 17768 (ROUTE.EXE)
2026-09-13 13:22:48 [argus.file_monitor.scanner] INFO File scan: 4 roots, 17 candidates, 2 findings
2026-09-13 13:22:50 [argus.main] INFO EVENT: PROCESS_TERMINATED — PID 17820 (svchost.exe)
2026-09-13 13:23:03 [argus.file_monitor.scanner] INFO File scan: 4 roots, 17 candidates, 2 findings
2026-09-13 13:23:06 [argus.main] INFO EVENT: PROCESS_STARTED — PID 31364 (powershell.exe) parent=31368
2026-09-13 13:23:08 [argus.main] INFO EVENT: PROCESS_STARTED — PID 6224 (svchost.exe) parent=1360
2026-09-13 13:23:08 [argus.main] INFO EVENT: PROCESS_STARTED — PID 8160 (conhost.exe) parent=31364
2026-09-13 13:23:10 [argus.main] INFO EVENT: PROCESS_TERMINATED — PID 31364 (powershell.exe)
2026-09-13 13:23:11 [argus.main] INFO EVENT: PROCESS_TERMINATED — PID 8160 (conhost.exe)
2026-09-13 13:23:13 [argus.main] INFO EVENT: PROCESS_STARTED — PID 13132 (powershell.exe) parent=31368
2026-09-13 13:23:13 [argus.main] INFO EVENT: PROCESS_STARTED — PID 25544 (conhost.exe) parent=13132
2026-09-13 13:23:15 [argus.main] INFO EVENT: PROCESS_TERMINATED — PID 13132 (powershell.exe)
2026-09-13 13:23:15 [argus.main] INFO EVENT: PROCESS_TERMINATED — PID 25544 (conhost.exe)
2026-09-13 13:23:18 [argus.file_monitor.scanner] INFO File scan: 4 roots, 17 candidates, 2 findings
2026-09-13 13:23:31 [argus.main] INFO EVENT: PROCESS_TERMINATED — PID 30648 (svchost.exe)
2026-09-13 13:23:33 [argus.file_monitor.scanner] INFO File scan: 4 roots, 17 candidates, 2 findings
2026-09-13 13:23:43 [argus.main] INFO EVENT: PROCESS_STARTED — PID 25984 (conhost.exe) parent=26816
2026-09-13 13:23:43 [argus.main] INFO EVENT: PROCESS_STARTED — PID 26816 (powershell.exe) parent=31368
2026-09-13 13:23:45 [argus.main] INFO EVENT: PROCESS_TERMINATED — PID 25984 (conhost.exe)
2026-09-13 13:23:45 [argus.main] INFO EVENT: PROCESS_TERMINATED — PID 26816 (powershell.exe)
2026-09-13 13:23:48 [argus.file_monitor.scanner] INFO File scan: 4 roots, 17 candidates, 2 findings
2026-09-13 13:23:51 [argus.main] INFO EVENT: PROCESS_TERMINATED — PID 6224 (svchost.exe)
2026-09-13 13:24:03 [argus.file_monitor.scanner] INFO File scan: 4 roots, 17 candidates, 2 findings
2026-09-13 13:24:09 [argus.main] INFO EVENT: PROCESS_STARTED — PID 3444 (conhost.exe) parent=14012
2026-09-13 13:24:09 [argus.main] INFO EVENT: PROCESS_STARTED — PID 14012 (powershell.exe) parent=31368
2026-09-13 13:24:09 [argus.main] INFO EVENT: PROCESS_STARTED — PID 26928 (quickup.exe) parent=13760
2026-09-13 13:24:09 [argus.main] INFO EVENT: PROCESS_STARTED — PID 28500 (quickup.exe) parent=13760
2026-09-13 13:24:11 [argus.main] INFO EVENT: PROCESS_STARTED — PID 29152 (svchost.exe) parent=1360
2026-09-13 13:24:11 [argus.main] INFO EVENT: PROCESS_TERMINATED — PID 3444 (conhost.exe)
2026-09-13 13:24:11 [argus.main] INFO EVENT: PROCESS_TERMINATED — PID 14012 (powershell.exe)
2026-09-13 13:24:11 [argus.main] INFO EVENT: PROCESS_TERMINATED — PID 26928 (quickup.exe)
2026-09-13 13:24:13 [argus.main] INFO EVENT: PROCESS_STARTED — PID 18056 (conhost.exe) parent=21004
2026-09-13 13:24:15 [argus.main] INFO EVENT: PROCESS_TERMINATED — PID 18056 (conhost.exe)
2026-09-13 13:24:18 [argus.file_monitor.scanner] INFO File scan: 4 roots, 17 candidates, 2 findings
2026-09-13 13:24:19 [argus.main] INFO EVENT: PROCESS_TERMINATED — PID 28500 (quickup.exe)
2026-09-13 13:24:33 [argus.file_monitor.scanner] INFO File scan: 4 roots, 17 candidates, 2 findings
2026-09-13 13:24:48 [argus.main] INFO EVENT: PROCESS_STARTED — PID 25848 (conhost.exe) parent=28656
2026-09-13 13:24:48 [argus.main] INFO EVENT: PROCESS_STARTED — PID 28656 (powershell.exe) parent=31368
2026-09-13 13:24:48 [argus.file_monitor.scanner] INFO File scan: 4 roots, 17 candidates, 2 findings
2026-09-13 13:24:50 [argus.main] INFO EVENT: PROCESS_TERMINATED — PID 25848 (conhost.exe)
2026-09-13 13:24:50 [argus.main] INFO EVENT: PROCESS_TERMINATED — PID 28656 (powershell.exe)
2026-09-13 13:24:52 [argus.main] INFO EVENT: PROCESS_TERMINATED — PID 29152 (svchost.exe)
2026-09-13 13:25:03 [argus.file_monitor.scanner] INFO File scan: 4 roots, 17 candidates, 2 findings
2026-09-13 13:25:12 [argus.main] INFO EVENT: PROCESS_STARTED — PID 6228 (conhost.exe) parent=7580
2026-09-13 13:25:12 [argus.main] INFO EVENT: PROCESS_STARTED — PID 7580 (powershell.exe) parent=31368
2026-09-13 13:25:14 [argus.main] INFO EVENT: PROCESS_STARTED — PID 19540 (svchost.exe) parent=1360
2026-09-13 13:25:14 [argus.main] INFO EVENT: PROCESS_TERMINATED — PID 6228 (conhost.exe)
2026-09-13 13:25:14 [argus.main] INFO EVENT: PROCESS_TERMINATED — PID 7580 (powershell.exe)
2026-09-13 13:25:19 [argus.file_monitor.scanner] INFO File scan: 4 roots, 17 candidates, 2 findings
2026-09-13 13:25:20 [argus.main] INFO EVENT: PROCESS_STARTED — PID 7560 (conhost.exe) parent=23992
2026-09-13 13:25:20 [argus.main] INFO EVENT: PROCESS_STARTED — PID 14068 (powershell.exe) parent=15232
2026-09-13 13:25:20 [argus.main] INFO EVENT: PROCESS_STARTED — PID 20044 (conhost.exe) parent=14068
2026-09-13 13:25:20 [argus.main] INFO EVENT: PROCESS_STARTED — PID 23992 (powershell.exe) parent=31368
2026-09-13 13:25:22 [argus.main] INFO EVENT: PROCESS_TERMINATED — PID 7560 (conhost.exe)
2026-09-13 13:25:22 [argus.main] INFO EVENT: PROCESS_TERMINATED — PID 14068 (powershell.exe)
2026-09-13 13:25:22 [argus.main] INFO EVENT: PROCESS_TERMINATED — PID 20044 (conhost.exe)
2026-09-13 13:25:22 [argus.main] INFO EVENT: PROCESS_TERMINATED — PID 23992 (powershell.exe)
2026-09-13 13:25:24 [argus.main] INFO EVENT: PROCESS_STARTED — PID 10396 (conhost.exe) parent=12144
2026-09-13 13:25:24 [argus.main] INFO EVENT: PROCESS_STARTED — PID 12144 (powershell.exe) parent=15232
2026-09-13 13:25:26 [argus.main] INFO EVENT: PROCESS_TERMINATED — PID 10396 (conhost.exe)
2026-09-13 13:25:26 [argus.main] INFO EVENT: PROCESS_TERMINATED — PID 12144 (powershell.exe)
2026-09-13 13:25:28 [argus.main] INFO EVENT: PROCESS_STARTED — PID 12856 (powershell.exe) parent=15232
2026-09-13 13:25:28 [argus.main] INFO EVENT: PROCESS_STARTED — PID 17644 (conhost.exe) parent=12856
2026-09-13 13:25:30 [argus.main] INFO EVENT: PROCESS_TERMINATED — PID 12856 (powershell.exe)
2026-09-13 13:25:30 [argus.main] INFO EVENT: PROCESS_TERMINATED — PID 17644 (conhost.exe)
2026-09-13 13:25:33 [argus.file_monitor.scanner] INFO File scan: 4 roots, 17 candidates, 2 findings
2026-09-13 13:25:41 [argus.main] INFO EVENT: PROCESS_STARTED — PID 10496 (powershell.exe) parent=15232
2026-09-13 13:25:41 [argus.main] INFO EVENT: PROCESS_STARTED — PID 28828 (conhost.exe) parent=10496
2026-09-13 13:25:43 [argus.main] INFO EVENT: PROCESS_STARTED — PID 20696 (conhost.exe) parent=21516
2026-09-13 13:25:43 [argus.main] INFO EVENT: PROCESS_STARTED — PID 21516 (powershell.exe) parent=15232
2026-09-13 13:25:43 [argus.main] INFO EVENT: PROCESS_TERMINATED — PID 10496 (powershell.exe)
2026-09-13 13:25:43 [argus.main] INFO EVENT: PROCESS_TERMINATED — PID 28828 (conhost.exe)
2026-09-13 13:25:45 [argus.main] INFO EVENT: PROCESS_TERMINATED — PID 20696 (conhost.exe)
2026-09-13 13:25:45 [argus.main] INFO EVENT: PROCESS_TERMINATED — PID 21516 (powershell.exe)
2026-09-13 13:25:48 [argus.file_monitor.scanner] INFO File scan: 4 roots, 17 candidates, 2 findings
2026-09-13 13:25:51 [argus.main] INFO EVENT: PROCESS_STARTED — PID 17704 (powershell.exe) parent=31368
2026-09-13 13:25:51 [argus.main] INFO EVENT: PROCESS_STARTED — PID 17780 (conhost.exe) parent=17704
2026-09-13 13:25:51 [argus.main] INFO EVENT: PROCESS_TERMINATED — PID 19540 (svchost.exe)
2026-09-13 13:25:53 [argus.main] INFO EVENT: PROCESS_STARTED — PID 9472 (powershell.exe) parent=15232
2026-09-13 13:25:53 [argus.main] INFO EVENT: PROCESS_STARTED — PID 15520 (conhost.exe) parent=9472
2026-09-13 13:25:53 [argus.main] INFO EVENT: PROCESS_TERMINATED — PID 17704 (powershell.exe)
2026-09-13 13:25:53 [argus.main] INFO EVENT: PROCESS_TERMINATED — PID 17780 (conhost.exe)
2026-09-13 13:25:55 [argus.main] INFO EVENT: PROCESS_TERMINATED — PID 9472 (powershell.exe)
2026-09-13 13:25:55 [argus.main] INFO EVENT: PROCESS_TERMINATED — PID 15520 (conhost.exe)
2026-09-13 13:26:01 [argus.main] INFO EVENT: PROCESS_TERMINATED — PID 7436 (chrome.exe)
2026-09-13 13:26:05 [argus.main] INFO EVENT: PROCESS_TERMINATED — PID 11476 (chrome.exe)
2026-09-13 13:26:06 [argus.file_monitor.scanner] INFO File scan: 4 roots, 17 candidates, 2 findings
2026-09-13 13:26:11 [argus.main] INFO EVENT: PROCESS_STARTED — PID 12088 (powershell.exe) parent=31368
2026-09-13 13:26:11 [argus.main] INFO EVENT: PROCESS_STARTED — PID 28424 (conhost.exe) parent=12088
2026-09-13 13:26:15 [argus.main] INFO EVENT: PROCESS_STARTED — PID 23096 (svchost.exe) parent=1360
2026-09-13 13:26:15 [argus.main] INFO EVENT: PROCESS_TERMINATED — PID 12088 (powershell.exe)
2026-09-13 13:26:15 [argus.main] INFO EVENT: PROCESS_TERMINATED — PID 28424 (conhost.exe)
2026-09-13 13:26:19 [argus.file_monitor.scanner] INFO File scan: 4 roots, 17 candidates, 2 findings
2026-09-13 13:26:21 [argus.main] INFO EVENT: PROCESS_STARTED — PID 15516 (conhost.exe) parent=28344
2026-09-13 13:26:21 [argus.main] INFO EVENT: PROCESS_STARTED — PID 28344 (powershell.exe) parent=31368
2026-09-13 13:26:24 [argus.main] INFO EVENT: PROCESS_TERMINATED — PID 15516 (conhost.exe)
2026-09-13 13:26:24 [argus.main] INFO EVENT: PROCESS_TERMINATED — PID 28344 (powershell.exe)
2026-09-13 13:26:34 [argus.file_monitor.scanner] INFO File scan: 4 roots, 17 candidates, 2 findings
2026-09-13 13:26:48 [argus.file_monitor.scanner] INFO File scan: 4 roots, 17 candidates, 2 findings
2026-09-13 13:26:52 [argus.main] INFO EVENT: PROCESS_STARTED — PID 19488 (conhost.exe) parent=22880
2026-09-13 13:26:52 [argus.main] INFO EVENT: PROCESS_STARTED — PID 22880 (powershell.exe) parent=31368
2026-09-13 13:26:52 [argus.main] INFO EVENT: PROCESS_TERMINATED — PID 23096 (svchost.exe)
2026-09-13 13:26:54 [argus.main] INFO EVENT: PROCESS_TERMINATED — PID 19488 (conhost.exe)
2026-09-13 13:26:54 [argus.main] INFO EVENT: PROCESS_TERMINATED — PID 22880 (powershell.exe)
2026-09-13 13:27:03 [argus.file_monitor.scanner] INFO File scan: 4 roots, 17 candidates, 2 findings
2026-09-13 13:27:04 [argus.main] INFO EVENT: PROCESS_STARTED — PID 772 (postgres.exe) parent=14392
2026-09-13 13:27:06 [argus.main] INFO EVENT: PROCESS_TERMINATED — PID 772 (postgres.exe)
2026-09-13 13:27:12 [argus.main] INFO EVENT: PROCESS_STARTED — PID 16320 (powershell.exe) parent=31368
2026-09-13 13:27:12 [argus.main] INFO EVENT: PROCESS_STARTED — PID 30904 (conhost.exe) parent=16320
2026-09-13 13:27:14 [argus.main] INFO EVENT: PROCESS_STARTED — PID 29312 (svchost.exe) parent=1360
2026-09-13 13:27:14 [argus.main] INFO EVENT: PROCESS_TERMINATED — PID 16320 (powershell.exe)
2026-09-13 13:27:14 [argus.main] INFO EVENT: PROCESS_TERMINATED — PID 30904 (conhost.exe)
2026-09-13 13:27:18 [argus.file_monitor.scanner] INFO File scan: 4 roots, 17 candidates, 2 findings
2026-09-13 13:27:24 [argus.main] INFO EVENT: PROCESS_STARTED — PID 12912 (conhost.exe) parent=29804
2026-09-13 13:27:24 [argus.main] INFO EVENT: PROCESS_STARTED — PID 29804 (powershell.exe) parent=31368
2026-09-13 13:27:26 [argus.main] INFO EVENT: PROCESS_TERMINATED — PID 12912 (conhost.exe)
2026-09-13 13:27:26 [argus.main] INFO EVENT: PROCESS_TERMINATED — PID 29804 (powershell.exe)
2026-09-13 13:27:33 [argus.file_monitor.scanner] INFO File scan: 4 roots, 17 candidates, 2 findings
2026-09-13 13:27:48 [argus.file_monitor.scanner] INFO File scan: 4 roots, 17 candidates, 2 findings
2026-09-13 13:27:50 [argus.main] INFO EVENT: PROCESS_TERMINATED — PID 29312 (svchost.exe)
2026-09-13 13:28:03 [argus.file_monitor.scanner] INFO File scan: 4 roots, 17 candidates, 2 findings
2026-09-13 13:28:12 [argus.main] INFO EVENT: PROCESS_STARTED — PID 2252 (conhost.exe) parent=13960
2026-09-13 13:28:12 [argus.main] INFO EVENT: PROCESS_STARTED — PID 13960 (powershell.exe) parent=31368
2026-09-13 13:28:15 [argus.main] INFO EVENT: PROCESS_STARTED — PID 7876 (TrustedInstaller.exe) parent=1360
2026-09-13 13:28:15 [argus.main] INFO EVENT: PROCESS_STARTED — PID 8508 (taskhostw.exe) parent=2996
2026-09-13 13:28:15 [argus.main] INFO EVENT: PROCESS_STARTED — PID 13320 (dllhost.exe) parent=1596
2026-09-13 13:28:15 [argus.main] INFO EVENT: PROCESS_STARTED — PID 24452 (svchost.exe) parent=1360
2026-09-13 13:28:15 [argus.main] INFO EVENT: PROCESS_STARTED — PID 29992 (scanner.exe) parent=2996
2026-09-13 13:28:15 [argus.main] INFO EVENT: PROCESS_STARTED — PID 30444 (svchost.exe) parent=1360
2026-09-13 13:28:15 [argus.main] INFO EVENT: PROCESS_TERMINATED — PID 2252 (conhost.exe)
2026-09-13 13:28:15 [argus.main] INFO EVENT: PROCESS_TERMINATED — PID 13960 (powershell.exe)
2026-09-13 13:28:17 [argus.main] INFO EVENT: PROCESS_STARTED — PID 27040 (TiWorker.exe) parent=1596
2026-09-13 13:28:17 [argus.main] INFO EVENT: PROCESS_TERMINATED — PID 8508 (taskhostw.exe)
2026-09-13 13:28:19 [argus.file_monitor.scanner] INFO File scan: 4 roots, 17 candidates, 2 findings
2026-09-13 13:28:21 [argus.main] INFO EVENT: PROCESS_TERMINATED — PID 13320 (dllhost.exe)
2026-09-13 13:28:31 [argus.main] INFO EVENT: PROCESS_STARTED — PID 17976 (MoUsoCoreWorker.exe) parent=2476
2026-09-13 13:28:31 [argus.main] INFO EVENT: PROCESS_STARTED — PID 29072 (svchost.exe) parent=1360
2026-09-13 13:28:33 [argus.file_monitor.scanner] INFO File scan: 4 roots, 17 candidates, 2 findings
2026-09-13 13:28:37 [argus.main] INFO EVENT: PROCESS_TERMINATED — PID 29992 (scanner.exe)
2026-09-13 13:28:41 [argus.main] INFO EVENT: PROCESS_TERMINATED — PID 30444 (svchost.exe)
2026-09-13 13:28:48 [argus.file_monitor.scanner] INFO File scan: 4 roots, 17 candidates, 2 findings
2026-09-13 13:28:51 [argus.main] INFO EVENT: PROCESS_TERMINATED — PID 24452 (svchost.exe)
2026-09-13 13:29:03 [argus.file_monitor.scanner] INFO File scan: 4 roots, 17 candidates, 2 findings
2026-09-13 13:29:13 [argus.main] INFO EVENT: PROCESS_STARTED — PID 24456 (powershell.exe) parent=31368
2026-09-13 13:29:13 [argus.main] INFO EVENT: PROCESS_STARTED — PID 26936 (conhost.exe) parent=24456
2026-09-13 13:29:16 [argus.main] INFO EVENT: PROCESS_STARTED — PID 11116 (svchost.exe) parent=1360
2026-09-13 13:29:16 [argus.main] INFO EVENT: PROCESS_TERMINATED — PID 24456 (powershell.exe)
2026-09-13 13:29:16 [argus.main] INFO EVENT: PROCESS_TERMINATED — PID 26936 (conhost.exe)
2026-09-13 13:29:18 [argus.file_monitor.scanner] INFO File scan: 4 roots, 17 candidates, 2 findings
2026-09-13 13:29:32 [argus.main] INFO EVENT: PROCESS_STARTED — PID 8044 (conhost.exe) parent=23256
2026-09-13 13:29:32 [argus.main] INFO EVENT: PROCESS_STARTED — PID 23256 (powershell.exe) parent=31368
2026-09-13 13:29:32 [argus.main] INFO EVENT: PROCESS_TERMINATED — PID 17976 (MoUsoCoreWorker.exe)
2026-09-13 13:29:34 [argus.main] INFO EVENT: PROCESS_TERMINATED — PID 8044 (conhost.exe)
2026-09-13 13:29:34 [argus.main] INFO EVENT: PROCESS_TERMINATED — PID 23256 (powershell.exe)
2026-09-13 13:29:34 [argus.file_monitor.scanner] INFO File scan: 4 roots, 17 candidates, 2 findings
2026-09-13 13:29:48 [argus.file_monitor.scanner] INFO File scan: 4 roots, 17 candidates, 2 findings
2026-09-13 13:29:52 [argus.main] INFO EVENT: PROCESS_TERMINATED — PID 11116 (svchost.exe)
2026-09-13 13:30:03 [argus.file_monitor.scanner] INFO File scan: 4 roots, 17 candidates, 2 findings
2026-09-13 13:30:04 [argus.main] INFO EVENT: PROCESS_STARTED — PID 6088 (powershell.exe) parent=31368
2026-09-13 13:30:04 [argus.main] INFO EVENT: PROCESS_STARTED — PID 29264 (conhost.exe) parent=6088
2026-09-13 13:30:06 [argus.main] INFO EVENT: PROCESS_TERMINATED — PID 6088 (powershell.exe)
2026-09-13 13:30:06 [argus.main] INFO EVENT: PROCESS_TERMINATED — PID 29264 (conhost.exe)
2026-09-13 13:30:10 [argus.main] INFO EVENT: PROCESS_STARTED — PID 21092 (opencode.exe) parent=24016
2026-09-13 13:30:14 [argus.main] INFO EVENT: PROCESS_STARTED — PID 14040 (conhost.exe) parent=26552
2026-09-13 13:30:14 [argus.main] INFO EVENT: PROCESS_STARTED — PID 26552 (powershell.exe) parent=31368
2026-09-13 13:30:16 [argus.main] INFO EVENT: PROCESS_STARTED — PID 3524 (svchost.exe) parent=1360
2026-09-13 13:30:16 [argus.main] INFO EVENT: PROCESS_TERMINATED — PID 14040 (conhost.exe)
2026-09-13 13:30:16 [argus.main] INFO EVENT: PROCESS_TERMINATED — PID 26552 (powershell.exe)
2026-09-13 13:30:19 [argus.file_monitor.scanner] INFO File scan: 4 roots, 17 candidates, 2 findings
2026-09-13 13:30:32 [argus.main] INFO EVENT: PROCESS_TERMINATED — PID 7876 (TrustedInstaller.exe)
2026-09-13 13:30:32 [argus.main] INFO EVENT: PROCESS_TERMINATED — PID 27040 (TiWorker.exe)
2026-09-13 13:30:33 [argus.file_monitor.scanner] INFO File scan: 4 roots, 17 candidates, 2 findings
2026-09-13 13:30:34 [argus.main] INFO EVENT: PROCESS_STARTED — PID 14528 (powershell.exe) parent=31368
2026-09-13 13:30:34 [argus.main] INFO EVENT: PROCESS_STARTED — PID 15836 (conhost.exe) parent=14528
2026-09-13 13:30:36 [argus.main] INFO EVENT: PROCESS_TERMINATED — PID 14528 (powershell.exe)
2026-09-13 13:30:36 [argus.main] INFO EVENT: PROCESS_TERMINATED — PID 15836 (conhost.exe)
2026-09-13 13:30:48 [argus.file_monitor.scanner] INFO File scan: 4 roots, 17 candidates, 2 findings
2026-09-13 13:30:50 [argus.main] INFO EVENT: PROCESS_TERMINATED — PID 3524 (svchost.exe)
2026-09-13 13:31:03 [argus.file_monitor.scanner] INFO File scan: 4 roots, 17 candidates, 2 findings
2026-09-13 13:31:06 [argus.main] INFO EVENT: PROCESS_STARTED — PID 16400 (powershell.exe) parent=31368
2026-09-13 13:31:06 [argus.main] INFO EVENT: PROCESS_STARTED — PID 20876 (conhost.exe) parent=16400
2026-09-13 13:31:08 [argus.main] INFO EVENT: PROCESS_TERMINATED — PID 16400 (powershell.exe)
2026-09-13 13:31:09 [argus.main] INFO EVENT: PROCESS_TERMINATED — PID 20876 (conhost.exe)
2026-09-13 13:31:17 [argus.main] INFO EVENT: PROCESS_STARTED — PID 8216 (powershell.exe) parent=31368
2026-09-13 13:31:17 [argus.main] INFO EVENT: PROCESS_STARTED — PID 25744 (conhost.exe) parent=8216
2026-09-13 13:31:18 [argus.file_monitor.scanner] INFO File scan: 4 roots, 17 candidates, 2 findings
2026-09-13 13:31:19 [argus.main] INFO EVENT: PROCESS_STARTED — PID 8984 (svchost.exe) parent=1360
2026-09-13 13:31:19 [argus.main] INFO EVENT: PROCESS_TERMINATED — PID 8216 (powershell.exe)
2026-09-13 13:31:19 [argus.main] INFO EVENT: PROCESS_TERMINATED — PID 25744 (conhost.exe)
2026-09-13 13:31:33 [argus.file_monitor.scanner] INFO File scan: 4 roots, 17 candidates, 2 findings
2026-09-13 13:31:37 [argus.main] INFO EVENT: PROCESS_STARTED — PID 17380 (<unknown-pid-17380>) parent=none
2026-09-13 13:31:39 [argus.main] INFO EVENT: PROCESS_TERMINATED — PID 17380 (<unknown-pid-17380>)
2026-09-13 13:31:41 [argus.main] INFO EVENT: PROCESS_STARTED — PID 17856 (powershell.exe) parent=21092
2026-09-13 13:31:41 [argus.main] INFO EVENT: PROCESS_STARTED — PID 20968 (conhost.exe) parent=17856
2026-09-13 13:31:43 [argus.main] INFO EVENT: PROCESS_TERMINATED — PID 17856 (powershell.exe)
2026-09-13 13:31:43 [argus.main] INFO EVENT: PROCESS_TERMINATED — PID 20968 (conhost.exe)
2026-09-13 13:31:48 [argus.file_monitor.scanner] INFO File scan: 4 roots, 17 candidates, 2 findings
2026-09-13 13:31:59 [argus.main] INFO EVENT: PROCESS_TERMINATED — PID 22848 (opencode.exe)
2026-09-13 13:32:02 [argus.file_monitor.scanner] INFO File scan: 4 roots, 17 candidates, 2 findings
2026-09-13 13:32:09 [argus.main] INFO EVENT: PROCESS_STARTED — PID 10608 (powershell.exe) parent=31368
2026-09-13 13:32:09 [argus.main] INFO EVENT: PROCESS_STARTED — PID 14212 (conhost.exe) parent=10608
2026-09-13 13:32:09 [argus.main] INFO EVENT: PROCESS_TERMINATED — PID 20848 (svchost.exe)
2026-09-13 13:32:11 [argus.main] INFO EVENT: PROCESS_TERMINATED — PID 10608 (powershell.exe)
2026-09-13 13:32:11 [argus.main] INFO EVENT: PROCESS_TERMINATED — PID 14212 (conhost.exe)
2026-09-13 13:32:17 [argus.file_monitor.scanner] INFO File scan: 4 roots, 17 candidates, 2 findings
2026-09-13 13:32:19 [argus.main] INFO EVENT: PROCESS_STARTED — PID 12744 (conhost.exe) parent=30360
2026-09-13 13:32:19 [argus.main] INFO EVENT: PROCESS_STARTED — PID 30360 (powershell.exe) parent=31368
2026-09-13 13:32:21 [argus.main] INFO EVENT: PROCESS_TERMINATED — PID 12744 (conhost.exe)
2026-09-13 13:32:21 [argus.main] INFO EVENT: PROCESS_TERMINATED — PID 30360 (powershell.exe)
2026-09-13 13:32:23 [argus.main] INFO EVENT: PROCESS_STARTED — PID 17296 (opencode.exe) parent=7880
2026-09-13 13:32:33 [argus.file_monitor.scanner] INFO File scan: 4 roots, 17 candidates, 2 findings
2026-09-13 13:32:41 [argus.main] INFO EVENT: PROCESS_STARTED — PID 9772 (powershell.exe) parent=17296
2026-09-13 13:32:41 [argus.main] INFO EVENT: PROCESS_STARTED — PID 12648 (conhost.exe) parent=9772
2026-09-13 13:32:41 [argus.main] INFO EVENT: PROCESS_STARTED — PID 25592 (node.exe) parent=9772
2026-09-13 13:32:43 [argus.main] INFO EVENT: PROCESS_TERMINATED — PID 9772 (powershell.exe)
2026-09-13 13:32:43 [argus.main] INFO EVENT: PROCESS_TERMINATED — PID 12648 (conhost.exe)
2026-09-13 13:32:43 [argus.main] INFO EVENT: PROCESS_TERMINATED — PID 25592 (node.exe)
2026-09-13 13:32:48 [argus.file_monitor.scanner] INFO File scan: 4 roots, 17 candidates, 2 findings
2026-09-13 13:32:51 [argus.main] INFO EVENT: PROCESS_STARTED — PID 9796 (conhost.exe) parent=19592
2026-09-13 13:32:51 [argus.main] INFO EVENT: PROCESS_STARTED — PID 19592 (powershell.exe) parent=17296
2026-09-13 13:32:52 [argus.main] INFO EVENT: PROCESS_STARTED — PID 29104 (backgroundTaskHost.exe) parent=1596
2026-09-13 13:32:54 [argus.main] INFO EVENT: PROCESS_TERMINATED — PID 9796 (conhost.exe)
2026-09-13 13:32:54 [argus.main] INFO EVENT: PROCESS_TERMINATED — PID 19592 (powershell.exe)
2026-09-13 13:33:03 [argus.file_monitor.scanner] INFO File scan: 4 roots, 17 candidates, 2 findings
2026-09-13 13:33:12 [argus.main] INFO EVENT: PROCESS_STARTED — PID 28016 (powershell.exe) parent=17296
2026-09-13 13:33:12 [argus.main] INFO EVENT: PROCESS_STARTED — PID 28660 (conhost.exe) parent=28016
2026-09-13 13:33:14 [argus.main] INFO EVENT: PROCESS_STARTED — PID 25760 (<unknown-pid-25760>) parent=none
2026-09-13 13:33:16 [argus.main] INFO EVENT: PROCESS_STARTED — PID 12836 (MoUsoCoreWorker.exe) parent=2476
2026-09-13 13:33:16 [argus.main] INFO EVENT: PROCESS_TERMINATED — PID 25760 (<unknown-pid-25760>)
2026-09-13 13:33:18 [argus.file_monitor.scanner] INFO File scan: 4 roots, 17 candidates, 2 findings
2026-09-13 13:33:22 [argus.main] INFO EVENT: PROCESS_STARTED — PID 8324 (powershell.exe) parent=31368
2026-09-13 13:33:22 [argus.main] INFO EVENT: PROCESS_STARTED — PID 28144 (conhost.exe) parent=8324
2026-09-13 13:33:24 [argus.main] INFO EVENT: PROCESS_TERMINATED — PID 8324 (powershell.exe)
2026-09-13 13:33:24 [argus.main] INFO EVENT: PROCESS_TERMINATED — PID 28144 (conhost.exe)
2026-09-13 13:33:33 [argus.file_monitor.scanner] INFO File scan: 4 roots, 17 candidates, 2 findings
2026-09-13 13:33:34 [argus.main] INFO EVENT: PROCESS_TERMINATED — PID 28016 (powershell.exe)
2026-09-13 13:33:34 [argus.main] INFO EVENT: PROCESS_TERMINATED — PID 28660 (conhost.exe)
2026-09-13 13:33:36 [argus.main] INFO EVENT: PROCESS_STARTED — PID 19488 (conhost.exe) parent=25140
2026-09-13 13:33:36 [argus.main] INFO EVENT: PROCESS_STARTED — PID 25140 (powershell.exe) parent=17296
2026-09-13 13:33:40 [argus.main] INFO EVENT: PROCESS_TERMINATED — PID 19488 (conhost.exe)
2026-09-13 13:33:40 [argus.main] INFO EVENT: PROCESS_TERMINATED — PID 25140 (powershell.exe)
2026-09-13 13:33:42 [argus.main] INFO EVENT: PROCESS_STARTED — PID 9168 (powershell.exe) parent=17296
2026-09-13 13:33:42 [argus.main] INFO EVENT: PROCESS_STARTED — PID 12172 (node.exe) parent=9168
2026-09-13 13:33:42 [argus.main] INFO EVENT: PROCESS_STARTED — PID 25840 (conhost.exe) parent=9168
2026-09-13 13:33:44 [argus.main] INFO EVENT: PROCESS_TERMINATED — PID 9168 (powershell.exe)
2026-09-13 13:33:44 [argus.main] INFO EVENT: PROCESS_TERMINATED — PID 12172 (node.exe)
2026-09-13 13:33:44 [argus.main] INFO EVENT: PROCESS_TERMINATED — PID 25840 (conhost.exe)
2026-09-13 13:33:48 [argus.file_monitor.scanner] INFO File scan: 4 roots, 17 candidates, 2 findings
2026-09-13 13:33:48 [argus.main] INFO EVENT: PROCESS_STARTED — PID 14172 (conhost.exe) parent=25516
2026-09-13 13:33:48 [argus.main] INFO EVENT: PROCESS_STARTED — PID 25516 (powershell.exe) parent=17296
2026-09-13 13:33:50 [argus.main] INFO EVENT: PROCESS_STARTED — PID 13968 (conhost.exe) parent=22288
2026-09-13 13:33:50 [argus.main] INFO EVENT: PROCESS_STARTED — PID 22288 (powershell.exe) parent=17296
2026-09-13 13:33:50 [argus.main] INFO EVENT: PROCESS_TERMINATED — PID 14172 (conhost.exe)
2026-09-13 13:33:50 [argus.main] INFO EVENT: PROCESS_TERMINATED — PID 25516 (powershell.exe)
2026-09-13 13:33:52 [argus.main] INFO EVENT: PROCESS_TERMINATED — PID 29104 (backgroundTaskHost.exe)
2026-09-13 13:33:52 [argus.main] INFO EVENT: PROCESS_TERMINATED — PID 13968 (conhost.exe)
2026-09-13 13:33:52 [argus.main] INFO EVENT: PROCESS_TERMINATED — PID 22288 (powershell.exe)
2026-09-13 13:33:59 [argus.main] INFO EVENT: PROCESS_STARTED — PID 18156 (powershell.exe) parent=17296
2026-09-13 13:34:01 [argus.main] INFO EVENT: PROCESS_TERMINATED — PID 18156 (powershell.exe)
2026-09-13 13:34:03 [argus.file_monitor.scanner] INFO File scan: 4 roots, 17 candidates, 2 findings
2026-09-13 13:34:09 [argus.main] INFO EVENT: PROCESS_STARTED — PID 7320 (powershell.exe) parent=17296
2026-09-13 13:34:09 [argus.main] INFO EVENT: PROCESS_STARTED — PID 20824 (conhost.exe) parent=7320
2026-09-13 13:34:15 [argus.main] INFO EVENT: PROCESS_TERMINATED — PID 12836 (MoUsoCoreWorker.exe)
2026-09-13 13:34:18 [argus.file_monitor.scanner] INFO File scan: 4 roots, 17 candidates, 2 findings
2026-09-13 13:34:25 [argus.main] INFO EVENT: PROCESS_STARTED — PID 13332 (postgres.exe) parent=14392
2026-09-13 13:34:25 [argus.main] INFO EVENT: PROCESS_STARTED — PID 22208 (conhost.exe) parent=31372
2026-09-13 13:34:25 [argus.main] INFO EVENT: PROCESS_STARTED — PID 31372 (powershell.exe) parent=31368
2026-09-13 13:34:27 [argus.main] INFO EVENT: PROCESS_TERMINATED — PID 13332 (postgres.exe)
2026-09-13 13:34:27 [argus.main] INFO EVENT: PROCESS_TERMINATED — PID 22208 (conhost.exe)
2026-09-13 13:34:27 [argus.main] INFO EVENT: PROCESS_TERMINATED — PID 31372 (powershell.exe)
2026-09-13 13:34:33 [argus.file_monitor.scanner] INFO File scan: 4 roots, 17 candidates, 2 findings
2026-09-13 13:34:37 [argus.main] INFO EVENT: PROCESS_TERMINATED — PID 7320 (powershell.exe)
2026-09-13 13:34:37 [argus.main] INFO EVENT: PROCESS_TERMINATED — PID 20824 (conhost.exe)
2026-09-13 13:34:48 [argus.file_monitor.scanner] INFO File scan: 4 roots, 17 candidates, 2 findings
2026-09-13 13:34:53 [argus.main] INFO EVENT: PROCESS_TERMINATED — PID 6524 (svchost.exe)
2026-09-13 13:34:55 [argus.main] INFO EVENT: PROCESS_STARTED — PID 19832 (conhost.exe) parent=30400
2026-09-13 13:34:55 [argus.main] INFO EVENT: PROCESS_STARTED — PID 30400 (powershell.exe) parent=17296
2026-09-13 13:35:02 [argus.file_monitor.scanner] INFO File scan: 4 roots, 17 candidates, 2 findings
2026-09-13 13:35:11 [argus.main] INFO EVENT: PROCESS_TERMINATED — PID 19832 (conhost.exe)
2026-09-13 13:35:11 [argus.main] INFO EVENT: PROCESS_TERMINATED — PID 30400 (powershell.exe)
2026-09-13 13:35:15 [argus.main] INFO EVENT: PROCESS_STARTED — PID 24984 (powershell.exe) parent=17296
2026-09-13 13:35:15 [argus.main] INFO EVENT: PROCESS_STARTED — PID 28228 (conhost.exe) parent=24984
2026-09-13 13:35:17 [argus.main] INFO EVENT: PROCESS_STARTED — PID 3076 (cmd.exe) parent=24984
2026-09-13 13:35:17 [argus.main] INFO EVENT: PROCESS_STARTED — PID 10600 (cmd.exe) parent=16916
2026-09-13 13:35:17 [argus.main] INFO EVENT: PROCESS_STARTED — PID 15244 (node.exe) parent=10600
2026-09-13 13:35:17 [argus.main] INFO EVENT: PROCESS_STARTED — PID 16916 (node.exe) parent=3076
2026-09-13 13:35:19 [argus.file_monitor.scanner] INFO File scan: 4 roots, 17 candidates, 2 findings
2026-09-13 13:35:19 [argus.main] INFO EVENT: PROCESS_STARTED — PID 8924 (esbuild.exe) parent=15244
2026-09-13 13:35:21 [argus.main] INFO EVENT: PROCESS_TERMINATED — PID 8984 (svchost.exe)
2026-09-13 13:35:27 [argus.main] INFO EVENT: PROCESS_STARTED — PID 968 (conhost.exe) parent=13896
2026-09-13 13:35:27 [argus.main] INFO EVENT: PROCESS_STARTED — PID 13896 (powershell.exe) parent=31368
2026-09-13 13:35:29 [argus.main] INFO EVENT: PROCESS_STARTED — PID 18016 (svchost.exe) parent=1360
2026-09-13 13:35:29 [argus.main] INFO EVENT: PROCESS_TERMINATED — PID 968 (conhost.exe)
2026-09-13 13:35:30 [argus.main] INFO EVENT: PROCESS_TERMINATED — PID 13896 (powershell.exe)
2026-09-13 13:35:33 [argus.file_monitor.scanner] INFO File scan: 4 roots, 17 candidates, 2 findings
2026-09-13 13:35:38 [argus.main] INFO EVENT: PROCESS_TERMINATED — PID 24984 (powershell.exe)
2026-09-13 13:35:48 [argus.file_monitor.scanner] INFO File scan: 4 roots, 17 candidates, 2 findings
2026-09-13 13:35:52 [argus.main] INFO EVENT: PROCESS_STARTED — PID 23448 (conhost.exe) parent=31300
2026-09-13 13:35:52 [argus.main] INFO EVENT: PROCESS_STARTED — PID 31300 (powershell.exe) parent=31368
2026-09-13 13:35:54 [argus.main] INFO EVENT: PROCESS_TERMINATED — PID 23448 (conhost.exe)
2026-09-13 13:35:54 [argus.main] INFO EVENT: PROCESS_TERMINATED — PID 31300 (powershell.exe)
2026-09-13 13:36:03 [argus.file_monitor.scanner] INFO File scan: 4 roots, 17 candidates, 2 findings
2026-09-13 13:36:04 [argus.main] INFO EVENT: PROCESS_STARTED — PID 26704 (postgres.exe) parent=14392
2026-09-13 13:36:06 [argus.main] INFO EVENT: PROCESS_TERMINATED — PID 26704 (postgres.exe)
2026-09-13 13:36:18 [argus.file_monitor.scanner] INFO File scan: 4 roots, 17 candidates, 2 findings
2026-09-13 13:36:22 [argus.main] INFO EVENT: PROCESS_TERMINATED — PID 18016 (svchost.exe)
2026-09-13 13:36:32 [argus.main] INFO EVENT: PROCESS_STARTED — PID 13856 (svchost.exe) parent=1360
2026-09-13 13:36:33 [argus.file_monitor.scanner] INFO File scan: 4 roots, 17 candidates, 2 findings
2026-09-13 13:36:48 [argus.file_monitor.scanner] INFO File scan: 4 roots, 17 candidates, 2 findings
2026-09-13 13:37:03 [argus.file_monitor.scanner] INFO File scan: 4 roots, 17 candidates, 2 findings
2026-09-13 13:37:18 [argus.file_monitor.scanner] INFO File scan: 4 roots, 17 candidates, 2 findings
2026-09-13 13:37:22 [argus.main] INFO EVENT: PROCESS_TERMINATED — PID 13856 (svchost.exe)
2026-09-13 13:37:32 [argus.main] INFO EVENT: PROCESS_STARTED — PID 20396 (conhost.exe) parent=31124
2026-09-13 13:37:32 [argus.main] INFO EVENT: PROCESS_STARTED — PID 31124 (powershell.exe) parent=31368
2026-09-13 13:37:33 [argus.file_monitor.scanner] INFO File scan: 4 roots, 17 candidates, 2 findings
2026-09-13 13:37:34 [argus.main] INFO EVENT: PROCESS_STARTED — PID 26920 (svchost.exe) parent=1360
2026-09-13 13:37:34 [argus.main] INFO EVENT: PROCESS_TERMINATED — PID 20396 (conhost.exe)
2026-09-13 13:37:34 [argus.main] INFO EVENT: PROCESS_TERMINATED — PID 31124 (powershell.exe)
2026-09-13 13:37:48 [argus.file_monitor.scanner] INFO File scan: 4 roots, 17 candidates, 2 findings
2026-09-13 13:37:56 [argus.main] INFO EVENT: PROCESS_STARTED — PID 21244 (powershell.exe) parent=31368
2026-09-13 13:37:56 [argus.main] INFO EVENT: PROCESS_STARTED — PID 25480 (conhost.exe) parent=21244
2026-09-13 13:37:58 [argus.main] INFO EVENT: PROCESS_TERMINATED — PID 21244 (powershell.exe)
2026-09-13 13:37:58 [argus.main] INFO EVENT: PROCESS_TERMINATED — PID 25480 (conhost.exe)
2026-09-13 13:38:03 [argus.file_monitor.scanner] INFO File scan: 4 roots, 17 candidates, 2 findings
2026-09-13 13:38:18 [argus.file_monitor.scanner] INFO File scan: 4 roots, 17 candidates, 2 findings
2026-09-13 13:38:20 [argus.main] INFO EVENT: PROCESS_TERMINATED — PID 26920 (svchost.exe)
2026-09-13 13:38:28 [argus.main] INFO EVENT: PROCESS_STARTED — PID 7448 (conhost.exe) parent=23144
2026-09-13 13:38:28 [argus.main] INFO EVENT: PROCESS_STARTED — PID 23144 (powershell.exe) parent=31368
2026-09-13 13:38:30 [argus.main] INFO EVENT: PROCESS_TERMINATED — PID 29072 (svchost.exe)
2026-09-13 13:38:30 [argus.main] INFO EVENT: PROCESS_TERMINATED — PID 7448 (conhost.exe)
2026-09-13 13:38:30 [argus.main] INFO EVENT: PROCESS_TERMINATED — PID 23144 (powershell.exe)
2026-09-13 13:38:33 [argus.main] INFO EVENT: PROCESS_STARTED — PID 9352 (conhost.exe) parent=28620
2026-09-13 13:38:33 [argus.main] INFO EVENT: PROCESS_STARTED — PID 28620 (powershell.exe) parent=31368
2026-09-13 13:38:33 [argus.file_monitor.scanner] INFO File scan: 4 roots, 17 candidates, 2 findings
2026-09-13 13:38:35 [argus.main] INFO EVENT: PROCESS_STARTED — PID 23376 (svchost.exe) parent=1360
2026-09-13 13:38:35 [argus.main] INFO EVENT: PROCESS_TERMINATED — PID 9352 (conhost.exe)
2026-09-13 13:38:35 [argus.main] INFO EVENT: PROCESS_TERMINATED — PID 28620 (powershell.exe)
2026-09-13 13:38:48 [argus.file_monitor.scanner] INFO File scan: 4 roots, 17 candidates, 2 findings
2026-09-13 13:38:59 [argus.main] INFO EVENT: PROCESS_STARTED — PID 11456 (ARP.EXE) parent=31368
2026-09-13 13:39:01 [argus.main] INFO EVENT: PROCESS_TERMINATED — PID 11456 (ARP.EXE)
2026-09-13 13:39:03 [argus.file_monitor.scanner] INFO File scan: 4 roots, 17 candidates, 2 findings
2026-09-13 13:39:18 [argus.file_monitor.scanner] INFO File scan: 4 roots, 17 candidates, 2 findings
2026-09-13 13:39:21 [argus.main] INFO EVENT: PROCESS_TERMINATED — PID 23376 (svchost.exe)
2026-09-13 13:39:25 [argus.main] INFO EVENT: PROCESS_STARTED — PID 28324 (postgres.exe) parent=14392
2026-09-13 13:39:27 [argus.main] INFO EVENT: PROCESS_TERMINATED — PID 28324 (postgres.exe)
2026-09-13 13:39:31 [argus.main] INFO EVENT: PROCESS_STARTED — PID 26084 (ROUTE.EXE) parent=31368
2026-09-13 13:39:33 [argus.file_monitor.scanner] INFO File scan: 4 roots, 17 candidates, 2 findings
2026-09-13 13:39:33 [argus.main] INFO EVENT: PROCESS_TERMINATED — PID 26084 (ROUTE.EXE)
2026-09-13 13:39:37 [argus.main] INFO EVENT: PROCESS_STARTED — PID 26168 (svchost.exe) parent=1360
2026-09-13 13:39:48 [argus.file_monitor.scanner] INFO File scan: 4 roots, 17 candidates, 2 findings
2026-09-13 13:40:03 [argus.main] INFO EVENT: PROCESS_STARTED — PID 1460 (conhost.exe) parent=9796
2026-09-13 13:40:03 [argus.main] INFO EVENT: PROCESS_STARTED — PID 9796 (powershell.exe) parent=31368
2026-09-13 13:40:03 [argus.file_monitor.scanner] INFO File scan: 4 roots, 17 candidates, 2 findings
2026-09-13 13:40:05 [argus.main] INFO EVENT: PROCESS_TERMINATED — PID 1460 (conhost.exe)
2026-09-13 13:40:05 [argus.main] INFO EVENT: PROCESS_TERMINATED — PID 9796 (powershell.exe)
2026-09-13 13:40:18 [argus.file_monitor.scanner] INFO File scan: 4 roots, 17 candidates, 2 findings
2026-09-13 13:40:19 [argus.main] INFO EVENT: PROCESS_STARTED — PID 7992 (ROUTE.EXE) parent=31368
2026-09-13 13:40:21 [argus.main] INFO EVENT: PROCESS_TERMINATED — PID 26168 (svchost.exe)
2026-09-13 13:40:21 [argus.main] INFO EVENT: PROCESS_TERMINATED — PID 7992 (ROUTE.EXE)
2026-09-13 13:40:33 [argus.file_monitor.scanner] INFO File scan: 4 roots, 17 candidates, 2 findings
2026-09-13 13:40:35 [argus.main] INFO EVENT: PROCESS_STARTED — PID 3976 (conhost.exe) parent=15412
2026-09-13 13:40:35 [argus.main] INFO EVENT: PROCESS_STARTED — PID 15412 (powershell.exe) parent=31368
2026-09-13 13:40:37 [argus.main] INFO EVENT: PROCESS_TERMINATED — PID 3976 (conhost.exe)
2026-09-13 13:40:37 [argus.main] INFO EVENT: PROCESS_TERMINATED — PID 15412 (powershell.exe)
2026-09-13 13:40:39 [argus.main] INFO EVENT: PROCESS_STARTED — PID 6088 (conhost.exe) parent=28664
2026-09-13 13:40:40 [argus.main] INFO EVENT: PROCESS_STARTED — PID 28664 (powershell.exe) parent=31368
2026-09-13 13:40:42 [argus.main] INFO EVENT: PROCESS_STARTED — PID 19052 (svchost.exe) parent=1360
2026-09-13 13:40:42 [argus.main] INFO EVENT: PROCESS_TERMINATED — PID 6088 (conhost.exe)
2026-09-13 13:40:42 [argus.main] INFO EVENT: PROCESS_TERMINATED — PID 28664 (powershell.exe)
2026-09-13 13:40:48 [argus.file_monitor.scanner] INFO File scan: 4 roots, 17 candidates, 2 findings
2026-09-13 13:41:03 [argus.file_monitor.scanner] INFO File scan: 4 roots, 17 candidates, 2 findings
2026-09-13 13:41:06 [argus.main] INFO EVENT: PROCESS_STARTED — PID 10144 (conhost.exe) parent=31264
2026-09-13 13:41:06 [argus.main] INFO EVENT: PROCESS_STARTED — PID 31264 (powershell.exe) parent=31368
2026-09-13 13:41:08 [argus.main] INFO EVENT: PROCESS_TERMINATED — PID 10144 (conhost.exe)
2026-09-13 13:41:08 [argus.main] INFO EVENT: PROCESS_TERMINATED — PID 31264 (powershell.exe)
2026-09-13 13:41:18 [argus.file_monitor.scanner] INFO File scan: 4 roots, 17 candidates, 2 findings
2026-09-13 13:41:22 [argus.main] INFO EVENT: PROCESS_TERMINATED — PID 19052 (svchost.exe)
2026-09-13 13:41:33 [argus.file_monitor.scanner] INFO File scan: 4 roots, 17 candidates, 2 findings
2026-09-13 13:41:38 [argus.main] INFO EVENT: PROCESS_STARTED — PID 4488 (conhost.exe) parent=26420
2026-09-13 13:41:38 [argus.main] INFO EVENT: PROCESS_STARTED — PID 26420 (powershell.exe) parent=31368
2026-09-13 13:41:40 [argus.main] INFO EVENT: PROCESS_TERMINATED — PID 4488 (conhost.exe)
2026-09-13 13:41:40 [argus.main] INFO EVENT: PROCESS_TERMINATED — PID 26420 (powershell.exe)
2026-09-13 13:41:42 [argus.main] INFO EVENT: PROCESS_STARTED — PID 14268 (conhost.exe) parent=29988
2026-09-13 13:41:42 [argus.main] INFO EVENT: PROCESS_STARTED — PID 29988 (powershell.exe) parent=31368
2026-09-13 13:41:44 [argus.main] INFO EVENT: PROCESS_STARTED — PID 4512 (svchost.exe) parent=1360
2026-09-13 13:41:44 [argus.main] INFO EVENT: PROCESS_TERMINATED — PID 14268 (conhost.exe)
2026-09-13 13:41:44 [argus.main] INFO EVENT: PROCESS_TERMINATED — PID 29988 (powershell.exe)
2026-09-13 13:41:48 [argus.file_monitor.scanner] INFO File scan: 4 roots, 17 candidates, 2 findings
2026-09-13 13:42:03 [argus.file_monitor.scanner] INFO File scan: 4 roots, 17 candidates, 2 findings
2026-09-13 13:42:08 [argus.main] INFO EVENT: PROCESS_STARTED — PID 20328 (ARP.EXE) parent=31368
2026-09-13 13:42:10 [argus.main] INFO EVENT: PROCESS_TERMINATED — PID 20328 (ARP.EXE)
2026-09-13 13:42:18 [argus.file_monitor.scanner] INFO File scan: 4 roots, 17 candidates, 2 findings
2026-09-13 13:42:20 [argus.main] INFO EVENT: PROCESS_TERMINATED — PID 4512 (svchost.exe)
2026-09-13 13:42:33 [argus.file_monitor.scanner] INFO File scan: 4 roots, 17 candidates, 2 findings
2026-09-13 13:42:41 [argus.main] INFO EVENT: PROCESS_STARTED — PID 3940 (powershell.exe) parent=31368
2026-09-13 13:42:41 [argus.main] INFO EVENT: PROCESS_STARTED — PID 15540 (conhost.exe) parent=3940
2026-09-13 13:42:43 [argus.main] INFO EVENT: PROCESS_TERMINATED — PID 3940 (powershell.exe)
2026-09-13 13:42:43 [argus.main] INFO EVENT: PROCESS_TERMINATED — PID 15540 (conhost.exe)
2026-09-13 13:42:45 [argus.main] INFO EVENT: PROCESS_STARTED — PID 15300 (conhost.exe) parent=20524
2026-09-13 13:42:45 [argus.main] INFO EVENT: PROCESS_STARTED — PID 20524 (powershell.exe) parent=31368
2026-09-13 13:42:47 [argus.main] INFO EVENT: PROCESS_STARTED — PID 12420 (svchost.exe) parent=1360
2026-09-13 13:42:47 [argus.main] INFO EVENT: PROCESS_STARTED — PID 19908 (WmiPrvSE.exe) parent=1596
2026-09-13 13:42:47 [argus.main] INFO EVENT: PROCESS_TERMINATED — PID 12768 (WmiPrvSE.exe)
2026-09-13 13:42:47 [argus.main] INFO EVENT: PROCESS_TERMINATED — PID 15300 (conhost.exe)
2026-09-13 13:42:47 [argus.main] INFO EVENT: PROCESS_TERMINATED — PID 20524 (powershell.exe)
2026-09-13 13:42:48 [argus.file_monitor.scanner] INFO File scan: 4 roots, 17 candidates, 2 findings
2026-09-13 13:43:03 [argus.file_monitor.scanner] INFO File scan: 4 roots, 17 candidates, 2 findings
2026-09-13 13:43:11 [argus.main] INFO EVENT: PROCESS_STARTED — PID 27892 (ARP.EXE) parent=31368
2026-09-13 13:43:13 [argus.main] INFO EVENT: PROCESS_TERMINATED — PID 27892 (ARP.EXE)
2026-09-13 13:43:19 [argus.file_monitor.scanner] INFO File scan: 4 roots, 17 candidates, 2 findings
2026-09-13 13:43:31 [argus.main] INFO EVENT: PROCESS_STARTED — PID 23236 (svchost.exe) parent=1360
2026-09-13 13:43:33 [argus.file_monitor.scanner] INFO File scan: 4 roots, 17 candidates, 2 findings
2026-09-13 13:43:33 [argus.main] INFO EVENT: PROCESS_TERMINATED — PID 22680 (chrome.exe)
2026-09-13 13:43:37 [argus.main] INFO EVENT: PROCESS_STARTED — PID 30136 (conhost.exe) parent=31708
2026-09-13 13:43:37 [argus.main] INFO EVENT: PROCESS_TERMINATED — PID 21844 (chrome.exe)
2026-09-13 13:43:39 [argus.main] INFO EVENT: PROCESS_TERMINATED — PID 30136 (conhost.exe)
2026-09-13 13:43:48 [argus.file_monitor.scanner] INFO File scan: 4 roots, 17 candidates, 2 findings
2026-09-13 13:43:49 [argus.main] INFO EVENT: PROCESS_STARTED — PID 27616 (svchost.exe) parent=1360
2026-09-13 13:43:49 [argus.main] INFO EVENT: PROCESS_TERMINATED — PID 12420 (svchost.exe)
2026-09-13 13:44:03 [argus.file_monitor.scanner] INFO File scan: 4 roots, 17 candidates, 2 findings
2026-09-13 13:44:18 [argus.file_monitor.scanner] INFO File scan: 4 roots, 17 candidates, 2 findings
2026-09-13 13:44:33 [argus.file_monitor.scanner] INFO File scan: 4 roots, 17 candidates, 2 findings
2026-09-13 13:44:43 [argus.main] INFO EVENT: PROCESS_STARTED — PID 20640 (<unknown-pid-20640>) parent=14392
2026-09-13 13:44:45 [argus.main] INFO EVENT: PROCESS_TERMINATED — PID 20640 (<unknown-pid-20640>)
2026-09-13 13:44:48 [argus.file_monitor.scanner] INFO File scan: 4 roots, 17 candidates, 2 findings
2026-09-13 13:44:49 [argus.main] INFO EVENT: PROCESS_TERMINATED — PID 27616 (svchost.exe)
2026-09-13 13:44:51 [argus.main] INFO EVENT: PROCESS_STARTED — PID 17792 (svchost.exe) parent=1360
2026-09-13 13:45:03 [argus.file_monitor.scanner] INFO File scan: 4 roots, 17 candidates, 2 findings
2026-09-13 13:45:18 [argus.file_monitor.scanner] INFO File scan: 4 roots, 17 candidates, 2 findings
2026-09-13 13:45:33 [argus.file_monitor.scanner] INFO File scan: 4 roots, 17 candidates, 2 findings
2026-09-13 13:45:48 [argus.file_monitor.scanner] INFO File scan: 4 roots, 17 candidates, 2 findings
2026-09-13 13:45:50 [argus.main] INFO EVENT: PROCESS_TERMINATED — PID 17792 (svchost.exe)
2026-09-13 13:45:54 [argus.main] INFO EVENT: PROCESS_STARTED — PID 2316 (powershell.exe) parent=31368
2026-09-13 13:45:54 [argus.main] INFO EVENT: PROCESS_STARTED — PID 18824 (conhost.exe) parent=2316
2026-09-13 13:45:56 [argus.main] INFO EVENT: PROCESS_STARTED — PID 27596 (svchost.exe) parent=1360
2026-09-13 13:45:56 [argus.main] INFO EVENT: PROCESS_TERMINATED — PID 2316 (powershell.exe)
2026-09-13 13:45:56 [argus.main] INFO EVENT: PROCESS_TERMINATED — PID 18824 (conhost.exe)
2026-09-13 13:46:03 [argus.file_monitor.scanner] INFO File scan: 4 roots, 17 candidates, 2 findings
2026-09-13 13:46:18 [argus.file_monitor.scanner] INFO File scan: 4 roots, 17 candidates, 2 findings
2026-09-13 13:46:33 [argus.file_monitor.scanner] INFO File scan: 4 roots, 17 candidates, 2 findings
2026-09-13 13:46:48 [argus.file_monitor.scanner] INFO File scan: 4 roots, 17 candidates, 2 findings
2026-09-13 13:46:50 [argus.main] INFO EVENT: PROCESS_TERMINATED — PID 27596 (svchost.exe)
2026-09-13 13:46:56 [argus.main] INFO EVENT: PROCESS_STARTED — PID 13712 (conhost.exe) parent=29220
2026-09-13 13:46:56 [argus.main] INFO EVENT: PROCESS_STARTED — PID 29220 (powershell.exe) parent=31368
2026-09-13 13:46:58 [argus.main] INFO EVENT: PROCESS_STARTED — PID 24812 (svchost.exe) parent=1360
2026-09-13 13:46:58 [argus.main] INFO EVENT: PROCESS_TERMINATED — PID 13712 (conhost.exe)
2026-09-13 13:46:58 [argus.main] INFO EVENT: PROCESS_TERMINATED — PID 29220 (powershell.exe)
2026-09-13 13:47:02 [argus.file_monitor.scanner] INFO File scan: 4 roots, 17 candidates, 2 findings
2026-09-13 13:47:04 [argus.main] INFO EVENT: PROCESS_STARTED — PID 6464 (postgres.exe) parent=14392
2026-09-13 13:47:06 [argus.main] INFO EVENT: PROCESS_TERMINATED — PID 6464 (postgres.exe)
2026-09-13 13:47:18 [argus.file_monitor.scanner] INFO File scan: 4 roots, 17 candidates, 2 findings
2026-09-13 13:47:33 [argus.file_monitor.scanner] INFO File scan: 4 roots, 17 candidates, 2 findings
2026-09-13 13:47:48 [argus.file_monitor.scanner] INFO File scan: 4 roots, 17 candidates, 2 findings
2026-09-13 13:47:50 [argus.main] INFO EVENT: PROCESS_TERMINATED — PID 24812 (svchost.exe)
2026-09-13 13:47:52 [argus.main] INFO EVENT: PROCESS_STARTED — PID 208 (backgroundTaskHost.exe) parent=1596
2026-09-13 13:47:52 [argus.main] INFO EVENT: PROCESS_STARTED — PID 14772 (backgroundTaskHost.exe) parent=1596
2026-09-13 13:47:52 [argus.main] INFO EVENT: PROCESS_STARTED — PID 29744 (svchost.exe) parent=1360
2026-09-13 13:47:58 [argus.main] INFO EVENT: PROCESS_STARTED — PID 9424 (conhost.exe) parent=23600
2026-09-13 13:47:58 [argus.main] INFO EVENT: PROCESS_STARTED — PID 23600 (powershell.exe) parent=31368
2026-09-13 13:47:58 [argus.main] INFO EVENT: PROCESS_STARTED — PID 25640 (WmiPrvSE.exe) parent=1596
2026-09-13 13:47:59 [argus.main] INFO EVENT: PROCESS_TERMINATED — PID 19908 (WmiPrvSE.exe)
2026-09-13 13:48:01 [argus.main] INFO EVENT: PROCESS_STARTED — PID 28224 (svchost.exe) parent=1360
2026-09-13 13:48:01 [argus.main] INFO EVENT: PROCESS_TERMINATED — PID 9424 (conhost.exe)
2026-09-13 13:48:01 [argus.main] INFO EVENT: PROCESS_TERMINATED — PID 23600 (powershell.exe)
2026-09-13 13:48:03 [argus.file_monitor.scanner] INFO File scan: 4 roots, 17 candidates, 2 findings
2026-09-13 13:48:18 [argus.file_monitor.scanner] INFO File scan: 4 roots, 17 candidates, 2 findings
2026-09-13 13:48:33 [argus.file_monitor.scanner] INFO File scan: 4 roots, 17 candidates, 2 findings
2026-09-13 13:48:48 [argus.file_monitor.scanner] INFO File scan: 4 roots, 17 candidates, 2 findings
2026-09-13 13:48:53 [argus.main] INFO EVENT: PROCESS_TERMINATED — PID 208 (backgroundTaskHost.exe)
2026-09-13 13:48:53 [argus.main] INFO EVENT: PROCESS_TERMINATED — PID 14772 (backgroundTaskHost.exe)
2026-09-13 13:49:03 [argus.file_monitor.scanner] INFO File scan: 4 roots, 17 candidates, 2 findings
2026-09-13 13:49:18 [argus.file_monitor.scanner] INFO File scan: 4 roots, 17 candidates, 2 findings
2026-09-13 13:49:33 [argus.file_monitor.scanner] INFO File scan: 4 roots, 17 candidates, 2 findings
2026-09-13 13:49:48 [argus.file_monitor.scanner] INFO File scan: 4 roots, 17 candidates, 2 findings
2026-09-13 13:50:03 [argus.file_monitor.scanner] INFO File scan: 4 roots, 17 candidates, 2 findings
2026-09-13 13:50:03 [argus.main] INFO EVENT: PROCESS_STARTED — PID 22556 (conhost.exe) parent=24796
2026-09-13 13:50:03 [argus.main] INFO EVENT: PROCESS_STARTED — PID 24796 (powershell.exe) parent=31368
2026-09-13 13:50:03 [argus.main] INFO EVENT: PROCESS_TERMINATED — PID 28224 (svchost.exe)
2026-09-13 13:50:05 [argus.main] INFO EVENT: PROCESS_STARTED — PID 7436 (svchost.exe) parent=1360
2026-09-13 13:50:05 [argus.main] INFO EVENT: PROCESS_TERMINATED — PID 22556 (conhost.exe)
2026-09-13 13:50:05 [argus.main] INFO EVENT: PROCESS_TERMINATED — PID 24796 (powershell.exe)
2026-09-13 13:50:18 [argus.file_monitor.scanner] INFO File scan: 4 roots, 17 candidates, 2 findings
2026-09-13 13:50:25 [argus.main] INFO EVENT: PROCESS_STARTED — PID 30296 (postgres.exe) parent=14392
2026-09-13 13:50:27 [argus.main] INFO EVENT: PROCESS_TERMINATED — PID 30296 (postgres.exe)
2026-09-13 13:50:33 [argus.file_monitor.scanner] INFO File scan: 4 roots, 17 candidates, 2 findings
2026-09-13 13:50:41 [argus.main] INFO EVENT: PROCESS_STARTED — PID 23508 (ROUTE.EXE) parent=31368
2026-09-13 13:50:41 [argus.main] INFO EVENT: PROCESS_STARTED — PID 29388 (conhost.exe) parent=23508
2026-09-13 13:50:43 [argus.main] INFO EVENT: PROCESS_TERMINATED — PID 23508 (ROUTE.EXE)
2026-09-13 13:50:43 [argus.main] INFO EVENT: PROCESS_TERMINATED — PID 29388 (conhost.exe)
2026-09-13 13:50:48 [argus.file_monitor.scanner] INFO File scan: 4 roots, 17 candidates, 2 findings
2026-09-13 13:51:01 [argus.main] INFO EVENT: PROCESS_TERMINATED — PID 7436 (svchost.exe)
2026-09-13 13:51:03 [argus.file_monitor.scanner] INFO File scan: 4 roots, 17 candidates, 2 findings
2026-09-13 13:51:05 [argus.main] INFO EVENT: PROCESS_STARTED — PID 14688 (svchost.exe) parent=1360
2026-09-13 13:51:18 [argus.file_monitor.scanner] INFO File scan: 4 roots, 17 candidates, 2 findings
2026-09-13 13:51:33 [argus.file_monitor.scanner] INFO File scan: 4 roots, 17 candidates, 2 findings
2026-09-13 13:51:48 [argus.file_monitor.scanner] INFO File scan: 4 roots, 17 candidates, 2 findings
2026-09-13 13:51:54 [argus.main] INFO EVENT: PROCESS_STARTED — PID 24360 (RuntimeBroker.exe) parent=1596
2026-09-13 13:51:54 [argus.main] INFO EVENT: PROCESS_STARTED — PID 27356 (<unknown-pid-27356>) parent=1596
2026-09-13 13:51:54 [argus.main] INFO EVENT: PROCESS_STARTED — PID 30236 (svchost.exe) parent=1360
2026-09-13 13:51:56 [argus.main] INFO EVENT: PROCESS_TERMINATED — PID 27356 (<unknown-pid-27356>)
2026-09-13 13:51:58 [argus.main] INFO EVENT: PROCESS_STARTED — PID 14012 (taskhostw.exe) parent=2996
2026-09-13 13:52:00 [argus.main] INFO EVENT: PROCESS_STARTED — PID 5884 (cmd.exe) parent=24148
2026-09-13 13:52:00 [argus.main] INFO EVENT: PROCESS_STARTED — PID 17640 (conhost.exe) parent=24652
2026-09-13 13:52:00 [argus.main] INFO EVENT: PROCESS_STARTED — PID 19252 (node.exe) parent=5884
2026-09-13 13:52:00 [argus.main] INFO EVENT: PROCESS_STARTED — PID 24148 (node.exe) parent=24652
2026-09-13 13:52:00 [argus.main] INFO EVENT: PROCESS_STARTED — PID 24652 (powershell.exe) parent=21092
2026-09-13 13:52:02 [argus.main] INFO EVENT: PROCESS_STARTED — PID 19360 (sppsvc.exe) parent=1360
2026-09-13 13:52:02 [argus.main] INFO EVENT: PROCESS_TERMINATED — PID 14688 (svchost.exe)
2026-09-13 13:52:02 [argus.main] INFO EVENT: PROCESS_TERMINATED — PID 5884 (cmd.exe)
2026-09-13 13:52:02 [argus.main] INFO EVENT: PROCESS_TERMINATED — PID 17640 (conhost.exe)
2026-09-13 13:52:02 [argus.main] INFO EVENT: PROCESS_TERMINATED — PID 19252 (node.exe)
2026-09-13 13:52:02 [argus.main] INFO EVENT: PROCESS_TERMINATED — PID 24148 (node.exe)
2026-09-13 13:52:02 [argus.main] INFO EVENT: PROCESS_TERMINATED — PID 24652 (powershell.exe)
2026-09-13 13:52:02 [argus.file_monitor.scanner] INFO File scan: 4 roots, 17 candidates, 2 findings
2026-09-13 13:52:04 [argus.main] INFO EVENT: PROCESS_TERMINATED — PID 14012 (taskhostw.exe)
2026-09-13 13:52:08 [argus.main] INFO EVENT: PROCESS_STARTED — PID 9648 (svchost.exe) parent=1360
2026-09-13 13:52:17 [argus.file_monitor.scanner] INFO File scan: 4 roots, 17 candidates, 2 findings
2026-09-13 13:52:32 [argus.main] INFO EVENT: PROCESS_TERMINATED — PID 19360 (sppsvc.exe)
2026-09-13 13:52:32 [argus.file_monitor.scanner] INFO File scan: 4 roots, 17 candidates, 2 findings
2026-09-13 13:52:34 [argus.main] INFO EVENT: PROCESS_TERMINATED — PID 24360 (RuntimeBroker.exe)
2026-09-13 13:52:40 [argus.main] INFO EVENT: PROCESS_STARTED — PID 15760 (conhost.exe) parent=23988
2026-09-13 13:52:40 [argus.main] INFO EVENT: PROCESS_STARTED — PID 23988 (powershell.exe) parent=21092
2026-09-13 13:52:40 [argus.main] INFO EVENT: PROCESS_STARTED — PID 29408 (node.exe) parent=23988
2026-09-13 13:52:42 [argus.main] INFO EVENT: PROCESS_TERMINATED — PID 15760 (conhost.exe)
2026-09-13 13:52:42 [argus.main] INFO EVENT: PROCESS_TERMINATED — PID 23988 (powershell.exe)
2026-09-13 13:52:42 [argus.main] INFO EVENT: PROCESS_TERMINATED — PID 29408 (node.exe)
2026-09-13 13:52:48 [argus.file_monitor.scanner] INFO File scan: 4 roots, 17 candidates, 2 findings
2026-09-13 13:52:54 [argus.main] INFO EVENT: PROCESS_STARTED — PID 11240 (cmd.exe) parent=31024
2026-09-13 13:52:54 [argus.main] INFO EVENT: PROCESS_STARTED — PID 25236 (conhost.exe) parent=29472
2026-09-13 13:52:54 [argus.main] INFO EVENT: PROCESS_STARTED — PID 29472 (powershell.exe) parent=21092
2026-09-13 13:52:54 [argus.main] INFO EVENT: PROCESS_STARTED — PID 31024 (node.exe) parent=29472
2026-09-13 13:52:54 [argus.main] INFO EVENT: PROCESS_STARTED — PID 31428 (node.exe) parent=11240
2026-09-13 13:52:56 [argus.main] INFO EVENT: PROCESS_STARTED — PID 19280 (node.exe) parent=24996
2026-09-13 13:52:56 [argus.main] INFO EVENT: PROCESS_STARTED — PID 24996 (node.exe) parent=31428
2026-09-13 13:52:56 [argus.main] INFO EVENT: PROCESS_TERMINATED — PID 30236 (svchost.exe)
2026-09-13 13:52:59 [argus.main] INFO EVENT: PROCESS_TERMINATED — PID 11240 (cmd.exe)
2026-09-13 13:52:59 [argus.main] INFO EVENT: PROCESS_TERMINATED — PID 25236 (conhost.exe)
2026-09-13 13:52:59 [argus.main] INFO EVENT: PROCESS_TERMINATED — PID 29472 (powershell.exe)
2026-09-13 13:52:59 [argus.main] INFO EVENT: PROCESS_TERMINATED — PID 31024 (node.exe)
2026-09-13 13:52:59 [argus.main] INFO EVENT: PROCESS_TERMINATED — PID 31428 (node.exe)
2026-09-13 13:52:59 [argus.main] INFO EVENT: PROCESS_TERMINATED — PID 19280 (node.exe)
2026-09-13 13:52:59 [argus.main] INFO EVENT: PROCESS_TERMINATED — PID 24996 (node.exe)
2026-09-13 13:53:03 [argus.file_monitor.scanner] INFO File scan: 4 roots, 17 candidates, 2 findings
2026-09-13 13:53:03 [argus.main] INFO EVENT: PROCESS_TERMINATED — PID 9648 (svchost.exe)
2026-09-13 13:53:09 [argus.main] INFO EVENT: PROCESS_STARTED — PID 13732 (powershell.exe) parent=31368
2026-09-13 13:53:09 [argus.main] INFO EVENT: PROCESS_STARTED — PID 24196 (svchost.exe) parent=1360
2026-09-13 13:53:09 [argus.main] INFO EVENT: PROCESS_STARTED — PID 25888 (conhost.exe) parent=13732
2026-09-13 13:53:11 [argus.main] INFO EVENT: PROCESS_TERMINATED — PID 13732 (powershell.exe)
2026-09-13 13:53:11 [argus.main] INFO EVENT: PROCESS_TERMINATED — PID 25888 (conhost.exe)
2026-09-13 13:53:18 [argus.file_monitor.scanner] INFO File scan: 4 roots, 17 candidates, 2 findings
2026-09-13 13:53:21 [argus.main] INFO EVENT: PROCESS_STARTED — PID 28984 (rg.exe) parent=21092
2026-09-13 13:53:23 [argus.main] INFO EVENT: PROCESS_STARTED — PID 4224 (backgroundTaskHost.exe) parent=1596
2026-09-13 13:53:23 [argus.main] INFO EVENT: PROCESS_STARTED — PID 15132 (RuntimeBroker.exe) parent=1596
2026-09-13 13:53:23 [argus.main] INFO EVENT: PROCESS_STARTED — PID 16284 (svchost.exe) parent=1360
2026-09-13 13:53:23 [argus.main] INFO EVENT: PROCESS_TERMINATED — PID 29744 (svchost.exe)
2026-09-13 13:53:23 [argus.main] INFO EVENT: PROCESS_TERMINATED — PID 28984 (rg.exe)
2026-09-13 13:53:25 [argus.main] INFO EVENT: PROCESS_STARTED — PID 3080 (svchost.exe) parent=1360
2026-09-13 13:53:29 [argus.main] INFO EVENT: PROCESS_TERMINATED — PID 3080 (svchost.exe)
2026-09-13 13:53:31 [argus.main] INFO EVENT: PROCESS_TERMINATED — PID 23236 (svchost.exe)
2026-09-13 13:53:33 [argus.file_monitor.scanner] INFO File scan: 4 roots, 17 candidates, 2 findings
2026-09-13 13:53:48 [argus.file_monitor.scanner] INFO File scan: 4 roots, 17 candidates, 2 findings
2026-09-13 13:54:03 [argus.file_monitor.scanner] INFO File scan: 4 roots, 17 candidates, 2 findings
2026-09-13 13:54:03 [argus.main] INFO EVENT: PROCESS_TERMINATED — PID 24196 (svchost.exe)
2026-09-13 13:54:11 [argus.main] INFO EVENT: PROCESS_STARTED — PID 9968 (powershell.exe) parent=31368
2026-09-13 13:54:11 [argus.main] INFO EVENT: PROCESS_STARTED — PID 12692 (svchost.exe) parent=1360
2026-09-13 13:54:11 [argus.main] INFO EVENT: PROCESS_STARTED — PID 14820 (conhost.exe) parent=9968
2026-09-13 13:54:13 [argus.main] INFO EVENT: PROCESS_TERMINATED — PID 9968 (powershell.exe)
2026-09-13 13:54:13 [argus.main] INFO EVENT: PROCESS_TERMINATED — PID 14820 (conhost.exe)
2026-09-13 13:54:18 [argus.file_monitor.scanner] INFO File scan: 4 roots, 17 candidates, 2 findings
2026-09-13 13:54:19 [argus.main] INFO EVENT: PROCESS_STARTED — PID 8996 (updater.exe) parent=2996
2026-09-13 13:54:19 [argus.main] INFO EVENT: PROCESS_STARTED — PID 10748 (updater.exe) parent=8996
2026-09-13 13:54:19 [argus.main] INFO EVENT: PROCESS_STARTED — PID 11612 (updater.exe) parent=1360
2026-09-13 13:54:19 [argus.main] INFO EVENT: PROCESS_STARTED — PID 19208 (updater.exe) parent=29392
2026-09-13 13:54:20 [argus.main] INFO EVENT: PROCESS_STARTED — PID 21780 (updater.exe) parent=11612
2026-09-13 13:54:20 [argus.main] INFO EVENT: PROCESS_STARTED — PID 29392 (updater.exe) parent=1360
2026-09-13 13:54:22 [argus.main] INFO EVENT: PROCESS_TERMINATED — PID 8996 (updater.exe)
2026-09-13 13:54:22 [argus.main] INFO EVENT: PROCESS_TERMINATED — PID 10748 (updater.exe)
2026-09-13 13:54:32 [argus.main] INFO EVENT: PROCESS_TERMINATED — PID 11612 (updater.exe)
2026-09-13 13:54:32 [argus.main] INFO EVENT: PROCESS_TERMINATED — PID 19208 (updater.exe)
2026-09-13 13:54:32 [argus.main] INFO EVENT: PROCESS_TERMINATED — PID 21780 (updater.exe)
2026-09-13 13:54:32 [argus.main] INFO EVENT: PROCESS_TERMINATED — PID 29392 (updater.exe)
2026-09-13 13:54:33 [argus.file_monitor.scanner] INFO File scan: 4 roots, 17 candidates, 2 findings
2026-09-13 13:54:44 [argus.main] INFO EVENT: PROCESS_STARTED — PID 13832 (<unknown-pid-13832>) parent=none
2026-09-13 13:54:44 [argus.main] INFO EVENT: PROCESS_STARTED — PID 24012 (svchost.exe) parent=1360
2026-09-13 13:54:46 [argus.main] INFO EVENT: PROCESS_TERMINATED — PID 13832 (<unknown-pid-13832>)
2026-09-13 13:54:48 [argus.file_monitor.scanner] INFO File scan: 4 roots, 17 candidates, 2 findings
2026-09-13 13:54:54 [argus.main] INFO EVENT: PROCESS_TERMINATED — PID 4224 (backgroundTaskHost.exe)
2026-09-13 13:55:02 [argus.main] INFO EVENT: PROCESS_TERMINATED — PID 12692 (svchost.exe)
2026-09-13 13:55:03 [argus.file_monitor.scanner] INFO File scan: 4 roots, 17 candidates, 2 findings
2026-09-13 13:55:12 [argus.main] INFO EVENT: PROCESS_STARTED — PID 11384 (conhost.exe) parent=19656
2026-09-13 13:55:12 [argus.main] INFO EVENT: PROCESS_STARTED — PID 19656 (powershell.exe) parent=31368
2026-09-13 13:55:14 [argus.main] INFO EVENT: PROCESS_STARTED — PID 14120 (svchost.exe) parent=1360
2026-09-13 13:55:14 [argus.main] INFO EVENT: PROCESS_TERMINATED — PID 11384 (conhost.exe)
2026-09-13 13:55:14 [argus.main] INFO EVENT: PROCESS_TERMINATED — PID 19656 (powershell.exe)
2026-09-13 13:55:18 [argus.file_monitor.scanner] INFO File scan: 4 roots, 17 candidates, 2 findings
2026-09-13 13:55:24 [argus.main] INFO EVENT: PROCESS_TERMINATED — PID 15132 (RuntimeBroker.exe)
2026-09-13 13:55:33 [argus.file_monitor.scanner] INFO File scan: 4 roots, 17 candidates, 2 findings
2026-09-13 13:55:48 [argus.file_monitor.scanner] INFO File scan: 4 roots, 17 candidates, 2 findings
2026-09-13 13:55:56 [argus.main] INFO EVENT: PROCESS_STARTED — PID 26620 (<unknown-pid-26620>) parent=none
2026-09-13 13:55:58 [argus.main] INFO EVENT: PROCESS_STARTED — PID 16068 (node.exe) parent=22652
2026-09-13 13:55:58 [argus.main] INFO EVENT: PROCESS_STARTED — PID 19228 (node.exe) parent=30052
2026-09-13 13:55:58 [argus.main] INFO EVENT: PROCESS_STARTED — PID 19584 (cmd.exe) parent=16068
2026-09-13 13:55:58 [argus.main] INFO EVENT: PROCESS_STARTED — PID 22652 (powershell.exe) parent=21092
2026-09-13 13:55:58 [argus.main] INFO EVENT: PROCESS_STARTED — PID 24328 (conhost.exe) parent=22652
2026-09-13 13:55:58 [argus.main] INFO EVENT: PROCESS_STARTED — PID 30052 (node.exe) parent=19584
2026-09-13 13:55:58 [argus.main] INFO EVENT: PROCESS_TERMINATED — PID 26620 (<unknown-pid-26620>)
2026-09-13 13:56:00 [argus.main] INFO EVENT: PROCESS_TERMINATED — PID 16068 (node.exe)
2026-09-13 13:56:00 [argus.main] INFO EVENT: PROCESS_TERMINATED — PID 19228 (node.exe)
2026-09-13 13:56:00 [argus.main] INFO EVENT: PROCESS_TERMINATED — PID 19584 (cmd.exe)
2026-09-13 13:56:00 [argus.main] INFO EVENT: PROCESS_TERMINATED — PID 22652 (powershell.exe)
2026-09-13 13:56:01 [argus.main] INFO EVENT: PROCESS_TERMINATED — PID 24328 (conhost.exe)
2026-09-13 13:56:01 [argus.main] INFO EVENT: PROCESS_TERMINATED — PID 30052 (node.exe)
2026-09-13 13:56:03 [argus.main] INFO EVENT: PROCESS_TERMINATED — PID 14120 (svchost.exe)
2026-09-13 13:56:03 [argus.file_monitor.scanner] INFO File scan: 4 roots, 17 candidates, 2 findings
2026-09-13 13:56:13 [argus.main] INFO EVENT: PROCESS_STARTED — PID 28836 (conhost.exe) parent=31284
2026-09-13 13:56:13 [argus.main] INFO EVENT: PROCESS_STARTED — PID 31284 (powershell.exe) parent=31368
2026-09-13 13:56:15 [argus.main] INFO EVENT: PROCESS_STARTED — PID 8344 (svchost.exe) parent=1360
2026-09-13 13:56:15 [argus.main] INFO EVENT: PROCESS_TERMINATED — PID 28836 (conhost.exe)
2026-09-13 13:56:15 [argus.main] INFO EVENT: PROCESS_TERMINATED — PID 31284 (powershell.exe)
2026-09-13 13:56:17 [argus.main] INFO EVENT: PROCESS_STARTED — PID 13156 (conhost.exe) parent=15172
2026-09-13 13:56:17 [argus.main] INFO EVENT: PROCESS_STARTED — PID 15172 (powershell.exe) parent=31368
2026-09-13 13:56:18 [argus.file_monitor.scanner] INFO File scan: 4 roots, 17 candidates, 2 findings
2026-09-13 13:56:19 [argus.main] INFO EVENT: PROCESS_STARTED — PID 6132 (node.exe) parent=17696
2026-09-13 13:56:19 [argus.main] INFO EVENT: PROCESS_STARTED — PID 17688 (node.exe) parent=31524
2026-09-13 13:56:19 [argus.main] INFO EVENT: PROCESS_STARTED — PID 17696 (cmd.exe) parent=17688
2026-09-13 13:56:19 [argus.main] INFO EVENT: PROCESS_STARTED — PID 18180 (conhost.exe) parent=31524
2026-09-13 13:56:19 [argus.main] INFO EVENT: PROCESS_STARTED — PID 31524 (powershell.exe) parent=21092
2026-09-13 13:56:19 [argus.main] INFO EVENT: PROCESS_TERMINATED — PID 13156 (conhost.exe)
2026-09-13 13:56:19 [argus.main] INFO EVENT: PROCESS_TERMINATED — PID 15172 (powershell.exe)
2026-09-13 13:56:21 [argus.main] INFO EVENT: PROCESS_STARTED — PID 11920 (esbuild.exe) parent=28256
2026-09-13 13:56:21 [argus.main] INFO EVENT: PROCESS_STARTED — PID 17664 (node.exe) parent=6132
2026-09-13 13:56:21 [argus.main] INFO EVENT: PROCESS_STARTED — PID 28256 (node.exe) parent=17664
2026-09-13 13:56:23 [argus.main] INFO EVENT: PROCESS_TERMINATED — PID 6132 (node.exe)
2026-09-13 13:56:23 [argus.main] INFO EVENT: PROCESS_TERMINATED — PID 17688 (node.exe)
2026-09-13 13:56:23 [argus.main] INFO EVENT: PROCESS_TERMINATED — PID 17696 (cmd.exe)
2026-09-13 13:56:23 [argus.main] INFO EVENT: PROCESS_TERMINATED — PID 18180 (conhost.exe)
2026-09-13 13:56:23 [argus.main] INFO EVENT: PROCESS_TERMINATED — PID 31524 (powershell.exe)
2026-09-13 13:56:23 [argus.main] INFO EVENT: PROCESS_TERMINATED — PID 11920 (esbuild.exe)
2026-09-13 13:56:23 [argus.main] INFO EVENT: PROCESS_TERMINATED — PID 17664 (node.exe)
2026-09-13 13:56:23 [argus.main] INFO EVENT: PROCESS_TERMINATED — PID 28256 (node.exe)
2026-09-13 13:56:25 [argus.main] INFO EVENT: PROCESS_STARTED — PID 1896 (conhost.exe) parent=18680
2026-09-13 13:56:25 [argus.main] INFO EVENT: PROCESS_STARTED — PID 18680 (powershell.exe) parent=21092
2026-09-13 13:56:25 [argus.main] INFO EVENT: PROCESS_STARTED — PID 21444 (node.exe) parent=18680
2026-09-13 13:56:25 [argus.main] INFO EVENT: PROCESS_STARTED — PID 21524 (cmd.exe) parent=21444
2026-09-13 13:56:25 [argus.main] INFO EVENT: PROCESS_STARTED — PID 23768 (node.exe) parent=21524
2026-09-13 13:56:25 [argus.main] INFO EVENT: PROCESS_STARTED — PID 26532 (node.exe) parent=23768
2026-09-13 13:56:27 [argus.main] INFO EVENT: PROCESS_STARTED — PID 1888 (node.exe) parent=26532
2026-09-13 13:56:27 [argus.main] INFO EVENT: PROCESS_STARTED — PID 8252 (node.exe) parent=26532
2026-09-13 13:56:27 [argus.main] INFO EVENT: PROCESS_STARTED — PID 9352 (node.exe) parent=26532
2026-09-13 13:56:27 [argus.main] INFO EVENT: PROCESS_STARTED — PID 12980 (node.exe) parent=26532
2026-09-13 13:56:28 [argus.main] INFO EVENT: PROCESS_STARTED — PID 30588 (esbuild.exe) parent=9352
2026-09-13 13:56:30 [argus.main] INFO EVENT: PROCESS_TERMINATED — PID 1888 (node.exe)
2026-09-13 13:56:30 [argus.main] INFO EVENT: PROCESS_TERMINATED — PID 8252 (node.exe)
2026-09-13 13:56:30 [argus.main] INFO EVENT: PROCESS_TERMINATED — PID 12980 (node.exe)
2026-09-13 13:56:33 [argus.file_monitor.scanner] INFO File scan: 4 roots, 17 candidates, 2 findings
2026-09-13 13:56:34 [argus.main] INFO EVENT: PROCESS_TERMINATED — PID 1896 (conhost.exe)
2026-09-13 13:56:34 [argus.main] INFO EVENT: PROCESS_TERMINATED — PID 18680 (powershell.exe)
2026-09-13 13:56:34 [argus.main] INFO EVENT: PROCESS_TERMINATED — PID 21444 (node.exe)
2026-09-13 13:56:34 [argus.main] INFO EVENT: PROCESS_TERMINATED — PID 21524 (cmd.exe)
2026-09-13 13:56:34 [argus.main] INFO EVENT: PROCESS_TERMINATED — PID 23768 (node.exe)
2026-09-13 13:56:34 [argus.main] INFO EVENT: PROCESS_TERMINATED — PID 26532 (node.exe)
2026-09-13 13:56:34 [argus.main] INFO EVENT: PROCESS_TERMINATED — PID 9352 (node.exe)
2026-09-13 13:56:34 [argus.main] INFO EVENT: PROCESS_TERMINATED — PID 30588 (esbuild.exe)
2026-09-13 13:56:44 [argus.main] INFO EVENT: PROCESS_STARTED — PID 8836 (postgres.exe) parent=14392
2026-09-13 13:56:46 [argus.main] INFO EVENT: PROCESS_TERMINATED — PID 8836 (postgres.exe)
2026-09-13 13:56:48 [argus.file_monitor.scanner] INFO File scan: 4 roots, 17 candidates, 2 findings
2026-09-13 13:57:02 [argus.main] INFO EVENT: PROCESS_TERMINATED — PID 8344 (svchost.exe)
2026-09-13 13:57:03 [argus.file_monitor.scanner] INFO File scan: 4 roots, 17 candidates, 2 findings
2026-09-13 13:57:16 [argus.main] INFO EVENT: PROCESS_STARTED — PID 18256 (svchost.exe) parent=1360
