2026-09-10 19:44:29 [argus.main] INFO ============================================================
2026-09-10 19:44:29 [argus.main] INFO ARGUS Security Engine — Phase 1: Process Monitoring
2026-09-10 19:44:29 [argus.main] INFO ============================================================
2026-09-10 19:44:29 [argus.main] INFO API server is reachable at http://localhost:5000
2026-09-10 19:44:29 [argus.main] INFO Taking initial process snapshot...
2026-09-10 19:44:52 [argus.process_monitor.snapshot] INFO Snapshot collected: 303 processes
2026-09-10 19:44:52 [argus.main] INFO Snapshot: 303 processes (1 access-denied)
2026-09-10 19:44:52 [argus.process_monitor.watcher] INFO Poll loop starting — initial snapshot
2026-09-10 19:44:52 [argus.process_monitor.watcher] INFO Process watcher started (poll interval: 2.0s)
2026-09-10 19:44:52 [argus.system_monitor.watcher] INFO System monitor started (interval: 1.0s)
2026-09-10 19:44:52 [argus.network_monitor.watcher] INFO Network monitor started (interval: 3.0s)
2026-09-10 19:44:52 [argus.network_monitor.topology_watcher] INFO Network topology watcher started (interval: 3.0s)
2026-09-10 19:44:52 [argus.main] INFO Engine running — process polling every 2000ms, telemetry every 1000ms, network/topology every 3000ms
2026-09-10 19:44:52 [argus.main] INFO Press Ctrl+C to stop
2026-09-10 19:45:19 [argus.process_monitor.snapshot] INFO Snapshot collected: 302 processes
2026-09-10 19:45:19 [argus.process_monitor.watcher] INFO Initial snapshot: 302 processes tracked (1 access-denied)
2026-09-10 19:45:19 [argus.main] INFO EVENT: PROCESS_STARTED — PID 19036 (msedge.exe) parent=2032
2026-09-10 19:45:19 [argus.main] INFO EVENT: PROCESS_STARTED — PID 23296 (msedge.exe) parent=2032
2026-09-10 19:45:21 [argus.main] INFO EVENT: PROCESS_STARTED — PID 23088 (msedge.exe) parent=2032
2026-09-10 19:45:26 [argus.main] INFO EVENT: PROCESS_STARTED — PID 17440 (powershell.exe) parent=19040
2026-09-10 19:45:28 [argus.main] INFO EVENT: PROCESS_STARTED — PID 4392 (conhost.exe) parent=17440
2026-09-10 19:45:30 [argus.main] INFO EVENT: PROCESS_STARTED — PID 14184 (msedge.exe) parent=2032
2026-09-10 19:45:31 [argus.main] INFO EVENT: PROCESS_TERMINATED — PID 912 (msedge.exe)
2026-09-10 19:45:31 [argus.main] INFO EVENT: PROCESS_TERMINATED — PID 14824 (msedge.exe)
2026-09-10 19:45:31 [argus.main] INFO EVENT: PROCESS_TERMINATED — PID 17440 (powershell.exe)
2026-09-10 19:45:31 [argus.main] INFO EVENT: PROCESS_TERMINATED — PID 4392 (conhost.exe)
2026-09-10 19:45:33 [argus.main] INFO EVENT: PROCESS_STARTED — PID 23120 (msedge.exe) parent=2032
2026-09-10 19:45:37 [argus.main] INFO EVENT: PROCESS_STARTED — PID 18760 (msedge.exe) parent=2032
2026-09-10 19:45:41 [argus.main] INFO EVENT: PROCESS_TERMINATED — PID 18760 (msedge.exe)
2026-09-10 19:45:47 [argus.main] INFO EVENT: PROCESS_STARTED — PID 17980 (msedge.exe) parent=2032
2026-09-10 19:45:51 [argus.main] INFO EVENT: PROCESS_TERMINATED — PID 17980 (msedge.exe)
2026-09-10 19:45:57 [argus.main] INFO EVENT: PROCESS_STARTED — PID 20700 (conhost.exe) parent=21132
2026-09-10 19:45:57 [argus.main] INFO EVENT: PROCESS_STARTED — PID 21132 (powershell.exe) parent=19040
2026-09-10 19:46:03 [argus.main] INFO EVENT: PROCESS_TERMINATED — PID 20700 (conhost.exe)
2026-09-10 19:46:03 [argus.main] INFO EVENT: PROCESS_TERMINATED — PID 21132 (powershell.exe)
2026-09-10 19:46:18 [argus.main] INFO EVENT: PROCESS_STARTED — PID 5440 (msedgewebview2.exe) parent=1280
2026-09-10 19:46:18 [argus.main] INFO EVENT: PROCESS_STARTED — PID 13356 (<unknown-pid-13356>) parent=none
2026-09-10 19:46:18 [argus.main] INFO EVENT: PROCESS_STARTED — PID 18120 (msedgewebview2.exe) parent=1280
2026-09-10 19:46:18 [argus.main] INFO EVENT: PROCESS_TERMINATED — PID 23088 (msedge.exe)
2026-09-10 19:46:20 [argus.main] INFO EVENT: PROCESS_TERMINATED — PID 13356 (<unknown-pid-13356>)
2026-09-10 19:46:27 [argus.main] INFO EVENT: PROCESS_STARTED — PID 1464 (powershell.exe) parent=19040
2026-09-10 19:46:27 [argus.main] INFO EVENT: PROCESS_STARTED — PID 5236 (conhost.exe) parent=1464
2026-09-10 19:46:29 [argus.main] INFO EVENT: PROCESS_TERMINATED — PID 1464 (powershell.exe)
2026-09-10 19:46:29 [argus.main] INFO EVENT: PROCESS_TERMINATED — PID 5236 (conhost.exe)
2026-09-10 19:46:31 [argus.main] INFO EVENT: PROCESS_STARTED — PID 19488 (msedge.exe) parent=2032
2026-09-10 19:46:33 [argus.main] INFO EVENT: PROCESS_STARTED — PID 18560 (msedge.exe) parent=2032
2026-09-10 19:46:39 [argus.main] INFO EVENT: PROCESS_STARTED — PID 7664 (msedge.exe) parent=2032
2026-09-10 19:46:39 [argus.main] INFO EVENT: PROCESS_STARTED — PID 8728 (<unknown-pid-8728>) parent=none
2026-09-10 19:46:42 [argus.main] INFO EVENT: PROCESS_TERMINATED — PID 8728 (<unknown-pid-8728>)
2026-09-10 19:46:44 [argus.main] INFO EVENT: PROCESS_STARTED — PID 18924 (backgroundTaskHost.exe) parent=1596
2026-09-10 19:46:44 [argus.main] INFO EVENT: PROCESS_STARTED — PID 22924 (msedge.exe) parent=2032
2026-09-10 19:46:44 [argus.main] INFO EVENT: PROCESS_STARTED — PID 24092 (msedge.exe) parent=2032
2026-09-10 19:46:46 [argus.main] INFO EVENT: PROCESS_STARTED — PID 9772 (msedge.exe) parent=2032
2026-09-10 19:46:46 [argus.main] INFO EVENT: PROCESS_TERMINATED — PID 22924 (msedge.exe)
2026-09-10 19:46:48 [argus.main] INFO EVENT: PROCESS_TERMINATED — PID 5440 (msedgewebview2.exe)
2026-09-10 19:46:52 [argus.main] INFO EVENT: PROCESS_TERMINATED — PID 18120 (msedgewebview2.exe)
2026-09-10 19:46:59 [argus.main] INFO EVENT: PROCESS_STARTED — PID 5064 (msedge.exe) parent=2032
2026-09-10 19:46:59 [argus.main] INFO EVENT: PROCESS_STARTED — PID 15044 (conhost.exe) parent=20804
2026-09-10 19:47:00 [argus.main] INFO EVENT: PROCESS_STARTED — PID 20804 (powershell.exe) parent=19040
2026-09-10 19:47:01 [argus.main] INFO EVENT: PROCESS_TERMINATED — PID 9772 (msedge.exe)
2026-09-10 19:47:04 [argus.main] INFO EVENT: PROCESS_STARTED — PID 19200 (msedge.exe) parent=2032
2026-09-10 19:47:05 [argus.main] INFO EVENT: PROCESS_STARTED — PID 22780 (taskhostw.exe) parent=2996
2026-09-10 19:47:07 [argus.main] INFO EVENT: PROCESS_STARTED — PID 10372 (svchost.exe) parent=1360
2026-09-10 19:47:07 [argus.main] INFO EVENT: PROCESS_TERMINATED — PID 5064 (msedge.exe)
2026-09-10 19:47:07 [argus.main] INFO EVENT: PROCESS_TERMINATED — PID 15044 (conhost.exe)
2026-09-10 19:47:07 [argus.main] INFO EVENT: PROCESS_TERMINATED — PID 20804 (powershell.exe)
2026-09-10 19:47:11 [argus.main] INFO EVENT: PROCESS_TERMINATED — PID 19488 (msedge.exe)
2026-09-10 19:47:11 [argus.main] INFO EVENT: PROCESS_TERMINATED — PID 24092 (msedge.exe)
2026-09-10 19:47:11 [argus.main] INFO EVENT: PROCESS_TERMINATED — PID 19200 (msedge.exe)
2026-09-10 19:47:18 [argus.main] INFO EVENT: PROCESS_STARTED — PID 15632 (msedge.exe) parent=2032
2026-09-10 19:47:18 [argus.main] INFO EVENT: PROCESS_STARTED — PID 16288 (msedgewebview2.exe) parent=1280
2026-09-10 19:47:18 [argus.main] INFO EVENT: PROCESS_STARTED — PID 17284 (msedge.exe) parent=2032
2026-09-10 19:47:18 [argus.main] INFO EVENT: PROCESS_STARTED — PID 26924 (msedgewebview2.exe) parent=1280
2026-09-10 19:47:20 [argus.main] INFO EVENT: PROCESS_TERMINATED — PID 21516 (svchost.exe)
2026-09-10 19:47:26 [argus.main] INFO EVENT: PROCESS_TERMINATED — PID 26032 (WmiPrvSE.exe)
2026-09-10 19:47:30 [argus.main] INFO EVENT: PROCESS_STARTED — PID 11364 (powershell.exe) parent=19040
2026-09-10 19:47:30 [argus.main] INFO EVENT: PROCESS_STARTED — PID 17068 (conhost.exe) parent=11364
2026-09-10 19:47:32 [argus.main] INFO EVENT: PROCESS_TERMINATED — PID 11364 (powershell.exe)
2026-09-10 19:47:32 [argus.main] INFO EVENT: PROCESS_TERMINATED — PID 17068 (conhost.exe)
2026-09-10 19:47:39 [argus.main] INFO EVENT: PROCESS_STARTED — PID 15608 (taskhostw.exe) parent=2996
2026-09-10 19:47:41 [argus.main] INFO EVENT: PROCESS_STARTED — PID 21636 (RuntimeBroker.exe) parent=1596
2026-09-10 19:47:45 [argus.main] INFO EVENT: PROCESS_STARTED — PID 26320 (sppsvc.exe) parent=1360
2026-09-10 19:47:49 [argus.main] INFO EVENT: PROCESS_TERMINATED — PID 18924 (backgroundTaskHost.exe)
2026-09-10 19:47:49 [argus.main] INFO EVENT: PROCESS_TERMINATED — PID 15608 (taskhostw.exe)
2026-09-10 19:47:57 [argus.main] INFO EVENT: PROCESS_TERMINATED — PID 18648 (svchost.exe)
2026-09-10 19:48:03 [argus.main] INFO EVENT: PROCESS_STARTED — PID 6892 (conhost.exe) parent=24620
2026-09-10 19:48:03 [argus.main] INFO EVENT: PROCESS_STARTED — PID 24620 (<unknown-pid-24620>) parent=19040
2026-09-10 19:48:05 [argus.main] INFO EVENT: PROCESS_TERMINATED — PID 6892 (conhost.exe)
2026-09-10 19:48:05 [argus.main] INFO EVENT: PROCESS_TERMINATED — PID 24620 (<unknown-pid-24620>)
2026-09-10 19:48:15 [argus.main] INFO EVENT: PROCESS_TERMINATED — PID 16288 (msedgewebview2.exe)
2026-09-10 19:48:15 [argus.main] INFO EVENT: PROCESS_TERMINATED — PID 26320 (sppsvc.exe)
2026-09-10 19:48:17 [argus.main] INFO EVENT: PROCESS_TERMINATED — PID 26924 (msedgewebview2.exe)
2026-09-10 19:48:21 [argus.main] INFO EVENT: PROCESS_TERMINATED — PID 21636 (RuntimeBroker.exe)
2026-09-10 19:48:33 [argus.main] INFO EVENT: PROCESS_STARTED — PID 11692 (powershell.exe) parent=19040
2026-09-10 19:48:33 [argus.main] INFO EVENT: PROCESS_STARTED — PID 20676 (conhost.exe) parent=11692
2026-09-10 19:48:35 [argus.main] INFO EVENT: PROCESS_TERMINATED — PID 11692 (powershell.exe)
2026-09-10 19:48:35 [argus.main] INFO EVENT: PROCESS_TERMINATED — PID 20676 (conhost.exe)
2026-09-10 19:48:50 [argus.main] INFO EVENT: PROCESS_STARTED — PID 7460 (conhost.exe) parent=24784
2026-09-10 19:48:50 [argus.main] INFO EVENT: PROCESS_STARTED — PID 20164 (sppsvc.exe) parent=1360
2026-09-10 19:48:50 [argus.main] INFO EVENT: PROCESS_STARTED — PID 23204 (taskhostw.exe) parent=2996
2026-09-10 19:48:52 [argus.main] INFO EVENT: PROCESS_TERMINATED — PID 7460 (conhost.exe)
2026-09-10 19:48:52 [argus.main] INFO EVENT: PROCESS_TERMINATED — PID 23204 (taskhostw.exe)
2026-09-10 19:48:56 [argus.main] INFO EVENT: PROCESS_STARTED — PID 776 (msedgewebview2.exe) parent=1280
2026-09-10 19:48:56 [argus.main] INFO EVENT: PROCESS_STARTED — PID 6680 (msedgewebview2.exe) parent=1280
2026-09-10 19:49:04 [argus.main] INFO EVENT: PROCESS_STARTED — PID 2468 (powershell.exe) parent=19040
2026-09-10 19:49:04 [argus.main] INFO EVENT: PROCESS_STARTED — PID 8028 (conhost.exe) parent=2468
2026-09-10 19:49:06 [argus.main] INFO EVENT: PROCESS_TERMINATED — PID 10372 (svchost.exe)
2026-09-10 19:49:06 [argus.main] INFO EVENT: PROCESS_TERMINATED — PID 2468 (powershell.exe)
2026-09-10 19:49:06 [argus.main] INFO EVENT: PROCESS_TERMINATED — PID 8028 (conhost.exe)
2026-09-10 19:49:08 [argus.main] INFO EVENT: PROCESS_STARTED — PID 7660 (ROUTE.EXE) parent=19040
2026-09-10 19:49:08 [argus.main] INFO EVENT: PROCESS_STARTED — PID 22240 (<unknown-pid-22240>) parent=none
2026-09-10 19:49:10 [argus.main] INFO EVENT: PROCESS_TERMINATED — PID 7660 (ROUTE.EXE)
2026-09-10 19:49:10 [argus.main] INFO EVENT: PROCESS_TERMINATED — PID 22240 (<unknown-pid-22240>)
2026-09-10 19:49:20 [argus.main] INFO EVENT: PROCESS_TERMINATED — PID 20164 (sppsvc.exe)
2026-09-10 19:49:36 [argus.main] INFO EVENT: PROCESS_STARTED — PID 6100 (conhost.exe) parent=14444
2026-09-10 19:49:37 [argus.main] INFO EVENT: PROCESS_STARTED — PID 14444 (powershell.exe) parent=19040
2026-09-10 19:49:37 [argus.main] INFO EVENT: PROCESS_TERMINATED — PID 776 (msedgewebview2.exe)
2026-09-10 19:49:39 [argus.main] INFO EVENT: PROCESS_TERMINATED — PID 6100 (conhost.exe)
2026-09-10 19:49:39 [argus.main] INFO EVENT: PROCESS_TERMINATED — PID 14444 (powershell.exe)
2026-09-10 19:49:41 [argus.main] INFO EVENT: PROCESS_TERMINATED — PID 6680 (msedgewebview2.exe)
2026-09-10 19:50:07 [argus.main] INFO EVENT: PROCESS_STARTED — PID 13064 (powershell.exe) parent=19040
2026-09-10 19:50:07 [argus.main] INFO EVENT: PROCESS_STARTED — PID 13528 (conhost.exe) parent=13064
2026-09-10 19:50:09 [argus.main] INFO EVENT: PROCESS_STARTED — PID 10528 (msedgewebview2.exe) parent=1280
2026-09-10 19:50:09 [argus.main] INFO EVENT: PROCESS_STARTED — PID 25700 (msedgewebview2.exe) parent=1280
2026-09-10 19:50:09 [argus.main] INFO EVENT: PROCESS_TERMINATED — PID 13064 (powershell.exe)
2026-09-10 19:50:09 [argus.main] INFO EVENT: PROCESS_TERMINATED — PID 13528 (conhost.exe)
2026-09-10 19:50:37 [argus.main] INFO EVENT: PROCESS_STARTED — PID 10784 (powershell.exe) parent=19040
2026-09-10 19:50:37 [argus.main] INFO EVENT: PROCESS_STARTED — PID 21360 (conhost.exe) parent=10784
2026-09-10 19:50:39 [argus.main] INFO EVENT: PROCESS_TERMINATED — PID 10528 (msedgewebview2.exe)
2026-09-10 19:50:39 [argus.main] INFO EVENT: PROCESS_TERMINATED — PID 10784 (powershell.exe)
2026-09-10 19:50:39 [argus.main] INFO EVENT: PROCESS_TERMINATED — PID 21360 (conhost.exe)
2026-09-10 19:50:45 [argus.main] INFO EVENT: PROCESS_TERMINATED — PID 25700 (msedgewebview2.exe)
2026-09-10 19:51:09 [argus.main] INFO EVENT: PROCESS_STARTED — PID 5884 (powershell.exe) parent=19040
2026-09-10 19:51:09 [argus.main] INFO EVENT: PROCESS_STARTED — PID 9196 (conhost.exe) parent=5884
2026-09-10 19:51:12 [argus.main] INFO EVENT: PROCESS_STARTED — PID 4816 (msedgewebview2.exe) parent=1280
2026-09-10 19:51:12 [argus.main] INFO EVENT: PROCESS_STARTED — PID 17316 (msedgewebview2.exe) parent=1280
2026-09-10 19:51:12 [argus.main] INFO EVENT: PROCESS_TERMINATED — PID 5884 (powershell.exe)
2026-09-10 19:51:12 [argus.main] INFO EVENT: PROCESS_TERMINATED — PID 9196 (conhost.exe)
2026-09-10 19:51:40 [argus.main] INFO EVENT: PROCESS_STARTED — PID 416 (powershell.exe) parent=19040
2026-09-10 19:51:40 [argus.main] INFO EVENT: PROCESS_STARTED — PID 15480 (conhost.exe) parent=416
2026-09-10 19:51:42 [argus.main] INFO EVENT: PROCESS_TERMINATED — PID 4816 (msedgewebview2.exe)
2026-09-10 19:51:42 [argus.main] INFO EVENT: PROCESS_TERMINATED — PID 17316 (msedgewebview2.exe)
2026-09-10 19:51:42 [argus.main] INFO EVENT: PROCESS_TERMINATED — PID 416 (powershell.exe)
2026-09-10 19:51:42 [argus.main] INFO EVENT: PROCESS_TERMINATED — PID 15480 (conhost.exe)
2026-09-10 19:52:10 [argus.main] INFO EVENT: PROCESS_STARTED — PID 12580 (conhost.exe) parent=17532
2026-09-10 19:52:10 [argus.main] INFO EVENT: PROCESS_STARTED — PID 17532 (powershell.exe) parent=19040
2026-09-10 19:52:12 [argus.main] INFO EVENT: PROCESS_TERMINATED — PID 12580 (conhost.exe)
2026-09-10 19:52:12 [argus.main] INFO EVENT: PROCESS_TERMINATED — PID 17532 (powershell.exe)
2026-09-10 19:52:19 [argus.main] INFO EVENT: PROCESS_STARTED — PID 1552 (smartscreen.exe) parent=1596
2026-09-10 19:52:19 [argus.main] INFO EVENT: PROCESS_STARTED — PID 23060 (activate.exe) parent=6136
2026-09-10 19:52:22 [argus.main] INFO EVENT: PROCESS_STARTED — PID 17932 (svchost.exe) parent=1360
2026-09-10 19:52:24 [argus.main] INFO EVENT: PROCESS_STARTED — PID 20760 (svchost.exe) parent=1360
2026-09-10 19:52:24 [argus.main] INFO EVENT: PROCESS_TERMINATED — PID 23060 (activate.exe)
2026-09-10 19:52:42 [argus.main] INFO EVENT: PROCESS_STARTED — PID 2068 (<unknown-pid-2068>) parent=19040
2026-09-10 19:52:44 [argus.main] INFO EVENT: PROCESS_TERMINATED — PID 2068 (<unknown-pid-2068>)
2026-09-10 19:52:50 [argus.main] INFO EVENT: PROCESS_STARTED — PID 26088 (ipconfig.exe) parent=19040
2026-09-10 19:52:52 [argus.main] INFO EVENT: PROCESS_TERMINATED — PID 26088 (ipconfig.exe)
2026-09-10 19:53:18 [argus.main] INFO EVENT: PROCESS_TERMINATED — PID 18560 (msedge.exe)
2026-09-10 19:54:12 [argus.main] INFO EVENT: PROCESS_STARTED — PID 452 (ipconfig.exe) parent=19040
2026-09-10 19:54:14 [argus.main] INFO EVENT: PROCESS_TERMINATED — PID 452 (ipconfig.exe)
2026-09-10 19:54:16 [argus.main] INFO EVENT: PROCESS_STARTED — PID 1448 (conhost.exe) parent=24652
2026-09-10 19:54:17 [argus.main] INFO EVENT: PROCESS_STARTED — PID 24652 (powershell.exe) parent=19040
2026-09-10 19:54:19 [argus.main] INFO EVENT: PROCESS_STARTED — PID 11584 (updater.exe) parent=25144
2026-09-10 19:54:19 [argus.main] INFO EVENT: PROCESS_STARTED — PID 13408 (backgroundTaskHost.exe) parent=1596
2026-09-10 19:54:19 [argus.main] INFO EVENT: PROCESS_STARTED — PID 15784 (updater.exe) parent=23880
2026-09-10 19:54:19 [argus.main] INFO EVENT: PROCESS_STARTED — PID 21516 (updater.exe) parent=21712
2026-09-10 19:54:19 [argus.main] INFO EVENT: PROCESS_STARTED — PID 21712 (updater.exe) parent=1360
2026-09-10 19:54:19 [argus.main] INFO EVENT: PROCESS_STARTED — PID 23880 (updater.exe) parent=1360
2026-09-10 19:54:19 [argus.main] INFO EVENT: PROCESS_STARTED — PID 25144 (updater.exe) parent=2996
2026-09-10 19:54:19 [argus.main] INFO EVENT: PROCESS_TERMINATED — PID 1448 (conhost.exe)
2026-09-10 19:54:19 [argus.main] INFO EVENT: PROCESS_TERMINATED — PID 24652 (powershell.exe)
2026-09-10 19:54:23 [argus.main] INFO EVENT: PROCESS_TERMINATED — PID 20760 (svchost.exe)
2026-09-10 19:54:23 [argus.main] INFO EVENT: PROCESS_TERMINATED — PID 11584 (updater.exe)
2026-09-10 19:54:23 [argus.main] INFO EVENT: PROCESS_TERMINATED — PID 25144 (updater.exe)
2026-09-10 19:54:33 [argus.main] INFO EVENT: PROCESS_TERMINATED — PID 15784 (updater.exe)
2026-09-10 19:54:33 [argus.main] INFO EVENT: PROCESS_TERMINATED — PID 21516 (updater.exe)
2026-09-10 19:54:33 [argus.main] INFO EVENT: PROCESS_TERMINATED — PID 21712 (updater.exe)
2026-09-10 19:54:33 [argus.main] INFO EVENT: PROCESS_TERMINATED — PID 23880 (updater.exe)
2026-09-10 19:54:48 [argus.main] INFO EVENT: PROCESS_STARTED — PID 19568 (conhost.exe) parent=24588
2026-09-10 19:54:48 [argus.main] INFO EVENT: PROCESS_STARTED — PID 24588 (powershell.exe) parent=19040
2026-09-10 19:54:50 [argus.main] INFO EVENT: PROCESS_TERMINATED — PID 19568 (conhost.exe)
2026-09-10 19:54:50 [argus.main] INFO EVENT: PROCESS_TERMINATED — PID 24588 (powershell.exe)
2026-09-10 19:55:18 [argus.main] INFO EVENT: PROCESS_STARTED — PID 3252 (<unknown-pid-3252>) parent=8256
2026-09-10 19:55:20 [argus.main] INFO EVENT: PROCESS_TERMINATED — PID 13408 (backgroundTaskHost.exe)
2026-09-10 19:55:20 [argus.main] INFO EVENT: PROCESS_TERMINATED — PID 3252 (<unknown-pid-3252>)
2026-09-10 19:55:52 [argus.main] INFO EVENT: PROCESS_STARTED — PID 20692 (conhost.exe) parent=23848
2026-09-10 19:55:52 [argus.main] INFO EVENT: PROCESS_STARTED — PID 23848 (powershell.exe) parent=19040
2026-09-10 19:55:54 [argus.main] INFO EVENT: PROCESS_TERMINATED — PID 20692 (conhost.exe)
2026-09-10 19:55:54 [argus.main] INFO EVENT: PROCESS_TERMINATED — PID 23848 (powershell.exe)
2026-09-10 19:56:16 [argus.main] INFO EVENT: PROCESS_STARTED — PID 4968 (msedgewebview2.exe) parent=1280
2026-09-10 19:56:18 [argus.main] INFO EVENT: PROCESS_STARTED — PID 21392 (msedgewebview2.exe) parent=1280
2026-09-10 19:56:23 [argus.main] INFO EVENT: PROCESS_STARTED — PID 14980 (powershell.exe) parent=19040
2026-09-10 19:56:23 [argus.main] INFO EVENT: PROCESS_STARTED — PID 17860 (conhost.exe) parent=14980
2026-09-10 19:56:25 [argus.main] INFO EVENT: PROCESS_TERMINATED — PID 14980 (powershell.exe)
2026-09-10 19:56:25 [argus.main] INFO EVENT: PROCESS_TERMINATED — PID 17860 (conhost.exe)
2026-09-10 19:56:47 [argus.main] INFO EVENT: PROCESS_TERMINATED — PID 4968 (msedgewebview2.exe)
2026-09-10 19:56:51 [argus.main] INFO EVENT: PROCESS_TERMINATED — PID 21392 (msedgewebview2.exe)
2026-09-10 19:56:53 [argus.main] INFO EVENT: PROCESS_STARTED — PID 7940 (conhost.exe) parent=14548
2026-09-10 19:56:53 [argus.main] INFO EVENT: PROCESS_STARTED — PID 14548 (powershell.exe) parent=19040
2026-09-10 19:56:55 [argus.main] INFO EVENT: PROCESS_TERMINATED — PID 7940 (conhost.exe)
2026-09-10 19:56:55 [argus.main] INFO EVENT: PROCESS_TERMINATED — PID 14548 (powershell.exe)
2026-09-10 19:57:17 [argus.main] INFO EVENT: PROCESS_STARTED — PID 13128 (msedgewebview2.exe) parent=1280
2026-09-10 19:57:17 [argus.main] INFO EVENT: PROCESS_STARTED — PID 21960 (msedgewebview2.exe) parent=1280
2026-09-10 19:57:19 [argus.main] INFO EVENT: PROCESS_TERMINATED — PID 1552 (smartscreen.exe)
2026-09-10 19:57:25 [argus.main] INFO EVENT: PROCESS_STARTED — PID 14008 (powershell.exe) parent=19040
2026-09-10 19:57:26 [argus.main] INFO EVENT: PROCESS_STARTED — PID 23052 (conhost.exe) parent=14008
2026-09-10 19:57:28 [argus.main] INFO EVENT: PROCESS_TERMINATED — PID 14008 (powershell.exe)
2026-09-10 19:57:28 [argus.main] INFO EVENT: PROCESS_TERMINATED — PID 23052 (conhost.exe)
2026-09-10 19:57:38 [argus.main] INFO EVENT: PROCESS_STARTED — PID 4428 (ROUTE.EXE) parent=3532
2026-09-10 19:57:38 [argus.main] INFO EVENT: PROCESS_STARTED — PID 14364 (<unknown-pid-14364>) parent=none
2026-09-10 19:57:40 [argus.main] INFO EVENT: PROCESS_TERMINATED — PID 4428 (ROUTE.EXE)
2026-09-10 19:57:40 [argus.main] INFO EVENT: PROCESS_TERMINATED — PID 14364 (<unknown-pid-14364>)
2026-09-10 19:57:48 [argus.main] INFO EVENT: PROCESS_TERMINATED — PID 13128 (msedgewebview2.exe)
2026-09-10 19:57:50 [argus.main] INFO EVENT: PROCESS_TERMINATED — PID 21960 (msedgewebview2.exe)
2026-09-10 19:57:56 [argus.main] INFO EVENT: PROCESS_STARTED — PID 5648 (powershell.exe) parent=19040
2026-09-10 19:57:56 [argus.main] INFO EVENT: PROCESS_STARTED — PID 12080 (conhost.exe) parent=5648
2026-09-10 19:57:58 [argus.main] INFO EVENT: PROCESS_TERMINATED — PID 5648 (powershell.exe)
2026-09-10 19:57:58 [argus.main] INFO EVENT: PROCESS_TERMINATED — PID 12080 (conhost.exe)
2026-09-10 19:58:27 [argus.main] INFO EVENT: PROCESS_STARTED — PID 4284 (conhost.exe) parent=21188
2026-09-10 19:58:27 [argus.main] INFO EVENT: PROCESS_STARTED — PID 21188 (powershell.exe) parent=19040
2026-09-10 19:58:29 [argus.main] INFO EVENT: PROCESS_TERMINATED — PID 4284 (conhost.exe)
2026-09-10 19:58:29 [argus.main] INFO EVENT: PROCESS_TERMINATED — PID 21188 (powershell.exe)
2026-09-10 19:58:31 [argus.main] INFO EVENT: PROCESS_STARTED — PID 5500 (backgroundTaskHost.exe) parent=1596
2026-09-10 19:58:31 [argus.main] INFO EVENT: PROCESS_STARTED — PID 10724 (backgroundTaskHost.exe) parent=1596
2026-09-10 19:58:31 [argus.main] INFO EVENT: PROCESS_STARTED — PID 23880 (StoreDesktopExtension.exe) parent=1596
2026-09-10 19:58:59 [argus.main] INFO EVENT: PROCESS_STARTED — PID 18792 (conhost.exe) parent=21772
2026-09-10 19:58:59 [argus.main] INFO EVENT: PROCESS_STARTED — PID 21772 (powershell.exe) parent=19040
2026-09-10 19:59:01 [argus.main] INFO EVENT: PROCESS_TERMINATED — PID 18792 (conhost.exe)
2026-09-10 19:59:01 [argus.main] INFO EVENT: PROCESS_TERMINATED — PID 21772 (powershell.exe)
2026-09-10 19:59:29 [argus.main] INFO EVENT: PROCESS_STARTED — PID 2212 (conhost.exe) parent=20664
2026-09-10 19:59:29 [argus.main] INFO EVENT: PROCESS_STARTED — PID 20664 (powershell.exe) parent=19040
2026-09-10 19:59:31 [argus.main] INFO EVENT: PROCESS_TERMINATED — PID 5500 (backgroundTaskHost.exe)
2026-09-10 19:59:31 [argus.main] INFO EVENT: PROCESS_TERMINATED — PID 10724 (backgroundTaskHost.exe)
2026-09-10 19:59:31 [argus.main] INFO EVENT: PROCESS_TERMINATED — PID 23880 (StoreDesktopExtension.exe)
2026-09-10 19:59:31 [argus.main] INFO EVENT: PROCESS_TERMINATED — PID 2212 (conhost.exe)
2026-09-10 19:59:31 [argus.main] INFO EVENT: PROCESS_TERMINATED — PID 20664 (powershell.exe)
2026-09-10 19:59:33 [argus.main] INFO EVENT: PROCESS_TERMINATED — PID 8432 (svchost.exe)
2026-09-10 19:59:45 [argus.main] INFO EVENT: PROCESS_STARTED — PID 15800 (conhost.exe) parent=25996
2026-09-10 19:59:45 [argus.main] INFO EVENT: PROCESS_STARTED — PID 25996 (<unknown-pid-25996>) parent=none
2026-09-10 19:59:47 [argus.main] INFO EVENT: PROCESS_STARTED — PID 24380 (MoUsoCoreWorker.exe) parent=2476
2026-09-10 19:59:47 [argus.main] INFO EVENT: PROCESS_TERMINATED — PID 15800 (conhost.exe)
2026-09-10 19:59:48 [argus.main] INFO EVENT: PROCESS_TERMINATED — PID 25996 (<unknown-pid-25996>)
2026-09-10 20:00:02 [argus.main] INFO EVENT: PROCESS_STARTED — PID 7960 (conhost.exe) parent=14428
2026-09-10 20:00:02 [argus.main] INFO EVENT: PROCESS_STARTED — PID 14428 (powershell.exe) parent=19040
2026-09-10 20:00:04 [argus.main] INFO EVENT: PROCESS_TERMINATED — PID 7960 (conhost.exe)
2026-09-10 20:00:04 [argus.main] INFO EVENT: PROCESS_TERMINATED — PID 14428 (powershell.exe)
2026-09-10 20:00:32 [argus.main] INFO EVENT: PROCESS_STARTED — PID 21592 (powershell.exe) parent=19040
2026-09-10 20:00:32 [argus.main] INFO EVENT: PROCESS_STARTED — PID 22740 (conhost.exe) parent=21592
2026-09-10 20:00:34 [argus.main] INFO EVENT: PROCESS_TERMINATED — PID 21592 (powershell.exe)
2026-09-10 20:00:34 [argus.main] INFO EVENT: PROCESS_TERMINATED — PID 22740 (conhost.exe)
2026-09-10 20:00:48 [argus.main] INFO EVENT: PROCESS_TERMINATED — PID 24380 (MoUsoCoreWorker.exe)
2026-09-10 20:01:34 [argus.main] INFO EVENT: PROCESS_STARTED — PID 14848 (powershell.exe) parent=19040
2026-09-10 20:01:34 [argus.main] INFO EVENT: PROCESS_STARTED — PID 16444 (conhost.exe) parent=14848
2026-09-10 20:01:36 [argus.main] INFO EVENT: PROCESS_TERMINATED — PID 14848 (powershell.exe)
2026-09-10 20:01:36 [argus.main] INFO EVENT: PROCESS_TERMINATED — PID 16444 (conhost.exe)
2026-09-10 20:02:04 [argus.main] INFO EVENT: PROCESS_STARTED — PID 8488 (powershell.exe) parent=19040
2026-09-10 20:02:04 [argus.main] INFO EVENT: PROCESS_STARTED — PID 17576 (conhost.exe) parent=8488
2026-09-10 20:02:06 [argus.main] INFO EVENT: PROCESS_TERMINATED — PID 8488 (powershell.exe)
2026-09-10 20:02:07 [argus.main] INFO EVENT: PROCESS_TERMINATED — PID 17576 (conhost.exe)
2026-09-10 20:02:21 [argus.main] INFO EVENT: PROCESS_TERMINATED — PID 17932 (svchost.exe)
2026-09-10 20:02:23 [argus.main] INFO EVENT: PROCESS_STARTED — PID 12708 (ROUTE.EXE) parent=3532
2026-09-10 20:02:25 [argus.main] INFO EVENT: PROCESS_TERMINATED — PID 12708 (ROUTE.EXE)
2026-09-10 20:03:07 [argus.main] INFO EVENT: PROCESS_STARTED — PID 10392 (powershell.exe) parent=19040
2026-09-10 20:03:07 [argus.main] INFO EVENT: PROCESS_STARTED — PID 25928 (conhost.exe) parent=10392
2026-09-10 20:03:09 [argus.main] INFO EVENT: PROCESS_TERMINATED — PID 10392 (powershell.exe)
2026-09-10 20:03:09 [argus.main] INFO EVENT: PROCESS_TERMINATED — PID 25928 (conhost.exe)
2026-09-10 20:03:37 [argus.main] INFO EVENT: PROCESS_STARTED — PID 9972 (powershell.exe) parent=19040
2026-09-10 20:03:37 [argus.main] INFO EVENT: PROCESS_STARTED — PID 25208 (conhost.exe) parent=9972
2026-09-10 20:03:39 [argus.main] INFO EVENT: PROCESS_TERMINATED — PID 9972 (powershell.exe)
2026-09-10 20:03:39 [argus.main] INFO EVENT: PROCESS_TERMINATED — PID 25208 (conhost.exe)
2026-09-10 20:03:41 [argus.main] INFO EVENT: PROCESS_STARTED — PID 14968 (ROUTE.EXE) parent=19040
2026-09-10 20:03:41 [argus.main] INFO EVENT: PROCESS_STARTED — PID 23040 (<unknown-pid-23040>) parent=none
2026-09-10 20:03:43 [argus.main] INFO EVENT: PROCESS_TERMINATED — PID 14968 (ROUTE.EXE)
2026-09-10 20:03:43 [argus.main] INFO EVENT: PROCESS_TERMINATED — PID 23040 (<unknown-pid-23040>)
2026-09-10 20:04:07 [argus.main] INFO EVENT: PROCESS_STARTED — PID 18520 (conhost.exe) parent=24464
2026-09-10 20:04:08 [argus.main] INFO EVENT: PROCESS_STARTED — PID 24464 (powershell.exe) parent=19040
2026-09-10 20:04:10 [argus.main] INFO EVENT: PROCESS_TERMINATED — PID 18520 (conhost.exe)
2026-09-10 20:04:10 [argus.main] INFO EVENT: PROCESS_TERMINATED — PID 24464 (powershell.exe)
2026-09-10 20:04:40 [argus.main] INFO EVENT: PROCESS_STARTED — PID 10372 (ARP.EXE) parent=19040
2026-09-10 20:04:42 [argus.main] INFO EVENT: PROCESS_TERMINATED — PID 10372 (ARP.EXE)
2026-09-10 20:05:34 [argus.main] INFO EVENT: PROCESS_STARTED — PID 14156 (backgroundTaskHost.exe) parent=1596
2026-09-10 20:05:38 [argus.main] INFO EVENT: PROCESS_STARTED — PID 4596 (RuntimeBroker.exe) parent=1596
2026-09-10 20:05:38 [argus.main] INFO EVENT: PROCESS_STARTED — PID 12660 (svchost.exe) parent=1360
2026-09-10 20:05:38 [argus.main] INFO EVENT: PROCESS_STARTED — PID 20944 (RuntimeBroker.exe) parent=1596
2026-09-10 20:05:38 [argus.main] INFO EVENT: PROCESS_STARTED — PID 21640 (WmiPrvSE.exe) parent=1596
2026-09-10 20:05:39 [argus.main] INFO EVENT: PROCESS_STARTED — PID 24868 (svchost.exe) parent=1360
2026-09-10 20:05:41 [argus.main] INFO EVENT: PROCESS_STARTED — PID 9972 (sppsvc.exe) parent=1360
2026-09-10 20:05:41 [argus.main] INFO EVENT: PROCESS_STARTED — PID 17020 (taskhostw.exe) parent=2996
2026-09-10 20:05:43 [argus.main] INFO EVENT: PROCESS_STARTED — PID 13604 (conhost.exe) parent=14808
2026-09-10 20:05:43 [argus.main] INFO EVENT: PROCESS_STARTED — PID 14808 (powershell.exe) parent=19040
2026-09-10 20:05:43 [argus.main] INFO EVENT: PROCESS_STARTED — PID 23040 (svchost.exe) parent=1360
2026-09-10 20:05:45 [argus.main] INFO EVENT: PROCESS_TERMINATED — PID 13604 (conhost.exe)
2026-09-10 20:05:45 [argus.main] INFO EVENT: PROCESS_TERMINATED — PID 14808 (powershell.exe)
2026-09-10 20:05:47 [argus.main] INFO EVENT: PROCESS_TERMINATED — PID 17020 (taskhostw.exe)
2026-09-10 20:06:05 [argus.main] INFO EVENT: PROCESS_STARTED — PID 2068 (ROUTE.EXE) parent=3532
2026-09-10 20:06:08 [argus.main] INFO EVENT: PROCESS_TERMINATED — PID 2068 (ROUTE.EXE)
2026-09-10 20:06:12 [argus.main] INFO EVENT: PROCESS_STARTED — PID 26872 (ROUTE.EXE) parent=19040
2026-09-10 20:06:15 [argus.main] INFO EVENT: PROCESS_STARTED — PID 12068 (powershell.exe) parent=19040
2026-09-10 20:06:15 [argus.main] INFO EVENT: PROCESS_STARTED — PID 16052 (conhost.exe) parent=12068
2026-09-10 20:06:15 [argus.main] INFO EVENT: PROCESS_TERMINATED — PID 26872 (ROUTE.EXE)
2026-09-10 20:06:17 [argus.main] INFO EVENT: PROCESS_TERMINATED — PID 9972 (sppsvc.exe)
2026-09-10 20:06:17 [argus.main] INFO EVENT: PROCESS_TERMINATED — PID 12068 (powershell.exe)
2026-09-10 20:06:17 [argus.main] INFO EVENT: PROCESS_TERMINATED — PID 16052 (conhost.exe)
2026-09-10 20:06:19 [argus.main] INFO EVENT: PROCESS_TERMINATED — PID 4596 (RuntimeBroker.exe)
2026-09-10 20:06:29 [argus.main] INFO EVENT: PROCESS_STARTED — PID 7236 (<unknown-pid-7236>) parent=19040
2026-09-10 20:06:31 [argus.main] INFO EVENT: PROCESS_TERMINATED — PID 7236 (<unknown-pid-7236>)
2026-09-10 20:06:41 [argus.main] INFO EVENT: PROCESS_TERMINATED — PID 14156 (backgroundTaskHost.exe)
2026-09-10 20:06:41 [argus.main] INFO EVENT: PROCESS_TERMINATED — PID 24868 (svchost.exe)
2026-09-10 20:06:43 [argus.main] INFO EVENT: PROCESS_TERMINATED — PID 21640 (WmiPrvSE.exe)
2026-09-10 20:06:45 [argus.main] INFO EVENT: PROCESS_STARTED — PID 10620 (conhost.exe) parent=12708
2026-09-10 20:06:45 [argus.main] INFO EVENT: PROCESS_STARTED — PID 12708 (powershell.exe) parent=19040
2026-09-10 20:06:49 [argus.main] INFO EVENT: PROCESS_TERMINATED — PID 10620 (conhost.exe)
2026-09-10 20:06:49 [argus.main] INFO EVENT: PROCESS_TERMINATED — PID 12708 (powershell.exe)
2026-09-10 20:07:09 [argus.main] INFO EVENT: PROCESS_TERMINATED — PID 20944 (RuntimeBroker.exe)
2026-09-10 20:07:20 [argus.main] INFO EVENT: PROCESS_STARTED — PID 9672 (conhost.exe) parent=13712
2026-09-10 20:07:20 [argus.main] INFO EVENT: PROCESS_STARTED — PID 13712 (powershell.exe) parent=19040
2026-09-10 20:07:22 [argus.main] INFO EVENT: PROCESS_STARTED — PID 12412 (svchost.exe) parent=1360
2026-09-10 20:07:22 [argus.main] INFO EVENT: PROCESS_TERMINATED — PID 9672 (conhost.exe)
2026-09-10 20:07:22 [argus.main] INFO EVENT: PROCESS_TERMINATED — PID 13712 (powershell.exe)
2026-09-10 20:07:50 [argus.main] INFO EVENT: PROCESS_STARTED — PID 5300 (powershell.exe) parent=19040
2026-09-10 20:07:50 [argus.main] INFO EVENT: PROCESS_STARTED — PID 27428 (conhost.exe) parent=5300
2026-09-10 20:07:52 [argus.main] INFO EVENT: PROCESS_TERMINATED — PID 5300 (powershell.exe)
2026-09-10 20:07:52 [argus.main] INFO EVENT: PROCESS_TERMINATED — PID 27428 (conhost.exe)
2026-09-10 20:08:20 [argus.main] INFO EVENT: PROCESS_STARTED — PID 5500 (conhost.exe) parent=23188
2026-09-10 20:08:20 [argus.main] INFO EVENT: PROCESS_STARTED — PID 23188 (powershell.exe) parent=19040
2026-09-10 20:08:22 [argus.main] INFO EVENT: PROCESS_TERMINATED — PID 5500 (conhost.exe)
2026-09-10 20:08:22 [argus.main] INFO EVENT: PROCESS_TERMINATED — PID 23188 (powershell.exe)
2026-09-10 20:08:24 [argus.main] INFO EVENT: PROCESS_STARTED — PID 9424 (ipconfig.exe) parent=19040
2026-09-10 20:08:24 [argus.main] INFO EVENT: PROCESS_STARTED — PID 25560 (<unknown-pid-25560>) parent=none
2026-09-10 20:08:26 [argus.main] INFO EVENT: PROCESS_TERMINATED — PID 9424 (ipconfig.exe)
2026-09-10 20:08:26 [argus.main] INFO EVENT: PROCESS_TERMINATED — PID 25560 (<unknown-pid-25560>)
2026-09-10 20:08:30 [argus.main] INFO EVENT: PROCESS_STARTED — PID 1952 (ROUTE.EXE) parent=3532
2026-09-10 20:08:33 [argus.main] INFO EVENT: PROCESS_TERMINATED — PID 1952 (ROUTE.EXE)
2026-09-10 20:08:43 [argus.main] INFO EVENT: PROCESS_TERMINATED — PID 23040 (svchost.exe)
2026-09-10 20:08:51 [argus.main] INFO EVENT: PROCESS_STARTED — PID 19596 (conhost.exe) parent=20600
2026-09-10 20:08:51 [argus.main] INFO EVENT: PROCESS_STARTED — PID 20600 (powershell.exe) parent=19040
2026-09-10 20:08:53 [argus.main] INFO EVENT: PROCESS_TERMINATED — PID 19596 (conhost.exe)
2026-09-10 20:08:53 [argus.main] INFO EVENT: PROCESS_TERMINATED — PID 20600 (powershell.exe)
2026-09-10 20:09:21 [argus.main] INFO EVENT: PROCESS_STARTED — PID 17244 (conhost.exe) parent=20460
2026-09-10 20:09:21 [argus.main] INFO EVENT: PROCESS_STARTED — PID 20460 (powershell.exe) parent=19040
2026-09-10 20:09:23 [argus.main] INFO EVENT: PROCESS_TERMINATED — PID 17244 (conhost.exe)
2026-09-10 20:09:23 [argus.main] INFO EVENT: PROCESS_TERMINATED — PID 20460 (powershell.exe)
2026-09-10 20:09:53 [argus.main] INFO EVENT: PROCESS_STARTED — PID 2400 (powershell.exe) parent=19040
2026-09-10 20:09:55 [argus.main] INFO EVENT: PROCESS_TERMINATED — PID 2400 (powershell.exe)
2026-09-10 20:10:28 [argus.main] INFO EVENT: PROCESS_STARTED — PID 15800 (svchost.exe) parent=1360
2026-09-10 20:10:34 [argus.main] INFO EVENT: PROCESS_STARTED — PID 5172 (backgroundTaskHost.exe) parent=1596
2026-09-10 20:10:34 [argus.main] INFO EVENT: PROCESS_STARTED — PID 7152 (backgroundTaskHost.exe) parent=1596
2026-09-10 20:10:36 [argus.main] INFO EVENT: PROCESS_STARTED — PID 10516 (PhoneExperienceHost.exe) parent=1596
2026-09-10 20:10:42 [argus.main] INFO EVENT: PROCESS_STARTED — PID 5032 (svchost.exe) parent=1360
2026-09-10 20:10:42 [argus.main] INFO EVENT: PROCESS_TERMINATED — PID 12660 (svchost.exe)
2026-09-10 20:10:42 [argus.main] INFO EVENT: PROCESS_TERMINATED — PID 7152 (backgroundTaskHost.exe)
2026-09-10 20:10:46 [argus.main] INFO EVENT: PROCESS_TERMINATED — PID 27300 (opencode.exe)
2026-09-10 20:10:52 [argus.main] INFO EVENT: PROCESS_STARTED — PID 21076 (ipconfig.exe) parent=19040
2026-09-10 20:10:54 [argus.main] INFO EVENT: PROCESS_STARTED — PID 2916 (powershell.exe) parent=19040
2026-09-10 20:10:54 [argus.main] INFO EVENT: PROCESS_STARTED — PID 26484 (conhost.exe) parent=2916
2026-09-10 20:10:54 [argus.main] INFO EVENT: PROCESS_TERMINATED — PID 21076 (ipconfig.exe)
2026-09-10 20:10:56 [argus.main] INFO EVENT: PROCESS_TERMINATED — PID 2916 (powershell.exe)
2026-09-10 20:10:56 [argus.main] INFO EVENT: PROCESS_TERMINATED — PID 26484 (conhost.exe)
2026-09-10 20:11:00 [argus.main] INFO EVENT: PROCESS_STARTED — PID 21732 (opencode.exe) parent=5688
2026-09-10 20:11:08 [argus.main] INFO EVENT: PROCESS_STARTED — PID 16752 (conhost.exe) parent=21360
2026-09-10 20:11:09 [argus.main] INFO EVENT: PROCESS_STARTED — PID 21360 (<unknown-pid-21360>) parent=none
2026-09-10 20:11:11 [argus.main] INFO EVENT: PROCESS_TERMINATED — PID 16752 (conhost.exe)
2026-09-10 20:11:11 [argus.main] INFO EVENT: PROCESS_TERMINATED — PID 21360 (<unknown-pid-21360>)
2026-09-10 20:11:25 [argus.main] INFO EVENT: PROCESS_STARTED — PID 12424 (powershell.exe) parent=19040
2026-09-10 20:11:25 [argus.main] INFO EVENT: PROCESS_STARTED — PID 18740 (conhost.exe) parent=12424
2026-09-10 20:11:27 [argus.main] INFO EVENT: PROCESS_TERMINATED — PID 12424 (powershell.exe)
2026-09-10 20:11:27 [argus.main] INFO EVENT: PROCESS_TERMINATED — PID 18740 (conhost.exe)
2026-09-10 20:11:29 [argus.main] INFO EVENT: PROCESS_STARTED — PID 16280 (msedgewebview2.exe) parent=1280
2026-09-10 20:11:31 [argus.main] INFO EVENT: PROCESS_STARTED — PID 24148 (msedgewebview2.exe) parent=1280
2026-09-10 20:11:38 [argus.main] INFO EVENT: PROCESS_STARTED — PID 10120 (svchost.exe) parent=1360
2026-09-10 20:11:38 [argus.main] INFO EVENT: PROCESS_TERMINATED — PID 5172 (backgroundTaskHost.exe)
2026-09-10 20:11:40 [argus.main] INFO EVENT: PROCESS_STARTED — PID 2520 (OAWrapper.exe) parent=2180
2026-09-10 20:11:40 [argus.main] INFO EVENT: PROCESS_STARTED — PID 10748 (conhost.exe) parent=2520
2026-09-10 20:11:42 [argus.main] INFO EVENT: PROCESS_TERMINATED — PID 2520 (OAWrapper.exe)
2026-09-10 20:11:42 [argus.main] INFO EVENT: PROCESS_TERMINATED — PID 10748 (conhost.exe)
2026-09-10 20:11:47 [argus.main] INFO EVENT: PROCESS_STARTED — PID 18024 (ROUTE.EXE) parent=3532
2026-09-10 20:11:49 [argus.main] INFO EVENT: PROCESS_TERMINATED — PID 10516 (PhoneExperienceHost.exe)
2026-09-10 20:11:49 [argus.main] INFO EVENT: PROCESS_TERMINATED — PID 18024 (ROUTE.EXE)
2026-09-10 20:11:57 [argus.main] INFO EVENT: PROCESS_STARTED — PID 21784 (powershell.exe) parent=19040
2026-09-10 20:11:57 [argus.main] INFO EVENT: PROCESS_STARTED — PID 23960 (conhost.exe) parent=21784
2026-09-10 20:11:59 [argus.main] INFO EVENT: PROCESS_TERMINATED — PID 16280 (msedgewebview2.exe)
2026-09-10 20:11:59 [argus.main] INFO EVENT: PROCESS_TERMINATED — PID 21784 (powershell.exe)
2026-09-10 20:11:59 [argus.main] INFO EVENT: PROCESS_TERMINATED — PID 23960 (conhost.exe)
2026-09-10 20:12:01 [argus.main] INFO EVENT: PROCESS_STARTED — PID 15036 (conhost.exe) parent=26820
2026-09-10 20:12:03 [argus.main] INFO EVENT: PROCESS_TERMINATED — PID 24148 (msedgewebview2.exe)
2026-09-10 20:12:03 [argus.main] INFO EVENT: PROCESS_TERMINATED — PID 15036 (conhost.exe)
2026-09-10 20:12:17 [argus.main] INFO EVENT: PROCESS_STARTED — PID 2576 (ROUTE.EXE) parent=19040
2026-09-10 20:12:17 [argus.main] INFO EVENT: PROCESS_STARTED — PID 13604 (<unknown-pid-13604>) parent=none
2026-09-10 20:12:19 [argus.main] INFO EVENT: PROCESS_TERMINATED — PID 2576 (ROUTE.EXE)
2026-09-10 20:12:19 [argus.main] INFO EVENT: PROCESS_TERMINATED — PID 13604 (<unknown-pid-13604>)
2026-09-10 20:12:26 [argus.main] INFO EVENT: PROCESS_STARTED — PID 10448 (powershell.exe) parent=21732
2026-09-10 20:12:26 [argus.main] INFO EVENT: PROCESS_STARTED — PID 10632 (conhost.exe) parent=10448
2026-09-10 20:12:28 [argus.main] INFO EVENT: PROCESS_STARTED — PID 3792 (cmd.exe) parent=21732
2026-09-10 20:12:28 [argus.main] INFO EVENT: PROCESS_STARTED — PID 10456 (conhost.exe) parent=11252
2026-09-10 20:12:28 [argus.main] INFO EVENT: PROCESS_STARTED — PID 11252 (powershell.exe) parent=19040
2026-09-10 20:12:28 [argus.main] INFO EVENT: PROCESS_TERMINATED — PID 10448 (powershell.exe)
2026-09-10 20:12:28 [argus.main] INFO EVENT: PROCESS_TERMINATED — PID 10632 (conhost.exe)
2026-09-10 20:12:30 [argus.main] INFO EVENT: PROCESS_STARTED — PID 13496 (msedgewebview2.exe) parent=1280
2026-09-10 20:12:30 [argus.main] INFO EVENT: PROCESS_STARTED — PID 15108 (msedgewebview2.exe) parent=1280
2026-09-10 20:12:30 [argus.main] INFO EVENT: PROCESS_TERMINATED — PID 3792 (cmd.exe)
2026-09-10 20:12:30 [argus.main] INFO EVENT: PROCESS_TERMINATED — PID 10456 (conhost.exe)
2026-09-10 20:12:30 [argus.main] INFO EVENT: PROCESS_TERMINATED — PID 11252 (powershell.exe)
2026-09-10 20:13:01 [argus.main] INFO EVENT: PROCESS_STARTED — PID 5816 (powershell.exe) parent=19040
2026-09-10 20:13:01 [argus.main] INFO EVENT: PROCESS_STARTED — PID 11688 (conhost.exe) parent=5816
2026-09-10 20:13:03 [argus.main] INFO EVENT: PROCESS_TERMINATED — PID 5816 (powershell.exe)
2026-09-10 20:13:03 [argus.main] INFO EVENT: PROCESS_TERMINATED — PID 11688 (conhost.exe)
2026-09-10 20:13:07 [argus.main] INFO EVENT: PROCESS_STARTED — PID 3652 (taskkill.exe) parent=11568
2026-09-10 20:13:07 [argus.main] INFO EVENT: PROCESS_STARTED — PID 10308 (conhost.exe) parent=11568
2026-09-10 20:13:07 [argus.main] INFO EVENT: PROCESS_STARTED — PID 11568 (cmd.exe) parent=21732
2026-09-10 20:13:09 [argus.main] INFO EVENT: PROCESS_TERMINATED — PID 3652 (taskkill.exe)
2026-09-10 20:13:09 [argus.main] INFO EVENT: PROCESS_TERMINATED — PID 10308 (conhost.exe)
2026-09-10 20:13:09 [argus.main] INFO EVENT: PROCESS_TERMINATED — PID 11568 (cmd.exe)
2026-09-10 20:13:17 [argus.main] INFO EVENT: PROCESS_TERMINATED — PID 13496 (msedgewebview2.exe)
2026-09-10 20:13:19 [argus.main] INFO EVENT: PROCESS_TERMINATED — PID 15108 (msedgewebview2.exe)
2026-09-10 20:13:33 [argus.main] INFO EVENT: PROCESS_STARTED — PID 20332 (conhost.exe) parent=25944
2026-09-10 20:13:34 [argus.main] INFO EVENT: PROCESS_STARTED — PID 25944 (powershell.exe) parent=19040
2026-09-10 20:13:36 [argus.main] INFO EVENT: PROCESS_TERMINATED — PID 20332 (conhost.exe)
2026-09-10 20:13:36 [argus.main] INFO EVENT: PROCESS_TERMINATED — PID 25944 (powershell.exe)
2026-09-10 20:13:38 [argus.main] INFO EVENT: PROCESS_STARTED — PID 27628 (ROUTE.EXE) parent=3532
2026-09-10 20:13:38 [argus.main] INFO EVENT: PROCESS_TERMINATED — PID 19036 (msedge.exe)
2026-09-10 20:13:38 [argus.main] INFO EVENT: PROCESS_TERMINATED — PID 23296 (msedge.exe)
2026-09-10 20:13:38 [argus.main] INFO EVENT: PROCESS_TERMINATED — PID 14184 (msedge.exe)
2026-09-10 20:13:40 [argus.main] INFO EVENT: PROCESS_TERMINATED — PID 27628 (ROUTE.EXE)
2026-09-10 20:13:48 [argus.main] INFO EVENT: PROCESS_STARTED — PID 6008 (rg.exe) parent=21732
2026-09-10 20:13:49 [argus.main] INFO EVENT: PROCESS_STARTED — PID 13820 (msedgewebview2.exe) parent=1280
2026-09-10 20:13:49 [argus.main] INFO EVENT: PROCESS_STARTED — PID 18112 (rg.exe) parent=21732
2026-09-10 20:13:49 [argus.main] INFO EVENT: PROCESS_STARTED — PID 20152 (powershell.exe) parent=21732
2026-09-10 20:13:49 [argus.main] INFO EVENT: PROCESS_STARTED — PID 21196 (msedgewebview2.exe) parent=1280
2026-09-10 20:13:49 [argus.main] INFO EVENT: PROCESS_STARTED — PID 27016 (conhost.exe) parent=20152
2026-09-10 20:13:52 [argus.main] INFO EVENT: PROCESS_TERMINATED — PID 6008 (rg.exe)
2026-09-10 20:13:52 [argus.main] INFO EVENT: PROCESS_TERMINATED — PID 18112 (rg.exe)
2026-09-10 20:13:52 [argus.main] INFO EVENT: PROCESS_TERMINATED — PID 20152 (powershell.exe)
2026-09-10 20:13:52 [argus.main] INFO EVENT: PROCESS_TERMINATED — PID 27016 (conhost.exe)
2026-09-10 20:13:54 [argus.main] INFO EVENT: PROCESS_STARTED — PID 15796 (ROUTE.EXE) parent=3532
2026-09-10 20:13:57 [argus.main] INFO EVENT: PROCESS_STARTED — PID 2616 (conhost.exe) parent=10112
2026-09-10 20:13:57 [argus.main] INFO EVENT: PROCESS_STARTED — PID 5024 (rg.exe) parent=21732
2026-09-10 20:13:57 [argus.main] INFO EVENT: PROCESS_STARTED — PID 10112 (rg.exe) parent=21732
2026-09-10 20:13:57 [argus.main] INFO EVENT: PROCESS_STARTED — PID 11164 (conhost.exe) parent=5024
2026-09-10 20:13:57 [argus.main] INFO EVENT: PROCESS_STARTED — PID 25880 (conhost.exe) parent=26132
2026-09-10 20:13:57 [argus.main] INFO EVENT: PROCESS_STARTED — PID 26132 (rg.exe) parent=21732
2026-09-10 20:13:57 [argus.main] INFO EVENT: PROCESS_TERMINATED — PID 15796 (ROUTE.EXE)
2026-09-10 20:14:04 [argus.main] INFO EVENT: PROCESS_STARTED — PID 584 (conhost.exe) parent=26888
2026-09-10 20:14:04 [argus.main] INFO EVENT: PROCESS_STARTED — PID 26888 (powershell.exe) parent=19040
2026-09-10 20:14:04 [argus.main] INFO EVENT: PROCESS_TERMINATED — PID 2616 (conhost.exe)
2026-09-10 20:14:04 [argus.main] INFO EVENT: PROCESS_TERMINATED — PID 5024 (rg.exe)
2026-09-10 20:14:04 [argus.main] INFO EVENT: PROCESS_TERMINATED — PID 10112 (rg.exe)
2026-09-10 20:14:05 [argus.main] INFO EVENT: PROCESS_TERMINATED — PID 11164 (conhost.exe)
2026-09-10 20:14:05 [argus.main] INFO EVENT: PROCESS_TERMINATED — PID 25880 (conhost.exe)
2026-09-10 20:14:05 [argus.main] INFO EVENT: PROCESS_TERMINATED — PID 26132 (rg.exe)
2026-09-10 20:14:07 [argus.main] INFO EVENT: PROCESS_TERMINATED — PID 584 (conhost.exe)
2026-09-10 20:14:07 [argus.main] INFO EVENT: PROCESS_TERMINATED — PID 26888 (powershell.exe)
2026-09-10 20:14:13 [argus.main] INFO EVENT: PROCESS_STARTED — PID 3848 (rg.exe) parent=21732
2026-09-10 20:14:13 [argus.main] INFO EVENT: PROCESS_STARTED — PID 5728 (conhost.exe) parent=24620
2026-09-10 20:14:13 [argus.main] INFO EVENT: PROCESS_STARTED — PID 24620 (rg.exe) parent=21732
2026-09-10 20:14:15 [argus.main] INFO EVENT: PROCESS_STARTED — PID 9180 (conhost.exe) parent=23768
2026-09-10 20:14:15 [argus.main] INFO EVENT: PROCESS_STARTED — PID 12108 (<unknown-pid-12108>) parent=none
2026-09-10 20:14:15 [argus.main] INFO EVENT: PROCESS_STARTED — PID 23768 (rg.exe) parent=21732
2026-09-10 20:14:15 [argus.main] INFO EVENT: PROCESS_TERMINATED — PID 3848 (rg.exe)
2026-09-10 20:14:18 [argus.main] INFO EVENT: PROCESS_TERMINATED — PID 21196 (msedgewebview2.exe)
2026-09-10 20:14:18 [argus.main] INFO EVENT: PROCESS_TERMINATED — PID 5728 (conhost.exe)
2026-09-10 20:14:18 [argus.main] INFO EVENT: PROCESS_TERMINATED — PID 24620 (rg.exe)
2026-09-10 20:14:18 [argus.main] INFO EVENT: PROCESS_TERMINATED — PID 12108 (<unknown-pid-12108>)
2026-09-10 20:14:20 [argus.main] INFO EVENT: PROCESS_TERMINATED — PID 13820 (msedgewebview2.exe)
2026-09-10 20:14:20 [argus.main] INFO EVENT: PROCESS_TERMINATED — PID 9180 (conhost.exe)
2026-09-10 20:14:20 [argus.main] INFO EVENT: PROCESS_TERMINATED — PID 23768 (rg.exe)
2026-09-10 20:14:34 [argus.main] INFO EVENT: PROCESS_STARTED — PID 11800 (powershell.exe) parent=19040
2026-09-10 20:14:34 [argus.main] INFO EVENT: PROCESS_STARTED — PID 20272 (conhost.exe) parent=11800
2026-09-10 20:14:36 [argus.main] INFO EVENT: PROCESS_STARTED — PID 14996 (msedgewebview2.exe) parent=1280
2026-09-10 20:14:36 [argus.main] INFO EVENT: PROCESS_TERMINATED — PID 11800 (powershell.exe)
2026-09-10 20:14:36 [argus.main] INFO EVENT: PROCESS_TERMINATED — PID 20272 (conhost.exe)
2026-09-10 20:14:38 [argus.main] INFO EVENT: PROCESS_STARTED — PID 10564 (msedgewebview2.exe) parent=1280
2026-09-10 20:14:44 [argus.main] INFO EVENT: PROCESS_STARTED — PID 19036 (ROUTE.EXE) parent=19040
2026-09-10 20:14:46 [argus.main] INFO EVENT: PROCESS_TERMINATED — PID 19036 (ROUTE.EXE)
2026-09-10 20:15:04 [argus.main] INFO EVENT: PROCESS_STARTED — PID 22912 (conhost.exe) parent=25988
2026-09-10 20:15:04 [argus.main] INFO EVENT: PROCESS_STARTED — PID 25988 (powershell.exe) parent=19040
2026-09-10 20:15:06 [argus.main] INFO EVENT: PROCESS_TERMINATED — PID 14996 (msedgewebview2.exe)
2026-09-10 20:15:08 [argus.main] INFO EVENT: PROCESS_TERMINATED — PID 10564 (msedgewebview2.exe)
2026-09-10 20:15:08 [argus.main] INFO EVENT: PROCESS_TERMINATED — PID 22912 (conhost.exe)
2026-09-10 20:15:08 [argus.main] INFO EVENT: PROCESS_TERMINATED — PID 25988 (powershell.exe)
2026-09-10 20:15:17 [argus.main] INFO EVENT: PROCESS_STARTED — PID 1320 (ipconfig.exe) parent=19040
2026-09-10 20:15:19 [argus.main] INFO EVENT: PROCESS_TERMINATED — PID 1320 (ipconfig.exe)
2026-09-10 20:15:35 [argus.main] INFO EVENT: PROCESS_STARTED — PID 6408 (conhost.exe) parent=16600
2026-09-10 20:15:35 [argus.main] INFO EVENT: PROCESS_STARTED — PID 16600 (<unknown-pid-16600>) parent=none
2026-09-10 20:15:37 [argus.main] INFO EVENT: PROCESS_STARTED — PID 3312 (msedgewebview2.exe) parent=1280
2026-09-10 20:15:37 [argus.main] INFO EVENT: PROCESS_STARTED — PID 6100 (conhost.exe) parent=12732
2026-09-10 20:15:37 [argus.main] INFO EVENT: PROCESS_STARTED — PID 12732 (powershell.exe) parent=19040
2026-09-10 20:15:37 [argus.main] INFO EVENT: PROCESS_STARTED — PID 20128 (msedgewebview2.exe) parent=1280
2026-09-10 20:15:37 [argus.main] INFO EVENT: PROCESS_TERMINATED — PID 6408 (conhost.exe)
2026-09-10 20:15:38 [argus.main] INFO EVENT: PROCESS_TERMINATED — PID 16600 (<unknown-pid-16600>)
2026-09-10 20:15:42 [argus.main] INFO EVENT: PROCESS_TERMINATED — PID 5032 (svchost.exe)
2026-09-10 20:15:42 [argus.main] INFO EVENT: PROCESS_TERMINATED — PID 6100 (conhost.exe)
2026-09-10 20:15:42 [argus.main] INFO EVENT: PROCESS_TERMINATED — PID 12732 (powershell.exe)
2026-09-10 20:15:50 [argus.main] INFO EVENT: PROCESS_STARTED — PID 22148 (conhost.exe) parent=23044
2026-09-10 20:15:50 [argus.main] INFO EVENT: PROCESS_STARTED — PID 23044 (<unknown-pid-23044>) parent=none
2026-09-10 20:15:52 [argus.main] INFO EVENT: PROCESS_TERMINATED — PID 22148 (conhost.exe)
2026-09-10 20:15:52 [argus.main] INFO EVENT: PROCESS_TERMINATED — PID 23044 (<unknown-pid-23044>)
2026-09-10 20:16:10 [argus.main] INFO EVENT: PROCESS_STARTED — PID 12620 (conhost.exe) parent=14728
2026-09-10 20:16:10 [argus.main] INFO EVENT: PROCESS_STARTED — PID 14728 (powershell.exe) parent=19040
2026-09-10 20:16:14 [argus.main] INFO EVENT: PROCESS_TERMINATED — PID 12620 (conhost.exe)
2026-09-10 20:16:14 [argus.main] INFO EVENT: PROCESS_TERMINATED — PID 14728 (powershell.exe)
2026-09-10 20:16:18 [argus.main] INFO EVENT: PROCESS_TERMINATED — PID 20128 (msedgewebview2.exe)
2026-09-10 20:16:20 [argus.main] INFO EVENT: PROCESS_TERMINATED — PID 3312 (msedgewebview2.exe)
2026-09-10 20:16:42 [argus.main] INFO EVENT: PROCESS_STARTED — PID 9960 (powershell.exe) parent=19040
2026-09-10 20:16:42 [argus.main] INFO EVENT: PROCESS_STARTED — PID 15208 (conhost.exe) parent=9960
2026-09-10 20:16:44 [argus.main] INFO EVENT: PROCESS_TERMINATED — PID 9960 (powershell.exe)
2026-09-10 20:16:44 [argus.main] INFO EVENT: PROCESS_TERMINATED — PID 15208 (conhost.exe)
2026-09-10 20:16:48 [argus.main] INFO EVENT: PROCESS_STARTED — PID 5748 (msedgewebview2.exe) parent=1280
2026-09-10 20:16:49 [argus.main] INFO EVENT: PROCESS_STARTED — PID 20888 (msedgewebview2.exe) parent=1280
2026-09-10 20:17:09 [argus.main] INFO EVENT: PROCESS_TERMINATED — PID 10120 (svchost.exe)
2026-09-10 20:17:15 [argus.main] INFO EVENT: PROCESS_STARTED — PID 2424 (conhost.exe) parent=18676
2026-09-10 20:17:15 [argus.main] INFO EVENT: PROCESS_STARTED — PID 18676 (powershell.exe) parent=19040
2026-09-10 20:17:17 [argus.main] INFO EVENT: PROCESS_TERMINATED — PID 2424 (conhost.exe)
2026-09-10 20:17:17 [argus.main] INFO EVENT: PROCESS_TERMINATED — PID 18676 (powershell.exe)
2026-09-10 20:17:19 [argus.main] INFO EVENT: PROCESS_TERMINATED — PID 5748 (msedgewebview2.exe)
2026-09-10 20:17:19 [argus.main] INFO EVENT: PROCESS_TERMINATED — PID 20888 (msedgewebview2.exe)
2026-09-10 20:17:21 [argus.main] INFO EVENT: PROCESS_TERMINATED — PID 12412 (svchost.exe)
2026-09-10 20:17:25 [argus.main] INFO EVENT: PROCESS_STARTED — PID 24992 (ROUTE.EXE) parent=19040
2026-09-10 20:17:25 [argus.main] INFO EVENT: PROCESS_STARTED — PID 26988 (<unknown-pid-26988>) parent=none
2026-09-10 20:17:27 [argus.main] INFO EVENT: PROCESS_TERMINATED — PID 24992 (ROUTE.EXE)
2026-09-10 20:17:27 [argus.main] INFO EVENT: PROCESS_TERMINATED — PID 26988 (<unknown-pid-26988>)
2026-09-10 20:17:41 [argus.main] INFO EVENT: PROCESS_STARTED — PID 7952 (ROUTE.EXE) parent=19040
2026-09-10 20:17:41 [argus.main] INFO EVENT: PROCESS_STARTED — PID 14528 (<unknown-pid-14528>) parent=7952
2026-09-10 20:17:43 [argus.main] INFO EVENT: PROCESS_TERMINATED — PID 7952 (ROUTE.EXE)
2026-09-10 20:17:43 [argus.main] INFO EVENT: PROCESS_TERMINATED — PID 14528 (<unknown-pid-14528>)
2026-09-10 20:17:45 [argus.main] INFO EVENT: PROCESS_STARTED — PID 8256 (conhost.exe) parent=24408
2026-09-10 20:17:45 [argus.main] INFO EVENT: PROCESS_STARTED — PID 24408 (powershell.exe) parent=19040
2026-09-10 20:17:47 [argus.main] INFO EVENT: PROCESS_TERMINATED — PID 8256 (conhost.exe)
2026-09-10 20:17:47 [argus.main] INFO EVENT: PROCESS_TERMINATED — PID 24408 (powershell.exe)
2026-09-10 20:18:01 [argus.main] INFO EVENT: PROCESS_STARTED — PID 21576 (backgroundTaskHost.exe) parent=1596
2026-09-10 20:18:02 [argus.main] INFO EVENT: PROCESS_STARTED — PID 27236 (svchost.exe) parent=1360
2026-09-10 20:18:04 [argus.main] INFO EVENT: PROCESS_STARTED — PID 14888 (svchost.exe) parent=1360
2026-09-10 20:18:04 [argus.main] INFO EVENT: PROCESS_STARTED — PID 18628 (RuntimeBroker.exe) parent=1596
2026-09-10 20:18:18 [argus.main] INFO EVENT: PROCESS_STARTED — PID 8812 (conhost.exe) parent=12260
2026-09-10 20:18:18 [argus.main] INFO EVENT: PROCESS_STARTED — PID 12260 (powershell.exe) parent=19040
2026-09-10 20:18:20 [argus.main] INFO EVENT: PROCESS_TERMINATED — PID 8812 (conhost.exe)
2026-09-10 20:18:20 [argus.main] INFO EVENT: PROCESS_TERMINATED — PID 12260 (powershell.exe)
2026-09-10 20:18:48 [argus.main] INFO EVENT: PROCESS_STARTED — PID 8264 (conhost.exe) parent=26996
2026-09-10 20:18:48 [argus.main] INFO EVENT: PROCESS_STARTED — PID 26996 (powershell.exe) parent=19040
2026-09-10 20:18:51 [argus.main] INFO EVENT: PROCESS_TERMINATED — PID 8264 (conhost.exe)
2026-09-10 20:18:51 [argus.main] INFO EVENT: PROCESS_TERMINATED — PID 26996 (powershell.exe)
2026-09-10 20:19:05 [argus.main] INFO EVENT: PROCESS_TERMINATED — PID 21576 (backgroundTaskHost.exe)
2026-09-10 20:19:21 [argus.main] INFO EVENT: PROCESS_STARTED — PID 20964 (powershell.exe) parent=19040
2026-09-10 20:19:21 [argus.main] INFO EVENT: PROCESS_STARTED — PID 21076 (conhost.exe) parent=20964
2026-09-10 20:19:23 [argus.main] INFO EVENT: PROCESS_TERMINATED — PID 20964 (powershell.exe)
2026-09-10 20:19:23 [argus.main] INFO EVENT: PROCESS_TERMINATED — PID 21076 (conhost.exe)
2026-09-10 20:19:31 [argus.main] INFO EVENT: PROCESS_STARTED — PID 3632 (ROUTE.EXE) parent=19040
2026-09-10 20:19:33 [argus.main] INFO EVENT: PROCESS_TERMINATED — PID 3632 (ROUTE.EXE)
2026-09-10 20:19:35 [argus.main] INFO EVENT: PROCESS_TERMINATED — PID 18628 (RuntimeBroker.exe)
2026-09-10 20:19:51 [argus.main] INFO EVENT: PROCESS_STARTED — PID 12064 (powershell.exe) parent=19040
2026-09-10 20:19:51 [argus.main] INFO EVENT: PROCESS_STARTED — PID 12788 (conhost.exe) parent=12064
2026-09-10 20:19:53 [argus.main] INFO EVENT: PROCESS_TERMINATED — PID 12064 (powershell.exe)
2026-09-10 20:19:53 [argus.main] INFO EVENT: PROCESS_TERMINATED — PID 12788 (conhost.exe)
2026-09-10 20:20:23 [argus.main] INFO EVENT: PROCESS_STARTED — PID 15612 (powershell.exe) parent=19040
2026-09-10 20:20:24 [argus.main] INFO EVENT: PROCESS_STARTED — PID 24928 (conhost.exe) parent=15612
2026-09-10 20:20:26 [argus.main] INFO EVENT: PROCESS_TERMINATED — PID 15612 (powershell.exe)
2026-09-10 20:20:26 [argus.main] INFO EVENT: PROCESS_TERMINATED — PID 24928 (conhost.exe)
2026-09-10 20:20:38 [argus.main] INFO EVENT: PROCESS_STARTED — PID 14428 (<unknown-pid-14428>) parent=none
2026-09-10 20:20:40 [argus.main] INFO EVENT: PROCESS_TERMINATED — PID 14428 (<unknown-pid-14428>)
2026-09-10 20:20:54 [argus.main] INFO EVENT: PROCESS_STARTED — PID 4588 (ROUTE.EXE) parent=19040
2026-09-10 20:20:54 [argus.main] INFO EVENT: PROCESS_STARTED — PID 24100 (conhost.exe) parent=4588
2026-09-10 20:20:56 [argus.main] INFO EVENT: PROCESS_STARTED — PID 4444 (conhost.exe) parent=12308
2026-09-10 20:20:56 [argus.main] INFO EVENT: PROCESS_STARTED — PID 12308 (powershell.exe) parent=19040
2026-09-10 20:20:56 [argus.main] INFO EVENT: PROCESS_TERMINATED — PID 4588 (ROUTE.EXE)
2026-09-10 20:20:56 [argus.main] INFO EVENT: PROCESS_TERMINATED — PID 24100 (conhost.exe)
2026-09-10 20:20:58 [argus.main] INFO EVENT: PROCESS_TERMINATED — PID 4444 (conhost.exe)
2026-09-10 20:20:58 [argus.main] INFO EVENT: PROCESS_TERMINATED — PID 12308 (powershell.exe)
2026-09-10 20:21:26 [argus.main] INFO EVENT: PROCESS_STARTED — PID 9824 (powershell.exe) parent=19040
2026-09-10 20:21:26 [argus.main] INFO EVENT: PROCESS_STARTED — PID 10664 (msedgewebview2.exe) parent=1280
2026-09-10 20:21:26 [argus.main] INFO EVENT: PROCESS_STARTED — PID 21008 (msedgewebview2.exe) parent=1280
2026-09-10 20:21:26 [argus.main] INFO EVENT: PROCESS_STARTED — PID 21120 (conhost.exe) parent=9824
2026-09-10 20:21:28 [argus.main] INFO EVENT: PROCESS_TERMINATED — PID 9824 (powershell.exe)
2026-09-10 20:21:28 [argus.main] INFO EVENT: PROCESS_TERMINATED — PID 21120 (conhost.exe)
2026-09-10 20:21:57 [argus.main] INFO EVENT: PROCESS_TERMINATED — PID 10664 (msedgewebview2.exe)
2026-09-10 20:21:59 [argus.main] INFO EVENT: PROCESS_STARTED — PID 11800 (conhost.exe) parent=16752
2026-09-10 20:21:59 [argus.main] INFO EVENT: PROCESS_STARTED — PID 16752 (powershell.exe) parent=19040
2026-09-10 20:21:59 [argus.main] INFO EVENT: PROCESS_TERMINATED — PID 21008 (msedgewebview2.exe)
2026-09-10 20:22:01 [argus.main] INFO EVENT: PROCESS_TERMINATED — PID 11800 (conhost.exe)
2026-09-10 20:22:01 [argus.main] INFO EVENT: PROCESS_TERMINATED — PID 16752 (powershell.exe)
2026-09-10 20:22:21 [argus.main] INFO EVENT: PROCESS_STARTED — PID 18920 (svchost.exe) parent=1360
2026-09-10 20:22:27 [argus.main] INFO EVENT: PROCESS_STARTED — PID 14352 (msedgewebview2.exe) parent=1280
2026-09-10 20:22:27 [argus.main] INFO EVENT: PROCESS_STARTED — PID 18740 (msedgewebview2.exe) parent=1280
2026-09-10 20:22:31 [argus.main] INFO EVENT: PROCESS_STARTED — PID 5296 (conhost.exe) parent=24560
2026-09-10 20:22:31 [argus.main] INFO EVENT: PROCESS_STARTED — PID 24560 (powershell.exe) parent=19040
2026-09-10 20:22:34 [argus.main] INFO EVENT: PROCESS_TERMINATED — PID 5296 (conhost.exe)
2026-09-10 20:22:34 [argus.main] INFO EVENT: PROCESS_TERMINATED — PID 24560 (powershell.exe)
2026-09-10 20:22:58 [argus.main] INFO EVENT: PROCESS_TERMINATED — PID 14352 (msedgewebview2.exe)
2026-09-10 20:22:58 [argus.main] INFO EVENT: PROCESS_TERMINATED — PID 18740 (msedgewebview2.exe)
2026-09-10 20:23:02 [argus.main] INFO EVENT: PROCESS_STARTED — PID 17744 (powershell.exe) parent=19040
2026-09-10 20:23:02 [argus.main] INFO EVENT: PROCESS_STARTED — PID 26272 (conhost.exe) parent=17744
2026-09-10 20:23:04 [argus.main] INFO EVENT: PROCESS_TERMINATED — PID 17744 (powershell.exe)
2026-09-10 20:23:04 [argus.main] INFO EVENT: PROCESS_TERMINATED — PID 26272 (conhost.exe)
2026-09-10 20:23:24 [argus.main] INFO EVENT: PROCESS_STARTED — PID 15916 (conhost.exe) parent=24736
2026-09-10 20:23:24 [argus.main] INFO EVENT: PROCESS_STARTED — PID 24736 (ROUTE.EXE) parent=3532
2026-09-10 20:23:26 [argus.main] INFO EVENT: PROCESS_TERMINATED — PID 15916 (conhost.exe)
2026-09-10 20:23:27 [argus.main] INFO EVENT: PROCESS_TERMINATED — PID 24736 (ROUTE.EXE)
2026-09-10 20:23:33 [argus.main] INFO EVENT: PROCESS_TERMINATED — PID 14888 (svchost.exe)
2026-09-10 20:23:35 [argus.main] INFO EVENT: PROCESS_STARTED — PID 13904 (powershell.exe) parent=19040
2026-09-10 20:23:35 [argus.main] INFO EVENT: PROCESS_STARTED — PID 19304 (conhost.exe) parent=13904
2026-09-10 20:23:37 [argus.main] INFO EVENT: PROCESS_TERMINATED — PID 19304 (conhost.exe)
2026-09-10 20:23:39 [argus.main] INFO EVENT: PROCESS_TERMINATED — PID 13904 (powershell.exe)
2026-09-10 20:24:05 [argus.main] INFO EVENT: PROCESS_STARTED — PID 8644 (powershell.exe) parent=19040
2026-09-10 20:24:05 [argus.main] INFO EVENT: PROCESS_STARTED — PID 9196 (conhost.exe) parent=8644
2026-09-10 20:24:05 [argus.main] INFO EVENT: PROCESS_TERMINATED — PID 27236 (svchost.exe)
2026-09-10 20:24:07 [argus.main] INFO EVENT: PROCESS_TERMINATED — PID 8644 (powershell.exe)
2026-09-10 20:24:07 [argus.main] INFO EVENT: PROCESS_TERMINATED — PID 9196 (conhost.exe)
2026-09-10 20:24:09 [argus.main] INFO EVENT: PROCESS_STARTED — PID 5816 (conhost.exe) parent=10952
2026-09-10 20:24:11 [argus.main] INFO EVENT: PROCESS_TERMINATED — PID 5816 (conhost.exe)
2026-09-10 20:24:17 [argus.main] INFO EVENT: PROCESS_STARTED — PID 8616 (svchost.exe) parent=1360
2026-09-10 20:24:26 [argus.main] INFO EVENT: PROCESS_STARTED — PID 14384 (<unknown-pid-14384>) parent=19040
2026-09-10 20:24:28 [argus.main] INFO EVENT: PROCESS_TERMINATED — PID 14384 (<unknown-pid-14384>)
2026-09-10 20:25:08 [argus.main] INFO EVENT: PROCESS_STARTED — PID 6892 (conhost.exe) parent=12164
2026-09-10 20:25:08 [argus.main] INFO EVENT: PROCESS_STARTED — PID 12164 (powershell.exe) parent=19040
2026-09-10 20:25:10 [argus.main] INFO EVENT: PROCESS_TERMINATED — PID 6892 (conhost.exe)
2026-09-10 20:25:10 [argus.main] INFO EVENT: PROCESS_TERMINATED — PID 12164 (powershell.exe)
2026-09-10 20:25:32 [argus.main] INFO EVENT: PROCESS_TERMINATED — PID 8616 (svchost.exe)
2026-09-10 20:25:38 [argus.main] INFO EVENT: PROCESS_STARTED — PID 11556 (conhost.exe) parent=13056
2026-09-10 20:25:38 [argus.main] INFO EVENT: PROCESS_STARTED — PID 13056 (powershell.exe) parent=19040
2026-09-10 20:25:40 [argus.main] INFO EVENT: PROCESS_TERMINATED — PID 11556 (conhost.exe)
2026-09-10 20:25:40 [argus.main] INFO EVENT: PROCESS_TERMINATED — PID 13056 (powershell.exe)
2026-09-10 20:25:46 [argus.main] INFO EVENT: PROCESS_STARTED — PID 8276 (ipconfig.exe) parent=19040
2026-09-10 20:25:48 [argus.main] INFO EVENT: PROCESS_TERMINATED — PID 8276 (ipconfig.exe)
2026-09-10 20:26:11 [argus.main] INFO EVENT: PROCESS_STARTED — PID 14184 (conhost.exe) parent=26508
2026-09-10 20:26:11 [argus.main] INFO EVENT: PROCESS_STARTED — PID 26508 (powershell.exe) parent=19040
2026-09-10 20:26:13 [argus.main] INFO EVENT: PROCESS_TERMINATED — PID 14184 (conhost.exe)
2026-09-10 20:26:13 [argus.main] INFO EVENT: PROCESS_TERMINATED — PID 26508 (powershell.exe)
2026-09-10 20:26:15 [argus.main] INFO EVENT: PROCESS_STARTED — PID 14192 (quickup.exe) parent=5600
2026-09-10 20:26:17 [argus.main] INFO EVENT: PROCESS_STARTED — PID 7976 (quickup.exe) parent=14192
2026-09-10 20:26:17 [argus.main] INFO EVENT: PROCESS_STARTED — PID 11708 (quickup.exe) parent=14192
2026-09-10 20:26:17 [argus.main] INFO EVENT: PROCESS_TERMINATED — PID 14192 (quickup.exe)
2026-09-10 20:26:19 [argus.main] INFO EVENT: PROCESS_STARTED — PID 5704 (WmiPrvSE.exe) parent=1596
2026-09-10 20:26:19 [argus.main] INFO EVENT: PROCESS_STARTED — PID 18160 (svchost.exe) parent=1360
2026-09-10 20:26:19 [argus.main] INFO EVENT: PROCESS_TERMINATED — PID 7976 (quickup.exe)
2026-09-10 20:26:21 [argus.main] INFO EVENT: PROCESS_STARTED — PID 9180 (msedgewebview2.exe) parent=1280
2026-09-10 20:26:21 [argus.main] INFO EVENT: PROCESS_STARTED — PID 10384 (msedgewebview2.exe) parent=1280
2026-09-10 20:26:27 [argus.main] INFO EVENT: PROCESS_TERMINATED — PID 11708 (quickup.exe)
2026-09-10 20:26:31 [argus.main] INFO EVENT: PROCESS_STARTED — PID 4452 (backgroundTaskHost.exe) parent=1596
2026-09-10 20:26:31 [argus.main] INFO EVENT: PROCESS_STARTED — PID 4984 (backgroundTaskHost.exe) parent=1596
2026-09-10 20:26:31 [argus.main] INFO EVENT: PROCESS_STARTED — PID 20500 (backgroundTaskHost.exe) parent=1596
2026-09-10 20:26:32 [argus.main] INFO EVENT: PROCESS_STARTED — PID 23416 (RuntimeBroker.exe) parent=1596
2026-09-10 20:26:34 [argus.main] INFO EVENT: PROCESS_STARTED — PID 10732 (PhoneExperienceHost.exe) parent=1596
2026-09-10 20:26:36 [argus.main] INFO EVENT: PROCESS_STARTED — PID 6696 (svchost.exe) parent=1360
2026-09-10 20:26:38 [argus.main] INFO EVENT: PROCESS_TERMINATED — PID 4452 (backgroundTaskHost.exe)
2026-09-10 20:26:42 [argus.main] INFO EVENT: PROCESS_STARTED — PID 20400 (powershell.exe) parent=19040
2026-09-10 20:26:42 [argus.main] INFO EVENT: PROCESS_STARTED — PID 23040 (conhost.exe) parent=20400
2026-09-10 20:26:44 [argus.main] INFO EVENT: PROCESS_TERMINATED — PID 20400 (powershell.exe)
2026-09-10 20:26:44 [argus.main] INFO EVENT: PROCESS_TERMINATED — PID 23040 (conhost.exe)
2026-09-10 20:26:52 [argus.main] INFO EVENT: PROCESS_TERMINATED — PID 10384 (msedgewebview2.exe)
2026-09-10 20:26:54 [argus.main] INFO EVENT: PROCESS_TERMINATED — PID 9180 (msedgewebview2.exe)
2026-09-10 20:27:06 [argus.main] INFO EVENT: PROCESS_STARTED — PID 10560 (ipconfig.exe) parent=19040
2026-09-10 20:27:06 [argus.main] INFO EVENT: PROCESS_STARTED — PID 16676 (<unknown-pid-16676>) parent=none
2026-09-10 20:27:08 [argus.main] INFO EVENT: PROCESS_TERMINATED — PID 10560 (ipconfig.exe)
2026-09-10 20:27:08 [argus.main] INFO EVENT: PROCESS_TERMINATED — PID 16676 (<unknown-pid-16676>)
2026-09-10 20:27:14 [argus.main] INFO EVENT: PROCESS_STARTED — PID 9564 (powershell.exe) parent=19040
2026-09-10 20:27:15 [argus.main] INFO EVENT: PROCESS_STARTED — PID 18596 (conhost.exe) parent=9564
2026-09-10 20:27:17 [argus.main] INFO EVENT: PROCESS_TERMINATED — PID 9564 (powershell.exe)
2026-09-10 20:27:17 [argus.main] INFO EVENT: PROCESS_TERMINATED — PID 18596 (conhost.exe)
2026-09-10 20:27:23 [argus.main] INFO EVENT: PROCESS_STARTED — PID 11044 (msedgewebview2.exe) parent=1280
2026-09-10 20:27:23 [argus.main] INFO EVENT: PROCESS_STARTED — PID 19392 (msedgewebview2.exe) parent=1280
2026-09-10 20:27:31 [argus.main] INFO EVENT: PROCESS_TERMINATED — PID 10732 (PhoneExperienceHost.exe)
2026-09-10 20:27:33 [argus.main] INFO EVENT: PROCESS_TERMINATED — PID 4984 (backgroundTaskHost.exe)
2026-09-10 20:27:33 [argus.main] INFO EVENT: PROCESS_TERMINATED — PID 20500 (backgroundTaskHost.exe)
2026-09-10 20:27:45 [argus.main] INFO EVENT: PROCESS_STARTED — PID 9160 (ARP.EXE) parent=19040
2026-09-10 20:27:47 [argus.main] INFO EVENT: PROCESS_STARTED — PID 4220 (conhost.exe) parent=15784
2026-09-10 20:27:47 [argus.main] INFO EVENT: PROCESS_STARTED — PID 15784 (powershell.exe) parent=19040
2026-09-10 20:27:47 [argus.main] INFO EVENT: PROCESS_TERMINATED — PID 9160 (ARP.EXE)
2026-09-10 20:27:49 [argus.main] INFO EVENT: PROCESS_TERMINATED — PID 4220 (conhost.exe)
2026-09-10 20:27:49 [argus.main] INFO EVENT: PROCESS_TERMINATED — PID 15784 (powershell.exe)
2026-09-10 20:27:53 [argus.main] INFO EVENT: PROCESS_TERMINATED — PID 11044 (msedgewebview2.exe)
2026-09-10 20:27:53 [argus.main] INFO EVENT: PROCESS_TERMINATED — PID 19392 (msedgewebview2.exe)
2026-09-10 20:27:59 [argus.main] INFO EVENT: PROCESS_TERMINATED — PID 5704 (WmiPrvSE.exe)
2026-09-10 20:28:02 [argus.main] INFO EVENT: PROCESS_TERMINATED — PID 23416 (RuntimeBroker.exe)
2026-09-10 20:28:20 [argus.main] INFO EVENT: PROCESS_TERMINATED — PID 16892 (msedge.exe)
2026-09-10 20:28:20 [argus.main] INFO EVENT: PROCESS_TERMINATED — PID 7664 (msedge.exe)
2026-09-10 20:28:20 [argus.main] INFO EVENT: PROCESS_TERMINATED — PID 15632 (msedge.exe)
2026-09-10 20:28:22 [argus.main] INFO EVENT: PROCESS_STARTED — PID 15856 (ipconfig.exe) parent=3532
2026-09-10 20:28:22 [argus.main] INFO EVENT: PROCESS_STARTED — PID 23436 (conhost.exe) parent=928
2026-09-10 20:28:25 [argus.main] INFO EVENT: PROCESS_STARTED — PID 8044 (powershell.exe) parent=19040
2026-09-10 20:28:25 [argus.main] INFO EVENT: PROCESS_STARTED — PID 16988 (conhost.exe) parent=8044
2026-09-10 20:28:25 [argus.main] INFO EVENT: PROCESS_TERMINATED — PID 23120 (msedge.exe)
2026-09-10 20:28:25 [argus.main] INFO EVENT: PROCESS_TERMINATED — PID 15856 (ipconfig.exe)
2026-09-10 20:28:25 [argus.main] INFO EVENT: PROCESS_TERMINATED — PID 23436 (conhost.exe)
2026-09-10 20:28:27 [argus.main] INFO EVENT: PROCESS_STARTED — PID 4932 (msedge.exe) parent=2032
2026-09-10 20:28:27 [argus.main] INFO EVENT: PROCESS_STARTED — PID 15232 (msedge.exe) parent=2032
2026-09-10 20:28:29 [argus.main] INFO EVENT: PROCESS_TERMINATED — PID 17284 (msedge.exe)
2026-09-10 20:28:31 [argus.main] INFO EVENT: PROCESS_TERMINATED — PID 8044 (powershell.exe)
2026-09-10 20:28:32 [argus.main] INFO EVENT: PROCESS_TERMINATED — PID 16988 (conhost.exe)
2026-09-10 20:28:54 [argus.main] INFO EVENT: PROCESS_STARTED — PID 5172 (powershell.exe) parent=19040
2026-09-10 20:28:54 [argus.main] INFO EVENT: PROCESS_STARTED — PID 21716 (conhost.exe) parent=5172
2026-09-10 20:28:56 [argus.main] INFO EVENT: PROCESS_TERMINATED — PID 5172 (powershell.exe)
2026-09-10 20:28:56 [argus.main] INFO EVENT: PROCESS_TERMINATED — PID 21716 (conhost.exe)
2026-09-10 20:29:08 [argus.main] INFO EVENT: PROCESS_STARTED — PID 26088 (msedgewebview2.exe) parent=1280
2026-09-10 20:29:08 [argus.main] INFO EVENT: PROCESS_STARTED — PID 26964 (msedgewebview2.exe) parent=1280
2026-09-10 20:29:26 [argus.main] INFO EVENT: PROCESS_STARTED — PID 17852 (powershell.exe) parent=19040
2026-09-10 20:29:26 [argus.main] INFO EVENT: PROCESS_STARTED — PID 25696 (conhost.exe) parent=17852
2026-09-10 20:29:28 [argus.main] INFO EVENT: PROCESS_TERMINATED — PID 17852 (powershell.exe)
2026-09-10 20:29:28 [argus.main] INFO EVENT: PROCESS_TERMINATED — PID 25696 (conhost.exe)
2026-09-10 20:29:38 [argus.main] INFO EVENT: PROCESS_TERMINATED — PID 26088 (msedgewebview2.exe)
2026-09-10 20:29:40 [argus.main] INFO EVENT: PROCESS_TERMINATED — PID 26964 (msedgewebview2.exe)
2026-09-10 20:29:58 [argus.main] INFO EVENT: PROCESS_STARTED — PID 9996 (powershell.exe) parent=19040
2026-09-10 20:29:59 [argus.main] INFO EVENT: PROCESS_STARTED — PID 26140 (conhost.exe) parent=9996
2026-09-10 20:30:03 [argus.main] INFO EVENT: PROCESS_TERMINATED — PID 9996 (powershell.exe)
2026-09-10 20:30:03 [argus.main] INFO EVENT: PROCESS_TERMINATED — PID 26140 (conhost.exe)
2026-09-10 20:30:09 [argus.main] INFO EVENT: PROCESS_STARTED — PID 7100 (msedgewebview2.exe) parent=1280
2026-09-10 20:30:09 [argus.main] INFO EVENT: PROCESS_STARTED — PID 23084 (msedgewebview2.exe) parent=1280
2026-09-10 20:30:15 [argus.main] INFO EVENT: PROCESS_STARTED — PID 9608 (conhost.exe) parent=17188
2026-09-10 20:30:17 [argus.main] INFO EVENT: PROCESS_STARTED — PID 20136 (msedge.exe) parent=2032
2026-09-10 20:30:17 [argus.main] INFO EVENT: PROCESS_TERMINATED — PID 15660 (msedge.exe)
2026-09-10 20:30:17 [argus.main] INFO EVENT: PROCESS_TERMINATED — PID 9608 (conhost.exe)
2026-09-10 20:30:31 [argus.main] INFO EVENT: PROCESS_STARTED — PID 6316 (conhost.exe) parent=16576
2026-09-10 20:30:31 [argus.main] INFO EVENT: PROCESS_STARTED — PID 16576 (powershell.exe) parent=19040
2026-09-10 20:30:36 [argus.main] INFO EVENT: PROCESS_TERMINATED — PID 6316 (conhost.exe)
2026-09-10 20:30:36 [argus.main] INFO EVENT: PROCESS_TERMINATED — PID 16576 (powershell.exe)
2026-09-10 20:30:44 [argus.main] INFO EVENT: PROCESS_STARTED — PID 9180 (conhost.exe) parent=11132
2026-09-10 20:30:46 [argus.main] INFO EVENT: PROCESS_TERMINATED — PID 9180 (conhost.exe)
2026-09-10 20:31:04 [argus.main] INFO EVENT: PROCESS_STARTED — PID 18172 (conhost.exe) parent=23836
2026-09-10 20:31:04 [argus.main] INFO EVENT: PROCESS_STARTED — PID 23836 (powershell.exe) parent=19040
2026-09-10 20:31:06 [argus.main] INFO EVENT: PROCESS_TERMINATED — PID 18172 (conhost.exe)
2026-09-10 20:31:06 [argus.main] INFO EVENT: PROCESS_TERMINATED — PID 23836 (powershell.exe)
2026-09-10 20:31:08 [argus.main] INFO EVENT: PROCESS_TERMINATED — PID 7100 (msedgewebview2.exe)
2026-09-10 20:31:12 [argus.main] INFO EVENT: PROCESS_TERMINATED — PID 23084 (msedgewebview2.exe)
2026-09-10 20:31:32 [argus.main] INFO EVENT: PROCESS_TERMINATED — PID 18160 (svchost.exe)
2026-09-10 20:31:35 [argus.main] INFO EVENT: PROCESS_STARTED — PID 4428 (conhost.exe) parent=14040
2026-09-10 20:31:35 [argus.main] INFO EVENT: PROCESS_STARTED — PID 14040 (ROUTE.EXE) parent=3532
2026-09-10 20:31:37 [argus.main] INFO EVENT: PROCESS_STARTED — PID 9196 (conhost.exe) parent=11900
2026-09-10 20:31:37 [argus.main] INFO EVENT: PROCESS_STARTED — PID 11900 (powershell.exe) parent=19040
2026-09-10 20:31:37 [argus.main] INFO EVENT: PROCESS_TERMINATED — PID 6696 (svchost.exe)
2026-09-10 20:31:37 [argus.main] INFO EVENT: PROCESS_TERMINATED — PID 4428 (conhost.exe)
2026-09-10 20:31:37 [argus.main] INFO EVENT: PROCESS_TERMINATED — PID 14040 (ROUTE.EXE)
2026-09-10 20:31:39 [argus.main] INFO EVENT: PROCESS_TERMINATED — PID 9196 (conhost.exe)
2026-09-10 20:31:39 [argus.main] INFO EVENT: PROCESS_TERMINATED — PID 11900 (powershell.exe)
2026-09-10 20:31:57 [argus.main] INFO EVENT: PROCESS_STARTED — PID 13764 (msedgewebview2.exe) parent=1280
2026-09-10 20:31:57 [argus.main] INFO EVENT: PROCESS_STARTED — PID 23416 (msedgewebview2.exe) parent=1280
2026-09-10 20:32:05 [argus.main] INFO EVENT: PROCESS_STARTED — PID 8276 (ipconfig.exe) parent=19040
2026-09-10 20:32:07 [argus.main] INFO EVENT: PROCESS_TERMINATED — PID 8276 (ipconfig.exe)
2026-09-10 20:32:09 [argus.main] INFO EVENT: PROCESS_STARTED — PID 19232 (powershell.exe) parent=19040
2026-09-10 20:32:09 [argus.main] INFO EVENT: PROCESS_STARTED — PID 20220 (conhost.exe) parent=19232
2026-09-10 20:32:13 [argus.main] INFO EVENT: PROCESS_TERMINATED — PID 19232 (powershell.exe)
2026-09-10 20:32:13 [argus.main] INFO EVENT: PROCESS_TERMINATED — PID 20220 (conhost.exe)
2026-09-10 20:32:21 [argus.main] INFO EVENT: PROCESS_TERMINATED — PID 18920 (svchost.exe)
2026-09-10 20:32:27 [argus.main] INFO EVENT: PROCESS_TERMINATED — PID 13764 (msedgewebview2.exe)
2026-09-10 20:32:27 [argus.main] INFO EVENT: PROCESS_TERMINATED — PID 23416 (msedgewebview2.exe)
2026-09-10 20:32:37 [argus.main] INFO EVENT: PROCESS_STARTED — PID 15148 (ipconfig.exe) parent=19040
2026-09-10 20:32:40 [argus.main] INFO EVENT: PROCESS_TERMINATED — PID 15148 (ipconfig.exe)
2026-09-10 20:32:42 [argus.main] INFO EVENT: PROCESS_STARTED — PID 5340 (powershell.exe) parent=19040
2026-09-10 20:32:42 [argus.main] INFO EVENT: PROCESS_STARTED — PID 24004 (conhost.exe) parent=5340
2026-09-10 20:32:46 [argus.main] INFO EVENT: PROCESS_TERMINATED — PID 5340 (powershell.exe)
2026-09-10 20:32:46 [argus.main] INFO EVENT: PROCESS_TERMINATED — PID 24004 (conhost.exe)
2026-09-10 20:32:54 [argus.main] INFO EVENT: PROCESS_STARTED — PID 11496 (ipconfig.exe) parent=19040
2026-09-10 20:32:54 [argus.main] INFO EVENT: PROCESS_STARTED — PID 18884 (conhost.exe) parent=11496
2026-09-10 20:32:56 [argus.main] INFO EVENT: PROCESS_TERMINATED — PID 11496 (ipconfig.exe)
2026-09-10 20:32:56 [argus.main] INFO EVENT: PROCESS_TERMINATED — PID 18884 (conhost.exe)
2026-09-10 20:33:10 [argus.main] INFO EVENT: PROCESS_STARTED — PID 13768 (<unknown-pid-13768>) parent=none
2026-09-10 20:33:12 [argus.main] INFO EVENT: PROCESS_TERMINATED — PID 13768 (<unknown-pid-13768>)
2026-09-10 20:33:14 [argus.main] INFO EVENT: PROCESS_STARTED — PID 25908 (conhost.exe) parent=27316
2026-09-10 20:33:14 [argus.main] INFO EVENT: PROCESS_STARTED — PID 27316 (powershell.exe) parent=19040
2026-09-10 20:33:16 [argus.main] INFO EVENT: PROCESS_TERMINATED — PID 25908 (conhost.exe)
2026-09-10 20:33:16 [argus.main] INFO EVENT: PROCESS_TERMINATED — PID 27316 (powershell.exe)
2026-09-10 20:33:47 [argus.main] INFO EVENT: PROCESS_STARTED — PID 11384 (conhost.exe) parent=18336
2026-09-10 20:33:47 [argus.main] INFO EVENT: PROCESS_STARTED — PID 18336 (powershell.exe) parent=19040
2026-09-10 20:33:49 [argus.main] INFO EVENT: PROCESS_STARTED — PID 3692 (conhost.exe) parent=14188
2026-09-10 20:33:50 [argus.main] INFO EVENT: PROCESS_STARTED — PID 5816 (msedge.exe) parent=2032
2026-09-10 20:33:50 [argus.main] INFO EVENT: PROCESS_TERMINATED — PID 11384 (conhost.exe)
2026-09-10 20:33:50 [argus.main] INFO EVENT: PROCESS_TERMINATED — PID 18336 (powershell.exe)
2026-09-10 20:33:52 [argus.main] INFO EVENT: PROCESS_STARTED — PID 15908 (msedge.exe) parent=2032
2026-09-10 20:33:52 [argus.main] INFO EVENT: PROCESS_TERMINATED — PID 3692 (conhost.exe)
2026-09-10 20:34:17 [argus.main] INFO EVENT: PROCESS_STARTED — PID 14024 (<unknown-pid-14024>) parent=none
2026-09-10 20:34:17 [argus.main] INFO EVENT: PROCESS_STARTED — PID 23752 (rg.exe) parent=21732
2026-09-10 20:34:19 [argus.main] INFO EVENT: PROCESS_STARTED — PID 8508 (powershell.exe) parent=19040
2026-09-10 20:34:19 [argus.main] INFO EVENT: PROCESS_STARTED — PID 26612 (conhost.exe) parent=8508
2026-09-10 20:34:19 [argus.main] INFO EVENT: PROCESS_TERMINATED — PID 14024 (<unknown-pid-14024>)
2026-09-10 20:34:19 [argus.main] INFO EVENT: PROCESS_TERMINATED — PID 23752 (rg.exe)
2026-09-10 20:34:21 [argus.main] INFO EVENT: PROCESS_TERMINATED — PID 8508 (powershell.exe)
2026-09-10 20:34:21 [argus.main] INFO EVENT: PROCESS_TERMINATED — PID 26612 (conhost.exe)
2026-09-10 20:34:49 [argus.main] INFO EVENT: PROCESS_STARTED — PID 6380 (conhost.exe) parent=19696
2026-09-10 20:34:52 [argus.main] INFO EVENT: PROCESS_STARTED — PID 11556 (conhost.exe) parent=23556
2026-09-10 20:34:52 [argus.main] INFO EVENT: PROCESS_STARTED — PID 23556 (powershell.exe) parent=19040
2026-09-10 20:34:52 [argus.main] INFO EVENT: PROCESS_TERMINATED — PID 6380 (conhost.exe)
2026-09-10 20:34:54 [argus.main] INFO EVENT: PROCESS_TERMINATED — PID 11556 (conhost.exe)
2026-09-10 20:34:54 [argus.main] INFO EVENT: PROCESS_TERMINATED — PID 23556 (powershell.exe)
2026-09-10 20:35:22 [argus.main] INFO EVENT: PROCESS_STARTED — PID 18812 (<unknown-pid-18812>) parent=20944
2026-09-10 20:35:24 [argus.main] INFO EVENT: PROCESS_TERMINATED — PID 18812 (<unknown-pid-18812>)
2026-09-10 20:35:28 [argus.main] INFO EVENT: PROCESS_STARTED — PID 2788 (conhost.exe) parent=13388
2026-09-10 20:35:30 [argus.main] INFO EVENT: PROCESS_TERMINATED — PID 2788 (conhost.exe)
2026-09-10 20:35:32 [argus.main] INFO EVENT: PROCESS_STARTED — PID 2668 (mscopilot.exe) parent=6844
2026-09-10 20:35:32 [argus.main] INFO EVENT: PROCESS_STARTED — PID 17732 (elevation_service.exe) parent=1360
2026-09-10 20:35:32 [argus.main] INFO EVENT: PROCESS_STARTED — PID 26900 (<unknown-pid-26900>) parent=none
2026-09-10 20:35:34 [argus.main] INFO EVENT: PROCESS_STARTED — PID 22664 (svchost.exe) parent=1360
2026-09-10 20:35:35 [argus.main] INFO EVENT: PROCESS_TERMINATED — PID 2668 (mscopilot.exe)
2026-09-10 20:35:35 [argus.main] INFO EVENT: PROCESS_TERMINATED — PID 26900 (<unknown-pid-26900>)
2026-09-10 20:35:47 [argus.main] INFO EVENT: PROCESS_STARTED — PID 26820 (rg.exe) parent=21732
2026-09-10 20:35:49 [argus.main] INFO EVENT: PROCESS_TERMINATED — PID 26820 (rg.exe)
2026-09-10 20:35:53 [argus.main] INFO EVENT: PROCESS_STARTED — PID 13124 (powershell.exe) parent=19040
2026-09-10 20:35:53 [argus.main] INFO EVENT: PROCESS_STARTED — PID 13240 (conhost.exe) parent=13124
2026-09-10 20:35:55 [argus.main] INFO EVENT: PROCESS_TERMINATED — PID 13124 (powershell.exe)
2026-09-10 20:35:55 [argus.main] INFO EVENT: PROCESS_TERMINATED — PID 13240 (conhost.exe)
2026-09-10 20:36:25 [argus.main] INFO EVENT: PROCESS_STARTED — PID 2344 (powershell.exe) parent=19040
2026-09-10 20:36:25 [argus.main] INFO EVENT: PROCESS_STARTED — PID 12716 (conhost.exe) parent=2344
2026-09-10 20:36:27 [argus.main] INFO EVENT: PROCESS_TERMINATED — PID 2344 (powershell.exe)
2026-09-10 20:36:27 [argus.main] INFO EVENT: PROCESS_TERMINATED — PID 12716 (conhost.exe)
2026-09-10 20:36:55 [argus.main] INFO EVENT: PROCESS_STARTED — PID 17040 (conhost.exe) parent=18000
2026-09-10 20:36:55 [argus.main] INFO EVENT: PROCESS_STARTED — PID 18000 (powershell.exe) parent=19040
2026-09-10 20:36:57 [argus.main] INFO EVENT: PROCESS_TERMINATED — PID 17040 (conhost.exe)
2026-09-10 20:36:57 [argus.main] INFO EVENT: PROCESS_TERMINATED — PID 18000 (powershell.exe)
2026-09-10 20:37:05 [argus.main] INFO EVENT: PROCESS_STARTED — PID 4908 (<unknown-pid-4908>) parent=13704
2026-09-10 20:37:07 [argus.main] INFO EVENT: PROCESS_TERMINATED — PID 4908 (<unknown-pid-4908>)
2026-09-10 20:37:09 [argus.main] INFO EVENT: PROCESS_STARTED — PID 16940 (OneDriveStandaloneUpdater.exe) parent=2996
2026-09-10 20:37:21 [argus.main] INFO EVENT: PROCESS_STARTED — PID 12224 (svchost.exe) parent=1360
2026-09-10 20:37:26 [argus.main] INFO EVENT: PROCESS_STARTED — PID 24696 (conhost.exe) parent=24800
2026-09-10 20:37:26 [argus.main] INFO EVENT: PROCESS_STARTED — PID 24800 (powershell.exe) parent=19040
2026-09-10 20:37:28 [argus.main] INFO EVENT: PROCESS_TERMINATED — PID 24696 (conhost.exe)
2026-09-10 20:37:28 [argus.main] INFO EVENT: PROCESS_TERMINATED — PID 24800 (powershell.exe)
2026-09-10 20:37:56 [argus.main] INFO EVENT: PROCESS_STARTED — PID 19716 (conhost.exe) parent=23152
2026-09-10 20:37:56 [argus.main] INFO EVENT: PROCESS_STARTED — PID 23152 (powershell.exe) parent=19040
2026-09-10 20:37:58 [argus.main] INFO EVENT: PROCESS_TERMINATED — PID 19716 (conhost.exe)
2026-09-10 20:37:58 [argus.main] INFO EVENT: PROCESS_TERMINATED — PID 23152 (powershell.exe)
2026-09-10 20:38:20 [argus.main] INFO EVENT: PROCESS_TERMINATED — PID 16940 (OneDriveStandaloneUpdater.exe)
2026-09-10 20:38:24 [argus.main] INFO EVENT: PROCESS_STARTED — PID 21360 (msedgewebview2.exe) parent=1280
2026-09-10 20:38:24 [argus.main] INFO EVENT: PROCESS_STARTED — PID 23336 (msedgewebview2.exe) parent=1280
2026-09-10 20:38:28 [argus.main] INFO EVENT: PROCESS_STARTED — PID 3848 (svchost.exe) parent=1360
2026-09-10 20:38:28 [argus.main] INFO EVENT: PROCESS_STARTED — PID 12936 (conhost.exe) parent=15060
2026-09-10 20:38:28 [argus.main] INFO EVENT: PROCESS_STARTED — PID 15060 (powershell.exe) parent=19040
2026-09-10 20:38:28 [argus.main] INFO EVENT: PROCESS_STARTED — PID 20260 (svchost.exe) parent=1360
2026-09-10 20:38:30 [argus.main] INFO EVENT: PROCESS_STARTED — PID 16576 (WmiPrvSE.exe) parent=1596
2026-09-10 20:38:31 [argus.main] INFO EVENT: PROCESS_TERMINATED — PID 12936 (conhost.exe)
2026-09-10 20:38:31 [argus.main] INFO EVENT: PROCESS_TERMINATED — PID 15060 (powershell.exe)
2026-09-10 20:38:33 [argus.main] INFO EVENT: PROCESS_TERMINATED — PID 22664 (svchost.exe)
2026-09-10 20:38:55 [argus.main] INFO EVENT: PROCESS_TERMINATED — PID 21360 (msedgewebview2.exe)
2026-09-10 20:38:55 [argus.main] INFO EVENT: PROCESS_TERMINATED — PID 23336 (msedgewebview2.exe)
2026-09-10 20:38:57 [argus.main] INFO EVENT: PROCESS_STARTED — PID 14416 (conhost.exe) parent=15124
2026-09-10 20:38:57 [argus.main] INFO EVENT: PROCESS_STARTED — PID 15124 (powershell.exe) parent=21732
2026-09-10 20:38:57 [argus.main] INFO EVENT: PROCESS_STARTED — PID 23608 (node.exe) parent=15124
2026-09-10 20:38:57 [argus.main] INFO EVENT: PROCESS_TERMINATED — PID 17732 (elevation_service.exe)
2026-09-10 20:38:59 [argus.main] INFO EVENT: PROCESS_STARTED — PID 16548 (conhost.exe) parent=24652
2026-09-10 20:38:59 [argus.main] INFO EVENT: PROCESS_STARTED — PID 21244 (cmd.exe) parent=23608
2026-09-10 20:38:59 [argus.main] INFO EVENT: PROCESS_STARTED — PID 24652 (powershell.exe) parent=19040
2026-09-10 20:38:59 [argus.main] INFO EVENT: PROCESS_STARTED — PID 25820 (node.exe) parent=21244
2026-09-10 20:39:01 [argus.main] INFO EVENT: PROCESS_TERMINATED — PID 16548 (conhost.exe)
2026-09-10 20:39:01 [argus.main] INFO EVENT: PROCESS_TERMINATED — PID 24652 (powershell.exe)
2026-09-10 20:39:03 [argus.main] INFO EVENT: PROCESS_TERMINATED — PID 14416 (conhost.exe)
2026-09-10 20:39:03 [argus.main] INFO EVENT: PROCESS_TERMINATED — PID 15124 (powershell.exe)
2026-09-10 20:39:03 [argus.main] INFO EVENT: PROCESS_TERMINATED — PID 23608 (node.exe)
2026-09-10 20:39:03 [argus.main] INFO EVENT: PROCESS_TERMINATED — PID 21244 (cmd.exe)
2026-09-10 20:39:03 [argus.main] INFO EVENT: PROCESS_TERMINATED — PID 25820 (node.exe)
2026-09-10 20:39:11 [argus.main] INFO EVENT: PROCESS_STARTED — PID 3016 (conhost.exe) parent=19288
2026-09-10 20:39:11 [argus.main] INFO EVENT: PROCESS_STARTED — PID 10552 (node.exe) parent=19288
2026-09-10 20:39:11 [argus.main] INFO EVENT: PROCESS_STARTED — PID 19288 (powershell.exe) parent=21732
2026-09-10 20:39:13 [argus.main] INFO EVENT: PROCESS_STARTED — PID 11384 (node.exe) parent=24928
2026-09-10 20:39:14 [argus.main] INFO EVENT: PROCESS_STARTED — PID 24928 (cmd.exe) parent=10552
2026-09-10 20:39:30 [argus.main] INFO EVENT: PROCESS_STARTED — PID 17616 (conhost.exe) parent=22188
2026-09-10 20:39:30 [argus.main] INFO EVENT: PROCESS_STARTED — PID 22188 (powershell.exe) parent=19040
2026-09-10 20:39:32 [argus.main] INFO EVENT: PROCESS_TERMINATED — PID 3016 (conhost.exe)
2026-09-10 20:39:32 [argus.main] INFO EVENT: PROCESS_TERMINATED — PID 10552 (node.exe)
2026-09-10 20:39:32 [argus.main] INFO EVENT: PROCESS_TERMINATED — PID 19288 (powershell.exe)
2026-09-10 20:39:32 [argus.main] INFO EVENT: PROCESS_TERMINATED — PID 11384 (node.exe)
2026-09-10 20:39:32 [argus.main] INFO EVENT: PROCESS_TERMINATED — PID 24928 (cmd.exe)
2026-09-10 20:39:32 [argus.main] INFO EVENT: PROCESS_TERMINATED — PID 17616 (conhost.exe)
2026-09-10 20:39:32 [argus.main] INFO EVENT: PROCESS_TERMINATED — PID 22188 (powershell.exe)
2026-09-10 20:39:36 [argus.main] INFO EVENT: PROCESS_STARTED — PID 15640 (conhost.exe) parent=27556
2026-09-10 20:39:36 [argus.main] INFO EVENT: PROCESS_STARTED — PID 23040 (node.exe) parent=27556
2026-09-10 20:39:36 [argus.main] INFO EVENT: PROCESS_STARTED — PID 27556 (powershell.exe) parent=21732
2026-09-10 20:39:38 [argus.main] INFO EVENT: PROCESS_TERMINATED — PID 15640 (conhost.exe)
2026-09-10 20:39:38 [argus.main] INFO EVENT: PROCESS_TERMINATED — PID 23040 (node.exe)
2026-09-10 20:39:38 [argus.main] INFO EVENT: PROCESS_TERMINATED — PID 27556 (powershell.exe)
2026-09-10 20:39:56 [argus.main] INFO EVENT: PROCESS_STARTED — PID 10104 (conhost.exe) parent=18648
2026-09-10 20:39:56 [argus.main] INFO EVENT: PROCESS_STARTED — PID 16608 (node.exe) parent=18648
2026-09-10 20:39:56 [argus.main] INFO EVENT: PROCESS_STARTED — PID 18648 (powershell.exe) parent=21732
2026-09-10 20:39:56 [argus.main] INFO EVENT: PROCESS_STARTED — PID 20548 (msedgewebview2.exe) parent=1280
2026-09-10 20:39:57 [argus.main] INFO EVENT: PROCESS_STARTED — PID 24584 (msedgewebview2.exe) parent=1280
2026-09-10 20:39:59 [argus.main] INFO EVENT: PROCESS_STARTED — PID 4852 (cmd.exe) parent=16608
2026-09-10 20:39:59 [argus.main] INFO EVENT: PROCESS_STARTED — PID 14164 (node.exe) parent=4852
2026-09-10 20:39:59 [argus.main] INFO EVENT: PROCESS_STARTED — PID 25472 (esbuild.exe) parent=14164
2026-09-10 20:40:01 [argus.main] INFO EVENT: PROCESS_STARTED — PID 1988 (conhost.exe) parent=19308
2026-09-10 20:40:01 [argus.main] INFO EVENT: PROCESS_STARTED — PID 19308 (powershell.exe) parent=19040
2026-09-10 20:40:03 [argus.main] INFO EVENT: PROCESS_TERMINATED — PID 1988 (conhost.exe)
2026-09-10 20:40:03 [argus.main] INFO EVENT: PROCESS_TERMINATED — PID 19308 (powershell.exe)
2026-09-10 20:40:13 [argus.main] INFO EVENT: PROCESS_STARTED — PID 14872 (msedge.exe) parent=2032
2026-09-10 20:40:13 [argus.main] INFO EVENT: PROCESS_STARTED — PID 14936 (msedge.exe) parent=2032
2026-09-10 20:40:13 [argus.main] INFO EVENT: PROCESS_TERMINATED — PID 5816 (msedge.exe)
2026-09-10 20:40:27 [argus.main] INFO EVENT: PROCESS_TERMINATED — PID 20548 (msedgewebview2.exe)
2026-09-10 20:40:27 [argus.main] INFO EVENT: PROCESS_TERMINATED — PID 24584 (msedgewebview2.exe)
2026-09-10 20:40:29 [argus.main] INFO EVENT: PROCESS_TERMINATED — PID 10104 (conhost.exe)
2026-09-10 20:40:29 [argus.main] INFO EVENT: PROCESS_TERMINATED — PID 16608 (node.exe)
2026-09-10 20:40:29 [argus.main] INFO EVENT: PROCESS_TERMINATED — PID 18648 (powershell.exe)
2026-09-10 20:40:29 [argus.main] INFO EVENT: PROCESS_TERMINATED — PID 4852 (cmd.exe)
2026-09-10 20:40:29 [argus.main] INFO EVENT: PROCESS_TERMINATED — PID 14164 (node.exe)
2026-09-10 20:40:29 [argus.main] INFO EVENT: PROCESS_TERMINATED — PID 25472 (esbuild.exe)
2026-09-10 20:40:33 [argus.main] INFO EVENT: PROCESS_STARTED — PID 18188 (conhost.exe) parent=23608
2026-09-10 20:40:33 [argus.main] INFO EVENT: PROCESS_STARTED — PID 23608 (powershell.exe) parent=19040
2026-09-10 20:40:35 [argus.main] INFO EVENT: PROCESS_TERMINATED — PID 18188 (conhost.exe)
2026-09-10 20:40:35 [argus.main] INFO EVENT: PROCESS_TERMINATED — PID 23608 (powershell.exe)
2026-09-10 20:40:41 [argus.main] INFO EVENT: PROCESS_STARTED — PID 4944 (svchost.exe) parent=1360
2026-09-10 20:40:41 [argus.main] INFO EVENT: PROCESS_STARTED — PID 16596 (msedgewebview2.exe) parent=1280
2026-09-10 20:40:41 [argus.main] INFO EVENT: PROCESS_STARTED — PID 20896 (msedgewebview2.exe) parent=1280
2026-09-10 20:40:53 [argus.main] INFO EVENT: PROCESS_TERMINATED — PID 16576 (WmiPrvSE.exe)
2026-09-10 20:40:57 [argus.main] INFO EVENT: PROCESS_TERMINATED — PID 14936 (msedge.exe)
2026-09-10 20:41:04 [argus.main] INFO EVENT: PROCESS_STARTED — PID 16996 (conhost.exe) parent=17736
2026-09-10 20:41:04 [argus.main] INFO EVENT: PROCESS_STARTED — PID 17736 (powershell.exe) parent=19040
2026-09-10 20:41:06 [argus.main] INFO EVENT: PROCESS_TERMINATED — PID 16996 (conhost.exe)
2026-09-10 20:41:06 [argus.main] INFO EVENT: PROCESS_TERMINATED — PID 17736 (powershell.exe)
2026-09-10 20:41:12 [argus.main] INFO EVENT: PROCESS_TERMINATED — PID 16596 (msedgewebview2.exe)
2026-09-10 20:41:14 [argus.main] INFO EVENT: PROCESS_TERMINATED — PID 20896 (msedgewebview2.exe)
2026-09-10 20:41:30 [argus.main] INFO EVENT: PROCESS_TERMINATED — PID 21732 (opencode.exe)
2026-09-10 20:41:34 [argus.main] INFO EVENT: PROCESS_STARTED — PID 11796 (powershell.exe) parent=19040
2026-09-10 20:41:34 [argus.main] INFO EVENT: PROCESS_STARTED — PID 13388 (conhost.exe) parent=11796
2026-09-10 20:41:36 [argus.main] INFO EVENT: PROCESS_TERMINATED — PID 11796 (powershell.exe)
2026-09-10 20:41:36 [argus.main] INFO EVENT: PROCESS_TERMINATED — PID 13388 (conhost.exe)
2026-09-10 20:41:56 [argus.main] INFO EVENT: PROCESS_STARTED — PID 8476 (msedgewebview2.exe) parent=1280
2026-09-10 20:41:56 [argus.main] INFO EVENT: PROCESS_STARTED — PID 11556 (msedgewebview2.exe) parent=1280
2026-09-10 20:42:26 [argus.main] INFO EVENT: PROCESS_TERMINATED — PID 8476 (msedgewebview2.exe)
2026-09-10 20:42:26 [argus.main] INFO EVENT: PROCESS_TERMINATED — PID 11556 (msedgewebview2.exe)
2026-09-10 20:42:34 [argus.main] INFO EVENT: PROCESS_STARTED — PID 18008 (ROUTE.EXE) parent=3532
2026-09-10 20:42:34 [argus.main] INFO EVENT: PROCESS_STARTED — PID 24056 (conhost.exe) parent=18008
2026-09-10 20:42:36 [argus.main] INFO EVENT: PROCESS_TERMINATED — PID 18008 (ROUTE.EXE)
2026-09-10 20:42:36 [argus.main] INFO EVENT: PROCESS_TERMINATED — PID 24056 (conhost.exe)
2026-09-10 20:42:38 [argus.main] INFO EVENT: PROCESS_STARTED — PID 16188 (conhost.exe) parent=23640
2026-09-10 20:42:39 [argus.main] INFO EVENT: PROCESS_STARTED — PID 23640 (powershell.exe) parent=19040
2026-09-10 20:42:41 [argus.main] INFO EVENT: PROCESS_TERMINATED — PID 16188 (conhost.exe)
2026-09-10 20:42:41 [argus.main] INFO EVENT: PROCESS_TERMINATED — PID 23640 (powershell.exe)
2026-09-10 20:43:07 [argus.main] INFO EVENT: PROCESS_STARTED — PID 10368 (conhost.exe) parent=17232
2026-09-10 20:43:07 [argus.main] INFO EVENT: PROCESS_STARTED — PID 17232 (<unknown-pid-17232>) parent=none
2026-09-10 20:43:09 [argus.main] INFO EVENT: PROCESS_TERMINATED — PID 10368 (conhost.exe)
2026-09-10 20:43:09 [argus.main] INFO EVENT: PROCESS_TERMINATED — PID 17232 (<unknown-pid-17232>)
2026-09-10 20:43:11 [argus.main] INFO EVENT: PROCESS_STARTED — PID 596 (conhost.exe) parent=844
2026-09-10 20:43:11 [argus.main] INFO EVENT: PROCESS_STARTED — PID 844 (powershell.exe) parent=19040
2026-09-10 20:43:13 [argus.main] INFO EVENT: PROCESS_TERMINATED — PID 596 (conhost.exe)
2026-09-10 20:43:13 [argus.main] INFO EVENT: PROCESS_TERMINATED — PID 844 (powershell.exe)
2026-09-10 20:43:29 [argus.main] INFO EVENT: PROCESS_TERMINATED — PID 3848 (svchost.exe)
2026-09-10 20:43:41 [argus.main] INFO EVENT: PROCESS_STARTED — PID 7420 (conhost.exe) parent=19780
2026-09-10 20:43:41 [argus.main] INFO EVENT: PROCESS_STARTED — PID 19780 (<unknown-pid-19780>) parent=19040
2026-09-10 20:43:41 [argus.main] INFO EVENT: PROCESS_TERMINATED — PID 4944 (svchost.exe)
2026-09-10 20:43:43 [argus.main] INFO EVENT: PROCESS_STARTED — PID 6408 (powershell.exe) parent=19040
2026-09-10 20:43:43 [argus.main] INFO EVENT: PROCESS_STARTED — PID 26120 (conhost.exe) parent=6408
2026-09-10 20:43:43 [argus.main] INFO EVENT: PROCESS_TERMINATED — PID 7420 (conhost.exe)
2026-09-10 20:43:43 [argus.main] INFO EVENT: PROCESS_TERMINATED — PID 19780 (<unknown-pid-19780>)
2026-09-10 20:43:45 [argus.main] INFO EVENT: PROCESS_TERMINATED — PID 6408 (powershell.exe)
2026-09-10 20:43:45 [argus.main] INFO EVENT: PROCESS_TERMINATED — PID 26120 (conhost.exe)
2026-09-10 20:43:58 [argus.main] INFO EVENT: PROCESS_TERMINATED — PID 20260 (svchost.exe)
2026-09-10 20:44:14 [argus.main] INFO EVENT: PROCESS_STARTED — PID 18164 (powershell.exe) parent=19040
2026-09-10 20:44:14 [argus.main] INFO EVENT: PROCESS_STARTED — PID 23676 (conhost.exe) parent=18164
2026-09-10 20:44:16 [argus.main] INFO EVENT: PROCESS_TERMINATED — PID 18164 (powershell.exe)
2026-09-10 20:44:16 [argus.main] INFO EVENT: PROCESS_TERMINATED — PID 23676 (conhost.exe)
2026-09-10 20:44:46 [argus.main] INFO EVENT: PROCESS_STARTED — PID 8160 (powershell.exe) parent=19040
2026-09-10 20:44:46 [argus.main] INFO EVENT: PROCESS_STARTED — PID 9192 (conhost.exe) parent=8160
2026-09-10 20:44:48 [argus.main] INFO EVENT: PROCESS_TERMINATED — PID 8160 (powershell.exe)
2026-09-10 20:44:48 [argus.main] INFO EVENT: PROCESS_TERMINATED — PID 9192 (conhost.exe)
2026-09-10 20:45:17 [argus.main] INFO EVENT: PROCESS_STARTED — PID 10208 (conhost.exe) parent=21952
2026-09-10 20:45:19 [argus.main] INFO EVENT: PROCESS_STARTED — PID 12732 (powershell.exe) parent=19040
2026-09-10 20:45:19 [argus.main] INFO EVENT: PROCESS_STARTED — PID 22184 (conhost.exe) parent=12732
2026-09-10 20:45:19 [argus.main] INFO EVENT: PROCESS_TERMINATED — PID 10208 (conhost.exe)
2026-09-10 20:45:21 [argus.main] INFO EVENT: PROCESS_TERMINATED — PID 12732 (powershell.exe)
2026-09-10 20:45:21 [argus.main] INFO EVENT: PROCESS_TERMINATED — PID 22184 (conhost.exe)
2026-09-10 20:45:49 [argus.main] INFO EVENT: PROCESS_STARTED — PID 416 (conhost.exe) parent=19552
2026-09-10 20:45:49 [argus.main] INFO EVENT: PROCESS_STARTED — PID 19552 (powershell.exe) parent=19040
2026-09-10 20:45:51 [argus.main] INFO EVENT: PROCESS_TERMINATED — PID 416 (conhost.exe)
2026-09-10 20:45:51 [argus.main] INFO EVENT: PROCESS_TERMINATED — PID 19552 (powershell.exe)
2026-09-10 20:46:19 [argus.main] INFO EVENT: PROCESS_STARTED — PID 6080 (conhost.exe) parent=11176
2026-09-10 20:46:19 [argus.main] INFO EVENT: PROCESS_STARTED — PID 11176 (powershell.exe) parent=19040
2026-09-10 20:46:21 [argus.main] INFO EVENT: PROCESS_TERMINATED — PID 6080 (conhost.exe)
2026-09-10 20:46:21 [argus.main] INFO EVENT: PROCESS_TERMINATED — PID 11176 (powershell.exe)
2026-09-10 20:46:23 [argus.main] INFO EVENT: PROCESS_STARTED — PID 592 (ipconfig.exe) parent=3532
2026-09-10 20:46:25 [argus.main] INFO EVENT: PROCESS_TERMINATED — PID 592 (ipconfig.exe)
2026-09-10 20:46:44 [argus.main] INFO EVENT: PROCESS_STARTED — PID 21620 (backgroundTaskHost.exe) parent=1596
2026-09-10 20:46:52 [argus.main] INFO EVENT: PROCESS_STARTED — PID 6480 (powershell.exe) parent=19040
2026-09-10 20:46:52 [argus.main] INFO EVENT: PROCESS_STARTED — PID 26996 (conhost.exe) parent=6480
2026-09-10 20:46:54 [argus.main] INFO EVENT: PROCESS_TERMINATED — PID 6480 (powershell.exe)
2026-09-10 20:46:54 [argus.main] INFO EVENT: PROCESS_TERMINATED — PID 26996 (conhost.exe)
2026-09-10 20:47:04 [argus.main] INFO EVENT: PROCESS_STARTED — PID 4392 (msedgewebview2.exe) parent=1280
2026-09-10 20:47:04 [argus.main] INFO EVENT: PROCESS_STARTED — PID 12000 (msedgewebview2.exe) parent=1280
2026-09-10 20:47:20 [argus.main] INFO EVENT: PROCESS_TERMINATED — PID 12224 (svchost.exe)
2026-09-10 20:47:22 [argus.main] INFO EVENT: PROCESS_STARTED — PID 2856 (conhost.exe) parent=27516
2026-09-10 20:47:22 [argus.main] INFO EVENT: PROCESS_STARTED — PID 27516 (powershell.exe) parent=19040
2026-09-10 20:47:24 [argus.main] INFO EVENT: PROCESS_TERMINATED — PID 2856 (conhost.exe)
2026-09-10 20:47:24 [argus.main] INFO EVENT: PROCESS_TERMINATED — PID 27516 (powershell.exe)
2026-09-10 20:47:44 [argus.main] INFO EVENT: PROCESS_TERMINATED — PID 21620 (backgroundTaskHost.exe)
2026-09-10 20:47:50 [argus.main] INFO EVENT: PROCESS_TERMINATED — PID 4392 (msedgewebview2.exe)
2026-09-10 20:47:50 [argus.main] INFO EVENT: PROCESS_TERMINATED — PID 12000 (msedgewebview2.exe)
2026-09-10 20:47:52 [argus.main] INFO EVENT: PROCESS_STARTED — PID 26216 (powershell.exe) parent=19040
2026-09-10 20:47:52 [argus.main] INFO EVENT: PROCESS_STARTED — PID 27152 (conhost.exe) parent=26216
2026-09-10 20:47:55 [argus.main] INFO EVENT: PROCESS_TERMINATED — PID 26216 (powershell.exe)
2026-09-10 20:47:55 [argus.main] INFO EVENT: PROCESS_TERMINATED — PID 27152 (conhost.exe)
2026-09-10 20:48:13 [argus.main] INFO EVENT: PROCESS_STARTED — PID 23008 (msedgewebview2.exe) parent=1280
2026-09-10 20:48:15 [argus.main] INFO EVENT: PROCESS_STARTED — PID 18812 (backgroundTaskHost.exe) parent=1596
2026-09-10 20:48:17 [argus.main] INFO EVENT: PROCESS_STARTED — PID 13372 (svchost.exe) parent=1360
2026-09-10 20:48:23 [argus.main] INFO EVENT: PROCESS_STARTED — PID 11800 (<unknown-pid-11800>) parent=none
2026-09-10 20:48:25 [argus.main] INFO EVENT: PROCESS_TERMINATED — PID 11800 (<unknown-pid-11800>)
2026-09-10 20:48:27 [argus.main] INFO EVENT: PROCESS_STARTED — PID 1464 (taskhostw.exe) parent=2996
2026-09-10 20:48:29 [argus.main] INFO EVENT: PROCESS_STARTED — PID 15200 (RuntimeBroker.exe) parent=1596
2026-09-10 20:48:29 [argus.main] INFO EVENT: PROCESS_STARTED — PID 26256 (sppsvc.exe) parent=1360
2026-09-10 20:48:31 [argus.main] INFO EVENT: PROCESS_TERMINATED — PID 1464 (taskhostw.exe)
2026-09-10 20:48:37 [argus.main] INFO EVENT: PROCESS_STARTED — PID 6368 (<unknown-pid-6368>) parent=none
2026-09-10 20:48:40 [argus.main] INFO EVENT: PROCESS_TERMINATED — PID 6368 (<unknown-pid-6368>)
2026-09-10 20:48:44 [argus.main] INFO EVENT: PROCESS_TERMINATED — PID 23008 (msedgewebview2.exe)
2026-09-10 20:48:54 [argus.main] INFO EVENT: PROCESS_STARTED — PID 2892 (conhost.exe) parent=18852
2026-09-10 20:48:54 [argus.main] INFO EVENT: PROCESS_STARTED — PID 18852 (powershell.exe) parent=19040
2026-09-10 20:48:56 [argus.main] INFO EVENT: PROCESS_TERMINATED — PID 2892 (conhost.exe)
2026-09-10 20:48:56 [argus.main] INFO EVENT: PROCESS_TERMINATED — PID 18852 (powershell.exe)
2026-09-10 20:49:00 [argus.main] INFO EVENT: PROCESS_TERMINATED — PID 26256 (sppsvc.exe)
2026-09-10 20:49:08 [argus.main] INFO EVENT: PROCESS_TERMINATED — PID 15200 (RuntimeBroker.exe)
2026-09-10 20:49:16 [argus.main] INFO EVENT: PROCESS_TERMINATED — PID 18812 (backgroundTaskHost.exe)
2026-09-10 20:49:24 [argus.main] INFO EVENT: PROCESS_STARTED — PID 8160 (conhost.exe) parent=13564
2026-09-10 20:49:24 [argus.main] INFO EVENT: PROCESS_STARTED — PID 13564 (powershell.exe) parent=19040
2026-09-10 20:49:26 [argus.main] INFO EVENT: PROCESS_TERMINATED — PID 8160 (conhost.exe)
2026-09-10 20:49:26 [argus.main] INFO EVENT: PROCESS_TERMINATED — PID 13564 (powershell.exe)
2026-09-10 20:49:54 [argus.main] INFO EVENT: PROCESS_STARTED — PID 9772 (conhost.exe) parent=17632
2026-09-10 20:49:54 [argus.main] INFO EVENT: PROCESS_STARTED — PID 17632 (powershell.exe) parent=19040
2026-09-10 20:49:56 [argus.main] INFO EVENT: PROCESS_TERMINATED — PID 9772 (conhost.exe)
2026-09-10 20:49:56 [argus.main] INFO EVENT: PROCESS_TERMINATED — PID 17632 (powershell.exe)
2026-09-10 20:50:23 [argus.main] INFO EVENT: PROCESS_STARTED — PID 22872 (conhost.exe) parent=27112
2026-09-10 20:50:25 [argus.main] INFO EVENT: PROCESS_STARTED — PID 2480 (msedge.exe) parent=2032
2026-09-10 20:50:25 [argus.main] INFO EVENT: PROCESS_STARTED — PID 24300 (msedge.exe) parent=2032
2026-09-10 20:50:25 [argus.main] INFO EVENT: PROCESS_TERMINATED — PID 14872 (msedge.exe)
2026-09-10 20:50:25 [argus.main] INFO EVENT: PROCESS_TERMINATED — PID 22872 (conhost.exe)
2026-09-10 20:50:27 [argus.main] INFO EVENT: PROCESS_STARTED — PID 5104 (conhost.exe) parent=23808
2026-09-10 20:50:27 [argus.main] INFO EVENT: PROCESS_STARTED — PID 23808 (powershell.exe) parent=19040
2026-09-10 20:50:29 [argus.main] INFO EVENT: PROCESS_TERMINATED — PID 5104 (conhost.exe)
2026-09-10 20:50:29 [argus.main] INFO EVENT: PROCESS_TERMINATED — PID 23808 (powershell.exe)
2026-09-10 20:50:41 [argus.main] INFO EVENT: PROCESS_STARTED — PID 15824 (msedgewebview2.exe) parent=1280
2026-09-10 20:50:41 [argus.main] INFO EVENT: PROCESS_STARTED — PID 26392 (msedgewebview2.exe) parent=1280
2026-09-10 20:50:57 [argus.main] INFO EVENT: PROCESS_STARTED — PID 17588 (conhost.exe) parent=20164
2026-09-10 20:50:57 [argus.main] INFO EVENT: PROCESS_STARTED — PID 20164 (powershell.exe) parent=19040
2026-09-10 20:51:01 [argus.main] INFO EVENT: PROCESS_TERMINATED — PID 17588 (conhost.exe)
2026-09-10 20:51:01 [argus.main] INFO EVENT: PROCESS_TERMINATED — PID 20164 (powershell.exe)
2026-09-10 20:51:09 [argus.main] INFO EVENT: PROCESS_STARTED — PID 3376 (conhost.exe) parent=26808
2026-09-10 20:51:09 [argus.main] INFO EVENT: PROCESS_STARTED — PID 26808 (<unknown-pid-26808>) parent=19040
2026-09-10 20:51:11 [argus.main] INFO EVENT: PROCESS_TERMINATED — PID 26392 (msedgewebview2.exe)
2026-09-10 20:51:11 [argus.main] INFO EVENT: PROCESS_TERMINATED — PID 3376 (conhost.exe)
2026-09-10 20:51:11 [argus.main] INFO EVENT: PROCESS_TERMINATED — PID 26808 (<unknown-pid-26808>)
2026-09-10 20:51:15 [argus.main] INFO EVENT: PROCESS_TERMINATED — PID 15824 (msedgewebview2.exe)
2026-09-10 20:51:24 [argus.main] INFO EVENT: PROCESS_STARTED — PID 26872 (msedgewebview2.exe) parent=1280
2026-09-10 20:51:26 [argus.main] INFO EVENT: PROCESS_STARTED — PID 11132 (<unknown-pid-11132>) parent=none
2026-09-10 20:51:28 [argus.main] INFO EVENT: PROCESS_TERMINATED — PID 11132 (<unknown-pid-11132>)
2026-09-10 20:51:30 [argus.main] INFO EVENT: PROCESS_STARTED — PID 17744 (conhost.exe) parent=25832
2026-09-10 20:51:30 [argus.main] INFO EVENT: PROCESS_STARTED — PID 25832 (powershell.exe) parent=19040
2026-09-10 20:51:32 [argus.main] INFO EVENT: PROCESS_TERMINATED — PID 17744 (conhost.exe)
2026-09-10 20:51:32 [argus.main] INFO EVENT: PROCESS_TERMINATED — PID 25832 (powershell.exe)
2026-09-10 20:51:48 [argus.main] INFO EVENT: PROCESS_STARTED — PID 7532 (msedge.exe) parent=2032
2026-09-10 20:51:48 [argus.main] INFO EVENT: PROCESS_STARTED — PID 24824 (msedge.exe) parent=2032
2026-09-10 20:51:48 [argus.main] INFO EVENT: PROCESS_TERMINATED — PID 2480 (msedge.exe)
2026-09-10 20:51:56 [argus.main] INFO EVENT: PROCESS_TERMINATED — PID 26872 (msedgewebview2.exe)
2026-09-10 20:52:02 [argus.main] INFO EVENT: PROCESS_STARTED — PID 18308 (conhost.exe) parent=26820
2026-09-10 20:52:03 [argus.main] INFO EVENT: PROCESS_STARTED — PID 26820 (powershell.exe) parent=19040
2026-09-10 20:52:05 [argus.main] INFO EVENT: PROCESS_TERMINATED — PID 18308 (conhost.exe)
2026-09-10 20:52:07 [argus.main] INFO EVENT: PROCESS_TERMINATED — PID 26820 (powershell.exe)
2026-09-10 20:52:19 [argus.main] INFO EVENT: PROCESS_STARTED — PID 11328 (smartscreen.exe) parent=1596
2026-09-10 20:52:19 [argus.main] INFO EVENT: PROCESS_STARTED — PID 12684 (activate.exe) parent=6136
2026-09-10 20:52:21 [argus.main] INFO EVENT: PROCESS_STARTED — PID 16912 (svchost.exe) parent=1360
2026-09-10 20:52:26 [argus.main] INFO EVENT: PROCESS_STARTED — PID 592 (svchost.exe) parent=1360
2026-09-10 20:52:26 [argus.main] INFO EVENT: PROCESS_TERMINATED — PID 12684 (activate.exe)
2026-09-10 20:52:34 [argus.main] INFO EVENT: PROCESS_STARTED — PID 10708 (conhost.exe) parent=21308
2026-09-10 20:52:34 [argus.main] INFO EVENT: PROCESS_STARTED — PID 16944 (conhost.exe) parent=17288
2026-09-10 20:52:34 [argus.main] INFO EVENT: PROCESS_STARTED — PID 17288 (powershell.exe) parent=19040
2026-09-10 20:52:36 [argus.main] INFO EVENT: PROCESS_TERMINATED — PID 10708 (conhost.exe)
2026-09-10 20:52:36 [argus.main] INFO EVENT: PROCESS_TERMINATED — PID 16944 (conhost.exe)
2026-09-10 20:52:36 [argus.main] INFO EVENT: PROCESS_TERMINATED — PID 17288 (powershell.exe)
2026-09-10 20:53:04 [argus.main] INFO EVENT: PROCESS_STARTED — PID 1840 (powershell.exe) parent=19040
2026-09-10 20:53:04 [argus.main] INFO EVENT: PROCESS_STARTED — PID 10384 (conhost.exe) parent=1840
2026-09-10 20:53:09 [argus.main] INFO EVENT: PROCESS_TERMINATED — PID 1840 (powershell.exe)
2026-09-10 20:53:09 [argus.main] INFO EVENT: PROCESS_TERMINATED — PID 10384 (conhost.exe)
2026-09-10 20:53:13 [argus.main] INFO EVENT: PROCESS_STARTED — PID 22752 (msedge.exe) parent=2032
2026-09-10 20:53:13 [argus.main] INFO EVENT: PROCESS_TERMINATED — PID 17544 (svchost.exe)
2026-09-10 20:53:15 [argus.main] INFO EVENT: PROCESS_STARTED — PID 17872 (msedge.exe) parent=2032
2026-09-10 20:53:15 [argus.main] INFO EVENT: PROCESS_STARTED — PID 23540 (msedge.exe) parent=2032
2026-09-10 20:53:15 [argus.main] INFO EVENT: PROCESS_STARTED — PID 24284 (msedge.exe) parent=2032
2026-09-10 20:53:15 [argus.main] INFO EVENT: PROCESS_TERMINATED — PID 22752 (msedge.exe)
2026-09-10 20:53:29 [argus.main] INFO EVENT: PROCESS_STARTED — PID 7368 (msedgewebview2.exe) parent=1280
2026-09-10 20:53:29 [argus.main] INFO EVENT: PROCESS_STARTED — PID 24584 (msedge.exe) parent=2032
2026-09-10 20:53:29 [argus.main] INFO EVENT: PROCESS_STARTED — PID 24856 (msedgewebview2.exe) parent=1280
2026-09-10 20:53:29 [argus.main] INFO EVENT: PROCESS_STARTED — PID 24860 (msedge.exe) parent=2032
2026-09-10 20:53:33 [argus.main] INFO EVENT: PROCESS_STARTED — PID 1616 (powershell.exe) parent=19040
2026-09-10 20:53:33 [argus.main] INFO EVENT: PROCESS_STARTED — PID 14704 (conhost.exe) parent=1616
2026-09-10 20:53:35 [argus.main] INFO EVENT: PROCESS_TERMINATED — PID 1616 (powershell.exe)
2026-09-10 20:53:35 [argus.main] INFO EVENT: PROCESS_TERMINATED — PID 14704 (conhost.exe)
2026-09-10 20:53:43 [argus.main] INFO EVENT: PROCESS_TERMINATED — PID 17872 (msedge.exe)
2026-09-10 20:54:00 [argus.main] INFO EVENT: PROCESS_TERMINATED — PID 7368 (msedgewebview2.exe)
2026-09-10 20:54:00 [argus.main] INFO EVENT: PROCESS_TERMINATED — PID 24856 (msedgewebview2.exe)
2026-09-10 20:54:06 [argus.main] INFO EVENT: PROCESS_STARTED — PID 15348 (conhost.exe) parent=25560
2026-09-10 20:54:06 [argus.main] INFO EVENT: PROCESS_STARTED — PID 25560 (powershell.exe) parent=19040
2026-09-10 20:54:08 [argus.main] INFO EVENT: PROCESS_TERMINATED — PID 15348 (conhost.exe)
2026-09-10 20:54:08 [argus.main] INFO EVENT: PROCESS_TERMINATED — PID 25560 (powershell.exe)
2026-09-10 20:54:20 [argus.main] INFO EVENT: PROCESS_STARTED — PID 2532 (updater.exe) parent=14904
2026-09-10 20:54:20 [argus.main] INFO EVENT: PROCESS_STARTED — PID 8504 (updater.exe) parent=26464
2026-09-10 20:54:20 [argus.main] INFO EVENT: PROCESS_STARTED — PID 12756 (updater.exe) parent=1360
2026-09-10 20:54:20 [argus.main] INFO EVENT: PROCESS_STARTED — PID 14296 (updater.exe) parent=12756
2026-09-10 20:54:20 [argus.main] INFO EVENT: PROCESS_STARTED — PID 14904 (updater.exe) parent=1360
2026-09-10 20:54:20 [argus.main] INFO EVENT: PROCESS_STARTED — PID 26464 (updater.exe) parent=2996
2026-09-10 20:54:25 [argus.main] INFO EVENT: PROCESS_STARTED — PID 2108 (msedge.exe) parent=2032
2026-09-10 20:54:25 [argus.main] INFO EVENT: PROCESS_STARTED — PID 12052 (msedge.exe) parent=2032
2026-09-10 20:54:25 [argus.main] INFO EVENT: PROCESS_TERMINATED — PID 24584 (msedge.exe)
2026-09-10 20:54:25 [argus.main] INFO EVENT: PROCESS_TERMINATED — PID 8504 (updater.exe)
2026-09-10 20:54:25 [argus.main] INFO EVENT: PROCESS_TERMINATED — PID 26464 (updater.exe)
2026-09-10 20:54:27 [argus.main] INFO EVENT: PROCESS_TERMINATED — PID 592 (svchost.exe)
2026-09-10 20:54:35 [argus.main] INFO EVENT: PROCESS_STARTED — PID 2000 (ROUTE.EXE) parent=19040
2026-09-10 20:54:35 [argus.main] INFO EVENT: PROCESS_STARTED — PID 22060 (<unknown-pid-22060>) parent=2000
2026-09-10 20:54:35 [argus.main] INFO EVENT: PROCESS_TERMINATED — PID 2532 (updater.exe)
2026-09-10 20:54:35 [argus.main] INFO EVENT: PROCESS_TERMINATED — PID 12756 (updater.exe)
2026-09-10 20:54:35 [argus.main] INFO EVENT: PROCESS_TERMINATED — PID 14296 (updater.exe)
2026-09-10 20:54:35 [argus.main] INFO EVENT: PROCESS_TERMINATED — PID 14904 (updater.exe)
2026-09-10 20:54:37 [argus.main] INFO EVENT: PROCESS_STARTED — PID 9992 (msedgewebview2.exe) parent=1280
2026-09-10 20:54:37 [argus.main] INFO EVENT: PROCESS_STARTED — PID 24664 (conhost.exe) parent=26672
2026-09-10 20:54:37 [argus.main] INFO EVENT: PROCESS_STARTED — PID 26672 (powershell.exe) parent=19040
2026-09-10 20:54:37 [argus.main] INFO EVENT: PROCESS_TERMINATED — PID 2000 (ROUTE.EXE)
2026-09-10 20:54:37 [argus.main] INFO EVENT: PROCESS_TERMINATED — PID 22060 (<unknown-pid-22060>)
2026-09-10 20:54:39 [argus.main] INFO EVENT: PROCESS_TERMINATED — PID 24664 (conhost.exe)
2026-09-10 20:54:39 [argus.main] INFO EVENT: PROCESS_TERMINATED — PID 26672 (powershell.exe)
2026-09-10 20:55:07 [argus.main] INFO EVENT: PROCESS_STARTED — PID 22136 (conhost.exe) parent=26120
2026-09-10 20:55:07 [argus.main] INFO EVENT: PROCESS_STARTED — PID 26120 (powershell.exe) parent=19040
2026-09-10 20:55:07 [argus.main] INFO EVENT: PROCESS_TERMINATED — PID 9992 (msedgewebview2.exe)
2026-09-10 20:55:09 [argus.main] INFO EVENT: PROCESS_TERMINATED — PID 22136 (conhost.exe)
2026-09-10 20:55:09 [argus.main] INFO EVENT: PROCESS_TERMINATED — PID 26120 (powershell.exe)
2026-09-10 20:55:17 [argus.main] INFO EVENT: PROCESS_STARTED — PID 7224 (ipconfig.exe) parent=3532
2026-09-10 20:55:20 [argus.main] INFO EVENT: PROCESS_TERMINATED — PID 7224 (ipconfig.exe)
2026-09-10 20:55:32 [argus.main] INFO EVENT: PROCESS_TERMINATED — PID 23540 (msedge.exe)
2026-09-10 20:55:38 [argus.main] INFO EVENT: PROCESS_STARTED — PID 11148 (conhost.exe) parent=26156
2026-09-10 20:55:38 [argus.main] INFO EVENT: PROCESS_STARTED — PID 26156 (powershell.exe) parent=19040
2026-09-10 20:55:40 [argus.main] INFO EVENT: PROCESS_TERMINATED — PID 11148 (conhost.exe)
2026-09-10 20:55:40 [argus.main] INFO EVENT: PROCESS_TERMINATED — PID 26156 (powershell.exe)
2026-09-10 20:55:50 [argus.main] INFO EVENT: PROCESS_STARTED — PID 4316 (msedge.exe) parent=2032
2026-09-10 20:55:50 [argus.main] INFO EVENT: PROCESS_STARTED — PID 19892 (msedge.exe) parent=2032
2026-09-10 20:55:50 [argus.main] INFO EVENT: PROCESS_STARTED — PID 23232 (msedge.exe) parent=2032
2026-09-10 20:55:50 [argus.main] INFO EVENT: PROCESS_STARTED — PID 27428 (msedge.exe) parent=2032
2026-09-10 20:55:53 [argus.main] INFO EVENT: PROCESS_STARTED — PID 5248 (Photos.exe) parent=2032
2026-09-10 20:55:53 [argus.main] INFO EVENT: PROCESS_TERMINATED — PID 4316 (msedge.exe)
2026-09-10 20:55:56 [argus.main] INFO EVENT: PROCESS_STARTED — PID 8504 (sppsvc.exe) parent=1360
2026-09-10 20:55:56 [argus.main] INFO EVENT: PROCESS_STARTED — PID 15120 (Photos.exe) parent=2032
2026-09-10 20:55:57 [argus.main] INFO EVENT: PROCESS_STARTED — PID 25036 (msedgewebview2.exe) parent=1280
2026-09-10 20:55:59 [argus.main] INFO EVENT: PROCESS_STARTED — PID 12856 (Photos.exe) parent=2032
2026-09-10 20:55:59 [argus.main] INFO EVENT: PROCESS_STARTED — PID 17428 (msedge.exe) parent=2032
2026-09-10 20:56:02 [argus.main] INFO EVENT: PROCESS_STARTED — PID 24768 (dllhost.exe) parent=1596
2026-09-10 20:56:04 [argus.main] INFO EVENT: PROCESS_STARTED — PID 2120 (conhost.exe) parent=12620
2026-09-10 20:56:04 [argus.main] INFO EVENT: PROCESS_STARTED — PID 8296 (Photos.exe) parent=12856
2026-09-10 20:56:06 [argus.main] INFO EVENT: PROCESS_TERMINATED — PID 24768 (dllhost.exe)
2026-09-10 20:56:06 [argus.main] INFO EVENT: PROCESS_TERMINATED — PID 2120 (conhost.exe)
2026-09-10 20:56:09 [argus.main] INFO EVENT: PROCESS_STARTED — PID 18696 (powershell.exe) parent=19040
2026-09-10 20:56:09 [argus.main] INFO EVENT: PROCESS_STARTED — PID 21120 (conhost.exe) parent=18696
2026-09-10 20:56:11 [argus.main] INFO EVENT: PROCESS_STARTED — PID 11968 (svchost.exe) parent=1360
2026-09-10 20:56:11 [argus.main] INFO EVENT: PROCESS_TERMINATED — PID 18696 (powershell.exe)
2026-09-10 20:56:11 [argus.main] INFO EVENT: PROCESS_TERMINATED — PID 21120 (conhost.exe)
2026-09-10 20:56:13 [argus.main] INFO EVENT: PROCESS_TERMINATED — PID 12856 (Photos.exe)
2026-09-10 20:56:21 [argus.main] INFO EVENT: PROCESS_TERMINATED — PID 12052 (msedge.exe)
2026-09-10 20:56:23 [argus.main] INFO EVENT: PROCESS_STARTED — PID 14320 (msedgewebview2.exe) parent=1280
2026-09-10 20:56:23 [argus.main] INFO EVENT: PROCESS_TERMINATED — PID 2196 (msedge.exe)
2026-09-10 20:56:23 [argus.main] INFO EVENT: PROCESS_TERMINATED — PID 14092 (msedge.exe)
2026-09-10 20:56:23 [argus.main] INFO EVENT: PROCESS_TERMINATED — PID 26836 (msedge.exe)
2026-09-10 20:56:23 [argus.main] INFO EVENT: PROCESS_TERMINATED — PID 4932 (msedge.exe)
2026-09-10 20:56:23 [argus.main] INFO EVENT: PROCESS_TERMINATED — PID 15232 (msedge.exe)
2026-09-10 20:56:23 [argus.main] INFO EVENT: PROCESS_TERMINATED — PID 24300 (msedge.exe)
2026-09-10 20:56:23 [argus.main] INFO EVENT: PROCESS_TERMINATED — PID 7532 (msedge.exe)
2026-09-10 20:56:23 [argus.main] INFO EVENT: PROCESS_TERMINATED — PID 24824 (msedge.exe)
2026-09-10 20:56:23 [argus.main] INFO EVENT: PROCESS_TERMINATED — PID 24284 (msedge.exe)
2026-09-10 20:56:23 [argus.main] INFO EVENT: PROCESS_TERMINATED — PID 24860 (msedge.exe)
2026-09-10 20:56:23 [argus.main] INFO EVENT: PROCESS_TERMINATED — PID 2108 (msedge.exe)
2026-09-10 20:56:23 [argus.main] INFO EVENT: PROCESS_TERMINATED — PID 19892 (msedge.exe)
2026-09-10 20:56:23 [argus.main] INFO EVENT: PROCESS_TERMINATED — PID 23232 (msedge.exe)
2026-09-10 20:56:23 [argus.main] INFO EVENT: PROCESS_TERMINATED — PID 27428 (msedge.exe)
2026-09-10 20:56:23 [argus.main] INFO EVENT: PROCESS_TERMINATED — PID 17428 (msedge.exe)
2026-09-10 20:56:25 [argus.main] INFO EVENT: PROCESS_STARTED — PID 3400 (msedge.exe) parent=22720
2026-09-10 20:56:25 [argus.main] INFO EVENT: PROCESS_STARTED — PID 10032 (msedge.exe) parent=22720
2026-09-10 20:56:25 [argus.main] INFO EVENT: PROCESS_STARTED — PID 15560 (msedge.exe) parent=22720
2026-09-10 20:56:25 [argus.main] INFO EVENT: PROCESS_STARTED — PID 16200 (msedge.exe) parent=22720
2026-09-10 20:56:25 [argus.main] INFO EVENT: PROCESS_STARTED — PID 17192 (svchost.exe) parent=1360
2026-09-10 20:56:25 [argus.main] INFO EVENT: PROCESS_STARTED — PID 21396 (msedge.exe) parent=22720
2026-09-10 20:56:25 [argus.main] INFO EVENT: PROCESS_STARTED — PID 22720 (msedge.exe) parent=2032
2026-09-10 20:56:26 [argus.main] INFO EVENT: PROCESS_STARTED — PID 24588 (identity_helper.exe) parent=22720
2026-09-10 20:56:26 [argus.main] INFO EVENT: PROCESS_STARTED — PID 27160 (elevation_service.exe) parent=1360
2026-09-10 20:56:26 [argus.main] INFO EVENT: PROCESS_TERMINATED — PID 968 (msedge.exe)
2026-09-10 20:56:26 [argus.main] INFO EVENT: PROCESS_TERMINATED — PID 2032 (msedge.exe)
2026-09-10 20:56:26 [argus.main] INFO EVENT: PROCESS_TERMINATED — PID 4888 (msedge.exe)
2026-09-10 20:56:26 [argus.main] INFO EVENT: PROCESS_TERMINATED — PID 16424 (msedge.exe)
2026-09-10 20:56:26 [argus.main] INFO EVENT: PROCESS_TERMINATED — PID 24608 (msedge.exe)
2026-09-10 20:56:26 [argus.main] INFO EVENT: PROCESS_TERMINATED — PID 25888 (msedge.exe)
2026-09-10 20:56:26 [argus.main] INFO EVENT: PROCESS_TERMINATED — PID 26448 (msedge.exe)
2026-09-10 20:56:26 [argus.main] INFO EVENT: PROCESS_TERMINATED — PID 20136 (msedge.exe)
2026-09-10 20:56:26 [argus.main] INFO EVENT: PROCESS_TERMINATED — PID 15908 (msedge.exe)
2026-09-10 20:56:32 [argus.main] INFO EVENT: PROCESS_STARTED — PID 9588 (msedge.exe) parent=22720
2026-09-10 20:56:32 [argus.main] INFO EVENT: PROCESS_STARTED — PID 13264 (msedge.exe) parent=22720
2026-09-10 20:56:32 [argus.main] INFO EVENT: PROCESS_STARTED — PID 25264 (msedge.exe) parent=22720
2026-09-10 20:56:34 [argus.main] INFO EVENT: PROCESS_TERMINATED — PID 8504 (sppsvc.exe)
2026-09-10 20:56:38 [argus.main] INFO EVENT: PROCESS_TERMINATED — PID 24588 (identity_helper.exe)
2026-09-10 20:56:40 [argus.main] INFO EVENT: PROCESS_STARTED — PID 2636 (conhost.exe) parent=15856
2026-09-10 20:56:40 [argus.main] INFO EVENT: PROCESS_STARTED — PID 15856 (powershell.exe) parent=19040
2026-09-10 20:56:42 [argus.main] INFO EVENT: PROCESS_TERMINATED — PID 2636 (conhost.exe)
2026-09-10 20:56:42 [argus.main] INFO EVENT: PROCESS_TERMINATED — PID 15856 (powershell.exe)
2026-09-10 20:56:52 [argus.main] INFO EVENT: PROCESS_STARTED — PID 12580 (conhost.exe) parent=15884
2026-09-10 20:56:52 [argus.main] INFO EVENT: PROCESS_STARTED — PID 15884 (<unknown-pid-15884>) parent=3532
2026-09-10 20:56:52 [argus.main] INFO EVENT: PROCESS_TERMINATED — PID 14320 (msedgewebview2.exe)
2026-09-10 20:56:54 [argus.main] INFO EVENT: PROCESS_TERMINATED — PID 13448 (RuntimeBroker.exe)
2026-09-10 20:56:54 [argus.main] INFO EVENT: PROCESS_TERMINATED — PID 12580 (conhost.exe)
2026-09-10 20:56:54 [argus.main] INFO EVENT: PROCESS_TERMINATED — PID 15884 (<unknown-pid-15884>)
2026-09-10 20:56:56 [argus.main] INFO EVENT: PROCESS_TERMINATED — PID 25036 (msedgewebview2.exe)
2026-09-10 20:56:56 [argus.main] INFO EVENT: PROCESS_TERMINATED — PID 15560 (msedge.exe)
2026-09-10 20:57:02 [argus.main] INFO EVENT: PROCESS_TERMINATED — PID 13264 (msedge.exe)
2026-09-10 20:57:04 [argus.main] INFO EVENT: PROCESS_STARTED — PID 15492 (msedgewebview2.exe) parent=1280
2026-09-10 20:57:12 [argus.main] INFO EVENT: PROCESS_STARTED — PID 10440 (powershell.exe) parent=19040
2026-09-10 20:57:12 [argus.main] INFO EVENT: PROCESS_STARTED — PID 12116 (conhost.exe) parent=10440
2026-09-10 20:57:14 [argus.main] INFO EVENT: PROCESS_TERMINATED — PID 10440 (powershell.exe)
2026-09-10 20:57:14 [argus.main] INFO EVENT: PROCESS_TERMINATED — PID 12116 (conhost.exe)
2026-09-10 20:57:34 [argus.main] INFO EVENT: PROCESS_TERMINATED — PID 15492 (msedgewebview2.exe)
2026-09-10 20:57:44 [argus.main] INFO EVENT: PROCESS_STARTED — PID 20648 (conhost.exe) parent=21916
2026-09-10 20:57:45 [argus.main] INFO EVENT: PROCESS_STARTED — PID 21916 (powershell.exe) parent=19040
2026-09-10 20:57:47 [argus.main] INFO EVENT: PROCESS_TERMINATED — PID 20648 (conhost.exe)
2026-09-10 20:57:47 [argus.main] INFO EVENT: PROCESS_TERMINATED — PID 21916 (powershell.exe)
2026-09-10 20:57:55 [argus.main] INFO EVENT: PROCESS_STARTED — PID 10304 (ROUTE.EXE) parent=3532
2026-09-10 20:57:55 [argus.main] INFO EVENT: PROCESS_STARTED — PID 24600 (<unknown-pid-24600>) parent=none
2026-09-10 20:57:57 [argus.main] INFO EVENT: PROCESS_TERMINATED — PID 10304 (ROUTE.EXE)
2026-09-10 20:57:57 [argus.main] INFO EVENT: PROCESS_TERMINATED — PID 24600 (<unknown-pid-24600>)
2026-09-10 20:58:25 [argus.main] INFO EVENT: PROCESS_STARTED — PID 2468 (msedgewebview2.exe) parent=1280
2026-09-10 20:58:47 [argus.main] INFO EVENT: PROCESS_STARTED — PID 11636 (conhost.exe) parent=26180
2026-09-10 20:58:47 [argus.main] INFO EVENT: PROCESS_STARTED — PID 26180 (<unknown-pid-26180>) parent=none
2026-09-10 20:58:49 [argus.main] INFO EVENT: PROCESS_TERMINATED — PID 11636 (conhost.exe)
2026-09-10 20:58:49 [argus.main] INFO EVENT: PROCESS_TERMINATED — PID 26180 (<unknown-pid-26180>)
2026-09-10 20:58:55 [argus.main] INFO EVENT: PROCESS_TERMINATED — PID 2468 (msedgewebview2.exe)
2026-09-10 20:58:57 [argus.main] INFO EVENT: PROCESS_STARTED — PID 7960 (ROUTE.EXE) parent=3532
2026-09-10 20:58:59 [argus.main] INFO EVENT: PROCESS_TERMINATED — PID 7960 (ROUTE.EXE)
2026-09-10 20:59:01 [argus.main] INFO EVENT: PROCESS_STARTED — PID 11096 (Code.exe) parent=10872
2026-09-10 20:59:03 [argus.main] INFO EVENT: PROCESS_STARTED — PID 16220 (Code.exe) parent=10872
2026-09-10 20:59:03 [argus.main] INFO EVENT: PROCESS_STARTED — PID 25952 (Code.exe) parent=11096
2026-09-10 20:59:05 [argus.main] INFO EVENT: PROCESS_STARTED — PID 8300 (Code.exe) parent=11096
2026-09-10 20:59:05 [argus.main] INFO EVENT: PROCESS_STARTED — PID 8652 (Code.exe) parent=11096
2026-09-10 20:59:05 [argus.main] INFO EVENT: PROCESS_STARTED — PID 16492 (Code.exe) parent=16220
2026-09-10 20:59:05 [argus.main] INFO EVENT: PROCESS_STARTED — PID 16748 (Code.exe) parent=16220
2026-09-10 20:59:05 [argus.main] INFO EVENT: PROCESS_STARTED — PID 22440 (Code.exe) parent=16220
2026-09-10 20:59:07 [argus.main] INFO EVENT: PROCESS_STARTED — PID 5980 (Code.exe) parent=11096
2026-09-10 20:59:07 [argus.main] INFO EVENT: PROCESS_STARTED — PID 12124 (Code.exe) parent=11096
2026-09-10 20:59:07 [argus.main] INFO EVENT: PROCESS_TERMINATED — PID 16220 (Code.exe)
2026-09-10 20:59:07 [argus.main] INFO EVENT: PROCESS_TERMINATED — PID 16492 (Code.exe)
2026-09-10 20:59:07 [argus.main] INFO EVENT: PROCESS_TERMINATED — PID 16748 (Code.exe)
2026-09-10 20:59:07 [argus.main] INFO EVENT: PROCESS_TERMINATED — PID 22440 (Code.exe)
2026-09-10 20:59:16 [argus.main] INFO EVENT: PROCESS_STARTED — PID 26272 (Code.exe) parent=11096
2026-09-10 20:59:18 [argus.main] INFO EVENT: PROCESS_STARTED — PID 7976 (Code.exe) parent=11096
2026-09-10 20:59:20 [argus.main] INFO EVENT: PROCESS_STARTED — PID 4932 (conhost.exe) parent=24284
2026-09-10 20:59:20 [argus.main] INFO EVENT: PROCESS_STARTED — PID 7460 (Code.exe) parent=11096
2026-09-10 20:59:22 [argus.main] INFO EVENT: PROCESS_STARTED — PID 14984 (Code.exe) parent=11096
2026-09-10 20:59:22 [argus.main] INFO EVENT: PROCESS_STARTED — PID 27460 (Code.exe) parent=26272
2026-09-10 20:59:22 [argus.main] INFO EVENT: PROCESS_TERMINATED — PID 4932 (conhost.exe)
2026-09-10 20:59:24 [argus.main] INFO EVENT: PROCESS_STARTED — PID 16596 (Code.exe) parent=11096
2026-09-10 20:59:26 [argus.main] INFO EVENT: PROCESS_STARTED — PID 18704 (Code.exe) parent=11096
2026-09-10 20:59:26 [argus.main] INFO EVENT: PROCESS_TERMINATED — PID 17192 (svchost.exe)
2026-09-10 20:59:28 [argus.main] INFO EVENT: PROCESS_STARTED — PID 24480 (Code.exe) parent=11096
2026-09-10 20:59:30 [argus.main] INFO EVENT: PROCESS_STARTED — PID 11368 (OpenConsole.exe) parent=24480
2026-09-10 20:59:32 [argus.main] INFO EVENT: PROCESS_STARTED — PID 13684 (powershell.exe) parent=24480
2026-09-10 20:59:32 [argus.main] INFO EVENT: PROCESS_STARTED — PID 23336 (Code.exe) parent=14984
2026-09-10 20:59:34 [argus.main] INFO EVENT: PROCESS_STARTED — PID 24116 (pet.exe) parent=16596
2026-09-10 20:59:34 [argus.main] INFO EVENT: PROCESS_STARTED — PID 25780 (conhost.exe) parent=24116
2026-09-10 20:59:36 [argus.main] INFO EVENT: PROCESS_STARTED — PID 3052 (git.exe) parent=16596
2026-09-10 20:59:37 [argus.main] INFO EVENT: PROCESS_STARTED — PID 14936 (<unknown-pid-14936>) parent=none
2026-09-10 20:59:37 [argus.main] INFO EVENT: PROCESS_STARTED — PID 23488 (msedgewebview2.exe) parent=1280
2026-09-10 20:59:37 [argus.main] INFO EVENT: PROCESS_STARTED — PID 26948 (OpenConsole.exe) parent=24480
2026-09-10 20:59:37 [argus.main] INFO EVENT: PROCESS_STARTED — PID 27548 (powershell.exe) parent=24480
2026-09-10 20:59:39 [argus.main] INFO EVENT: PROCESS_TERMINATED — PID 3052 (git.exe)
2026-09-10 20:59:39 [argus.main] INFO EVENT: PROCESS_TERMINATED — PID 14936 (<unknown-pid-14936>)
2026-09-10 20:59:45 [argus.main] INFO EVENT: PROCESS_STARTED — PID 4944 (<unknown-pid-4944>) parent=15216
2026-09-10 20:59:47 [argus.main] INFO EVENT: PROCESS_TERMINATED — PID 27160 (elevation_service.exe)
2026-09-10 20:59:47 [argus.main] INFO EVENT: PROCESS_TERMINATED — PID 4944 (<unknown-pid-4944>)
2026-09-10 20:59:51 [argus.main] INFO EVENT: PROCESS_STARTED — PID 1404 (powershell.exe) parent=19040
2026-09-10 20:59:51 [argus.main] INFO EVENT: PROCESS_STARTED — PID 9140 (Code.exe) parent=11096
2026-09-10 20:59:51 [argus.main] INFO EVENT: PROCESS_STARTED — PID 18112 (conhost.exe) parent=1404
2026-09-10 20:59:51 [argus.main] INFO EVENT: PROCESS_STARTED — PID 25296 (Code.exe) parent=16596
2026-09-10 20:59:53 [argus.main] INFO EVENT: PROCESS_TERMINATED — PID 1404 (powershell.exe)
2026-09-10 20:59:53 [argus.main] INFO EVENT: PROCESS_TERMINATED — PID 18112 (conhost.exe)
2026-09-10 20:59:55 [argus.main] INFO EVENT: PROCESS_STARTED — PID 4900 (kilo.exe) parent=16596
2026-09-10 20:59:55 [argus.main] INFO EVENT: PROCESS_STARTED — PID 17196 (kilo.exe) parent=14984
2026-09-10 21:00:01 [argus.main] INFO EVENT: PROCESS_STARTED — PID 12700 (conhost.exe) parent=16332
2026-09-10 21:00:01 [argus.main] INFO EVENT: PROCESS_STARTED — PID 14572 (git.exe) parent=16332
2026-09-10 21:00:01 [argus.main] INFO EVENT: PROCESS_STARTED — PID 16332 (git.exe) parent=16596
2026-09-10 21:00:03 [argus.main] INFO EVENT: PROCESS_TERMINATED — PID 12700 (conhost.exe)
2026-09-10 21:00:03 [argus.main] INFO EVENT: PROCESS_TERMINATED — PID 14572 (git.exe)
2026-09-10 21:00:03 [argus.main] INFO EVENT: PROCESS_TERMINATED — PID 16332 (git.exe)
2026-09-10 21:00:05 [argus.main] INFO EVENT: PROCESS_TERMINATED — PID 23488 (msedgewebview2.exe)
2026-09-10 21:00:09 [argus.main] INFO EVENT: PROCESS_STARTED — PID 1464 (git.exe) parent=17196
2026-09-10 21:00:10 [argus.main] INFO EVENT: PROCESS_STARTED — PID 2556 (conhost.exe) parent=22536
2026-09-10 21:00:10 [argus.main] INFO EVENT: PROCESS_STARTED — PID 22536 (git.exe) parent=4900
2026-09-10 21:00:12 [argus.main] INFO EVENT: PROCESS_STARTED — PID 2764 (git.exe) parent=14812
2026-09-10 21:00:12 [argus.main] INFO EVENT: PROCESS_STARTED — PID 5744 (ipconfig.exe) parent=19040
2026-09-10 21:00:12 [argus.main] INFO EVENT: PROCESS_STARTED — PID 7408 (git.exe) parent=17196
2026-09-10 21:00:12 [argus.main] INFO EVENT: PROCESS_STARTED — PID 19936 (conhost.exe) parent=7408
2026-09-10 21:00:12 [argus.main] INFO EVENT: PROCESS_STARTED — PID 27292 (python.exe) parent=16596
2026-09-10 21:00:12 [argus.main] INFO EVENT: PROCESS_TERMINATED — PID 1464 (git.exe)
2026-09-10 21:00:12 [argus.main] INFO EVENT: PROCESS_TERMINATED — PID 2556 (conhost.exe)
2026-09-10 21:00:12 [argus.main] INFO EVENT: PROCESS_TERMINATED — PID 22536 (git.exe)
2026-09-10 21:00:14 [argus.main] INFO EVENT: PROCESS_STARTED — PID 1432 (git.exe) parent=17196
2026-09-10 21:00:14 [argus.main] INFO EVENT: PROCESS_STARTED — PID 2556 (svchost.exe) parent=1360
2026-09-10 21:00:15 [argus.main] INFO EVENT: PROCESS_STARTED — PID 4844 (conhost.exe) parent=27292
2026-09-10 21:00:15 [argus.main] INFO EVENT: PROCESS_STARTED — PID 26132 (python.exe) parent=27292
2026-09-10 21:00:15 [argus.main] INFO EVENT: PROCESS_TERMINATED — PID 2764 (git.exe)
2026-09-10 21:00:15 [argus.main] INFO EVENT: PROCESS_TERMINATED — PID 5744 (ipconfig.exe)
2026-09-10 21:00:15 [argus.main] INFO EVENT: PROCESS_TERMINATED — PID 7408 (git.exe)
2026-09-10 21:00:15 [argus.main] INFO EVENT: PROCESS_TERMINATED — PID 19936 (conhost.exe)
2026-09-10 21:00:17 [argus.main] INFO EVENT: PROCESS_STARTED — PID 18288 (WerFault.exe) parent=5844
2026-09-10 21:00:17 [argus.main] INFO EVENT: PROCESS_STARTED — PID 23628 (Code.exe) parent=16596
2026-09-10 21:00:17 [argus.main] INFO EVENT: PROCESS_TERMINATED — PID 1432 (git.exe)
2026-09-10 21:00:19 [argus.main] INFO EVENT: PROCESS_STARTED — PID 18380 (Code.exe) parent=23628
2026-09-10 21:00:21 [argus.main] INFO EVENT: PROCESS_STARTED — PID 600 (conhost.exe) parent=16976
2026-09-10 21:00:21 [argus.main] INFO EVENT: PROCESS_STARTED — PID 2560 (rg.exe) parent=16596
2026-09-10 21:00:21 [argus.main] INFO EVENT: PROCESS_STARTED — PID 14332 (conhost.exe) parent=2560
2026-09-10 21:00:21 [argus.main] INFO EVENT: PROCESS_STARTED — PID 16976 (<unknown-pid-16976>) parent=none
2026-09-10 21:00:21 [argus.main] INFO EVENT: PROCESS_STARTED — PID 22504 (rg.exe) parent=16596
2026-09-10 21:00:21 [argus.main] INFO EVENT: PROCESS_TERMINATED — PID 18380 (Code.exe)
2026-09-10 21:00:23 [argus.main] INFO EVENT: PROCESS_STARTED — PID 25896 (opencode.exe) parent=5688
2026-09-10 21:00:23 [argus.main] INFO EVENT: PROCESS_TERMINATED — PID 600 (conhost.exe)
2026-09-10 21:00:23 [argus.main] INFO EVENT: PROCESS_TERMINATED — PID 2560 (rg.exe)
2026-09-10 21:00:23 [argus.main] INFO EVENT: PROCESS_TERMINATED — PID 14332 (conhost.exe)
2026-09-10 21:00:24 [argus.main] INFO EVENT: PROCESS_TERMINATED — PID 16976 (<unknown-pid-16976>)
2026-09-10 21:00:24 [argus.main] INFO EVENT: PROCESS_TERMINATED — PID 22504 (rg.exe)
2026-09-10 21:00:30 [argus.main] INFO EVENT: PROCESS_STARTED — PID 12624 (conhost.exe) parent=18024
2026-09-10 21:00:30 [argus.main] INFO EVENT: PROCESS_STARTED — PID 12900 (python.exe) parent=18024
2026-09-10 21:00:30 [argus.main] INFO EVENT: PROCESS_STARTED — PID 17464 (Code.exe) parent=23628
2026-09-10 21:00:30 [argus.main] INFO EVENT: PROCESS_STARTED — PID 18024 (python.exe) parent=23628
2026-09-10 21:00:30 [argus.main] INFO EVENT: PROCESS_STARTED — PID 24244 (Code.exe) parent=23628
2026-09-10 21:00:30 [argus.main] INFO EVENT: PROCESS_STARTED — PID 24284 (python.exe) parent=23628
2026-09-10 21:00:30 [argus.main] INFO EVENT: PROCESS_STARTED — PID 25632 (python.exe) parent=24284
2026-09-10 21:00:30 [argus.main] INFO EVENT: PROCESS_STARTED — PID 27008 (conhost.exe) parent=24284
2026-09-10 21:00:32 [argus.main] INFO EVENT: PROCESS_STARTED — PID 8584 (python.exe) parent=17108
2026-09-10 21:00:32 [argus.main] INFO EVENT: PROCESS_STARTED — PID 9976 (conhost.exe) parent=15224
2026-09-10 21:00:32 [argus.main] INFO EVENT: PROCESS_STARTED — PID 17764 (wermgr.exe) parent=2996
2026-09-10 21:00:32 [argus.main] INFO EVENT: PROCESS_TERMINATED — PID 12624 (conhost.exe)
2026-09-10 21:00:32 [argus.main] INFO EVENT: PROCESS_TERMINATED — PID 12900 (python.exe)
2026-09-10 21:00:32 [argus.main] INFO EVENT: PROCESS_TERMINATED — PID 17464 (Code.exe)
2026-09-10 21:00:32 [argus.main] INFO EVENT: PROCESS_TERMINATED — PID 18024 (python.exe)
2026-09-10 21:00:32 [argus.main] INFO EVENT: PROCESS_TERMINATED — PID 24244 (Code.exe)
2026-09-10 21:00:32 [argus.main] INFO EVENT: PROCESS_TERMINATED — PID 24284 (python.exe)
2026-09-10 21:00:32 [argus.main] INFO EVENT: PROCESS_TERMINATED — PID 25632 (python.exe)
2026-09-10 21:00:32 [argus.main] INFO EVENT: PROCESS_TERMINATED — PID 27008 (conhost.exe)
2026-09-10 21:00:34 [argus.main] INFO EVENT: PROCESS_STARTED — PID 19936 (WmiPrvSE.exe) parent=1596
2026-09-10 21:00:34 [argus.main] INFO EVENT: PROCESS_TERMINATED — PID 5844 (wssrvc.exe)
2026-09-10 21:00:34 [argus.main] INFO EVENT: PROCESS_TERMINATED — PID 18288 (WerFault.exe)
2026-09-10 21:00:34 [argus.main] INFO EVENT: PROCESS_TERMINATED — PID 8584 (python.exe)
2026-09-10 21:00:34 [argus.main] INFO EVENT: PROCESS_TERMINATED — PID 9976 (conhost.exe)
2026-09-10 21:00:36 [argus.main] INFO EVENT: PROCESS_TERMINATED — PID 5248 (Photos.exe)
2026-09-10 21:00:36 [argus.main] INFO EVENT: PROCESS_TERMINATED — PID 17764 (wermgr.exe)
2026-09-10 21:00:38 [argus.main] INFO EVENT: PROCESS_TERMINATED — PID 15120 (Photos.exe)
2026-09-10 21:00:57 [argus.main] INFO EVENT: PROCESS_STARTED — PID 14832 (powershell.exe) parent=19040
2026-09-10 21:00:57 [argus.main] INFO EVENT: PROCESS_STARTED — PID 15916 (conhost.exe) parent=14832
2026-09-10 21:00:59 [argus.main] INFO EVENT: PROCESS_TERMINATED — PID 14832 (powershell.exe)
2026-09-10 21:00:59 [argus.main] INFO EVENT: PROCESS_TERMINATED — PID 15916 (conhost.exe)
2026-09-10 21:01:05 [argus.main] INFO EVENT: PROCESS_STARTED — PID 16424 (Code.exe) parent=11096
2026-09-10 21:01:05 [argus.main] INFO EVENT: PROCESS_TERMINATED — PID 8296 (Photos.exe)
2026-09-10 21:01:11 [argus.main] INFO EVENT: PROCESS_TERMINATED — PID 16424 (Code.exe)
2026-09-10 21:01:17 [argus.main] INFO EVENT: PROCESS_TERMINATED — PID 11968 (svchost.exe)
2026-09-10 21:01:43 [argus.main] INFO EVENT: PROCESS_STARTED — PID 27008 (backgroundTaskHost.exe) parent=1596
2026-09-10 21:01:45 [argus.main] INFO EVENT: PROCESS_STARTED — PID 14044 (RuntimeBroker.exe) parent=1596
2026-09-10 21:01:45 [argus.main] INFO EVENT: PROCESS_TERMINATED — PID 20284 (audiodg.exe)
2026-09-10 21:01:53 [argus.main] INFO EVENT: PROCESS_STARTED — PID 9072 (conhost.exe) parent=9104
2026-09-10 21:01:53 [argus.main] INFO EVENT: PROCESS_STARTED — PID 9104 (<unknown-pid-9104>) parent=none
2026-09-10 21:01:55 [argus.main] INFO EVENT: PROCESS_TERMINATED — PID 9072 (conhost.exe)
2026-09-10 21:01:55 [argus.main] INFO EVENT: PROCESS_TERMINATED — PID 9104 (<unknown-pid-9104>)
2026-09-10 21:01:59 [argus.main] INFO EVENT: PROCESS_STARTED — PID 12000 (conhost.exe) parent=25916
2026-09-10 21:01:59 [argus.main] INFO EVENT: PROCESS_STARTED — PID 25916 (powershell.exe) parent=19040
2026-09-10 21:02:01 [argus.main] INFO EVENT: PROCESS_TERMINATED — PID 12000 (conhost.exe)
2026-09-10 21:02:01 [argus.main] INFO EVENT: PROCESS_TERMINATED — PID 25916 (powershell.exe)
2026-09-10 21:02:21 [argus.main] INFO EVENT: PROCESS_TERMINATED — PID 16912 (svchost.exe)
2026-09-10 21:02:29 [argus.main] INFO EVENT: PROCESS_STARTED — PID 12660 (conhost.exe) parent=16304
2026-09-10 21:02:30 [argus.main] INFO EVENT: PROCESS_STARTED — PID 16304 (powershell.exe) parent=19040
2026-09-10 21:02:30 [argus.main] INFO EVENT: PROCESS_STARTED — PID 19504 (CodeSetup-stable-88e44fa0e00b08f7758b4f6d05632e4fd5e4df6f.exe) parent=11096
2026-09-10 21:02:32 [argus.main] INFO EVENT: PROCESS_TERMINATED — PID 2556 (svchost.exe)
2026-09-10 21:02:32 [argus.main] INFO EVENT: PROCESS_TERMINATED — PID 12660 (conhost.exe)
2026-09-10 21:02:32 [argus.main] INFO EVENT: PROCESS_TERMINATED — PID 16304 (powershell.exe)
2026-09-10 21:02:34 [argus.main] INFO EVENT: PROCESS_STARTED — PID 11168 (chrome.exe) parent=24788
2026-09-10 21:02:38 [argus.main] INFO EVENT: PROCESS_STARTED — PID 10412 (CodeSetup-stable-88e44fa0e00b08f7758b4f6d05632e4fd5e4df6f.tmp) parent=19504
2026-09-10 21:02:40 [argus.main] INFO EVENT: PROCESS_STARTED — PID 6244 (icacls.exe) parent=10412
2026-09-10 21:02:40 [argus.main] INFO EVENT: PROCESS_STARTED — PID 10136 (conhost.exe) parent=6244
2026-09-10 21:02:42 [argus.main] INFO EVENT: PROCESS_TERMINATED — PID 6244 (icacls.exe)
2026-09-10 21:02:42 [argus.main] INFO EVENT: PROCESS_TERMINATED — PID 10136 (conhost.exe)
2026-09-10 21:02:46 [argus.main] INFO EVENT: PROCESS_TERMINATED — PID 27008 (backgroundTaskHost.exe)
2026-09-10 21:03:00 [argus.main] INFO EVENT: PROCESS_STARTED — PID 13620 (conhost.exe) parent=26020
2026-09-10 21:03:00 [argus.main] INFO EVENT: PROCESS_STARTED — PID 26020 (powershell.exe) parent=19040
2026-09-10 21:03:02 [argus.main] INFO EVENT: PROCESS_STARTED — PID 12284 (backgroundTaskHost.exe) parent=1596
2026-09-10 21:03:02 [argus.main] INFO EVENT: PROCESS_TERMINATED — PID 13620 (conhost.exe)
2026-09-10 21:03:02 [argus.main] INFO EVENT: PROCESS_TERMINATED — PID 26020 (powershell.exe)
2026-09-10 21:03:08 [argus.main] INFO EVENT: PROCESS_TERMINATED — PID 19936 (WmiPrvSE.exe)
2026-09-10 21:03:14 [argus.main] INFO EVENT: PROCESS_TERMINATED — PID 14044 (RuntimeBroker.exe)
2026-09-10 21:03:32 [argus.main] INFO EVENT: PROCESS_STARTED — PID 8548 (ARP.EXE) parent=19040
2026-09-10 21:03:32 [argus.main] INFO EVENT: PROCESS_STARTED — PID 8732 (conhost.exe) parent=8548
2026-09-10 21:03:34 [argus.main] INFO EVENT: PROCESS_TERMINATED — PID 8548 (ARP.EXE)
2026-09-10 21:03:34 [argus.main] INFO EVENT: PROCESS_TERMINATED — PID 8732 (conhost.exe)
2026-09-10 21:03:56 [argus.main] INFO EVENT: PROCESS_STARTED — PID 588 (powershell.exe) parent=10412
2026-09-10 21:03:56 [argus.main] INFO EVENT: PROCESS_STARTED — PID 18308 (conhost.exe) parent=588
2026-09-10 21:03:58 [argus.main] INFO EVENT: PROCESS_STARTED — PID 8488 (powershell.exe) parent=10412
2026-09-10 21:03:58 [argus.main] INFO EVENT: PROCESS_STARTED — PID 16912 (<unknown-pid-16912>) parent=3532
2026-09-10 21:03:59 [argus.main] INFO EVENT: PROCESS_STARTED — PID 25728 (conhost.exe) parent=8488
2026-09-10 21:03:59 [argus.main] INFO EVENT: PROCESS_TERMINATED — PID 588 (powershell.exe)
2026-09-10 21:03:59 [argus.main] INFO EVENT: PROCESS_TERMINATED — PID 18308 (conhost.exe)
2026-09-10 21:04:01 [argus.main] INFO EVENT: PROCESS_STARTED — PID 4284 (conhost.exe) parent=27016
2026-09-10 21:04:01 [argus.main] INFO EVENT: PROCESS_STARTED — PID 27016 (powershell.exe) parent=10412
2026-09-10 21:04:01 [argus.main] INFO EVENT: PROCESS_TERMINATED — PID 8488 (powershell.exe)
2026-09-10 21:04:01 [argus.main] INFO EVENT: PROCESS_TERMINATED — PID 16912 (<unknown-pid-16912>)
2026-09-10 21:04:01 [argus.main] INFO EVENT: PROCESS_TERMINATED — PID 25728 (conhost.exe)
2026-09-10 21:04:03 [argus.main] INFO EVENT: PROCESS_STARTED — PID 23408 (rundll32.exe) parent=13372
2026-09-10 21:04:03 [argus.main] INFO EVENT: PROCESS_STARTED — PID 26372 (svchost.exe) parent=1360
2026-09-10 21:04:03 [argus.main] INFO EVENT: PROCESS_TERMINATED — PID 11328 (smartscreen.exe)
2026-09-10 21:04:03 [argus.main] INFO EVENT: PROCESS_TERMINATED — PID 12284 (backgroundTaskHost.exe)
2026-09-10 21:04:05 [argus.main] INFO EVENT: PROCESS_STARTED — PID 13272 (svchost.exe) parent=1360
2026-09-10 21:04:05 [argus.main] INFO EVENT: PROCESS_STARTED — PID 26304 (rundll32.exe) parent=13372
2026-09-10 21:04:07 [argus.main] INFO EVENT: PROCESS_STARTED — PID 3128 (powershell.exe) parent=10412
2026-09-10 21:04:07 [argus.main] INFO EVENT: PROCESS_STARTED — PID 14936 (dllhost.exe) parent=1596
2026-09-10 21:04:07 [argus.main] INFO EVENT: PROCESS_STARTED — PID 21616 (conhost.exe) parent=3128
2026-09-10 21:04:07 [argus.main] INFO EVENT: PROCESS_STARTED — PID 25392 (dllhost.exe) parent=1596
2026-09-10 21:04:07 [argus.main] INFO EVENT: PROCESS_TERMINATED — PID 4284 (conhost.exe)
2026-09-10 21:04:07 [argus.main] INFO EVENT: PROCESS_TERMINATED — PID 27016 (powershell.exe)
2026-09-10 21:04:07 [argus.main] INFO EVENT: PROCESS_TERMINATED — PID 26304 (rundll32.exe)
2026-09-10 21:04:09 [argus.main] INFO EVENT: PROCESS_STARTED — PID 4088 (taskhostw.exe) parent=2996
2026-09-10 21:04:09 [argus.main] INFO EVENT: PROCESS_STARTED — PID 13604 (conhost.exe) parent=15696
2026-09-10 21:04:09 [argus.main] INFO EVENT: PROCESS_STARTED — PID 15696 (powershell.exe) parent=10412
2026-09-10 21:04:09 [argus.main] INFO EVENT: PROCESS_TERMINATED — PID 3128 (powershell.exe)
2026-09-10 21:04:09 [argus.main] INFO EVENT: PROCESS_TERMINATED — PID 21616 (conhost.exe)
2026-09-10 21:04:11 [argus.main] INFO EVENT: PROCESS_TERMINATED — PID 25392 (dllhost.exe)
2026-09-10 21:04:11 [argus.main] INFO EVENT: PROCESS_TERMINATED — PID 4088 (taskhostw.exe)
2026-09-10 21:04:11 [argus.main] INFO EVENT: PROCESS_TERMINATED — PID 13604 (conhost.exe)
2026-09-10 21:04:11 [argus.main] INFO EVENT: PROCESS_TERMINATED — PID 15696 (powershell.exe)
2026-09-10 21:04:13 [argus.main] INFO EVENT: PROCESS_STARTED — PID 20588 (WindowsPackageManagerServer.exe) parent=1596
2026-09-10 21:04:15 [argus.main] INFO EVENT: PROCESS_TERMINATED — PID 20588 (WindowsPackageManagerServer.exe)
2026-09-10 21:04:19 [argus.main] INFO EVENT: PROCESS_STARTED — PID 6368 (audiodg.exe) parent=3388
2026-09-10 21:04:23 [argus.main] INFO EVENT: PROCESS_STARTED — PID 13824 (reg.exe) parent=6236
2026-09-10 21:04:25 [argus.main] INFO EVENT: PROCESS_TERMINATED — PID 13824 (reg.exe)
2026-09-10 21:04:30 [argus.main] INFO EVENT: PROCESS_TERMINATED — PID 23408 (rundll32.exe)
2026-09-10 21:04:34 [argus.main] INFO EVENT: PROCESS_TERMINATED — PID 11168 (chrome.exe)
2026-09-10 21:04:38 [argus.main] INFO EVENT: PROCESS_STARTED — PID 12128 (msedgewebview2.exe) parent=1280
2026-09-10 21:04:46 [argus.main] INFO EVENT: PROCESS_STARTED — PID 12700 (conhost.exe) parent=19704
2026-09-10 21:04:46 [argus.main] INFO EVENT: PROCESS_STARTED — PID 19704 (<unknown-pid-19704>) parent=none
2026-09-10 21:04:48 [argus.main] INFO EVENT: PROCESS_TERMINATED — PID 12700 (conhost.exe)
2026-09-10 21:04:48 [argus.main] INFO EVENT: PROCESS_TERMINATED — PID 19704 (<unknown-pid-19704>)
2026-09-10 21:05:08 [argus.main] INFO EVENT: PROCESS_TERMINATED — PID 12128 (msedgewebview2.exe)
2026-09-10 21:05:42 [argus.main] INFO EVENT: PROCESS_STARTED — PID 6976 (powershell.exe) parent=19040
2026-09-10 21:05:42 [argus.main] INFO EVENT: PROCESS_STARTED — PID 7236 (conhost.exe) parent=6976
2026-09-10 21:05:44 [argus.main] INFO EVENT: PROCESS_TERMINATED — PID 6976 (powershell.exe)
2026-09-10 21:05:44 [argus.main] INFO EVENT: PROCESS_TERMINATED — PID 7236 (conhost.exe)
2026-09-10 21:06:04 [argus.main] INFO EVENT: PROCESS_STARTED — PID 6908 (node.exe) parent=13700
2026-09-10 21:06:04 [argus.main] INFO EVENT: PROCESS_STARTED — PID 9432 (conhost.exe) parent=13700
2026-09-10 21:06:04 [argus.main] INFO EVENT: PROCESS_STARTED — PID 13700 (powershell.exe) parent=25896
2026-09-10 21:06:06 [argus.main] INFO EVENT: PROCESS_STARTED — PID 19624 (WmiPrvSE.exe) parent=1596
2026-09-10 21:06:06 [argus.main] INFO EVENT: PROCESS_TERMINATED — PID 6908 (node.exe)
2026-09-10 21:06:06 [argus.main] INFO EVENT: PROCESS_TERMINATED — PID 9432 (conhost.exe)
2026-09-10 21:06:06 [argus.main] INFO EVENT: PROCESS_TERMINATED — PID 13700 (powershell.exe)
2026-09-10 21:06:14 [argus.main] INFO EVENT: PROCESS_STARTED — PID 4336 (powershell.exe) parent=19040
2026-09-10 21:06:14 [argus.main] INFO EVENT: PROCESS_STARTED — PID 7616 (conhost.exe) parent=4336
2026-09-10 21:06:16 [argus.main] INFO EVENT: PROCESS_TERMINATED — PID 4336 (powershell.exe)
2026-09-10 21:06:16 [argus.main] INFO EVENT: PROCESS_TERMINATED — PID 7616 (conhost.exe)
2026-09-10 21:06:28 [argus.main] INFO EVENT: PROCESS_STARTED — PID 2208 (msedgewebview2.exe) parent=1280
2026-09-10 21:06:44 [argus.main] INFO EVENT: PROCESS_STARTED — PID 4592 (ARP.EXE) parent=19040
2026-09-10 21:06:44 [argus.main] INFO EVENT: PROCESS_STARTED — PID 22068 (<unknown-pid-22068>) parent=none
2026-09-10 21:06:46 [argus.main] INFO EVENT: PROCESS_TERMINATED — PID 4592 (ARP.EXE)
2026-09-10 21:06:46 [argus.main] INFO EVENT: PROCESS_TERMINATED — PID 22068 (<unknown-pid-22068>)
2026-09-10 21:06:59 [argus.main] INFO EVENT: PROCESS_TERMINATED — PID 2208 (msedgewebview2.exe)
2026-09-10 21:07:51 [argus.main] INFO EVENT: PROCESS_STARTED — PID 228 (powershell.exe) parent=19040
2026-09-10 21:07:51 [argus.main] INFO EVENT: PROCESS_STARTED — PID 5368 (conhost.exe) parent=228
2026-09-10 21:07:53 [argus.main] INFO EVENT: PROCESS_TERMINATED — PID 228 (powershell.exe)
2026-09-10 21:07:53 [argus.main] INFO EVENT: PROCESS_TERMINATED — PID 5368 (conhost.exe)
2026-09-10 21:08:01 [argus.main] INFO EVENT: PROCESS_STARTED — PID 25352 (msedgewebview2.exe) parent=1280
2026-09-10 21:08:23 [argus.main] INFO EVENT: PROCESS_STARTED — PID 15476 (powershell.exe) parent=19040
2026-09-10 21:08:23 [argus.main] INFO EVENT: PROCESS_STARTED — PID 19272 (conhost.exe) parent=15476
2026-09-10 21:08:25 [argus.main] INFO EVENT: PROCESS_TERMINATED — PID 15476 (powershell.exe)
2026-09-10 21:08:25 [argus.main] INFO EVENT: PROCESS_TERMINATED — PID 19272 (conhost.exe)
2026-09-10 21:08:27 [argus.main] INFO EVENT: PROCESS_STARTED — PID 21120 (svchost.exe) parent=1360
2026-09-10 21:08:31 [argus.main] INFO EVENT: PROCESS_TERMINATED — PID 25352 (msedgewebview2.exe)
2026-09-10 21:08:41 [argus.main] INFO EVENT: PROCESS_STARTED — PID 3484 (<unknown-pid-3484>) parent=3532
2026-09-10 21:08:43 [argus.main] INFO EVENT: PROCESS_TERMINATED — PID 3484 (<unknown-pid-3484>)
2026-09-10 21:08:55 [argus.main] INFO EVENT: PROCESS_STARTED — PID 7036 (conhost.exe) parent=24784
2026-09-10 21:08:55 [argus.main] INFO EVENT: PROCESS_STARTED — PID 24784 (ARP.EXE) parent=19040
2026-09-10 21:08:57 [argus.main] INFO EVENT: PROCESS_TERMINATED — PID 7036 (conhost.exe)
2026-09-10 21:08:57 [argus.main] INFO EVENT: PROCESS_TERMINATED — PID 24784 (ARP.EXE)
2026-09-10 21:08:59 [argus.main] INFO EVENT: PROCESS_TERMINATED — PID 19624 (WmiPrvSE.exe)
2026-09-10 21:09:11 [argus.main] INFO EVENT: PROCESS_TERMINATED — PID 26372 (svchost.exe)
2026-09-10 21:09:15 [argus.main] INFO EVENT: PROCESS_TERMINATED — PID 19504 (CodeSetup-stable-88e44fa0e00b08f7758b4f6d05632e4fd5e4df6f.exe)
2026-09-10 21:09:15 [argus.main] INFO EVENT: PROCESS_TERMINATED — PID 10412 (CodeSetup-stable-88e44fa0e00b08f7758b4f6d05632e4fd5e4df6f.tmp)
2026-09-10 21:10:32 [argus.main] INFO EVENT: PROCESS_STARTED — PID 14500 (conhost.exe) parent=19936
2026-09-10 21:10:32 [argus.main] INFO EVENT: PROCESS_STARTED — PID 19936 (powershell.exe) parent=19040
2026-09-10 21:10:34 [argus.main] INFO EVENT: PROCESS_TERMINATED — PID 14500 (conhost.exe)
2026-09-10 21:10:34 [argus.main] INFO EVENT: PROCESS_TERMINATED — PID 19936 (powershell.exe)
2026-09-10 21:10:46 [argus.main] INFO EVENT: PROCESS_STARTED — PID 3440 (conhost.exe) parent=22900
2026-09-10 21:10:48 [argus.main] INFO EVENT: PROCESS_TERMINATED — PID 3440 (conhost.exe)
2026-09-10 21:11:04 [argus.main] INFO EVENT: PROCESS_STARTED — PID 8752 (powershell.exe) parent=19040
2026-09-10 21:11:04 [argus.main] INFO EVENT: PROCESS_STARTED — PID 12632 (conhost.exe) parent=8752
2026-09-10 21:11:06 [argus.main] INFO EVENT: PROCESS_TERMINATED — PID 8752 (powershell.exe)
2026-09-10 21:11:06 [argus.main] INFO EVENT: PROCESS_TERMINATED — PID 12632 (conhost.exe)
2026-09-10 21:11:36 [argus.main] INFO EVENT: PROCESS_STARTED — PID 9016 (powershell.exe) parent=19040
2026-09-10 21:11:36 [argus.main] INFO EVENT: PROCESS_STARTED — PID 12376 (conhost.exe) parent=9016
2026-09-10 21:11:38 [argus.main] INFO EVENT: PROCESS_TERMINATED — PID 9016 (powershell.exe)
2026-09-10 21:11:38 [argus.main] INFO EVENT: PROCESS_TERMINATED — PID 12376 (conhost.exe)
2026-09-10 21:11:40 [argus.main] INFO EVENT: PROCESS_STARTED — PID 16304 (<unknown-pid-16304>) parent=16492
2026-09-10 21:11:42 [argus.main] INFO EVENT: PROCESS_TERMINATED — PID 16304 (<unknown-pid-16304>)
2026-09-10 21:12:08 [argus.main] INFO EVENT: PROCESS_STARTED — PID 21272 (powershell.exe) parent=19040
2026-09-10 21:12:08 [argus.main] INFO EVENT: PROCESS_STARTED — PID 26368 (conhost.exe) parent=21272
2026-09-10 21:12:10 [argus.main] INFO EVENT: PROCESS_TERMINATED — PID 21272 (powershell.exe)
2026-09-10 21:12:10 [argus.main] INFO EVENT: PROCESS_TERMINATED — PID 26368 (conhost.exe)
2026-09-10 21:12:18 [argus.main] INFO EVENT: PROCESS_STARTED — PID 21796 (msedgewebview2.exe) parent=1280
2026-09-10 21:12:48 [argus.main] INFO EVENT: PROCESS_TERMINATED — PID 21796 (msedgewebview2.exe)
2026-09-10 21:13:26 [argus.main] INFO EVENT: PROCESS_TERMINATED — PID 6368 (audiodg.exe)
2026-09-10 21:13:45 [argus.main] INFO EVENT: PROCESS_STARTED — PID 6668 (msedgewebview2.exe) parent=1280
2026-09-10 21:14:05 [argus.main] INFO EVENT: PROCESS_TERMINATED — PID 13272 (svchost.exe)
2026-09-10 21:14:15 [argus.main] INFO EVENT: PROCESS_TERMINATED — PID 6668 (msedgewebview2.exe)
2026-09-10 21:14:17 [argus.main] INFO EVENT: PROCESS_STARTED — PID 12292 (powershell.exe) parent=19040
2026-09-10 21:14:17 [argus.main] INFO EVENT: PROCESS_STARTED — PID 24588 (conhost.exe) parent=12292
2026-09-10 21:14:19 [argus.main] INFO EVENT: PROCESS_TERMINATED — PID 12292 (powershell.exe)
2026-09-10 21:14:19 [argus.main] INFO EVENT: PROCESS_TERMINATED — PID 24588 (conhost.exe)
2026-09-10 21:14:49 [argus.main] INFO EVENT: PROCESS_STARTED — PID 25528 (powershell.exe) parent=19040
2026-09-10 21:14:49 [argus.main] INFO EVENT: PROCESS_STARTED — PID 25684 (conhost.exe) parent=25528
2026-09-10 21:14:51 [argus.main] INFO EVENT: PROCESS_TERMINATED — PID 25528 (powershell.exe)
2026-09-10 21:14:51 [argus.main] INFO EVENT: PROCESS_TERMINATED — PID 25684 (conhost.exe)
2026-09-10 21:14:55 [argus.main] INFO EVENT: PROCESS_STARTED — PID 2316 (powershell.exe) parent=25896
2026-09-10 21:14:55 [argus.main] INFO EVENT: PROCESS_STARTED — PID 11972 (conhost.exe) parent=2316
2026-09-10 21:14:57 [argus.main] INFO EVENT: PROCESS_STARTED — PID 1868 (svchost.exe) parent=1360
2026-09-10 21:14:57 [argus.main] INFO EVENT: PROCESS_TERMINATED — PID 2316 (powershell.exe)
2026-09-10 21:14:57 [argus.main] INFO EVENT: PROCESS_TERMINATED — PID 11972 (conhost.exe)
2026-09-10 21:14:59 [argus.main] INFO EVENT: PROCESS_STARTED — PID 16800 (WmiPrvSE.exe) parent=1596
2026-09-10 21:15:01 [argus.main] INFO EVENT: PROCESS_STARTED — PID 2676 (python.exe) parent=19324
2026-09-10 21:15:01 [argus.main] INFO EVENT: PROCESS_STARTED — PID 8752 (powershell.exe) parent=25896
2026-09-10 21:15:01 [argus.main] INFO EVENT: PROCESS_STARTED — PID 8972 (conhost.exe) parent=8752
2026-09-10 21:15:01 [argus.main] INFO EVENT: PROCESS_STARTED — PID 19324 (python.exe) parent=8752
2026-09-10 21:15:03 [argus.main] INFO EVENT: PROCESS_TERMINATED — PID 2676 (python.exe)
2026-09-10 21:15:03 [argus.main] INFO EVENT: PROCESS_TERMINATED — PID 8752 (powershell.exe)
2026-09-10 21:15:03 [argus.main] INFO EVENT: PROCESS_TERMINATED — PID 8972 (conhost.exe)
2026-09-10 21:15:03 [argus.main] INFO EVENT: PROCESS_TERMINATED — PID 19324 (python.exe)
2026-09-10 21:15:19 [argus.main] INFO EVENT: PROCESS_STARTED — PID 14076 (powershell.exe) parent=25896
2026-09-10 21:15:19 [argus.main] INFO EVENT: PROCESS_STARTED — PID 15824 (conhost.exe) parent=14076
2026-09-10 21:15:19 [argus.main] INFO EVENT: PROCESS_STARTED — PID 23064 (python.exe) parent=27376
2026-09-10 21:15:19 [argus.main] INFO EVENT: PROCESS_STARTED — PID 27376 (python.exe) parent=14076
2026-09-10 21:15:22 [argus.main] INFO EVENT: PROCESS_STARTED — PID 6248 (powershell.exe) parent=19040
2026-09-10 21:15:22 [argus.main] INFO EVENT: PROCESS_STARTED — PID 20460 (conhost.exe) parent=6248
2026-09-10 21:15:22 [argus.main] INFO EVENT: PROCESS_TERMINATED — PID 14076 (powershell.exe)
2026-09-10 21:15:22 [argus.main] INFO EVENT: PROCESS_TERMINATED — PID 15824 (conhost.exe)
2026-09-10 21:15:22 [argus.main] INFO EVENT: PROCESS_TERMINATED — PID 23064 (python.exe)
2026-09-10 21:15:22 [argus.main] INFO EVENT: PROCESS_TERMINATED — PID 27376 (python.exe)
2026-09-10 21:15:24 [argus.main] INFO EVENT: PROCESS_TERMINATED — PID 6248 (powershell.exe)
2026-09-10 21:15:24 [argus.main] INFO EVENT: PROCESS_TERMINATED — PID 20460 (conhost.exe)
2026-09-10 21:15:42 [argus.main] INFO EVENT: PROCESS_STARTED — PID 14644 (powershell.exe) parent=25896
2026-09-10 21:15:42 [argus.main] INFO EVENT: PROCESS_STARTED — PID 26136 (conhost.exe) parent=14644
2026-09-10 21:15:44 [argus.main] INFO EVENT: PROCESS_STARTED — PID 9052 (conhost.exe) parent=16924
2026-09-10 21:15:44 [argus.main] INFO EVENT: PROCESS_STARTED — PID 13408 (python.exe) parent=14236
2026-09-10 21:15:44 [argus.main] INFO EVENT: PROCESS_STARTED — PID 14236 (python.exe) parent=14644
2026-09-10 21:15:44 [argus.main] INFO EVENT: PROCESS_STARTED — PID 16924 (powershell.exe) parent=13408
2026-09-10 21:15:46 [argus.main] INFO EVENT: PROCESS_STARTED — PID 25704 (<unknown-pid-25704>) parent=none
2026-09-10 21:15:46 [argus.main] INFO EVENT: PROCESS_TERMINATED — PID 9052 (conhost.exe)
2026-09-10 21:15:46 [argus.main] INFO EVENT: PROCESS_TERMINATED — PID 16924 (powershell.exe)
2026-09-10 21:15:48 [argus.main] INFO EVENT: PROCESS_TERMINATED — PID 25704 (<unknown-pid-25704>)
2026-09-10 21:15:52 [argus.main] INFO EVENT: PROCESS_STARTED — PID 3456 (powershell.exe) parent=13408
2026-09-10 21:15:54 [argus.main] INFO EVENT: PROCESS_STARTED — PID 12068 (powershell.exe) parent=19040
2026-09-10 21:15:54 [argus.main] INFO EVENT: PROCESS_STARTED — PID 25664 (conhost.exe) parent=12068
2026-09-10 21:15:54 [argus.main] INFO EVENT: PROCESS_TERMINATED — PID 3456 (powershell.exe)
2026-09-10 21:15:56 [argus.main] INFO EVENT: PROCESS_TERMINATED — PID 14644 (powershell.exe)
2026-09-10 21:15:56 [argus.main] INFO EVENT: PROCESS_TERMINATED — PID 26136 (conhost.exe)
2026-09-10 21:15:56 [argus.main] INFO EVENT: PROCESS_TERMINATED — PID 13408 (python.exe)
2026-09-10 21:15:56 [argus.main] INFO EVENT: PROCESS_TERMINATED — PID 14236 (python.exe)
2026-09-10 21:15:56 [argus.main] INFO EVENT: PROCESS_TERMINATED — PID 12068 (powershell.exe)
2026-09-10 21:15:56 [argus.main] INFO EVENT: PROCESS_TERMINATED — PID 25664 (conhost.exe)
2026-09-10 21:16:26 [argus.main] INFO EVENT: PROCESS_STARTED — PID 25604 (powershell.exe) parent=19040
2026-09-10 21:16:28 [argus.main] INFO EVENT: PROCESS_TERMINATED — PID 25604 (powershell.exe)
2026-09-10 21:17:12 [argus.main] INFO EVENT: PROCESS_STARTED — PID 8372 (MoUsoCoreWorker.exe) parent=2476
2026-09-10 21:17:13 [argus.main] INFO EVENT: PROCESS_STARTED — PID 17396 (OfficeC2RClient.exe) parent=2996
2026-09-10 21:17:13 [argus.main] INFO EVENT: PROCESS_STARTED — PID 20348 (taskhostw.exe) parent=2996
2026-09-10 21:17:13 [argus.main] INFO EVENT: PROCESS_STARTED — PID 21968 (VSSVC.exe) parent=1360
2026-09-10 21:17:13 [argus.main] INFO EVENT: PROCESS_STARTED — PID 23080 (svchost.exe) parent=1360
2026-09-10 21:17:13 [argus.main] INFO EVENT: PROCESS_STARTED — PID 26284 (sppsvc.exe) parent=1360
2026-09-10 21:17:15 [argus.main] INFO EVENT: PROCESS_STARTED — PID 12624 (RuntimeBroker.exe) parent=1596
2026-09-10 21:17:15 [argus.main] INFO EVENT: PROCESS_TERMINATED — PID 20348 (taskhostw.exe)
2026-09-10 21:17:17 [argus.main] INFO EVENT: PROCESS_STARTED — PID 9064 (taskhostw.exe) parent=2996
2026-09-10 21:17:17 [argus.main] INFO EVENT: PROCESS_STARTED — PID 24928 (svchost.exe) parent=1360
2026-09-10 21:17:17 [argus.main] INFO EVENT: PROCESS_TERMINATED — PID 17396 (OfficeC2RClient.exe)
2026-09-10 21:17:21 [argus.main] INFO EVENT: PROCESS_STARTED — PID 24000 (svchost.exe) parent=1360
2026-09-10 21:17:25 [argus.main] INFO EVENT: PROCESS_STARTED — PID 8304 (svchost.exe) parent=1360
2026-09-10 21:17:27 [argus.main] INFO EVENT: PROCESS_TERMINATED — PID 9064 (taskhostw.exe)
2026-09-10 21:17:29 [argus.main] INFO EVENT: PROCESS_STARTED — PID 5064 (conhost.exe) parent=6760
2026-09-10 21:17:29 [argus.main] INFO EVENT: PROCESS_STARTED — PID 6760 (powershell.exe) parent=19040
2026-09-10 21:17:31 [argus.main] INFO EVENT: PROCESS_TERMINATED — PID 5064 (conhost.exe)
2026-09-10 21:17:31 [argus.main] INFO EVENT: PROCESS_TERMINATED — PID 6760 (powershell.exe)
2026-09-10 21:17:53 [argus.main] INFO EVENT: PROCESS_TERMINATED — PID 26284 (sppsvc.exe)
2026-09-10 21:17:53 [argus.main] INFO EVENT: PROCESS_TERMINATED — PID 12624 (RuntimeBroker.exe)
2026-09-10 21:17:55 [argus.main] INFO EVENT: PROCESS_STARTED — PID 6940 (<unknown-pid-6940>) parent=none
2026-09-10 21:17:58 [argus.main] INFO EVENT: PROCESS_TERMINATED — PID 6940 (<unknown-pid-6940>)
2026-09-10 21:18:12 [argus.main] INFO EVENT: PROCESS_STARTED — PID 26372 (msedgewebview2.exe) parent=1280
2026-09-10 21:18:16 [argus.main] INFO EVENT: PROCESS_STARTED — PID 7036 (<unknown-pid-7036>) parent=none
2026-09-10 21:18:18 [argus.main] INFO EVENT: PROCESS_STARTED — PID 16232 (ROUTE.EXE) parent=3532
2026-09-10 21:18:18 [argus.main] INFO EVENT: PROCESS_TERMINATED — PID 24928 (svchost.exe)
2026-09-10 21:18:18 [argus.main] INFO EVENT: PROCESS_TERMINATED — PID 7036 (<unknown-pid-7036>)
2026-09-10 21:18:20 [argus.main] INFO EVENT: PROCESS_STARTED — PID 14236 (audiodg.exe) parent=3388
2026-09-10 21:18:20 [argus.main] INFO EVENT: PROCESS_TERMINATED — PID 16232 (ROUTE.EXE)
2026-09-10 21:18:22 [argus.main] INFO EVENT: PROCESS_TERMINATED — PID 16800 (WmiPrvSE.exe)
2026-09-10 21:18:30 [argus.main] INFO EVENT: PROCESS_STARTED — PID 16848 (ShellHost.exe) parent=10888
2026-09-10 21:18:30 [argus.main] INFO EVENT: PROCESS_TERMINATED — PID 26664 (ShellHost.exe)
2026-09-10 21:18:32 [argus.main] INFO EVENT: PROCESS_TERMINATED — PID 24404 (svchost.exe)
2026-09-10 21:18:36 [argus.main] INFO EVENT: PROCESS_STARTED — PID 2616 (powershell.exe) parent=19040
2026-09-10 21:18:36 [argus.main] INFO EVENT: PROCESS_STARTED — PID 19516 (conhost.exe) parent=2616
2026-09-10 21:18:38 [argus.main] INFO EVENT: PROCESS_TERMINATED — PID 2616 (powershell.exe)
2026-09-10 21:18:38 [argus.main] INFO EVENT: PROCESS_TERMINATED — PID 19516 (conhost.exe)
2026-09-10 21:19:02 [argus.main] INFO EVENT: PROCESS_STARTED — PID 2004 (taskhostw.exe) parent=2996
2026-09-10 21:19:02 [argus.main] INFO EVENT: PROCESS_STARTED — PID 22148 (svchost.exe) parent=1360
2026-09-10 21:19:04 [argus.main] INFO EVENT: PROCESS_STARTED — PID 15040 (sppsvc.exe) parent=1360
2026-09-10 21:19:04 [argus.main] INFO EVENT: PROCESS_TERMINATED — PID 26372 (msedgewebview2.exe)
2026-09-10 21:19:06 [argus.main] INFO EVENT: PROCESS_TERMINATED — PID 2004 (taskhostw.exe)
2026-09-10 21:19:08 [argus.main] INFO EVENT: PROCESS_STARTED — PID 23648 (conhost.exe) parent=24928
2026-09-10 21:19:08 [argus.main] INFO EVENT: PROCESS_STARTED — PID 24928 (powershell.exe) parent=19040
2026-09-10 21:19:10 [argus.main] INFO EVENT: PROCESS_TERMINATED — PID 23648 (conhost.exe)
2026-09-10 21:19:10 [argus.main] INFO EVENT: PROCESS_TERMINATED — PID 24928 (powershell.exe)
2026-09-10 21:19:14 [argus.main] INFO EVENT: PROCESS_STARTED — PID 27488 (msedgewebview2.exe) parent=1280
2026-09-10 21:19:39 [argus.main] INFO EVENT: PROCESS_TERMINATED — PID 15040 (sppsvc.exe)
2026-09-10 21:19:41 [argus.main] INFO EVENT: PROCESS_STARTED — PID 8364 (conhost.exe) parent=11332
2026-09-10 21:19:41 [argus.main] INFO EVENT: PROCESS_STARTED — PID 11332 (powershell.exe) parent=19040
2026-09-10 21:19:43 [argus.main] INFO EVENT: PROCESS_TERMINATED — PID 8364 (conhost.exe)
2026-09-10 21:19:43 [argus.main] INFO EVENT: PROCESS_TERMINATED — PID 11332 (powershell.exe)
2026-09-10 21:19:57 [argus.main] INFO EVENT: PROCESS_TERMINATED — PID 1868 (svchost.exe)
2026-09-10 21:20:03 [argus.main] INFO EVENT: PROCESS_TERMINATED — PID 22148 (svchost.exe)
2026-09-10 21:20:07 [argus.main] INFO EVENT: PROCESS_TERMINATED — PID 27488 (msedgewebview2.exe)
2026-09-10 21:20:13 [argus.main] INFO EVENT: PROCESS_STARTED — PID 16828 (powershell.exe) parent=19040
2026-09-10 21:20:13 [argus.main] INFO EVENT: PROCESS_STARTED — PID 25652 (conhost.exe) parent=16828
2026-09-10 21:20:13 [argus.main] INFO EVENT: PROCESS_TERMINATED — PID 8372 (MoUsoCoreWorker.exe)
2026-09-10 21:20:15 [argus.main] INFO EVENT: PROCESS_TERMINATED — PID 21968 (VSSVC.exe)
2026-09-10 21:20:15 [argus.main] INFO EVENT: PROCESS_TERMINATED — PID 16828 (powershell.exe)
2026-09-10 21:20:15 [argus.main] INFO EVENT: PROCESS_TERMINATED — PID 25652 (conhost.exe)
2026-09-10 21:20:19 [argus.main] INFO EVENT: PROCESS_STARTED — PID 8968 (msedgewebview2.exe) parent=1280
2026-09-10 21:20:25 [argus.main] INFO EVENT: PROCESS_TERMINATED — PID 8304 (svchost.exe)
2026-09-10 21:20:49 [argus.main] INFO EVENT: PROCESS_TERMINATED — PID 8968 (msedgewebview2.exe)
2026-09-10 21:21:01 [argus.main] INFO EVENT: PROCESS_STARTED — PID 16748 (msedgewebview2.exe) parent=1280
2026-09-10 21:21:19 [argus.main] INFO EVENT: PROCESS_STARTED — PID 20760 (powershell.exe) parent=19040
2026-09-10 21:21:19 [argus.main] INFO EVENT: PROCESS_STARTED — PID 27056 (conhost.exe) parent=20760
2026-09-10 21:21:21 [argus.main] INFO EVENT: PROCESS_TERMINATED — PID 20760 (powershell.exe)
2026-09-10 21:21:21 [argus.main] INFO EVENT: PROCESS_TERMINATED — PID 27056 (conhost.exe)
2026-09-10 21:21:51 [argus.main] INFO EVENT: PROCESS_STARTED — PID 7616 (conhost.exe) parent=24696
2026-09-10 21:21:51 [argus.main] INFO EVENT: PROCESS_STARTED — PID 24696 (powershell.exe) parent=19040
2026-09-10 21:21:53 [argus.main] INFO EVENT: PROCESS_TERMINATED — PID 7616 (conhost.exe)
2026-09-10 21:21:53 [argus.main] INFO EVENT: PROCESS_TERMINATED — PID 24696 (powershell.exe)
2026-09-10 21:21:55 [argus.main] INFO EVENT: PROCESS_TERMINATED — PID 16748 (msedgewebview2.exe)
2026-09-10 21:22:19 [argus.main] INFO EVENT: PROCESS_STARTED — PID 940 (backgroundTaskHost.exe) parent=1596
2026-09-10 21:22:19 [argus.main] INFO EVENT: PROCESS_STARTED — PID 1872 (backgroundTaskHost.exe) parent=1596
2026-09-10 21:22:19 [argus.main] INFO EVENT: PROCESS_STARTED — PID 13564 (RuntimeBroker.exe) parent=1596
2026-09-10 21:22:20 [argus.main] INFO EVENT: PROCESS_STARTED — PID 24164 (svchost.exe) parent=1360
2026-09-10 21:22:22 [argus.main] INFO EVENT: PROCESS_STARTED — PID 12744 (svchost.exe) parent=1360
2026-09-10 21:22:24 [argus.main] INFO EVENT: PROCESS_STARTED — PID 12224 (powershell.exe) parent=19040
2026-09-10 21:22:24 [argus.main] INFO EVENT: PROCESS_STARTED — PID 25588 (conhost.exe) parent=12224
2026-09-10 21:22:26 [argus.main] INFO EVENT: PROCESS_TERMINATED — PID 12224 (powershell.exe)
2026-09-10 21:22:26 [argus.main] INFO EVENT: PROCESS_TERMINATED — PID 25588 (conhost.exe)
2026-09-10 21:22:36 [argus.main] INFO EVENT: PROCESS_STARTED — PID 3404 (msedgewebview2.exe) parent=1280
2026-09-10 21:22:54 [argus.main] INFO EVENT: PROCESS_STARTED — PID 1984 (powershell.exe) parent=19040
2026-09-10 21:22:54 [argus.main] INFO EVENT: PROCESS_STARTED — PID 15348 (conhost.exe) parent=1984
2026-09-10 21:22:56 [argus.main] INFO EVENT: PROCESS_TERMINATED — PID 1984 (powershell.exe)
2026-09-10 21:22:56 [argus.main] INFO EVENT: PROCESS_TERMINATED — PID 15348 (conhost.exe)
2026-09-10 21:23:14 [argus.main] INFO EVENT: PROCESS_TERMINATED — PID 23080 (svchost.exe)
2026-09-10 21:23:14 [argus.main] INFO EVENT: PROCESS_TERMINATED — PID 3404 (msedgewebview2.exe)
2026-09-10 21:23:20 [argus.main] INFO EVENT: PROCESS_TERMINATED — PID 940 (backgroundTaskHost.exe)
2026-09-10 21:23:20 [argus.main] INFO EVENT: PROCESS_TERMINATED — PID 1872 (backgroundTaskHost.exe)
2026-09-10 21:23:26 [argus.main] INFO EVENT: PROCESS_STARTED — PID 13028 (conhost.exe) parent=18308
2026-09-10 21:23:26 [argus.main] INFO EVENT: PROCESS_STARTED — PID 18308 (powershell.exe) parent=19040
2026-09-10 21:23:28 [argus.main] INFO EVENT: PROCESS_TERMINATED — PID 13028 (conhost.exe)
2026-09-10 21:23:28 [argus.main] INFO EVENT: PROCESS_TERMINATED — PID 18308 (powershell.exe)
2026-09-10 21:23:32 [argus.main] INFO EVENT: PROCESS_TERMINATED — PID 14236 (audiodg.exe)
2026-09-10 21:23:50 [argus.main] INFO EVENT: PROCESS_TERMINATED — PID 13564 (RuntimeBroker.exe)
2026-09-10 21:23:58 [argus.main] INFO EVENT: PROCESS_STARTED — PID 8964 (ipconfig.exe) parent=19040
2026-09-10 21:24:00 [argus.main] INFO EVENT: PROCESS_TERMINATED — PID 8964 (ipconfig.exe)
2026-09-10 21:24:18 [argus.main] INFO EVENT: PROCESS_STARTED — PID 21484 (svchost.exe) parent=1360
2026-09-10 21:24:30 [argus.main] INFO EVENT: PROCESS_STARTED — PID 25188 (msedgewebview2.exe) parent=1280
2026-09-10 21:24:33 [argus.main] INFO EVENT: PROCESS_STARTED — PID 10568 (audiodg.exe) parent=3388
2026-09-10 21:24:49 [argus.main] INFO EVENT: PROCESS_STARTED — PID 23040 (powershell.exe) parent=25896
2026-09-10 21:24:49 [argus.main] INFO EVENT: PROCESS_STARTED — PID 23780 (conhost.exe) parent=23040
2026-09-10 21:24:51 [argus.main] INFO EVENT: PROCESS_TERMINATED — PID 23040 (powershell.exe)
2026-09-10 21:24:51 [argus.main] INFO EVENT: PROCESS_TERMINATED — PID 23780 (conhost.exe)
2026-09-10 21:24:55 [argus.main] INFO EVENT: PROCESS_STARTED — PID 4020 (powershell.exe) parent=25896
2026-09-10 21:24:55 [argus.main] INFO EVENT: PROCESS_STARTED — PID 18920 (conhost.exe) parent=4020
2026-09-10 21:24:55 [argus.main] INFO EVENT: PROCESS_STARTED — PID 24600 (node.exe) parent=4020
2026-09-10 21:24:57 [argus.main] INFO EVENT: PROCESS_STARTED — PID 9188 (node.exe) parent=15124
2026-09-10 21:24:57 [argus.main] INFO EVENT: PROCESS_STARTED — PID 14096 (node.exe) parent=16864
2026-09-10 21:24:57 [argus.main] INFO EVENT: PROCESS_STARTED — PID 15124 (cmd.exe) parent=24600
2026-09-10 21:24:57 [argus.main] INFO EVENT: PROCESS_STARTED — PID 16864 (cmd.exe) parent=9188
2026-09-10 21:25:01 [argus.main] INFO EVENT: PROCESS_STARTED — PID 15672 (ROUTE.EXE) parent=19040
2026-09-10 21:25:01 [argus.main] INFO EVENT: PROCESS_TERMINATED — PID 25188 (msedgewebview2.exe)
2026-09-10 21:25:01 [argus.main] INFO EVENT: PROCESS_TERMINATED — PID 4020 (powershell.exe)
2026-09-10 21:25:01 [argus.main] INFO EVENT: PROCESS_TERMINATED — PID 18920 (conhost.exe)
2026-09-10 21:25:01 [argus.main] INFO EVENT: PROCESS_TERMINATED — PID 24600 (node.exe)
2026-09-10 21:25:01 [argus.main] INFO EVENT: PROCESS_TERMINATED — PID 9188 (node.exe)
2026-09-10 21:25:01 [argus.main] INFO EVENT: PROCESS_TERMINATED — PID 14096 (node.exe)
2026-09-10 21:25:01 [argus.main] INFO EVENT: PROCESS_TERMINATED — PID 15124 (cmd.exe)
2026-09-10 21:25:01 [argus.main] INFO EVENT: PROCESS_TERMINATED — PID 16864 (cmd.exe)
2026-09-10 21:25:03 [argus.main] INFO EVENT: PROCESS_TERMINATED — PID 15672 (ROUTE.EXE)
2026-09-10 21:25:31 [argus.main] INFO EVENT: PROCESS_STARTED — PID 22404 (msedgewebview2.exe) parent=1280
2026-09-10 21:25:31 [argus.main] INFO EVENT: PROCESS_TERMINATED — PID 21120 (svchost.exe)
2026-09-10 21:25:33 [argus.main] INFO EVENT: PROCESS_TERMINATED — PID 21484 (svchost.exe)
2026-09-10 21:26:03 [argus.main] INFO EVENT: PROCESS_TERMINATED — PID 22404 (msedgewebview2.exe)
2026-09-10 21:26:07 [argus.main] INFO EVENT: PROCESS_STARTED — PID 9012 (powershell.exe) parent=25896
2026-09-10 21:26:07 [argus.main] INFO EVENT: PROCESS_STARTED — PID 24604 (conhost.exe) parent=9012
2026-09-10 21:26:09 [argus.main] INFO EVENT: PROCESS_STARTED — PID 5896 (cmd.exe) parent=14480
2026-09-10 21:26:09 [argus.main] INFO EVENT: PROCESS_STARTED — PID 14480 (node.exe) parent=9012
2026-09-10 21:26:09 [argus.main] INFO EVENT: PROCESS_STARTED — PID 15916 (node.exe) parent=5896
2026-09-10 21:26:11 [argus.main] INFO EVENT: PROCESS_STARTED — PID 9192 (node.exe) parent=10624
2026-09-10 21:26:12 [argus.main] INFO EVENT: PROCESS_STARTED — PID 10624 (cmd.exe) parent=15916
2026-09-10 21:26:14 [argus.main] INFO EVENT: PROCESS_STARTED — PID 24456 (node.exe) parent=5896
2026-09-10 21:26:14 [argus.main] INFO EVENT: PROCESS_TERMINATED — PID 15916 (node.exe)
2026-09-10 21:26:14 [argus.main] INFO EVENT: PROCESS_TERMINATED — PID 9192 (node.exe)
2026-09-10 21:26:14 [argus.main] INFO EVENT: PROCESS_TERMINATED — PID 10624 (cmd.exe)
2026-09-10 21:26:16 [argus.main] INFO EVENT: PROCESS_STARTED — PID 600 (node.exe) parent=8712
2026-09-10 21:26:16 [argus.main] INFO EVENT: PROCESS_STARTED — PID 6008 (node.exe) parent=12660
2026-09-10 21:26:16 [argus.main] INFO EVENT: PROCESS_STARTED — PID 8712 (cmd.exe) parent=24456
2026-09-10 21:26:16 [argus.main] INFO EVENT: PROCESS_STARTED — PID 12660 (cmd.exe) parent=24456
2026-09-10 21:26:16 [argus.main] INFO EVENT: PROCESS_STARTED — PID 20992 (node.exe) parent=25980
2026-09-10 21:26:16 [argus.main] INFO EVENT: PROCESS_STARTED — PID 21136 (cmd.exe) parent=24456
2026-09-10 21:26:16 [argus.main] INFO EVENT: PROCESS_STARTED — PID 25980 (cmd.exe) parent=24456
2026-09-10 21:26:16 [argus.main] INFO EVENT: PROCESS_STARTED — PID 26576 (node.exe) parent=21136
2026-09-10 21:26:18 [argus.main] INFO EVENT: PROCESS_TERMINATED — PID 21136 (cmd.exe)
2026-09-10 21:26:18 [argus.main] INFO EVENT: PROCESS_TERMINATED — PID 26576 (node.exe)
2026-09-10 21:26:20 [argus.main] INFO EVENT: PROCESS_TERMINATED — PID 20992 (node.exe)
2026-09-10 21:26:20 [argus.main] INFO EVENT: PROCESS_TERMINATED — PID 25980 (cmd.exe)
2026-09-10 21:26:22 [argus.main] INFO EVENT: PROCESS_TERMINATED — PID 600 (node.exe)
2026-09-10 21:26:22 [argus.main] INFO EVENT: PROCESS_TERMINATED — PID 8712 (cmd.exe)
2026-09-10 21:26:28 [argus.main] INFO EVENT: PROCESS_TERMINATED — PID 9012 (powershell.exe)
2026-09-10 21:26:28 [argus.main] INFO EVENT: PROCESS_TERMINATED — PID 24604 (conhost.exe)
2026-09-10 21:26:28 [argus.main] INFO EVENT: PROCESS_TERMINATED — PID 5896 (cmd.exe)
2026-09-10 21:26:28 [argus.main] INFO EVENT: PROCESS_TERMINATED — PID 14480 (node.exe)
2026-09-10 21:26:28 [argus.main] INFO EVENT: PROCESS_TERMINATED — PID 24456 (node.exe)
2026-09-10 21:26:28 [argus.main] INFO EVENT: PROCESS_TERMINATED — PID 6008 (node.exe)
2026-09-10 21:26:28 [argus.main] INFO EVENT: PROCESS_TERMINATED — PID 12660 (cmd.exe)
2026-09-10 21:26:50 [argus.main] INFO EVENT: PROCESS_STARTED — PID 2348 (msedgewebview2.exe) parent=1280
2026-09-10 21:26:52 [argus.main] INFO EVENT: PROCESS_STARTED — PID 412 (powershell.exe) parent=25896
2026-09-10 21:26:52 [argus.main] INFO EVENT: PROCESS_STARTED — PID 7948 (conhost.exe) parent=412
2026-09-10 21:26:54 [argus.main] INFO EVENT: PROCESS_STARTED — PID 9992 (node.exe) parent=412
2026-09-10 21:26:54 [argus.main] INFO EVENT: PROCESS_STARTED — PID 11176 (cmd.exe) parent=9992
2026-09-10 21:26:54 [argus.main] INFO EVENT: PROCESS_STARTED — PID 22148 (node.exe) parent=11176
2026-09-10 21:26:56 [argus.main] INFO EVENT: PROCESS_STARTED — PID 27284 (esbuild.exe) parent=22148
2026-09-10 21:26:58 [argus.main] INFO EVENT: PROCESS_STARTED — PID 1932 (cmd.exe) parent=9992
2026-09-10 21:26:58 [argus.main] INFO EVENT: PROCESS_STARTED — PID 6368 (node.exe) parent=11744
2026-09-10 21:26:58 [argus.main] INFO EVENT: PROCESS_STARTED — PID 11744 (cmd.exe) parent=9992
2026-09-10 21:26:59 [argus.main] INFO EVENT: PROCESS_STARTED — PID 20548 (node.exe) parent=1932
2026-09-10 21:26:59 [argus.main] INFO EVENT: PROCESS_TERMINATED — PID 11176 (cmd.exe)
2026-09-10 21:26:59 [argus.main] INFO EVENT: PROCESS_TERMINATED — PID 22148 (node.exe)
2026-09-10 21:26:59 [argus.main] INFO EVENT: PROCESS_TERMINATED — PID 27284 (esbuild.exe)
2026-09-10 21:27:01 [argus.main] INFO EVENT: PROCESS_STARTED — PID 6672 (esbuild.exe) parent=6368
2026-09-10 21:27:01 [argus.main] INFO EVENT: PROCESS_TERMINATED — PID 1932 (cmd.exe)
2026-09-10 21:27:01 [argus.main] INFO EVENT: PROCESS_TERMINATED — PID 20548 (node.exe)
2026-09-10 21:27:09 [argus.main] INFO EVENT: PROCESS_STARTED — PID 9100 (ARP.EXE) parent=19040
2026-09-10 21:27:11 [argus.main] INFO EVENT: PROCESS_TERMINATED — PID 9100 (ARP.EXE)
2026-09-10 21:27:13 [argus.main] INFO EVENT: PROCESS_TERMINATED — PID 412 (powershell.exe)
2026-09-10 21:27:13 [argus.main] INFO EVENT: PROCESS_TERMINATED — PID 7948 (conhost.exe)
2026-09-10 21:27:13 [argus.main] INFO EVENT: PROCESS_TERMINATED — PID 9992 (node.exe)
2026-09-10 21:27:13 [argus.main] INFO EVENT: PROCESS_TERMINATED — PID 6368 (node.exe)
2026-09-10 21:27:13 [argus.main] INFO EVENT: PROCESS_TERMINATED — PID 11744 (cmd.exe)
2026-09-10 21:27:13 [argus.main] INFO EVENT: PROCESS_TERMINATED — PID 6672 (esbuild.exe)
2026-09-10 21:27:21 [argus.main] INFO EVENT: PROCESS_TERMINATED — PID 2348 (msedgewebview2.exe)
2026-09-10 21:27:29 [argus.main] INFO EVENT: PROCESS_STARTED — PID 13292 (<unknown-pid-13292>) parent=27064
2026-09-10 21:27:31 [argus.main] INFO EVENT: PROCESS_TERMINATED — PID 13292 (<unknown-pid-13292>)
2026-09-10 21:27:47 [argus.main] INFO EVENT: PROCESS_STARTED — PID 3124 (python.exe) parent=12480
2026-09-10 21:27:47 [argus.main] INFO EVENT: PROCESS_STARTED — PID 6008 (conhost.exe) parent=23392
2026-09-10 21:27:47 [argus.main] INFO EVENT: PROCESS_STARTED — PID 7172 (conhost.exe) parent=9012
2026-09-10 21:27:47 [argus.main] INFO EVENT: PROCESS_STARTED — PID 9012 (node.exe) parent=3124
2026-09-10 21:27:47 [argus.main] INFO EVENT: PROCESS_STARTED — PID 12480 (python.exe) parent=23392
2026-09-10 21:27:47 [argus.main] INFO EVENT: PROCESS_STARTED — PID 23392 (powershell.exe) parent=25896
2026-09-10 21:27:49 [argus.main] INFO EVENT: PROCESS_STARTED — PID 13548 (WmiPrvSE.exe) parent=1596
2026-09-10 21:27:51 [argus.main] INFO EVENT: PROCESS_STARTED — PID 14532 (conhost.exe) parent=18260
2026-09-10 21:27:51 [argus.main] INFO EVENT: PROCESS_STARTED — PID 18260 (python.exe) parent=3124
2026-09-10 21:27:59 [argus.main] INFO EVENT: PROCESS_TERMINATED — PID 7172 (conhost.exe)
2026-09-10 21:27:59 [argus.main] INFO EVENT: PROCESS_TERMINATED — PID 9012 (node.exe)
2026-09-10 21:27:59 [argus.main] INFO EVENT: PROCESS_TERMINATED — PID 14532 (conhost.exe)
2026-09-10 21:27:59 [argus.main] INFO EVENT: PROCESS_TERMINATED — PID 18260 (python.exe)
2026-09-10 21:28:01 [argus.main] INFO EVENT: PROCESS_TERMINATED — PID 3124 (python.exe)
2026-09-10 21:28:01 [argus.main] INFO EVENT: PROCESS_TERMINATED — PID 6008 (conhost.exe)
2026-09-10 21:28:01 [argus.main] INFO EVENT: PROCESS_TERMINATED — PID 12480 (python.exe)
2026-09-10 21:28:01 [argus.main] INFO EVENT: PROCESS_TERMINATED — PID 23392 (powershell.exe)
2026-09-10 21:28:21 [argus.main] INFO EVENT: PROCESS_TERMINATED — PID 24164 (svchost.exe)
2026-09-10 21:28:46 [argus.main] INFO EVENT: PROCESS_STARTED — PID 16912 (powershell.exe) parent=19040
2026-09-10 21:28:46 [argus.main] INFO EVENT: PROCESS_STARTED — PID 21648 (conhost.exe) parent=16912
2026-09-10 21:28:48 [argus.main] INFO EVENT: PROCESS_TERMINATED — PID 16912 (powershell.exe)
2026-09-10 21:28:48 [argus.main] INFO EVENT: PROCESS_TERMINATED — PID 21648 (conhost.exe)
2026-09-10 21:29:04 [argus.main] INFO EVENT: PROCESS_TERMINATED — PID 24000 (svchost.exe)
2026-09-10 21:29:18 [argus.main] INFO EVENT: PROCESS_STARTED — PID 776 (conhost.exe) parent=1316
2026-09-10 21:29:18 [argus.main] INFO EVENT: PROCESS_STARTED — PID 1316 (powershell.exe) parent=19040
2026-09-10 21:29:20 [argus.main] INFO EVENT: PROCESS_TERMINATED — PID 776 (conhost.exe)
2026-09-10 21:29:20 [argus.main] INFO EVENT: PROCESS_TERMINATED — PID 1316 (powershell.exe)
2026-09-10 21:29:38 [argus.main] INFO EVENT: PROCESS_STARTED — PID 17808 (powershell.exe) parent=25896
2026-09-10 21:29:38 [argus.main] INFO EVENT: PROCESS_STARTED — PID 19680 (conhost.exe) parent=17808
2026-09-10 21:29:40 [argus.main] INFO EVENT: PROCESS_TERMINATED — PID 17808 (powershell.exe)
2026-09-10 21:29:40 [argus.main] INFO EVENT: PROCESS_TERMINATED — PID 19680 (conhost.exe)
2026-09-10 21:29:42 [argus.main] INFO EVENT: PROCESS_STARTED — PID 664 (msedgewebview2.exe) parent=1280
2026-09-10 21:30:07 [argus.api_client] ERROR Error posting to http://localhost:5000/api/system/telemetry
Traceback (most recent call last):
  File "D:\Mini\artifacts\security-engine\api_client\client.py", line 117, in _post_json
    with urllib.request.urlopen(req, timeout=10) as resp:
         ~~~~~~~~~~~~~~~~~~~~~~^^^^^^^^^^^^^^^^^
  File "C:\Users\HP\AppData\Local\Python\pythoncore-3.14-64\Lib\urllib\request.py", line 187, in urlopen
    return opener.open(url, data, timeout)
           ~~~~~~~~~~~^^^^^^^^^^^^^^^^^^^^
  File "C:\Users\HP\AppData\Local\Python\pythoncore-3.14-64\Lib\urllib\request.py", line 487, in open
    response = self._open(req, data)
  File "C:\Users\HP\AppData\Local\Python\pythoncore-3.14-64\Lib\urllib\request.py", line 504, in _open
    result = self._call_chain(self.handle_open, protocol, protocol +
                              '_open', req)
  File "C:\Users\HP\AppData\Local\Python\pythoncore-3.14-64\Lib\urllib\request.py", line 464, in _call_chain
    result = func(*args)
  File "C:\Users\HP\AppData\Local\Python\pythoncore-3.14-64\Lib\urllib\request.py", line 1350, in http_open
    return self.do_open(http.client.HTTPConnection, req)
           ~~~~~~~~~~~~^^^^^^^^^^^^^^^^^^^^^^^^^^^^^^^^^
  File "C:\Users\HP\AppData\Local\Python\pythoncore-3.14-64\Lib\urllib\request.py", line 1325, in do_open
    r = h.getresponse()
  File "C:\Users\HP\AppData\Local\Python\pythoncore-3.14-64\Lib\http\client.py", line 1430, in getresponse
    response.begin()
    ~~~~~~~~~~~~~~^^
  File "C:\Users\HP\AppData\Local\Python\pythoncore-3.14-64\Lib\http\client.py", line 331, in begin
    version, status, reason = self._read_status()
                              ~~~~~~~~~~~~~~~~~^^
  File "C:\Users\HP\AppData\Local\Python\pythoncore-3.14-64\Lib\http\client.py", line 292, in _read_status
    line = str(self.fp.readline(_MAXLINE + 1), "iso-8859-1")
               ~~~~~~~~~~~~~~~~^^^^^^^^^^^^^^
  File "C:\Users\HP\AppData\Local\Python\pythoncore-3.14-64\Lib\socket.py", line 725, in readinto
    return self._sock.recv_into(b)
           ~~~~~~~~~~~~~~~~~~~~^^^
ConnectionResetError: [WinError 10054] An existing connection was forcibly closed by the remote host
2026-09-10 21:30:08 [argus.main] INFO EVENT: PROCESS_STARTED — PID 15012 (powershell.exe) parent=25896
2026-09-10 21:30:12 [argus.main] INFO EVENT: PROCESS_TERMINATED — PID 4368 (conhost.exe)
2026-09-10 21:30:16 [argus.main] INFO EVENT: PROCESS_TERMINATED — PID 26336 (node.exe)
2026-09-10 21:30:22 [argus.main] INFO EVENT: PROCESS_TERMINATED — PID 664 (msedgewebview2.exe)
2026-09-10 21:30:26 [argus.main] INFO EVENT: PROCESS_TERMINATED — PID 15012 (powershell.exe)
2026-09-10 21:30:32 [argus.main] INFO EVENT: PROCESS_STARTED — PID 6932 (svchost.exe) parent=1360
2026-09-10 21:30:32 [argus.main] INFO EVENT: PROCESS_STARTED — PID 9160 (python.exe) parent=22200
2026-09-10 21:30:32 [argus.main] INFO EVENT: PROCESS_STARTED — PID 9352 (powershell.exe) parent=25896
2026-09-10 21:30:32 [argus.main] INFO EVENT: PROCESS_STARTED — PID 15060 (conhost.exe) parent=23780
2026-09-10 21:30:32 [argus.main] INFO EVENT: PROCESS_STARTED — PID 19272 (conhost.exe) parent=9352
2026-09-10 21:30:32 [argus.main] INFO EVENT: PROCESS_STARTED — PID 22200 (python.exe) parent=9352
2026-09-10 21:30:32 [argus.main] INFO EVENT: PROCESS_STARTED — PID 23780 (node.exe) parent=9160
2026-09-10 21:30:34 [argus.main] INFO EVENT: PROCESS_STARTED — PID 18120 (python.exe) parent=9160
2026-09-10 21:30:43 [argus.api_client] ERROR Error posting to http://localhost:5000/api/system/telemetry
Traceback (most recent call last):
  File "D:\Mini\artifacts\security-engine\api_client\client.py", line 117, in _post_json
    with urllib.request.urlopen(req, timeout=10) as resp:
         ~~~~~~~~~~~~~~~~~~~~~~^^^^^^^^^^^^^^^^^
  File "C:\Users\HP\AppData\Local\Python\pythoncore-3.14-64\Lib\urllib\request.py", line 187, in urlopen
    return opener.open(url, data, timeout)
           ~~~~~~~~~~~^^^^^^^^^^^^^^^^^^^^
  File "C:\Users\HP\AppData\Local\Python\pythoncore-3.14-64\Lib\urllib\request.py", line 487, in open
    response = self._open(req, data)
  File "C:\Users\HP\AppData\Local\Python\pythoncore-3.14-64\Lib\urllib\request.py", line 504, in _open
    result = self._call_chain(self.handle_open, protocol, protocol +
                              '_open', req)
  File "C:\Users\HP\AppData\Local\Python\pythoncore-3.14-64\Lib\urllib\request.py", line 464, in _call_chain
    result = func(*args)
  File "C:\Users\HP\AppData\Local\Python\pythoncore-3.14-64\Lib\urllib\request.py", line 1350, in http_open
    return self.do_open(http.client.HTTPConnection, req)
           ~~~~~~~~~~~~^^^^^^^^^^^^^^^^^^^^^^^^^^^^^^^^^
  File "C:\Users\HP\AppData\Local\Python\pythoncore-3.14-64\Lib\urllib\request.py", line 1325, in do_open
    r = h.getresponse()
  File "C:\Users\HP\AppData\Local\Python\pythoncore-3.14-64\Lib\http\client.py", line 1430, in getresponse
    response.begin()
    ~~~~~~~~~~~~~~^^
  File "C:\Users\HP\AppData\Local\Python\pythoncore-3.14-64\Lib\http\client.py", line 331, in begin
    version, status, reason = self._read_status()
                              ~~~~~~~~~~~~~~~~~^^
  File "C:\Users\HP\AppData\Local\Python\pythoncore-3.14-64\Lib\http\client.py", line 292, in _read_status
    line = str(self.fp.readline(_MAXLINE + 1), "iso-8859-1")
               ~~~~~~~~~~~~~~~~^^^^^^^^^^^^^^
  File "C:\Users\HP\AppData\Local\Python\pythoncore-3.14-64\Lib\socket.py", line 725, in readinto
    return self._sock.recv_into(b)
           ~~~~~~~~~~~~~~~~~~~~^^^
TimeoutError: timed out
2026-09-10 21:30:44 [argus.api_client] ERROR Error posting to http://localhost:5000/api/network/connections
Traceback (most recent call last):
  File "D:\Mini\artifacts\security-engine\api_client\client.py", line 117, in _post_json
    with urllib.request.urlopen(req, timeout=10) as resp:
         ~~~~~~~~~~~~~~~~~~~~~~^^^^^^^^^^^^^^^^^
  File "C:\Users\HP\AppData\Local\Python\pythoncore-3.14-64\Lib\urllib\request.py", line 187, in urlopen
    return opener.open(url, data, timeout)
           ~~~~~~~~~~~^^^^^^^^^^^^^^^^^^^^
  File "C:\Users\HP\AppData\Local\Python\pythoncore-3.14-64\Lib\urllib\request.py", line 487, in open
    response = self._open(req, data)
  File "C:\Users\HP\AppData\Local\Python\pythoncore-3.14-64\Lib\urllib\request.py", line 504, in _open
    result = self._call_chain(self.handle_open, protocol, protocol +
                              '_open', req)
  File "C:\Users\HP\AppData\Local\Python\pythoncore-3.14-64\Lib\urllib\request.py", line 464, in _call_chain
    result = func(*args)
  File "C:\Users\HP\AppData\Local\Python\pythoncore-3.14-64\Lib\urllib\request.py", line 1350, in http_open
    return self.do_open(http.client.HTTPConnection, req)
           ~~~~~~~~~~~~^^^^^^^^^^^^^^^^^^^^^^^^^^^^^^^^^
  File "C:\Users\HP\AppData\Local\Python\pythoncore-3.14-64\Lib\urllib\request.py", line 1325, in do_open
    r = h.getresponse()
  File "C:\Users\HP\AppData\Local\Python\pythoncore-3.14-64\Lib\http\client.py", line 1430, in getresponse
    response.begin()
    ~~~~~~~~~~~~~~^^
  File "C:\Users\HP\AppData\Local\Python\pythoncore-3.14-64\Lib\http\client.py", line 331, in begin
    version, status, reason = self._read_status()
                              ~~~~~~~~~~~~~~~~~^^
  File "C:\Users\HP\AppData\Local\Python\pythoncore-3.14-64\Lib\http\client.py", line 292, in _read_status
    line = str(self.fp.readline(_MAXLINE + 1), "iso-8859-1")
               ~~~~~~~~~~~~~~~~^^^^^^^^^^^^^^
  File "C:\Users\HP\AppData\Local\Python\pythoncore-3.14-64\Lib\socket.py", line 725, in readinto
    return self._sock.recv_into(b)
           ~~~~~~~~~~~~~~~~~~~~^^^
TimeoutError: timed out
2026-09-10 21:30:44 [argus.api_client] ERROR Error posting to http://localhost:5000/api/events/process
Traceback (most recent call last):
  File "D:\Mini\artifacts\security-engine\api_client\client.py", line 117, in _post_json
    with urllib.request.urlopen(req, timeout=10) as resp:
         ~~~~~~~~~~~~~~~~~~~~~~^^^^^^^^^^^^^^^^^
  File "C:\Users\HP\AppData\Local\Python\pythoncore-3.14-64\Lib\urllib\request.py", line 187, in urlopen
    return opener.open(url, data, timeout)
           ~~~~~~~~~~~^^^^^^^^^^^^^^^^^^^^
  File "C:\Users\HP\AppData\Local\Python\pythoncore-3.14-64\Lib\urllib\request.py", line 487, in open
    response = self._open(req, data)
  File "C:\Users\HP\AppData\Local\Python\pythoncore-3.14-64\Lib\urllib\request.py", line 504, in _open
    result = self._call_chain(self.handle_open, protocol, protocol +
                              '_open', req)
  File "C:\Users\HP\AppData\Local\Python\pythoncore-3.14-64\Lib\urllib\request.py", line 464, in _call_chain
    result = func(*args)
  File "C:\Users\HP\AppData\Local\Python\pythoncore-3.14-64\Lib\urllib\request.py", line 1350, in http_open
    return self.do_open(http.client.HTTPConnection, req)
           ~~~~~~~~~~~~^^^^^^^^^^^^^^^^^^^^^^^^^^^^^^^^^
  File "C:\Users\HP\AppData\Local\Python\pythoncore-3.14-64\Lib\urllib\request.py", line 1325, in do_open
    r = h.getresponse()
  File "C:\Users\HP\AppData\Local\Python\pythoncore-3.14-64\Lib\http\client.py", line 1430, in getresponse
    response.begin()
    ~~~~~~~~~~~~~~^^
  File "C:\Users\HP\AppData\Local\Python\pythoncore-3.14-64\Lib\http\client.py", line 331, in begin
    version, status, reason = self._read_status()
                              ~~~~~~~~~~~~~~~~~^^
  File "C:\Users\HP\AppData\Local\Python\pythoncore-3.14-64\Lib\http\client.py", line 292, in _read_status
    line = str(self.fp.readline(_MAXLINE + 1), "iso-8859-1")
               ~~~~~~~~~~~~~~~~^^^^^^^^^^^^^^
  File "C:\Users\HP\AppData\Local\Python\pythoncore-3.14-64\Lib\socket.py", line 725, in readinto
    return self._sock.recv_into(b)
           ~~~~~~~~~~~~~~~~~~~~^^^
TimeoutError: timed out
2026-09-10 21:30:44 [argus.main] INFO EVENT: PROCESS_STARTED — PID 27180 (conhost.exe) parent=18120
2026-09-10 21:30:46 [argus.api_client] ERROR Error posting to http://localhost:5000/api/network/topology
Traceback (most recent call last):
  File "D:\Mini\artifacts\security-engine\api_client\client.py", line 117, in _post_json
    with urllib.request.urlopen(req, timeout=10) as resp:
         ~~~~~~~~~~~~~~~~~~~~~~^^^^^^^^^^^^^^^^^
  File "C:\Users\HP\AppData\Local\Python\pythoncore-3.14-64\Lib\urllib\request.py", line 187, in urlopen
    return opener.open(url, data, timeout)
           ~~~~~~~~~~~^^^^^^^^^^^^^^^^^^^^
  File "C:\Users\HP\AppData\Local\Python\pythoncore-3.14-64\Lib\urllib\request.py", line 487, in open
    response = self._open(req, data)
  File "C:\Users\HP\AppData\Local\Python\pythoncore-3.14-64\Lib\urllib\request.py", line 504, in _open
    result = self._call_chain(self.handle_open, protocol, protocol +
                              '_open', req)
  File "C:\Users\HP\AppData\Local\Python\pythoncore-3.14-64\Lib\urllib\request.py", line 464, in _call_chain
    result = func(*args)
  File "C:\Users\HP\AppData\Local\Python\pythoncore-3.14-64\Lib\urllib\request.py", line 1350, in http_open
    return self.do_open(http.client.HTTPConnection, req)
           ~~~~~~~~~~~~^^^^^^^^^^^^^^^^^^^^^^^^^^^^^^^^^
  File "C:\Users\HP\AppData\Local\Python\pythoncore-3.14-64\Lib\urllib\request.py", line 1325, in do_open
    r = h.getresponse()
  File "C:\Users\HP\AppData\Local\Python\pythoncore-3.14-64\Lib\http\client.py", line 1430, in getresponse
    response.begin()
    ~~~~~~~~~~~~~~^^
  File "C:\Users\HP\AppData\Local\Python\pythoncore-3.14-64\Lib\http\client.py", line 331, in begin
    version, status, reason = self._read_status()
                              ~~~~~~~~~~~~~~~~~^^
  File "C:\Users\HP\AppData\Local\Python\pythoncore-3.14-64\Lib\http\client.py", line 292, in _read_status
    line = str(self.fp.readline(_MAXLINE + 1), "iso-8859-1")
               ~~~~~~~~~~~~~~~~^^^^^^^^^^^^^^
  File "C:\Users\HP\AppData\Local\Python\pythoncore-3.14-64\Lib\socket.py", line 725, in readinto
    return self._sock.recv_into(b)
           ~~~~~~~~~~~~~~~~~~~~^^^
TimeoutError: timed out
2026-09-10 21:30:54 [argus.api_client] ERROR Error posting to http://localhost:5000/api/system/telemetry
Traceback (most recent call last):
  File "D:\Mini\artifacts\security-engine\api_client\client.py", line 117, in _post_json
    with urllib.request.urlopen(req, timeout=10) as resp:
         ~~~~~~~~~~~~~~~~~~~~~~^^^^^^^^^^^^^^^^^
  File "C:\Users\HP\AppData\Local\Python\pythoncore-3.14-64\Lib\urllib\request.py", line 187, in urlopen
    return opener.open(url, data, timeout)
           ~~~~~~~~~~~^^^^^^^^^^^^^^^^^^^^
  File "C:\Users\HP\AppData\Local\Python\pythoncore-3.14-64\Lib\urllib\request.py", line 487, in open
    response = self._open(req, data)
  File "C:\Users\HP\AppData\Local\Python\pythoncore-3.14-64\Lib\urllib\request.py", line 504, in _open
    result = self._call_chain(self.handle_open, protocol, protocol +
                              '_open', req)
  File "C:\Users\HP\AppData\Local\Python\pythoncore-3.14-64\Lib\urllib\request.py", line 464, in _call_chain
    result = func(*args)
  File "C:\Users\HP\AppData\Local\Python\pythoncore-3.14-64\Lib\urllib\request.py", line 1350, in http_open
    return self.do_open(http.client.HTTPConnection, req)
           ~~~~~~~~~~~~^^^^^^^^^^^^^^^^^^^^^^^^^^^^^^^^^
  File "C:\Users\HP\AppData\Local\Python\pythoncore-3.14-64\Lib\urllib\request.py", line 1325, in do_open
    r = h.getresponse()
  File "C:\Users\HP\AppData\Local\Python\pythoncore-3.14-64\Lib\http\client.py", line 1430, in getresponse
    response.begin()
    ~~~~~~~~~~~~~~^^
  File "C:\Users\HP\AppData\Local\Python\pythoncore-3.14-64\Lib\http\client.py", line 331, in begin
    version, status, reason = self._read_status()
                              ~~~~~~~~~~~~~~~~~^^
  File "C:\Users\HP\AppData\Local\Python\pythoncore-3.14-64\Lib\http\client.py", line 292, in _read_status
    line = str(self.fp.readline(_MAXLINE + 1), "iso-8859-1")
               ~~~~~~~~~~~~~~~~^^^^^^^^^^^^^^
  File "C:\Users\HP\AppData\Local\Python\pythoncore-3.14-64\Lib\socket.py", line 725, in readinto
    return self._sock.recv_into(b)
           ~~~~~~~~~~~~~~~~~~~~^^^
TimeoutError: timed out
2026-09-10 21:30:54 [argus.api_client] ERROR Error posting to http://localhost:5000/api/events/process
Traceback (most recent call last):
  File "D:\Mini\artifacts\security-engine\api_client\client.py", line 117, in _post_json
    with urllib.request.urlopen(req, timeout=10) as resp:
         ~~~~~~~~~~~~~~~~~~~~~~^^^^^^^^^^^^^^^^^
  File "C:\Users\HP\AppData\Local\Python\pythoncore-3.14-64\Lib\urllib\request.py", line 187, in urlopen
    return opener.open(url, data, timeout)
           ~~~~~~~~~~~^^^^^^^^^^^^^^^^^^^^
  File "C:\Users\HP\AppData\Local\Python\pythoncore-3.14-64\Lib\urllib\request.py", line 487, in open
    response = self._open(req, data)
  File "C:\Users\HP\AppData\Local\Python\pythoncore-3.14-64\Lib\urllib\request.py", line 504, in _open
    result = self._call_chain(self.handle_open, protocol, protocol +
                              '_open', req)
  File "C:\Users\HP\AppData\Local\Python\pythoncore-3.14-64\Lib\urllib\request.py", line 464, in _call_chain
    result = func(*args)
  File "C:\Users\HP\AppData\Local\Python\pythoncore-3.14-64\Lib\urllib\request.py", line 1350, in http_open
    return self.do_open(http.client.HTTPConnection, req)
           ~~~~~~~~~~~~^^^^^^^^^^^^^^^^^^^^^^^^^^^^^^^^^
  File "C:\Users\HP\AppData\Local\Python\pythoncore-3.14-64\Lib\urllib\request.py", line 1325, in do_open
    r = h.getresponse()
  File "C:\Users\HP\AppData\Local\Python\pythoncore-3.14-64\Lib\http\client.py", line 1430, in getresponse
    response.begin()
    ~~~~~~~~~~~~~~^^
  File "C:\Users\HP\AppData\Local\Python\pythoncore-3.14-64\Lib\http\client.py", line 331, in begin
    version, status, reason = self._read_status()
                              ~~~~~~~~~~~~~~~~~^^
  File "C:\Users\HP\AppData\Local\Python\pythoncore-3.14-64\Lib\http\client.py", line 292, in _read_status
    line = str(self.fp.readline(_MAXLINE + 1), "iso-8859-1")
               ~~~~~~~~~~~~~~~~^^^^^^^^^^^^^^
  File "C:\Users\HP\AppData\Local\Python\pythoncore-3.14-64\Lib\socket.py", line 725, in readinto
    return self._sock.recv_into(b)
           ~~~~~~~~~~~~~~~~~~~~^^^
TimeoutError: timed out
2026-09-10 21:30:57 [argus.api_client] ERROR Error posting to http://localhost:5000/api/network/connections
Traceback (most recent call last):
  File "D:\Mini\artifacts\security-engine\api_client\client.py", line 117, in _post_json
    with urllib.request.urlopen(req, timeout=10) as resp:
         ~~~~~~~~~~~~~~~~~~~~~~^^^^^^^^^^^^^^^^^
  File "C:\Users\HP\AppData\Local\Python\pythoncore-3.14-64\Lib\urllib\request.py", line 187, in urlopen
    return opener.open(url, data, timeout)
           ~~~~~~~~~~~^^^^^^^^^^^^^^^^^^^^
  File "C:\Users\HP\AppData\Local\Python\pythoncore-3.14-64\Lib\urllib\request.py", line 487, in open
    response = self._open(req, data)
  File "C:\Users\HP\AppData\Local\Python\pythoncore-3.14-64\Lib\urllib\request.py", line 504, in _open
    result = self._call_chain(self.handle_open, protocol, protocol +
                              '_open', req)
  File "C:\Users\HP\AppData\Local\Python\pythoncore-3.14-64\Lib\urllib\request.py", line 464, in _call_chain
    result = func(*args)
  File "C:\Users\HP\AppData\Local\Python\pythoncore-3.14-64\Lib\urllib\request.py", line 1350, in http_open
    return self.do_open(http.client.HTTPConnection, req)
           ~~~~~~~~~~~~^^^^^^^^^^^^^^^^^^^^^^^^^^^^^^^^^
  File "C:\Users\HP\AppData\Local\Python\pythoncore-3.14-64\Lib\urllib\request.py", line 1325, in do_open
    r = h.getresponse()
  File "C:\Users\HP\AppData\Local\Python\pythoncore-3.14-64\Lib\http\client.py", line 1430, in getresponse
    response.begin()
    ~~~~~~~~~~~~~~^^
  File "C:\Users\HP\AppData\Local\Python\pythoncore-3.14-64\Lib\http\client.py", line 331, in begin
    version, status, reason = self._read_status()
                              ~~~~~~~~~~~~~~~~~^^
  File "C:\Users\HP\AppData\Local\Python\pythoncore-3.14-64\Lib\http\client.py", line 292, in _read_status
    line = str(self.fp.readline(_MAXLINE + 1), "iso-8859-1")
               ~~~~~~~~~~~~~~~~^^^^^^^^^^^^^^
  File "C:\Users\HP\AppData\Local\Python\pythoncore-3.14-64\Lib\socket.py", line 725, in readinto
    return self._sock.recv_into(b)
           ~~~~~~~~~~~~~~~~~~~~^^^
TimeoutError: timed out
2026-09-10 21:30:59 [argus.main] INFO EVENT: PROCESS_STARTED — PID 26984 (msedgewebview2.exe) parent=1280
2026-09-10 21:31:00 [argus.api_client] ERROR Error posting to http://localhost:5000/api/network/topology
Traceback (most recent call last):
  File "D:\Mini\artifacts\security-engine\api_client\client.py", line 117, in _post_json
    with urllib.request.urlopen(req, timeout=10) as resp:
         ~~~~~~~~~~~~~~~~~~~~~~^^^^^^^^^^^^^^^^^
  File "C:\Users\HP\AppData\Local\Python\pythoncore-3.14-64\Lib\urllib\request.py", line 187, in urlopen
    return opener.open(url, data, timeout)
           ~~~~~~~~~~~^^^^^^^^^^^^^^^^^^^^
  File "C:\Users\HP\AppData\Local\Python\pythoncore-3.14-64\Lib\urllib\request.py", line 487, in open
    response = self._open(req, data)
  File "C:\Users\HP\AppData\Local\Python\pythoncore-3.14-64\Lib\urllib\request.py", line 504, in _open
    result = self._call_chain(self.handle_open, protocol, protocol +
                              '_open', req)
  File "C:\Users\HP\AppData\Local\Python\pythoncore-3.14-64\Lib\urllib\request.py", line 464, in _call_chain
    result = func(*args)
  File "C:\Users\HP\AppData\Local\Python\pythoncore-3.14-64\Lib\urllib\request.py", line 1350, in http_open
    return self.do_open(http.client.HTTPConnection, req)
           ~~~~~~~~~~~~^^^^^^^^^^^^^^^^^^^^^^^^^^^^^^^^^
  File "C:\Users\HP\AppData\Local\Python\pythoncore-3.14-64\Lib\urllib\request.py", line 1325, in do_open
    r = h.getresponse()
  File "C:\Users\HP\AppData\Local\Python\pythoncore-3.14-64\Lib\http\client.py", line 1430, in getresponse
    response.begin()
    ~~~~~~~~~~~~~~^^
  File "C:\Users\HP\AppData\Local\Python\pythoncore-3.14-64\Lib\http\client.py", line 331, in begin
    version, status, reason = self._read_status()
                              ~~~~~~~~~~~~~~~~~^^
  File "C:\Users\HP\AppData\Local\Python\pythoncore-3.14-64\Lib\http\client.py", line 292, in _read_status
    line = str(self.fp.readline(_MAXLINE + 1), "iso-8859-1")
               ~~~~~~~~~~~~~~~~^^^^^^^^^^^^^^
  File "C:\Users\HP\AppData\Local\Python\pythoncore-3.14-64\Lib\socket.py", line 725, in readinto
    return self._sock.recv_into(b)
           ~~~~~~~~~~~~~~~~~~~~^^^
TimeoutError: timed out
2026-09-10 21:31:04 [argus.api_client] ERROR Error posting to http://localhost:5000/api/network/connections
Traceback (most recent call last):
  File "D:\Mini\artifacts\security-engine\api_client\client.py", line 117, in _post_json
    with urllib.request.urlopen(req, timeout=10) as resp:
         ~~~~~~~~~~~~~~~~~~~~~~^^^^^^^^^^^^^^^^^
  File "C:\Users\HP\AppData\Local\Python\pythoncore-3.14-64\Lib\urllib\request.py", line 187, in urlopen
    return opener.open(url, data, timeout)
           ~~~~~~~~~~~^^^^^^^^^^^^^^^^^^^^
  File "C:\Users\HP\AppData\Local\Python\pythoncore-3.14-64\Lib\urllib\request.py", line 487, in open
    response = self._open(req, data)
  File "C:\Users\HP\AppData\Local\Python\pythoncore-3.14-64\Lib\urllib\request.py", line 504, in _open
    result = self._call_chain(self.handle_open, protocol, protocol +
                              '_open', req)
  File "C:\Users\HP\AppData\Local\Python\pythoncore-3.14-64\Lib\urllib\request.py", line 464, in _call_chain
    result = func(*args)
  File "C:\Users\HP\AppData\Local\Python\pythoncore-3.14-64\Lib\urllib\request.py", line 1350, in http_open
    return self.do_open(http.client.HTTPConnection, req)
           ~~~~~~~~~~~~^^^^^^^^^^^^^^^^^^^^^^^^^^^^^^^^^
  File "C:\Users\HP\AppData\Local\Python\pythoncore-3.14-64\Lib\urllib\request.py", line 1325, in do_open
    r = h.getresponse()
  File "C:\Users\HP\AppData\Local\Python\pythoncore-3.14-64\Lib\http\client.py", line 1430, in getresponse
    response.begin()
    ~~~~~~~~~~~~~~^^
  File "C:\Users\HP\AppData\Local\Python\pythoncore-3.14-64\Lib\http\client.py", line 331, in begin
    version, status, reason = self._read_status()
                              ~~~~~~~~~~~~~~~~~^^
  File "C:\Users\HP\AppData\Local\Python\pythoncore-3.14-64\Lib\http\client.py", line 292, in _read_status
    line = str(self.fp.readline(_MAXLINE + 1), "iso-8859-1")
               ~~~~~~~~~~~~~~~~^^^^^^^^^^^^^^
  File "C:\Users\HP\AppData\Local\Python\pythoncore-3.14-64\Lib\socket.py", line 725, in readinto
    return self._sock.recv_into(b)
           ~~~~~~~~~~~~~~~~~~~~^^^
ConnectionResetError: [WinError 10054] An existing connection was forcibly closed by the remote host
2026-09-10 21:31:04 [argus.api_client] ERROR Error posting to http://localhost:5000/api/events/process
Traceback (most recent call last):
  File "D:\Mini\artifacts\security-engine\api_client\client.py", line 117, in _post_json
    with urllib.request.urlopen(req, timeout=10) as resp:
         ~~~~~~~~~~~~~~~~~~~~~~^^^^^^^^^^^^^^^^^
  File "C:\Users\HP\AppData\Local\Python\pythoncore-3.14-64\Lib\urllib\request.py", line 187, in urlopen
    return opener.open(url, data, timeout)
           ~~~~~~~~~~~^^^^^^^^^^^^^^^^^^^^
  File "C:\Users\HP\AppData\Local\Python\pythoncore-3.14-64\Lib\urllib\request.py", line 487, in open
    response = self._open(req, data)
  File "C:\Users\HP\AppData\Local\Python\pythoncore-3.14-64\Lib\urllib\request.py", line 504, in _open
    result = self._call_chain(self.handle_open, protocol, protocol +
                              '_open', req)
  File "C:\Users\HP\AppData\Local\Python\pythoncore-3.14-64\Lib\urllib\request.py", line 464, in _call_chain
    result = func(*args)
  File "C:\Users\HP\AppData\Local\Python\pythoncore-3.14-64\Lib\urllib\request.py", line 1350, in http_open
    return self.do_open(http.client.HTTPConnection, req)
           ~~~~~~~~~~~~^^^^^^^^^^^^^^^^^^^^^^^^^^^^^^^^^
  File "C:\Users\HP\AppData\Local\Python\pythoncore-3.14-64\Lib\urllib\request.py", line 1325, in do_open
    r = h.getresponse()
  File "C:\Users\HP\AppData\Local\Python\pythoncore-3.14-64\Lib\http\client.py", line 1430, in getresponse
    response.begin()
    ~~~~~~~~~~~~~~^^
  File "C:\Users\HP\AppData\Local\Python\pythoncore-3.14-64\Lib\http\client.py", line 331, in begin
    version, status, reason = self._read_status()
                              ~~~~~~~~~~~~~~~~~^^
  File "C:\Users\HP\AppData\Local\Python\pythoncore-3.14-64\Lib\http\client.py", line 292, in _read_status
    line = str(self.fp.readline(_MAXLINE + 1), "iso-8859-1")
               ~~~~~~~~~~~~~~~~^^^^^^^^^^^^^^
  File "C:\Users\HP\AppData\Local\Python\pythoncore-3.14-64\Lib\socket.py", line 725, in readinto
    return self._sock.recv_into(b)
           ~~~~~~~~~~~~~~~~~~~~^^^
ConnectionResetError: [WinError 10054] An existing connection was forcibly closed by the remote host
2026-09-10 21:31:04 [argus.api_client] ERROR Error posting to http://localhost:5000/api/system/telemetry
Traceback (most recent call last):
  File "D:\Mini\artifacts\security-engine\api_client\client.py", line 117, in _post_json
    with urllib.request.urlopen(req, timeout=10) as resp:
         ~~~~~~~~~~~~~~~~~~~~~~^^^^^^^^^^^^^^^^^
  File "C:\Users\HP\AppData\Local\Python\pythoncore-3.14-64\Lib\urllib\request.py", line 187, in urlopen
    return opener.open(url, data, timeout)
           ~~~~~~~~~~~^^^^^^^^^^^^^^^^^^^^
  File "C:\Users\HP\AppData\Local\Python\pythoncore-3.14-64\Lib\urllib\request.py", line 487, in open
    response = self._open(req, data)
  File "C:\Users\HP\AppData\Local\Python\pythoncore-3.14-64\Lib\urllib\request.py", line 504, in _open
    result = self._call_chain(self.handle_open, protocol, protocol +
                              '_open', req)
  File "C:\Users\HP\AppData\Local\Python\pythoncore-3.14-64\Lib\urllib\request.py", line 464, in _call_chain
    result = func(*args)
  File "C:\Users\HP\AppData\Local\Python\pythoncore-3.14-64\Lib\urllib\request.py", line 1350, in http_open
    return self.do_open(http.client.HTTPConnection, req)
           ~~~~~~~~~~~~^^^^^^^^^^^^^^^^^^^^^^^^^^^^^^^^^
  File "C:\Users\HP\AppData\Local\Python\pythoncore-3.14-64\Lib\urllib\request.py", line 1325, in do_open
    r = h.getresponse()
  File "C:\Users\HP\AppData\Local\Python\pythoncore-3.14-64\Lib\http\client.py", line 1430, in getresponse
    response.begin()
    ~~~~~~~~~~~~~~^^
  File "C:\Users\HP\AppData\Local\Python\pythoncore-3.14-64\Lib\http\client.py", line 331, in begin
    version, status, reason = self._read_status()
                              ~~~~~~~~~~~~~~~~~^^
  File "C:\Users\HP\AppData\Local\Python\pythoncore-3.14-64\Lib\http\client.py", line 292, in _read_status
    line = str(self.fp.readline(_MAXLINE + 1), "iso-8859-1")
               ~~~~~~~~~~~~~~~~^^^^^^^^^^^^^^
  File "C:\Users\HP\AppData\Local\Python\pythoncore-3.14-64\Lib\socket.py", line 725, in readinto
    return self._sock.recv_into(b)
           ~~~~~~~~~~~~~~~~~~~~^^^
ConnectionResetError: [WinError 10054] An existing connection was forcibly closed by the remote host
2026-09-10 21:31:06 [argus.main] INFO EVENT: PROCESS_TERMINATED — PID 9160 (python.exe)
2026-09-10 21:31:10 [argus.main] INFO EVENT: PROCESS_TERMINATED — PID 9352 (powershell.exe)
2026-09-10 21:31:14 [argus.main] INFO EVENT: PROCESS_TERMINATED — PID 15060 (conhost.exe)
2026-09-10 21:31:18 [argus.main] INFO EVENT: PROCESS_TERMINATED — PID 19272 (conhost.exe)
2026-09-10 21:31:22 [argus.main] INFO EVENT: PROCESS_TERMINATED — PID 22200 (python.exe)
2026-09-10 21:31:26 [argus.main] INFO EVENT: PROCESS_TERMINATED — PID 23780 (node.exe)
2026-09-10 21:31:30 [argus.main] INFO EVENT: PROCESS_TERMINATED — PID 18120 (python.exe)
2026-09-10 21:31:33 [argus.main] INFO EVENT: PROCESS_TERMINATED — PID 27180 (conhost.exe)
2026-09-10 21:31:35 [argus.main] INFO EVENT: PROCESS_STARTED — PID 724 (python.exe) parent=24388
2026-09-10 21:31:35 [argus.main] INFO EVENT: PROCESS_STARTED — PID 3368 (conhost.exe) parent=11176
2026-09-10 21:31:35 [argus.main] INFO EVENT: PROCESS_STARTED — PID 9988 (conhost.exe) parent=10696
2026-09-10 21:31:35 [argus.main] INFO EVENT: PROCESS_STARTED — PID 10696 (powershell.exe) parent=25896
2026-09-10 21:31:36 [argus.main] INFO EVENT: PROCESS_STARTED — PID 11176 (node.exe) parent=724
2026-09-10 21:31:36 [argus.main] INFO EVENT: PROCESS_STARTED — PID 13856 (backgroundTaskHost.exe) parent=1596
2026-09-10 21:31:36 [argus.main] INFO EVENT: PROCESS_STARTED — PID 24388 (python.exe) parent=10696
2026-09-10 21:31:36 [argus.main] INFO EVENT: PROCESS_TERMINATED — PID 26984 (msedgewebview2.exe)
2026-09-10 21:31:38 [argus.main] INFO EVENT: PROCESS_STARTED — PID 1872 (WmiPrvSE.exe) parent=1596
2026-09-10 21:31:38 [argus.main] INFO EVENT: PROCESS_STARTED — PID 25444 (RuntimeBroker.exe) parent=1596
2026-09-10 21:31:40 [argus.main] INFO EVENT: PROCESS_TERMINATED — PID 724 (python.exe)
2026-09-10 21:31:48 [argus.api_client] ERROR Error posting to http://localhost:5000/api/network/topology
Traceback (most recent call last):
  File "D:\Mini\artifacts\security-engine\api_client\client.py", line 117, in _post_json
    with urllib.request.urlopen(req, timeout=10) as resp:
         ~~~~~~~~~~~~~~~~~~~~~~^^^^^^^^^^^^^^^^^
  File "C:\Users\HP\AppData\Local\Python\pythoncore-3.14-64\Lib\urllib\request.py", line 187, in urlopen
    return opener.open(url, data, timeout)
           ~~~~~~~~~~~^^^^^^^^^^^^^^^^^^^^
  File "C:\Users\HP\AppData\Local\Python\pythoncore-3.14-64\Lib\urllib\request.py", line 487, in open
    response = self._open(req, data)
  File "C:\Users\HP\AppData\Local\Python\pythoncore-3.14-64\Lib\urllib\request.py", line 504, in _open
    result = self._call_chain(self.handle_open, protocol, protocol +
                              '_open', req)
  File "C:\Users\HP\AppData\Local\Python\pythoncore-3.14-64\Lib\urllib\request.py", line 464, in _call_chain
    result = func(*args)
  File "C:\Users\HP\AppData\Local\Python\pythoncore-3.14-64\Lib\urllib\request.py", line 1350, in http_open
    return self.do_open(http.client.HTTPConnection, req)
           ~~~~~~~~~~~~^^^^^^^^^^^^^^^^^^^^^^^^^^^^^^^^^
  File "C:\Users\HP\AppData\Local\Python\pythoncore-3.14-64\Lib\urllib\request.py", line 1325, in do_open
    r = h.getresponse()
  File "C:\Users\HP\AppData\Local\Python\pythoncore-3.14-64\Lib\http\client.py", line 1430, in getresponse
    response.begin()
    ~~~~~~~~~~~~~~^^
  File "C:\Users\HP\AppData\Local\Python\pythoncore-3.14-64\Lib\http\client.py", line 331, in begin
    version, status, reason = self._read_status()
                              ~~~~~~~~~~~~~~~~~^^
  File "C:\Users\HP\AppData\Local\Python\pythoncore-3.14-64\Lib\http\client.py", line 292, in _read_status
    line = str(self.fp.readline(_MAXLINE + 1), "iso-8859-1")
               ~~~~~~~~~~~~~~~~^^^^^^^^^^^^^^
  File "C:\Users\HP\AppData\Local\Python\pythoncore-3.14-64\Lib\socket.py", line 725, in readinto
    return self._sock.recv_into(b)
           ~~~~~~~~~~~~~~~~~~~~^^^
ConnectionResetError: [WinError 10054] An existing connection was forcibly closed by the remote host
2026-09-10 21:31:48 [argus.api_client] ERROR Error posting to http://localhost:5000/api/network/connections
Traceback (most recent call last):
  File "D:\Mini\artifacts\security-engine\api_client\client.py", line 117, in _post_json
    with urllib.request.urlopen(req, timeout=10) as resp:
         ~~~~~~~~~~~~~~~~~~~~~~^^^^^^^^^^^^^^^^^
  File "C:\Users\HP\AppData\Local\Python\pythoncore-3.14-64\Lib\urllib\request.py", line 187, in urlopen
    return opener.open(url, data, timeout)
           ~~~~~~~~~~~^^^^^^^^^^^^^^^^^^^^
  File "C:\Users\HP\AppData\Local\Python\pythoncore-3.14-64\Lib\urllib\request.py", line 487, in open
    response = self._open(req, data)
  File "C:\Users\HP\AppData\Local\Python\pythoncore-3.14-64\Lib\urllib\request.py", line 504, in _open
    result = self._call_chain(self.handle_open, protocol, protocol +
                              '_open', req)
  File "C:\Users\HP\AppData\Local\Python\pythoncore-3.14-64\Lib\urllib\request.py", line 464, in _call_chain
    result = func(*args)
  File "C:\Users\HP\AppData\Local\Python\pythoncore-3.14-64\Lib\urllib\request.py", line 1350, in http_open
    return self.do_open(http.client.HTTPConnection, req)
           ~~~~~~~~~~~~^^^^^^^^^^^^^^^^^^^^^^^^^^^^^^^^^
  File "C:\Users\HP\AppData\Local\Python\pythoncore-3.14-64\Lib\urllib\request.py", line 1325, in do_open
    r = h.getresponse()
  File "C:\Users\HP\AppData\Local\Python\pythoncore-3.14-64\Lib\http\client.py", line 1430, in getresponse
    response.begin()
    ~~~~~~~~~~~~~~^^
  File "C:\Users\HP\AppData\Local\Python\pythoncore-3.14-64\Lib\http\client.py", line 331, in begin
    version, status, reason = self._read_status()
                              ~~~~~~~~~~~~~~~~~^^
  File "C:\Users\HP\AppData\Local\Python\pythoncore-3.14-64\Lib\http\client.py", line 292, in _read_status
    line = str(self.fp.readline(_MAXLINE + 1), "iso-8859-1")
               ~~~~~~~~~~~~~~~~^^^^^^^^^^^^^^
  File "C:\Users\HP\AppData\Local\Python\pythoncore-3.14-64\Lib\socket.py", line 725, in readinto
    return self._sock.recv_into(b)
           ~~~~~~~~~~~~~~~~~~~~^^^
ConnectionResetError: [WinError 10054] An existing connection was forcibly closed by the remote host
2026-09-10 21:31:48 [argus.api_client] ERROR Error posting to http://localhost:5000/api/system/telemetry
Traceback (most recent call last):
  File "D:\Mini\artifacts\security-engine\api_client\client.py", line 117, in _post_json
    with urllib.request.urlopen(req, timeout=10) as resp:
         ~~~~~~~~~~~~~~~~~~~~~~^^^^^^^^^^^^^^^^^
  File "C:\Users\HP\AppData\Local\Python\pythoncore-3.14-64\Lib\urllib\request.py", line 187, in urlopen
    return opener.open(url, data, timeout)
           ~~~~~~~~~~~^^^^^^^^^^^^^^^^^^^^
  File "C:\Users\HP\AppData\Local\Python\pythoncore-3.14-64\Lib\urllib\request.py", line 487, in open
    response = self._open(req, data)
  File "C:\Users\HP\AppData\Local\Python\pythoncore-3.14-64\Lib\urllib\request.py", line 504, in _open
    result = self._call_chain(self.handle_open, protocol, protocol +
                              '_open', req)
  File "C:\Users\HP\AppData\Local\Python\pythoncore-3.14-64\Lib\urllib\request.py", line 464, in _call_chain
    result = func(*args)
  File "C:\Users\HP\AppData\Local\Python\pythoncore-3.14-64\Lib\urllib\request.py", line 1350, in http_open
    return self.do_open(http.client.HTTPConnection, req)
           ~~~~~~~~~~~~^^^^^^^^^^^^^^^^^^^^^^^^^^^^^^^^^
  File "C:\Users\HP\AppData\Local\Python\pythoncore-3.14-64\Lib\urllib\request.py", line 1325, in do_open
    r = h.getresponse()
  File "C:\Users\HP\AppData\Local\Python\pythoncore-3.14-64\Lib\http\client.py", line 1430, in getresponse
    response.begin()
    ~~~~~~~~~~~~~~^^
  File "C:\Users\HP\AppData\Local\Python\pythoncore-3.14-64\Lib\http\client.py", line 331, in begin
    version, status, reason = self._read_status()
                              ~~~~~~~~~~~~~~~~~^^
  File "C:\Users\HP\AppData\Local\Python\pythoncore-3.14-64\Lib\http\client.py", line 292, in _read_status
    line = str(self.fp.readline(_MAXLINE + 1), "iso-8859-1")
               ~~~~~~~~~~~~~~~~^^^^^^^^^^^^^^
  File "C:\Users\HP\AppData\Local\Python\pythoncore-3.14-64\Lib\socket.py", line 725, in readinto
    return self._sock.recv_into(b)
           ~~~~~~~~~~~~~~~~~~~~^^^
ConnectionResetError: [WinError 10054] An existing connection was forcibly closed by the remote host
2026-09-10 21:31:48 [argus.api_client] ERROR Error posting to http://localhost:5000/api/events/process
Traceback (most recent call last):
  File "D:\Mini\artifacts\security-engine\api_client\client.py", line 117, in _post_json
    with urllib.request.urlopen(req, timeout=10) as resp:
         ~~~~~~~~~~~~~~~~~~~~~~^^^^^^^^^^^^^^^^^
  File "C:\Users\HP\AppData\Local\Python\pythoncore-3.14-64\Lib\urllib\request.py", line 187, in urlopen
    return opener.open(url, data, timeout)
           ~~~~~~~~~~~^^^^^^^^^^^^^^^^^^^^
  File "C:\Users\HP\AppData\Local\Python\pythoncore-3.14-64\Lib\urllib\request.py", line 487, in open
    response = self._open(req, data)
  File "C:\Users\HP\AppData\Local\Python\pythoncore-3.14-64\Lib\urllib\request.py", line 504, in _open
    result = self._call_chain(self.handle_open, protocol, protocol +
                              '_open', req)
  File "C:\Users\HP\AppData\Local\Python\pythoncore-3.14-64\Lib\urllib\request.py", line 464, in _call_chain
    result = func(*args)
  File "C:\Users\HP\AppData\Local\Python\pythoncore-3.14-64\Lib\urllib\request.py", line 1350, in http_open
    return self.do_open(http.client.HTTPConnection, req)
           ~~~~~~~~~~~~^^^^^^^^^^^^^^^^^^^^^^^^^^^^^^^^^
  File "C:\Users\HP\AppData\Local\Python\pythoncore-3.14-64\Lib\urllib\request.py", line 1325, in do_open
    r = h.getresponse()
  File "C:\Users\HP\AppData\Local\Python\pythoncore-3.14-64\Lib\http\client.py", line 1430, in getresponse
    response.begin()
    ~~~~~~~~~~~~~~^^
  File "C:\Users\HP\AppData\Local\Python\pythoncore-3.14-64\Lib\http\client.py", line 331, in begin
    version, status, reason = self._read_status()
                              ~~~~~~~~~~~~~~~~~^^
  File "C:\Users\HP\AppData\Local\Python\pythoncore-3.14-64\Lib\http\client.py", line 292, in _read_status
    line = str(self.fp.readline(_MAXLINE + 1), "iso-8859-1")
               ~~~~~~~~~~~~~~~~^^^^^^^^^^^^^^
  File "C:\Users\HP\AppData\Local\Python\pythoncore-3.14-64\Lib\socket.py", line 725, in readinto
    return self._sock.recv_into(b)
           ~~~~~~~~~~~~~~~~~~~~^^^
ConnectionResetError: [WinError 10054] An existing connection was forcibly closed by the remote host
2026-09-10 21:31:48 [argus.main] INFO EVENT: PROCESS_TERMINATED — PID 9988 (conhost.exe)
2026-09-10 21:31:52 [argus.main] INFO EVENT: PROCESS_TERMINATED — PID 10696 (powershell.exe)
2026-09-10 21:31:56 [argus.main] INFO EVENT: PROCESS_TERMINATED — PID 24388 (python.exe)
2026-09-10 21:32:02 [argus.main] INFO EVENT: PROCESS_STARTED — PID 2856 (msedge.exe) parent=22720
2026-09-10 21:32:06 [argus.main] INFO EVENT: PROCESS_STARTED — PID 2980 (RuntimeBroker.exe) parent=1596
2026-09-10 21:32:10 [argus.main] INFO EVENT: PROCESS_STARTED — PID 7880 (smartscreen.exe) parent=1596
2026-09-10 21:32:14 [argus.main] INFO EVENT: PROCESS_STARTED — PID 8616 (sppsvc.exe) parent=1360
2026-09-10 21:32:19 [argus.main] INFO EVENT: PROCESS_STARTED — PID 24092 (svchost.exe) parent=1360
2026-09-10 21:32:23 [argus.main] INFO EVENT: PROCESS_STARTED — PID 25472 (svchost.exe) parent=1360
2026-09-10 21:32:23 [argus.main] INFO EVENT: PROCESS_STARTED — PID 27468 (msedge.exe) parent=22720
2026-09-10 21:32:23 [argus.main] INFO EVENT: PROCESS_TERMINATED — PID 3368 (conhost.exe)
2026-09-10 21:32:23 [argus.main] INFO EVENT: PROCESS_TERMINATED — PID 11176 (node.exe)
2026-09-10 21:32:25 [argus.main] INFO EVENT: PROCESS_STARTED — PID 2120 (python.exe) parent=6592
2026-09-10 21:32:25 [argus.main] INFO EVENT: PROCESS_STARTED — PID 4856 (conhost.exe) parent=6592
2026-09-10 21:32:25 [argus.main] INFO EVENT: PROCESS_STARTED — PID 6524 (msedge.exe) parent=22720
2026-09-10 21:32:25 [argus.main] INFO EVENT: PROCESS_STARTED — PID 6592 (powershell.exe) parent=25896
2026-09-10 21:32:25 [argus.main] INFO EVENT: PROCESS_STARTED — PID 14748 (conhost.exe) parent=19188
2026-09-10 21:32:25 [argus.main] INFO EVENT: PROCESS_STARTED — PID 15652 (python.exe) parent=2120
2026-09-10 21:32:25 [argus.main] INFO EVENT: PROCESS_STARTED — PID 19188 (node.exe) parent=15652
2026-09-10 21:32:25 [argus.main] INFO EVENT: PROCESS_STARTED — PID 20456 (msedge.exe) parent=22720
2026-09-10 21:32:25 [argus.main] INFO EVENT: PROCESS_STARTED — PID 20760 (msedgewebview2.exe) parent=1280
2026-09-10 21:32:27 [argus.main] INFO EVENT: PROCESS_TERMINATED — PID 2120 (python.exe)
2026-09-10 21:32:31 [argus.main] INFO EVENT: PROCESS_TERMINATED — PID 4856 (conhost.exe)
2026-09-10 21:32:35 [argus.main] INFO EVENT: PROCESS_TERMINATED — PID 6592 (powershell.exe)
2026-09-10 21:32:39 [argus.main] INFO EVENT: PROCESS_TERMINATED — PID 14748 (conhost.exe)
2026-09-10 21:32:43 [argus.main] INFO EVENT: PROCESS_TERMINATED — PID 15652 (python.exe)
2026-09-10 21:32:47 [argus.main] INFO EVENT: PROCESS_TERMINATED — PID 19188 (node.exe)
2026-09-10 21:32:53 [argus.main] INFO EVENT: PROCESS_STARTED — PID 2488 (RuntimeBroker.exe) parent=1596
2026-09-10 21:32:57 [argus.main] INFO EVENT: PROCESS_STARTED — PID 24416 (msedge.exe) parent=22720
2026-09-10 21:33:02 [argus.main] INFO EVENT: PROCESS_TERMINATED — PID 13856 (backgroundTaskHost.exe)
2026-09-10 21:33:06 [argus.main] INFO EVENT: PROCESS_TERMINATED — PID 2980 (RuntimeBroker.exe)
2026-09-10 21:33:10 [argus.main] INFO EVENT: PROCESS_TERMINATED — PID 8616 (sppsvc.exe)
2026-09-10 21:33:14 [argus.main] INFO EVENT: PROCESS_TERMINATED — PID 20760 (msedgewebview2.exe)
2026-09-10 21:33:20 [argus.main] INFO EVENT: PROCESS_TERMINATED — PID 1872 (WmiPrvSE.exe)
2026-09-10 21:33:24 [argus.main] INFO EVENT: PROCESS_TERMINATED — PID 25444 (RuntimeBroker.exe)
2026-09-10 21:33:28 [argus.main] INFO EVENT: PROCESS_TERMINATED — PID 25472 (svchost.exe)
2026-09-10 21:33:34 [argus.main] INFO EVENT: PROCESS_STARTED — PID 16580 (msedgewebview2.exe) parent=1280
2026-09-10 21:33:56 [argus.main] INFO EVENT: PROCESS_TERMINATED — PID 16580 (msedgewebview2.exe)
2026-09-10 21:34:02 [argus.main] INFO EVENT: PROCESS_TERMINATED — PID 10568 (audiodg.exe)
2026-09-10 21:34:14 [argus.main] INFO EVENT: PROCESS_STARTED — PID 26104 (conhost.exe) parent=26316
2026-09-10 21:34:15 [argus.main] INFO EVENT: PROCESS_STARTED — PID 26316 (powershell.exe) parent=25896
2026-09-10 21:34:18 [argus.main] INFO EVENT: PROCESS_STARTED — PID 20268 (node.exe) parent=20368
2026-09-10 21:34:18 [argus.main] INFO EVENT: PROCESS_STARTED — PID 20368 (python.exe) parent=22748
2026-09-10 21:34:18 [argus.main] INFO EVENT: PROCESS_STARTED — PID 22748 (python.exe) parent=26316
2026-09-10 21:34:18 [argus.main] INFO EVENT: PROCESS_STARTED — PID 26888 (conhost.exe) parent=20268
2026-09-10 21:34:20 [argus.main] INFO EVENT: PROCESS_STARTED — PID 11972 (python.exe) parent=20368
2026-09-10 21:34:20 [argus.main] INFO EVENT: PROCESS_STARTED — PID 15216 (conhost.exe) parent=11972
2026-09-10 21:34:31 [argus.api_client] ERROR Error posting to http://localhost:5000/api/system/telemetry
Traceback (most recent call last):
  File "D:\Mini\artifacts\security-engine\api_client\client.py", line 117, in _post_json
    with urllib.request.urlopen(req, timeout=10) as resp:
         ~~~~~~~~~~~~~~~~~~~~~~^^^^^^^^^^^^^^^^^
  File "C:\Users\HP\AppData\Local\Python\pythoncore-3.14-64\Lib\urllib\request.py", line 187, in urlopen
    return opener.open(url, data, timeout)
           ~~~~~~~~~~~^^^^^^^^^^^^^^^^^^^^
  File "C:\Users\HP\AppData\Local\Python\pythoncore-3.14-64\Lib\urllib\request.py", line 487, in open
    response = self._open(req, data)
  File "C:\Users\HP\AppData\Local\Python\pythoncore-3.14-64\Lib\urllib\request.py", line 504, in _open
    result = self._call_chain(self.handle_open, protocol, protocol +
                              '_open', req)
  File "C:\Users\HP\AppData\Local\Python\pythoncore-3.14-64\Lib\urllib\request.py", line 464, in _call_chain
    result = func(*args)
  File "C:\Users\HP\AppData\Local\Python\pythoncore-3.14-64\Lib\urllib\request.py", line 1350, in http_open
    return self.do_open(http.client.HTTPConnection, req)
           ~~~~~~~~~~~~^^^^^^^^^^^^^^^^^^^^^^^^^^^^^^^^^
  File "C:\Users\HP\AppData\Local\Python\pythoncore-3.14-64\Lib\urllib\request.py", line 1325, in do_open
    r = h.getresponse()
  File "C:\Users\HP\AppData\Local\Python\pythoncore-3.14-64\Lib\http\client.py", line 1430, in getresponse
    response.begin()
    ~~~~~~~~~~~~~~^^
  File "C:\Users\HP\AppData\Local\Python\pythoncore-3.14-64\Lib\http\client.py", line 331, in begin
    version, status, reason = self._read_status()
                              ~~~~~~~~~~~~~~~~~^^
  File "C:\Users\HP\AppData\Local\Python\pythoncore-3.14-64\Lib\http\client.py", line 292, in _read_status
    line = str(self.fp.readline(_MAXLINE + 1), "iso-8859-1")
               ~~~~~~~~~~~~~~~~^^^^^^^^^^^^^^
  File "C:\Users\HP\AppData\Local\Python\pythoncore-3.14-64\Lib\socket.py", line 725, in readinto
    return self._sock.recv_into(b)
           ~~~~~~~~~~~~~~~~~~~~^^^
TimeoutError: timed out
2026-09-10 21:34:31 [argus.api_client] ERROR Error posting to http://localhost:5000/api/network/connections
Traceback (most recent call last):
  File "D:\Mini\artifacts\security-engine\api_client\client.py", line 117, in _post_json
    with urllib.request.urlopen(req, timeout=10) as resp:
         ~~~~~~~~~~~~~~~~~~~~~~^^^^^^^^^^^^^^^^^
  File "C:\Users\HP\AppData\Local\Python\pythoncore-3.14-64\Lib\urllib\request.py", line 187, in urlopen
    return opener.open(url, data, timeout)
           ~~~~~~~~~~~^^^^^^^^^^^^^^^^^^^^
  File "C:\Users\HP\AppData\Local\Python\pythoncore-3.14-64\Lib\urllib\request.py", line 487, in open
    response = self._open(req, data)
  File "C:\Users\HP\AppData\Local\Python\pythoncore-3.14-64\Lib\urllib\request.py", line 504, in _open
    result = self._call_chain(self.handle_open, protocol, protocol +
                              '_open', req)
  File "C:\Users\HP\AppData\Local\Python\pythoncore-3.14-64\Lib\urllib\request.py", line 464, in _call_chain
    result = func(*args)
  File "C:\Users\HP\AppData\Local\Python\pythoncore-3.14-64\Lib\urllib\request.py", line 1350, in http_open
    return self.do_open(http.client.HTTPConnection, req)
           ~~~~~~~~~~~~^^^^^^^^^^^^^^^^^^^^^^^^^^^^^^^^^
  File "C:\Users\HP\AppData\Local\Python\pythoncore-3.14-64\Lib\urllib\request.py", line 1325, in do_open
    r = h.getresponse()
  File "C:\Users\HP\AppData\Local\Python\pythoncore-3.14-64\Lib\http\client.py", line 1430, in getresponse
    response.begin()
    ~~~~~~~~~~~~~~^^
  File "C:\Users\HP\AppData\Local\Python\pythoncore-3.14-64\Lib\http\client.py", line 331, in begin
    version, status, reason = self._read_status()
                              ~~~~~~~~~~~~~~~~~^^
  File "C:\Users\HP\AppData\Local\Python\pythoncore-3.14-64\Lib\http\client.py", line 292, in _read_status
    line = str(self.fp.readline(_MAXLINE + 1), "iso-8859-1")
               ~~~~~~~~~~~~~~~~^^^^^^^^^^^^^^
  File "C:\Users\HP\AppData\Local\Python\pythoncore-3.14-64\Lib\socket.py", line 725, in readinto
    return self._sock.recv_into(b)
           ~~~~~~~~~~~~~~~~~~~~^^^
TimeoutError: timed out
2026-09-10 21:34:33 [argus.api_client] ERROR Error posting to http://localhost:5000/api/network/topology
Traceback (most recent call last):
  File "D:\Mini\artifacts\security-engine\api_client\client.py", line 117, in _post_json
    with urllib.request.urlopen(req, timeout=10) as resp:
         ~~~~~~~~~~~~~~~~~~~~~~^^^^^^^^^^^^^^^^^
  File "C:\Users\HP\AppData\Local\Python\pythoncore-3.14-64\Lib\urllib\request.py", line 187, in urlopen
    return opener.open(url, data, timeout)
           ~~~~~~~~~~~^^^^^^^^^^^^^^^^^^^^
  File "C:\Users\HP\AppData\Local\Python\pythoncore-3.14-64\Lib\urllib\request.py", line 487, in open
    response = self._open(req, data)
  File "C:\Users\HP\AppData\Local\Python\pythoncore-3.14-64\Lib\urllib\request.py", line 504, in _open
    result = self._call_chain(self.handle_open, protocol, protocol +
                              '_open', req)
  File "C:\Users\HP\AppData\Local\Python\pythoncore-3.14-64\Lib\urllib\request.py", line 464, in _call_chain
    result = func(*args)
  File "C:\Users\HP\AppData\Local\Python\pythoncore-3.14-64\Lib\urllib\request.py", line 1350, in http_open
    return self.do_open(http.client.HTTPConnection, req)
           ~~~~~~~~~~~~^^^^^^^^^^^^^^^^^^^^^^^^^^^^^^^^^
  File "C:\Users\HP\AppData\Local\Python\pythoncore-3.14-64\Lib\urllib\request.py", line 1325, in do_open
    r = h.getresponse()
  File "C:\Users\HP\AppData\Local\Python\pythoncore-3.14-64\Lib\http\client.py", line 1430, in getresponse
    response.begin()
    ~~~~~~~~~~~~~~^^
  File "C:\Users\HP\AppData\Local\Python\pythoncore-3.14-64\Lib\http\client.py", line 331, in begin
    version, status, reason = self._read_status()
                              ~~~~~~~~~~~~~~~~~^^
  File "C:\Users\HP\AppData\Local\Python\pythoncore-3.14-64\Lib\http\client.py", line 292, in _read_status
    line = str(self.fp.readline(_MAXLINE + 1), "iso-8859-1")
               ~~~~~~~~~~~~~~~~^^^^^^^^^^^^^^
  File "C:\Users\HP\AppData\Local\Python\pythoncore-3.14-64\Lib\socket.py", line 725, in readinto
    return self._sock.recv_into(b)
           ~~~~~~~~~~~~~~~~~~~~^^^
TimeoutError: timed out
2026-09-10 21:34:34 [argus.main] INFO EVENT: PROCESS_TERMINATED — PID 26104 (conhost.exe)
2026-09-10 21:34:42 [argus.api_client] ERROR Error posting to http://localhost:5000/api/system/telemetry
Traceback (most recent call last):
  File "D:\Mini\artifacts\security-engine\api_client\client.py", line 117, in _post_json
    with urllib.request.urlopen(req, timeout=10) as resp:
         ~~~~~~~~~~~~~~~~~~~~~~^^^^^^^^^^^^^^^^^
  File "C:\Users\HP\AppData\Local\Python\pythoncore-3.14-64\Lib\urllib\request.py", line 187, in urlopen
    return opener.open(url, data, timeout)
           ~~~~~~~~~~~^^^^^^^^^^^^^^^^^^^^
  File "C:\Users\HP\AppData\Local\Python\pythoncore-3.14-64\Lib\urllib\request.py", line 487, in open
    response = self._open(req, data)
  File "C:\Users\HP\AppData\Local\Python\pythoncore-3.14-64\Lib\urllib\request.py", line 504, in _open
    result = self._call_chain(self.handle_open, protocol, protocol +
                              '_open', req)
  File "C:\Users\HP\AppData\Local\Python\pythoncore-3.14-64\Lib\urllib\request.py", line 464, in _call_chain
    result = func(*args)
  File "C:\Users\HP\AppData\Local\Python\pythoncore-3.14-64\Lib\urllib\request.py", line 1350, in http_open
    return self.do_open(http.client.HTTPConnection, req)
           ~~~~~~~~~~~~^^^^^^^^^^^^^^^^^^^^^^^^^^^^^^^^^
  File "C:\Users\HP\AppData\Local\Python\pythoncore-3.14-64\Lib\urllib\request.py", line 1325, in do_open
    r = h.getresponse()
  File "C:\Users\HP\AppData\Local\Python\pythoncore-3.14-64\Lib\http\client.py", line 1430, in getresponse
    response.begin()
    ~~~~~~~~~~~~~~^^
  File "C:\Users\HP\AppData\Local\Python\pythoncore-3.14-64\Lib\http\client.py", line 331, in begin
    version, status, reason = self._read_status()
                              ~~~~~~~~~~~~~~~~~^^
  File "C:\Users\HP\AppData\Local\Python\pythoncore-3.14-64\Lib\http\client.py", line 292, in _read_status
    line = str(self.fp.readline(_MAXLINE + 1), "iso-8859-1")
               ~~~~~~~~~~~~~~~~^^^^^^^^^^^^^^
  File "C:\Users\HP\AppData\Local\Python\pythoncore-3.14-64\Lib\socket.py", line 725, in readinto
    return self._sock.recv_into(b)
           ~~~~~~~~~~~~~~~~~~~~^^^
TimeoutError: timed out
2026-09-10 21:34:43 [argus.api_client] ERROR Error posting to http://localhost:5000/api/system/telemetry
Traceback (most recent call last):
  File "D:\Mini\artifacts\security-engine\api_client\client.py", line 117, in _post_json
    with urllib.request.urlopen(req, timeout=10) as resp:
         ~~~~~~~~~~~~~~~~~~~~~~^^^^^^^^^^^^^^^^^
  File "C:\Users\HP\AppData\Local\Python\pythoncore-3.14-64\Lib\urllib\request.py", line 187, in urlopen
    return opener.open(url, data, timeout)
           ~~~~~~~~~~~^^^^^^^^^^^^^^^^^^^^
  File "C:\Users\HP\AppData\Local\Python\pythoncore-3.14-64\Lib\urllib\request.py", line 487, in open
    response = self._open(req, data)
  File "C:\Users\HP\AppData\Local\Python\pythoncore-3.14-64\Lib\urllib\request.py", line 504, in _open
    result = self._call_chain(self.handle_open, protocol, protocol +
                              '_open', req)
  File "C:\Users\HP\AppData\Local\Python\pythoncore-3.14-64\Lib\urllib\request.py", line 464, in _call_chain
    result = func(*args)
  File "C:\Users\HP\AppData\Local\Python\pythoncore-3.14-64\Lib\urllib\request.py", line 1350, in http_open
    return self.do_open(http.client.HTTPConnection, req)
           ~~~~~~~~~~~~^^^^^^^^^^^^^^^^^^^^^^^^^^^^^^^^^
  File "C:\Users\HP\AppData\Local\Python\pythoncore-3.14-64\Lib\urllib\request.py", line 1325, in do_open
    r = h.getresponse()
  File "C:\Users\HP\AppData\Local\Python\pythoncore-3.14-64\Lib\http\client.py", line 1430, in getresponse
    response.begin()
    ~~~~~~~~~~~~~~^^
  File "C:\Users\HP\AppData\Local\Python\pythoncore-3.14-64\Lib\http\client.py", line 331, in begin
    version, status, reason = self._read_status()
                              ~~~~~~~~~~~~~~~~~^^
  File "C:\Users\HP\AppData\Local\Python\pythoncore-3.14-64\Lib\http\client.py", line 292, in _read_status
    line = str(self.fp.readline(_MAXLINE + 1), "iso-8859-1")
               ~~~~~~~~~~~~~~~~^^^^^^^^^^^^^^
  File "C:\Users\HP\AppData\Local\Python\pythoncore-3.14-64\Lib\socket.py", line 725, in readinto
    return self._sock.recv_into(b)
           ~~~~~~~~~~~~~~~~~~~~^^^
ConnectionResetError: [WinError 10054] An existing connection was forcibly closed by the remote host
2026-09-10 21:34:43 [argus.api_client] ERROR Error posting to http://localhost:5000/api/network/topology
Traceback (most recent call last):
  File "D:\Mini\artifacts\security-engine\api_client\client.py", line 117, in _post_json
    with urllib.request.urlopen(req, timeout=10) as resp:
         ~~~~~~~~~~~~~~~~~~~~~~^^^^^^^^^^^^^^^^^
  File "C:\Users\HP\AppData\Local\Python\pythoncore-3.14-64\Lib\urllib\request.py", line 187, in urlopen
    return opener.open(url, data, timeout)
           ~~~~~~~~~~~^^^^^^^^^^^^^^^^^^^^
  File "C:\Users\HP\AppData\Local\Python\pythoncore-3.14-64\Lib\urllib\request.py", line 487, in open
    response = self._open(req, data)
  File "C:\Users\HP\AppData\Local\Python\pythoncore-3.14-64\Lib\urllib\request.py", line 504, in _open
    result = self._call_chain(self.handle_open, protocol, protocol +
                              '_open', req)
  File "C:\Users\HP\AppData\Local\Python\pythoncore-3.14-64\Lib\urllib\request.py", line 464, in _call_chain
    result = func(*args)
  File "C:\Users\HP\AppData\Local\Python\pythoncore-3.14-64\Lib\urllib\request.py", line 1350, in http_open
    return self.do_open(http.client.HTTPConnection, req)
           ~~~~~~~~~~~~^^^^^^^^^^^^^^^^^^^^^^^^^^^^^^^^^
  File "C:\Users\HP\AppData\Local\Python\pythoncore-3.14-64\Lib\urllib\request.py", line 1325, in do_open
    r = h.getresponse()
  File "C:\Users\HP\AppData\Local\Python\pythoncore-3.14-64\Lib\http\client.py", line 1430, in getresponse
    response.begin()
    ~~~~~~~~~~~~~~^^
  File "C:\Users\HP\AppData\Local\Python\pythoncore-3.14-64\Lib\http\client.py", line 331, in begin
    version, status, reason = self._read_status()
                              ~~~~~~~~~~~~~~~~~^^
  File "C:\Users\HP\AppData\Local\Python\pythoncore-3.14-64\Lib\http\client.py", line 292, in _read_status
    line = str(self.fp.readline(_MAXLINE + 1), "iso-8859-1")
               ~~~~~~~~~~~~~~~~^^^^^^^^^^^^^^
  File "C:\Users\HP\AppData\Local\Python\pythoncore-3.14-64\Lib\socket.py", line 725, in readinto
    return self._sock.recv_into(b)
           ~~~~~~~~~~~~~~~~~~~~^^^
ConnectionResetError: [WinError 10054] An existing connection was forcibly closed by the remote host
2026-09-10 21:34:43 [argus.api_client] ERROR Error posting to http://localhost:5000/api/network/connections
Traceback (most recent call last):
  File "D:\Mini\artifacts\security-engine\api_client\client.py", line 117, in _post_json
    with urllib.request.urlopen(req, timeout=10) as resp:
         ~~~~~~~~~~~~~~~~~~~~~~^^^^^^^^^^^^^^^^^
  File "C:\Users\HP\AppData\Local\Python\pythoncore-3.14-64\Lib\urllib\request.py", line 187, in urlopen
    return opener.open(url, data, timeout)
           ~~~~~~~~~~~^^^^^^^^^^^^^^^^^^^^
  File "C:\Users\HP\AppData\Local\Python\pythoncore-3.14-64\Lib\urllib\request.py", line 487, in open
    response = self._open(req, data)
  File "C:\Users\HP\AppData\Local\Python\pythoncore-3.14-64\Lib\urllib\request.py", line 504, in _open
    result = self._call_chain(self.handle_open, protocol, protocol +
                              '_open', req)
  File "C:\Users\HP\AppData\Local\Python\pythoncore-3.14-64\Lib\urllib\request.py", line 464, in _call_chain
    result = func(*args)
  File "C:\Users\HP\AppData\Local\Python\pythoncore-3.14-64\Lib\urllib\request.py", line 1350, in http_open
    return self.do_open(http.client.HTTPConnection, req)
           ~~~~~~~~~~~~^^^^^^^^^^^^^^^^^^^^^^^^^^^^^^^^^
  File "C:\Users\HP\AppData\Local\Python\pythoncore-3.14-64\Lib\urllib\request.py", line 1325, in do_open
    r = h.getresponse()
  File "C:\Users\HP\AppData\Local\Python\pythoncore-3.14-64\Lib\http\client.py", line 1430, in getresponse
    response.begin()
    ~~~~~~~~~~~~~~^^
  File "C:\Users\HP\AppData\Local\Python\pythoncore-3.14-64\Lib\http\client.py", line 331, in begin
    version, status, reason = self._read_status()
                              ~~~~~~~~~~~~~~~~~^^
  File "C:\Users\HP\AppData\Local\Python\pythoncore-3.14-64\Lib\http\client.py", line 292, in _read_status
    line = str(self.fp.readline(_MAXLINE + 1), "iso-8859-1")
               ~~~~~~~~~~~~~~~~^^^^^^^^^^^^^^
  File "C:\Users\HP\AppData\Local\Python\pythoncore-3.14-64\Lib\socket.py", line 725, in readinto
    return self._sock.recv_into(b)
           ~~~~~~~~~~~~~~~~~~~~^^^
ConnectionResetError: [WinError 10054] An existing connection was forcibly closed by the remote host
2026-09-10 21:34:43 [argus.api_client] ERROR Error posting to http://localhost:5000/api/events/process
Traceback (most recent call last):
  File "D:\Mini\artifacts\security-engine\api_client\client.py", line 117, in _post_json
    with urllib.request.urlopen(req, timeout=10) as resp:
         ~~~~~~~~~~~~~~~~~~~~~~^^^^^^^^^^^^^^^^^
  File "C:\Users\HP\AppData\Local\Python\pythoncore-3.14-64\Lib\urllib\request.py", line 187, in urlopen
    return opener.open(url, data, timeout)
           ~~~~~~~~~~~^^^^^^^^^^^^^^^^^^^^
  File "C:\Users\HP\AppData\Local\Python\pythoncore-3.14-64\Lib\urllib\request.py", line 487, in open
    response = self._open(req, data)
  File "C:\Users\HP\AppData\Local\Python\pythoncore-3.14-64\Lib\urllib\request.py", line 504, in _open
    result = self._call_chain(self.handle_open, protocol, protocol +
                              '_open', req)
  File "C:\Users\HP\AppData\Local\Python\pythoncore-3.14-64\Lib\urllib\request.py", line 464, in _call_chain
    result = func(*args)
  File "C:\Users\HP\AppData\Local\Python\pythoncore-3.14-64\Lib\urllib\request.py", line 1350, in http_open
    return self.do_open(http.client.HTTPConnection, req)
           ~~~~~~~~~~~~^^^^^^^^^^^^^^^^^^^^^^^^^^^^^^^^^
  File "C:\Users\HP\AppData\Local\Python\pythoncore-3.14-64\Lib\urllib\request.py", line 1325, in do_open
    r = h.getresponse()
  File "C:\Users\HP\AppData\Local\Python\pythoncore-3.14-64\Lib\http\client.py", line 1430, in getresponse
    response.begin()
    ~~~~~~~~~~~~~~^^
  File "C:\Users\HP\AppData\Local\Python\pythoncore-3.14-64\Lib\http\client.py", line 331, in begin
    version, status, reason = self._read_status()
                              ~~~~~~~~~~~~~~~~~^^
  File "C:\Users\HP\AppData\Local\Python\pythoncore-3.14-64\Lib\http\client.py", line 292, in _read_status
    line = str(self.fp.readline(_MAXLINE + 1), "iso-8859-1")
               ~~~~~~~~~~~~~~~~^^^^^^^^^^^^^^
  File "C:\Users\HP\AppData\Local\Python\pythoncore-3.14-64\Lib\socket.py", line 725, in readinto
    return self._sock.recv_into(b)
           ~~~~~~~~~~~~~~~~~~~~^^^
ConnectionResetError: [WinError 10054] An existing connection was forcibly closed by the remote host
2026-09-10 21:34:43 [argus.main] INFO EVENT: PROCESS_TERMINATED — PID 26316 (powershell.exe)
2026-09-10 21:34:47 [argus.main] INFO EVENT: PROCESS_TERMINATED — PID 20368 (python.exe)
2026-09-10 21:34:51 [argus.main] INFO EVENT: PROCESS_TERMINATED — PID 22748 (python.exe)
2026-09-10 21:34:57 [argus.main] INFO EVENT: PROCESS_TERMINATED — PID 20268 (node.exe)
2026-09-10 21:35:01 [argus.main] INFO EVENT: PROCESS_TERMINATED — PID 26888 (conhost.exe)
2026-09-10 21:35:11 [argus.main] INFO EVENT: PROCESS_STARTED — PID 8428 (node.exe) parent=10952
2026-09-10 21:35:12 [argus.main] INFO EVENT: PROCESS_STARTED — PID 10952 (powershell.exe) parent=25896
2026-09-10 21:35:12 [argus.main] INFO EVENT: PROCESS_STARTED — PID 27588 (conhost.exe) parent=10952
2026-09-10 21:35:14 [argus.main] INFO EVENT: PROCESS_STARTED — PID 14724 (conhost.exe) parent=23724
2026-09-10 21:35:14 [argus.main] INFO EVENT: PROCESS_STARTED — PID 23724 (powershell.exe) parent=11972
2026-09-10 21:35:16 [argus.main] INFO EVENT: PROCESS_TERMINATED — PID 8428 (node.exe)
2026-09-10 21:35:20 [argus.main] INFO EVENT: PROCESS_TERMINATED — PID 10952 (powershell.exe)
2026-09-10 21:35:24 [argus.main] INFO EVENT: PROCESS_TERMINATED — PID 27588 (conhost.exe)
2026-09-10 21:35:28 [argus.main] INFO EVENT: PROCESS_TERMINATED — PID 14724 (conhost.exe)
2026-09-10 21:35:32 [argus.main] INFO EVENT: PROCESS_TERMINATED — PID 23724 (powershell.exe)
2026-09-10 21:35:38 [argus.main] INFO EVENT: PROCESS_TERMINATED — PID 6932 (svchost.exe)
2026-09-10 21:35:48 [argus.main] INFO EVENT: PROCESS_STARTED — PID 4020 (ARP.EXE) parent=19040
2026-09-10 21:35:54 [argus.main] INFO EVENT: PROCESS_TERMINATED — PID 4020 (ARP.EXE)
2026-09-10 21:36:00 [argus.main] INFO EVENT: PROCESS_TERMINATED — PID 24092 (svchost.exe)
2026-09-10 21:36:26 [argus.main] INFO EVENT: PROCESS_STARTED — PID 4384 (conhost.exe) parent=26636
2026-09-10 21:36:32 [argus.main] INFO EVENT: PROCESS_TERMINATED — PID 4384 (conhost.exe)
2026-09-10 21:36:48 [argus.main] INFO EVENT: PROCESS_STARTED — PID 1796 (powershell.exe) parent=11972
2026-09-10 21:36:54 [argus.main] INFO EVENT: PROCESS_TERMINATED — PID 1796 (powershell.exe)
2026-09-10 21:37:00 [argus.main] INFO EVENT: PROCESS_TERMINATED — PID 7880 (smartscreen.exe)
2026-09-10 21:37:07 [argus.main] INFO EVENT: PROCESS_STARTED — PID 8480 (node.exe) parent=23072
2026-09-10 21:37:07 [argus.main] INFO EVENT: PROCESS_STARTED — PID 9656 (conhost.exe) parent=8480
2026-09-10 21:37:07 [argus.main] INFO EVENT: PROCESS_STARTED — PID 9864 (svchost.exe) parent=1360
2026-09-10 21:37:07 [argus.main] INFO EVENT: PROCESS_STARTED — PID 21024 (conhost.exe) parent=22748
2026-09-10 21:37:07 [argus.main] INFO EVENT: PROCESS_STARTED — PID 21104 (python.exe) parent=22748
2026-09-10 21:37:07 [argus.main] INFO EVENT: PROCESS_STARTED — PID 22748 (powershell.exe) parent=25896
2026-09-10 21:37:07 [argus.main] INFO EVENT: PROCESS_STARTED — PID 23072 (python.exe) parent=21104
2026-09-10 21:37:09 [argus.main] INFO EVENT: PROCESS_STARTED — PID 2424 (conhost.exe) parent=20888
2026-09-10 21:37:09 [argus.main] INFO EVENT: PROCESS_STARTED — PID 6660 (conhost.exe) parent=26284
2026-09-10 21:37:09 [argus.main] INFO EVENT: PROCESS_STARTED — PID 20888 (python.exe) parent=23072
2026-09-10 21:37:09 [argus.main] INFO EVENT: PROCESS_STARTED — PID 26284 (powershell.exe) parent=20888
2026-09-10 21:37:11 [argus.main] INFO EVENT: PROCESS_STARTED — PID 10972 (conhost.exe) parent=24464
2026-09-10 21:37:11 [argus.main] INFO EVENT: PROCESS_STARTED — PID 24464 (powershell.exe) parent=20888
2026-09-10 21:37:11 [argus.main] INFO EVENT: PROCESS_TERMINATED — PID 6660 (conhost.exe)
2026-09-10 21:37:11 [argus.main] INFO EVENT: PROCESS_TERMINATED — PID 26284 (powershell.exe)
2026-09-10 21:37:13 [argus.main] INFO EVENT: PROCESS_TERMINATED — PID 10972 (conhost.exe)
2026-09-10 21:37:13 [argus.main] INFO EVENT: PROCESS_TERMINATED — PID 24464 (powershell.exe)
2026-09-10 21:37:21 [argus.main] INFO EVENT: PROCESS_STARTED — PID 12652 (msedge.exe) parent=22720
2026-09-10 21:37:25 [argus.main] INFO EVENT: PROCESS_TERMINATED — PID 8480 (node.exe)
2026-09-10 21:37:29 [argus.main] INFO EVENT: PROCESS_TERMINATED — PID 9656 (conhost.exe)
2026-09-10 21:37:33 [argus.main] INFO EVENT: PROCESS_TERMINATED — PID 2424 (conhost.exe)
2026-09-10 21:37:37 [argus.main] INFO EVENT: PROCESS_TERMINATED — PID 20888 (python.exe)
2026-09-10 21:37:43 [argus.main] INFO EVENT: PROCESS_STARTED — PID 16076 (backgroundTaskHost.exe) parent=1596
2026-09-10 21:37:47 [argus.main] INFO EVENT: PROCESS_TERMINATED — PID 25264 (msedge.exe)
2026-09-10 21:37:51 [argus.main] INFO EVENT: PROCESS_TERMINATED — PID 21024 (conhost.exe)
2026-09-10 21:37:55 [argus.main] INFO EVENT: PROCESS_TERMINATED — PID 21104 (python.exe)
2026-09-10 21:37:59 [argus.main] INFO EVENT: PROCESS_TERMINATED — PID 22748 (powershell.exe)
2026-09-10 21:38:03 [argus.main] INFO EVENT: PROCESS_TERMINATED — PID 23072 (python.exe)
2026-09-10 21:38:09 [argus.main] INFO EVENT: PROCESS_STARTED — PID 22148 (CodeSetup-stable-645f29cc3176500b4b5762ba887cf2a7f0ffdf2c.exe) parent=11096
2026-09-10 21:38:15 [argus.main] INFO EVENT: PROCESS_STARTED — PID 12480 (powershell.exe) parent=19040
2026-09-10 21:38:20 [argus.main] INFO EVENT: PROCESS_STARTED — PID 27192 (CodeSetup-stable-645f29cc3176500b4b5762ba887cf2a7f0ffdf2c.tmp) parent=22148
2026-09-10 21:38:26 [argus.main] INFO EVENT: PROCESS_TERMINATED — PID 12480 (powershell.exe)
2026-09-10 21:38:34 [argus.main] INFO EVENT: PROCESS_TERMINATED — PID 16076 (backgroundTaskHost.exe)
2026-09-10 21:38:52 [argus.main] INFO EVENT: PROCESS_STARTED — PID 24620 (powershell.exe) parent=11972
2026-09-10 21:38:58 [argus.main] INFO EVENT: PROCESS_TERMINATED — PID 24620 (powershell.exe)
2026-09-10 21:39:06 [argus.main] INFO EVENT: PROCESS_STARTED — PID 13404 (msedgewebview2.exe) parent=1280
2026-09-10 21:39:24 [argus.main] INFO EVENT: PROCESS_STARTED — PID 2616 (powershell.exe) parent=19040
2026-09-10 21:39:30 [argus.main] INFO EVENT: PROCESS_STARTED — PID 11496 (conhost.exe) parent=20280
2026-09-10 21:39:34 [argus.main] INFO EVENT: PROCESS_STARTED — PID 13568 (rundll32.exe) parent=13372
2026-09-10 21:39:38 [argus.main] INFO EVENT: PROCESS_TERMINATED — PID 2616 (powershell.exe)
2026-09-10 21:39:44 [argus.main] INFO EVENT: PROCESS_STARTED — PID 4888 (ROUTE.EXE) parent=11972
2026-09-10 21:39:48 [argus.main] INFO EVENT: PROCESS_TERMINATED — PID 13404 (msedgewebview2.exe)
2026-09-10 21:39:52 [argus.main] INFO EVENT: PROCESS_TERMINATED — PID 11496 (conhost.exe)
2026-09-10 21:39:58 [argus.main] INFO EVENT: PROCESS_TERMINATED — PID 13568 (rundll32.exe)
2026-09-10 21:40:02 [argus.main] INFO EVENT: PROCESS_TERMINATED — PID 4888 (ROUTE.EXE)
2026-09-10 21:40:16 [argus.main] INFO EVENT: PROCESS_STARTED — PID 2788 (powershell.exe) parent=11972
2026-09-10 21:40:22 [argus.main] INFO EVENT: PROCESS_TERMINATED — PID 2788 (powershell.exe)
2026-09-10 21:40:38 [argus.main] INFO EVENT: PROCESS_STARTED — PID 1472 (conhost.exe) parent=10468
2026-09-10 21:40:44 [argus.main] INFO EVENT: PROCESS_TERMINATED — PID 1472 (conhost.exe)
2026-09-10 21:40:54 [argus.main] INFO EVENT: PROCESS_STARTED — PID 8752 (conhost.exe) parent=17736
2026-09-10 21:40:58 [argus.main] INFO EVENT: PROCESS_STARTED — PID 23780 (msedgewebview2.exe) parent=1280
2026-09-10 21:41:04 [argus.main] INFO EVENT: PROCESS_TERMINATED — PID 8752 (conhost.exe)
2026-09-10 21:41:19 [argus.main] INFO EVENT: PROCESS_STARTED — PID 25592 (audiodg.exe) parent=3388
2026-09-10 21:41:25 [argus.main] INFO EVENT: PROCESS_TERMINATED — PID 23780 (msedgewebview2.exe)
2026-09-10 21:41:53 [argus.main] INFO EVENT: PROCESS_STARTED — PID 7920 (conhost.exe) parent=23944
2026-09-10 21:41:59 [argus.main] INFO EVENT: PROCESS_TERMINATED — PID 7920 (conhost.exe)
2026-09-10 21:42:07 [argus.main] INFO EVENT: PROCESS_STARTED — PID 9124 (msedgewebview2.exe) parent=1280
2026-09-10 21:42:13 [argus.main] INFO EVENT: PROCESS_STARTED — PID 7076 (<unknown-pid-7076>) parent=none
2026-09-10 21:42:19 [argus.main] INFO EVENT: PROCESS_TERMINATED — PID 7076 (<unknown-pid-7076>)
2026-09-10 21:42:35 [argus.main] INFO EVENT: PROCESS_STARTED — PID 652 (powershell.exe) parent=11972
2026-09-10 21:42:41 [argus.main] INFO EVENT: PROCESS_TERMINATED — PID 9124 (msedgewebview2.exe)
2026-09-10 21:42:45 [argus.main] INFO EVENT: PROCESS_TERMINATED — PID 652 (powershell.exe)
2026-09-10 21:42:57 [argus.main] INFO EVENT: PROCESS_STARTED — PID 1472 (conhost.exe) parent=25688
2026-09-10 21:43:03 [argus.main] INFO EVENT: PROCESS_TERMINATED — PID 1472 (conhost.exe)
2026-09-10 21:43:15 [argus.main] INFO EVENT: PROCESS_STARTED — PID 16416 (<unknown-pid-16416>) parent=none
2026-09-10 21:43:21 [argus.main] INFO EVENT: PROCESS_TERMINATED — PID 16416 (<unknown-pid-16416>)
2026-09-10 21:43:29 [argus.main] INFO EVENT: PROCESS_STARTED — PID 26952 (msedgewebview2.exe) parent=1280
2026-09-10 21:43:37 [argus.main] INFO EVENT: PROCESS_STARTED — PID 7664 (powershell.exe) parent=19040
2026-09-10 21:43:43 [argus.main] INFO EVENT: PROCESS_TERMINATED — PID 7664 (powershell.exe)
2026-09-10 21:43:59 [argus.main] INFO EVENT: PROCESS_STARTED — PID 10440 (powershell.exe) parent=11972
2026-09-10 21:44:03 [argus.main] INFO EVENT: PROCESS_TERMINATED — PID 26952 (msedgewebview2.exe)
2026-09-10 21:44:10 [argus.main] INFO EVENT: PROCESS_STARTED — PID 16864 (WmiPrvSE.exe) parent=1596
2026-09-10 21:44:14 [argus.main] INFO EVENT: PROCESS_TERMINATED — PID 13548 (WmiPrvSE.exe)
2026-09-10 21:44:18 [argus.main] INFO EVENT: PROCESS_TERMINATED — PID 10440 (powershell.exe)
2026-09-10 21:44:36 [argus.main] INFO EVENT: PROCESS_TERMINATED — PID 9864 (svchost.exe)
2026-09-10 21:44:52 [argus.main] INFO EVENT: PROCESS_STARTED — PID 7076 (<unknown-pid-7076>) parent=none
2026-09-10 21:44:58 [argus.main] INFO EVENT: PROCESS_TERMINATED — PID 7076 (<unknown-pid-7076>)
2026-09-10 21:45:04 [argus.main] INFO EVENT: PROCESS_STARTED — PID 12956 (msedgewebview2.exe) parent=1280
2026-09-10 21:45:22 [argus.main] INFO EVENT: PROCESS_STARTED — PID 14880 (conhost.exe) parent=16688
2026-09-10 21:45:28 [argus.main] INFO EVENT: PROCESS_STARTED — PID 25492 (OneDriveStandaloneUpdater.exe) parent=2996
2026-09-10 21:45:32 [argus.main] INFO EVENT: PROCESS_TERMINATED — PID 14880 (conhost.exe)
2026-09-10 21:45:38 [argus.main] INFO EVENT: PROCESS_STARTED — PID 5564 (OneDrive.Sync.Service.exe) parent=25492
2026-09-10 21:45:42 [argus.main] INFO EVENT: PROCESS_STARTED — PID 10624 (svchost.exe) parent=1360
2026-09-10 21:45:46 [argus.main] INFO EVENT: PROCESS_TERMINATED — PID 12956 (msedgewebview2.exe)
2026-09-10 21:45:52 [argus.main] INFO EVENT: PROCESS_TERMINATED — PID 25492 (OneDriveStandaloneUpdater.exe)
2026-09-10 21:45:58 [argus.main] INFO EVENT: PROCESS_STARTED — PID 22136 (powershell.exe) parent=19040
2026-09-10 21:46:04 [argus.main] INFO EVENT: PROCESS_STARTED — PID 9936 (powershell.exe) parent=11972
2026-09-10 21:46:08 [argus.main] INFO EVENT: PROCESS_TERMINATED — PID 22136 (powershell.exe)
2026-09-10 21:46:14 [argus.main] INFO EVENT: PROCESS_STARTED — PID 24292 (msedgewebview2.exe) parent=1280
2026-09-10 21:46:18 [argus.main] INFO EVENT: PROCESS_TERMINATED — PID 9936 (powershell.exe)
2026-09-10 21:46:33 [argus.main] INFO EVENT: PROCESS_TERMINATED — PID 25592 (audiodg.exe)
2026-09-10 21:46:41 [argus.main] INFO EVENT: PROCESS_STARTED — PID 16232 (powershell.exe) parent=11972
2026-09-10 21:46:44 [argus.main] INFO EVENT: PROCESS_STARTED — PID 3516 (conhost.exe) parent=12108
2026-09-10 21:46:44 [argus.main] INFO EVENT: PROCESS_STARTED — PID 8564 (conhost.exe) parent=26784
2026-09-10 21:46:44 [argus.main] INFO EVENT: PROCESS_STARTED — PID 12108 (powershell.exe) parent=25896
2026-09-10 21:46:44 [argus.main] INFO EVENT: PROCESS_STARTED — PID 13028 (python.exe) parent=12108
2026-09-10 21:46:44 [argus.main] INFO EVENT: PROCESS_STARTED — PID 15476 (svchost.exe) parent=1360
2026-09-10 21:46:44 [argus.main] INFO EVENT: PROCESS_STARTED — PID 25124 (python.exe) parent=13028
2026-09-10 21:46:44 [argus.main] INFO EVENT: PROCESS_STARTED — PID 26784 (node.exe) parent=25124
2026-09-10 21:46:44 [argus.main] INFO EVENT: PROCESS_TERMINATED — PID 24292 (msedgewebview2.exe)
2026-09-10 21:46:44 [argus.main] INFO EVENT: PROCESS_TERMINATED — PID 16232 (powershell.exe)
2026-09-10 21:46:47 [argus.main] INFO EVENT: PROCESS_TERMINATED — PID 3516 (conhost.exe)
2026-09-10 21:46:51 [argus.main] INFO EVENT: PROCESS_TERMINATED — PID 8564 (conhost.exe)
2026-09-10 21:46:55 [argus.main] INFO EVENT: PROCESS_TERMINATED — PID 12108 (powershell.exe)
2026-09-10 21:46:59 [argus.main] INFO EVENT: PROCESS_TERMINATED — PID 13028 (python.exe)
2026-09-10 21:47:03 [argus.main] INFO EVENT: PROCESS_TERMINATED — PID 25124 (python.exe)
2026-09-10 21:47:07 [argus.main] INFO EVENT: PROCESS_TERMINATED — PID 26784 (node.exe)
2026-09-10 21:47:17 [argus.main] INFO EVENT: PROCESS_STARTED — PID 9112 (powershell.exe) parent=11972
2026-09-10 21:47:23 [argus.main] INFO EVENT: PROCESS_TERMINATED — PID 12652 (msedge.exe)
2026-09-10 21:47:27 [argus.main] INFO EVENT: PROCESS_TERMINATED — PID 9112 (powershell.exe)
2026-09-10 21:47:39 [argus.main] INFO EVENT: PROCESS_STARTED — PID 9096 (powershell.exe) parent=19040
2026-09-10 21:47:45 [argus.main] INFO EVENT: PROCESS_TERMINATED — PID 9096 (powershell.exe)
2026-09-10 21:48:03 [argus.main] INFO EVENT: PROCESS_STARTED — PID 14724 (backgroundTaskHost.exe) parent=1596
2026-09-10 21:48:35 [argus.main] INFO EVENT: PROCESS_TERMINATED — PID 10624 (svchost.exe)
2026-09-10 21:48:45 [argus.main] INFO EVENT: PROCESS_STARTED — PID 444 (node.exe) parent=15012
2026-09-10 21:48:46 [argus.main] INFO EVENT: PROCESS_STARTED — PID 9080 (conhost.exe) parent=9664
2026-09-10 21:48:46 [argus.main] INFO EVENT: PROCESS_STARTED — PID 9664 (powershell.exe) parent=25896
2026-09-10 21:48:46 [argus.main] INFO EVENT: PROCESS_STARTED — PID 13400 (python.exe) parent=9664
2026-09-10 21:48:46 [argus.main] INFO EVENT: PROCESS_STARTED — PID 15012 (python.exe) parent=13400
2026-09-10 21:48:48 [argus.main] INFO EVENT: PROCESS_STARTED — PID 10252 (conhost.exe) parent=444
2026-09-10 21:48:50 [argus.main] INFO EVENT: PROCESS_STARTED — PID 9864 (conhost.exe) parent=15140
2026-09-10 21:48:50 [argus.main] INFO EVENT: PROCESS_STARTED — PID 14444 (powershell.exe) parent=16820
2026-09-10 21:48:50 [argus.main] INFO EVENT: PROCESS_STARTED — PID 15140 (powershell.exe) parent=19040
2026-09-10 21:48:50 [argus.main] INFO EVENT: PROCESS_STARTED — PID 15860 (conhost.exe) parent=16820
2026-09-10 21:48:50 [argus.main] INFO EVENT: PROCESS_STARTED — PID 16820 (python.exe) parent=15012
2026-09-10 21:48:50 [argus.main] INFO EVENT: PROCESS_STARTED — PID 23044 (conhost.exe) parent=14444
2026-09-10 21:48:52 [argus.main] INFO EVENT: PROCESS_STARTED — PID 14588 (conhost.exe) parent=15004
2026-09-10 21:48:52 [argus.main] INFO EVENT: PROCESS_STARTED — PID 15004 (powershell.exe) parent=16820
2026-09-10 21:48:52 [argus.main] INFO EVENT: PROCESS_TERMINATED — PID 9864 (conhost.exe)
2026-09-10 21:48:52 [argus.main] INFO EVENT: PROCESS_TERMINATED — PID 14444 (powershell.exe)
2026-09-10 21:48:52 [argus.main] INFO EVENT: PROCESS_TERMINATED — PID 15140 (powershell.exe)
2026-09-10 21:48:52 [argus.main] INFO EVENT: PROCESS_TERMINATED — PID 23044 (conhost.exe)
2026-09-10 21:48:54 [argus.main] INFO EVENT: PROCESS_TERMINATED — PID 14588 (conhost.exe)
2026-09-10 21:48:54 [argus.main] INFO EVENT: PROCESS_TERMINATED — PID 15004 (powershell.exe)
2026-09-10 21:48:58 [argus.main] INFO EVENT: PROCESS_STARTED — PID 9000 (conhost.exe) parent=13828
2026-09-10 21:48:58 [argus.main] INFO EVENT: PROCESS_STARTED — PID 13828 (powershell.exe) parent=11972
2026-09-10 21:49:00 [argus.main] INFO EVENT: PROCESS_TERMINATED — PID 9000 (conhost.exe)
2026-09-10 21:49:00 [argus.main] INFO EVENT: PROCESS_TERMINATED — PID 13828 (powershell.exe)
2026-09-10 21:49:04 [argus.main] INFO EVENT: PROCESS_TERMINATED — PID 14724 (backgroundTaskHost.exe)
2026-09-10 21:49:08 [argus.main] INFO EVENT: PROCESS_TERMINATED — PID 444 (node.exe)
2026-09-10 21:49:12 [argus.main] INFO EVENT: PROCESS_TERMINATED — PID 10252 (conhost.exe)
2026-09-10 21:49:16 [argus.main] INFO EVENT: PROCESS_TERMINATED — PID 15860 (conhost.exe)
2026-09-10 21:49:20 [argus.main] INFO EVENT: PROCESS_TERMINATED — PID 16820 (python.exe)
2026-09-10 21:49:26 [argus.main] INFO EVENT: PROCESS_TERMINATED — PID 9080 (conhost.exe)
2026-09-10 21:49:30 [argus.main] INFO EVENT: PROCESS_TERMINATED — PID 9664 (powershell.exe)
2026-09-10 21:49:34 [argus.main] INFO EVENT: PROCESS_TERMINATED — PID 13400 (python.exe)
2026-09-10 21:49:36 [argus.main] INFO EVENT: PROCESS_TERMINATED — PID 15012 (python.exe)
2026-09-10 21:49:38 [argus.main] INFO EVENT: PROCESS_STARTED — PID 664 (powershell.exe) parent=25896
2026-09-10 21:49:38 [argus.main] INFO EVENT: PROCESS_STARTED — PID 1324 (node.exe) parent=18436
2026-09-10 21:49:38 [argus.main] INFO EVENT: PROCESS_STARTED — PID 1872 (conhost.exe) parent=664
2026-09-10 21:49:38 [argus.main] INFO EVENT: PROCESS_STARTED — PID 18436 (python.exe) parent=19364
2026-09-10 21:49:39 [argus.main] INFO EVENT: PROCESS_STARTED — PID 19364 (python.exe) parent=664
2026-09-10 21:49:39 [argus.main] INFO EVENT: PROCESS_STARTED — PID 21732 (conhost.exe) parent=1324
2026-09-10 21:49:41 [argus.main] INFO EVENT: PROCESS_STARTED — PID 23264 (conhost.exe) parent=25472
2026-09-10 21:49:41 [argus.main] INFO EVENT: PROCESS_STARTED — PID 24292 (conhost.exe) parent=25616
2026-09-10 21:49:41 [argus.main] INFO EVENT: PROCESS_STARTED — PID 25472 (powershell.exe) parent=25616
2026-09-10 21:49:41 [argus.main] INFO EVENT: PROCESS_STARTED — PID 25616 (python.exe) parent=18436
2026-09-10 21:49:43 [argus.main] INFO EVENT: PROCESS_STARTED — PID 8736 (powershell.exe) parent=25616
2026-09-10 21:49:43 [argus.main] INFO EVENT: PROCESS_STARTED — PID 17508 (conhost.exe) parent=8736
2026-09-10 21:49:43 [argus.main] INFO EVENT: PROCESS_TERMINATED — PID 23264 (conhost.exe)
2026-09-10 21:49:43 [argus.main] INFO EVENT: PROCESS_TERMINATED — PID 25472 (powershell.exe)
2026-09-10 21:49:45 [argus.main] INFO EVENT: PROCESS_TERMINATED — PID 8736 (powershell.exe)
2026-09-10 21:49:45 [argus.main] INFO EVENT: PROCESS_TERMINATED — PID 17508 (conhost.exe)
2026-09-10 21:49:59 [argus.main] INFO EVENT: PROCESS_STARTED — PID 20676 (conhost.exe) parent=27528
2026-09-10 21:50:03 [argus.main] INFO EVENT: PROCESS_TERMINATED — PID 664 (powershell.exe)
2026-09-10 21:50:07 [argus.main] INFO EVENT: PROCESS_TERMINATED — PID 1324 (node.exe)
2026-09-10 21:50:11 [argus.main] INFO EVENT: PROCESS_TERMINATED — PID 1872 (conhost.exe)
2026-09-10 21:50:15 [argus.main] INFO EVENT: PROCESS_TERMINATED — PID 18436 (python.exe)
2026-09-10 21:50:19 [argus.main] INFO EVENT: PROCESS_TERMINATED — PID 19364 (python.exe)
2026-09-10 21:50:23 [argus.main] INFO EVENT: PROCESS_TERMINATED — PID 21732 (conhost.exe)
2026-09-10 21:50:27 [argus.main] INFO EVENT: PROCESS_TERMINATED — PID 24292 (conhost.exe)
2026-09-10 21:50:31 [argus.main] INFO EVENT: PROCESS_TERMINATED — PID 25616 (python.exe)
2026-09-10 21:50:37 [argus.main] INFO EVENT: PROCESS_TERMINATED — PID 20676 (conhost.exe)
2026-09-10 21:51:01 [argus.main] INFO EVENT: PROCESS_STARTED — PID 19252 (conhost.exe) parent=20548
2026-09-10 21:51:07 [argus.main] INFO EVENT: PROCESS_TERMINATED — PID 19252 (conhost.exe)
2026-09-10 21:51:17 [argus.main] INFO EVENT: PROCESS_STARTED — PID 2248 (conhost.exe) parent=24424
2026-09-10 21:51:23 [argus.main] INFO EVENT: PROCESS_TERMINATED — PID 25896 (opencode.exe)
2026-09-10 21:51:27 [argus.main] INFO EVENT: PROCESS_TERMINATED — PID 2248 (conhost.exe)
2026-09-10 21:51:35 [argus.main] INFO EVENT: PROCESS_STARTED — PID 17312 (conhost.exe) parent=26140
2026-09-10 21:51:42 [argus.main] INFO EVENT: PROCESS_TERMINATED — PID 15476 (svchost.exe)
2026-09-10 21:51:46 [argus.main] INFO EVENT: PROCESS_TERMINATED — PID 17312 (conhost.exe)
2026-09-10 21:52:06 [argus.main] INFO EVENT: PROCESS_STARTED — PID 16172 (powershell.exe) parent=19040
2026-09-10 21:52:12 [argus.main] INFO EVENT: PROCESS_TERMINATED — PID 16172 (powershell.exe)
2026-09-10 21:52:18 [argus.main] INFO EVENT: PROCESS_STARTED — PID 3816 (smartscreen.exe) parent=1596
2026-09-10 21:52:22 [argus.main] INFO EVENT: PROCESS_STARTED — PID 24308 (scanner.exe) parent=5736
2026-09-10 21:52:28 [argus.main] INFO EVENT: PROCESS_STARTED — PID 8988 (svchost.exe) parent=1360
2026-09-10 21:52:32 [argus.main] INFO EVENT: PROCESS_STARTED — PID 12340 (svchost.exe) parent=1360
2026-09-10 21:52:36 [argus.main] INFO EVENT: PROCESS_TERMINATED — PID 12744 (svchost.exe)
2026-09-10 21:52:46 [argus.main] INFO EVENT: PROCESS_STARTED — PID 2764 (conhost.exe) parent=26784
2026-09-10 21:52:52 [argus.main] INFO EVENT: PROCESS_TERMINATED — PID 2764 (conhost.exe)
2026-09-10 21:53:12 [argus.main] INFO EVENT: PROCESS_STARTED — PID 2748 (ROUTE.EXE) parent=19040
2026-09-10 21:53:18 [argus.main] INFO EVENT: PROCESS_TERMINATED — PID 2748 (ROUTE.EXE)
2026-09-10 21:53:24 [argus.main] INFO EVENT: PROCESS_STARTED — PID 4456 (powershell.exe) parent=11972
2026-09-10 21:53:30 [argus.main] INFO EVENT: PROCESS_TERMINATED — PID 4456 (powershell.exe)
2026-09-10 21:53:44 [argus.main] INFO EVENT: PROCESS_STARTED — PID 1316 (powershell.exe) parent=19040
2026-09-10 21:53:50 [argus.main] INFO EVENT: PROCESS_TERMINATED — PID 1316 (powershell.exe)
2026-09-10 21:53:56 [argus.main] INFO EVENT: PROCESS_STARTED — PID 16304 (msedgewebview2.exe) parent=1280
2026-09-10 21:54:13 [argus.main] INFO EVENT: PROCESS_STARTED — PID 14188 (taskhostw.exe) parent=2996
2026-09-10 21:54:19 [argus.main] INFO EVENT: PROCESS_STARTED — PID 2224 (updater.exe) parent=2996
2026-09-10 21:54:23 [argus.main] INFO EVENT: PROCESS_STARTED — PID 7552 (updater.exe) parent=1360
2026-09-10 21:54:27 [argus.main] INFO EVENT: PROCESS_STARTED — PID 18116 (updater.exe) parent=7552
2026-09-10 21:54:31 [argus.main] INFO EVENT: PROCESS_STARTED — PID 19740 (updater.exe) parent=1360
2026-09-10 21:54:35 [argus.main] INFO EVENT: PROCESS_STARTED — PID 23228 (sppsvc.exe) parent=1360
2026-09-10 21:54:39 [argus.main] INFO EVENT: PROCESS_STARTED — PID 24508 (RuntimeBroker.exe) parent=1596
2026-09-10 21:54:43 [argus.main] INFO EVENT: PROCESS_STARTED — PID 26672 (backgroundTaskHost.exe) parent=1596
2026-09-10 21:54:47 [argus.main] INFO EVENT: PROCESS_TERMINATED — PID 14188 (taskhostw.exe)
2026-09-10 21:54:54 [argus.main] INFO EVENT: PROCESS_TERMINATED — PID 8988 (svchost.exe)
2026-09-10 21:54:58 [argus.main] INFO EVENT: PROCESS_TERMINATED — PID 16304 (msedgewebview2.exe)
2026-09-10 21:55:02 [argus.main] INFO EVENT: PROCESS_TERMINATED — PID 2224 (updater.exe)
2026-09-10 21:55:06 [argus.main] INFO EVENT: PROCESS_TERMINATED — PID 7552 (updater.exe)
2026-09-10 21:55:10 [argus.main] INFO EVENT: PROCESS_TERMINATED — PID 18116 (updater.exe)
2026-09-10 21:55:14 [argus.main] INFO EVENT: PROCESS_TERMINATED — PID 19740 (updater.exe)
2026-09-10 21:55:18 [argus.main] INFO EVENT: PROCESS_TERMINATED — PID 23228 (sppsvc.exe)
2026-09-10 21:55:22 [argus.main] INFO EVENT: PROCESS_TERMINATED — PID 24508 (RuntimeBroker.exe)
2026-09-10 21:55:28 [argus.main] INFO EVENT: PROCESS_TERMINATED — PID 26672 (backgroundTaskHost.exe)
2026-09-10 21:55:34 [argus.main] INFO EVENT: PROCESS_TERMINATED — PID 24308 (scanner.exe)
2026-09-10 21:55:46 [argus.main] INFO EVENT: PROCESS_STARTED — PID 8508 (powershell.exe) parent=19040
2026-09-10 21:55:52 [argus.main] INFO EVENT: PROCESS_TERMINATED — PID 8508 (powershell.exe)
2026-09-10 21:56:16 [argus.main] INFO EVENT: PROCESS_STARTED — PID 18244 (conhost.exe) parent=23848
2026-09-10 21:56:22 [argus.main] INFO EVENT: PROCESS_TERMINATED — PID 18244 (conhost.exe)
2026-09-10 21:56:34 [argus.main] INFO EVENT: PROCESS_STARTED — PID 13620 (powershell.exe) parent=11972
2026-09-10 21:56:40 [argus.main] INFO EVENT: PROCESS_TERMINATED — PID 13620 (powershell.exe)
2026-09-10 21:56:56 [argus.main] INFO EVENT: PROCESS_STARTED — PID 18408 (powershell.exe) parent=11972
2026-09-10 21:57:02 [argus.main] INFO EVENT: PROCESS_TERMINATED — PID 18408 (powershell.exe)
2026-09-10 21:57:08 [argus.main] INFO EVENT: PROCESS_STARTED — PID 8940 (conhost.exe) parent=21248
2026-09-10 21:57:14 [argus.main] INFO EVENT: PROCESS_TERMINATED — PID 8940 (conhost.exe)
2026-09-10 21:57:20 [argus.main] INFO EVENT: PROCESS_TERMINATED — PID 3816 (smartscreen.exe)
2026-09-10 21:57:26 [argus.main] INFO EVENT: PROCESS_STARTED — PID 6412 (opencode.exe) parent=5688
2026-09-10 21:57:34 [argus.main] INFO EVENT: PROCESS_STARTED — PID 11072 (conhost.exe) parent=15348
2026-09-10 21:57:40 [argus.main] INFO EVENT: PROCESS_TERMINATED — PID 11072 (conhost.exe)
2026-09-10 21:58:01 [argus.main] INFO EVENT: PROCESS_STARTED — PID 14296 (powershell.exe) parent=19040
2026-09-10 21:58:07 [argus.main] INFO EVENT: PROCESS_TERMINATED — PID 14296 (powershell.exe)
2026-09-10 21:58:17 [argus.main] INFO EVENT: PROCESS_STARTED — PID 13644 (powershell.exe) parent=6412
2026-09-10 21:58:23 [argus.main] INFO EVENT: PROCESS_TERMINATED — PID 13644 (powershell.exe)
2026-09-10 21:58:37 [argus.main] INFO EVENT: PROCESS_STARTED — PID 12948 (powershell.exe) parent=11972
2026-09-10 21:58:43 [argus.main] INFO EVENT: PROCESS_TERMINATED — PID 12948 (powershell.exe)
2026-09-10 21:58:49 [argus.main] INFO EVENT: PROCESS_STARTED — PID 10632 (sppsvc.exe) parent=1360
2026-09-10 21:58:53 [argus.main] INFO EVENT: PROCESS_STARTED — PID 25080 (smartscreen.exe) parent=1596
2026-09-10 21:58:57 [argus.main] INFO EVENT: PROCESS_STARTED — PID 26988 (Photos.exe) parent=10872
2026-09-10 21:59:03 [argus.main] INFO EVENT: PROCESS_STARTED — PID 9120 (Photos.exe) parent=26988
2026-09-10 21:59:07 [argus.main] INFO EVENT: PROCESS_STARTED — PID 16840 (svchost.exe) parent=1360
2026-09-10 21:59:13 [argus.main] INFO EVENT: PROCESS_TERMINATED — PID 26988 (Photos.exe)
2026-09-10 21:59:21 [argus.main] INFO EVENT: PROCESS_TERMINATED — PID 10632 (sppsvc.exe)
2026-09-10 21:59:37 [argus.main] INFO EVENT: PROCESS_STARTED — PID 14076 (powershell.exe) parent=11972
2026-09-10 21:59:43 [argus.main] INFO EVENT: PROCESS_TERMINATED — PID 14076 (powershell.exe)
2026-09-10 22:00:23 [argus.main] INFO EVENT: PROCESS_STARTED — PID 8692 (conhost.exe) parent=25492
2026-09-10 22:00:29 [argus.main] INFO EVENT: PROCESS_TERMINATED — PID 8692 (conhost.exe)
2026-09-10 22:00:36 [argus.main] INFO EVENT: PROCESS_STARTED — PID 448 (msedge.exe) parent=22720
2026-09-10 22:00:42 [argus.main] INFO EVENT: PROCESS_STARTED — PID 24508 (powershell.exe) parent=11972
2026-09-10 22:00:48 [argus.main] INFO EVENT: PROCESS_TERMINATED — PID 24508 (powershell.exe)
2026-09-10 22:00:54 [argus.main] INFO EVENT: PROCESS_STARTED — PID 20700 (powershell.exe) parent=19040
2026-09-10 22:01:00 [argus.main] INFO EVENT: PROCESS_TERMINATED — PID 20700 (powershell.exe)
2026-09-10 22:01:06 [argus.main] INFO EVENT: PROCESS_STARTED — PID 17508 (ROUTE.EXE) parent=11972
2026-09-10 22:01:12 [argus.main] INFO EVENT: PROCESS_TERMINATED — PID 17508 (ROUTE.EXE)
2026-09-10 22:01:18 [argus.main] INFO EVENT: PROCESS_STARTED — PID 16232 (audiodg.exe) parent=3388
2026-09-10 22:01:22 [argus.main] INFO EVENT: PROCESS_STARTED — PID 21328 (msedge.exe) parent=22720
2026-09-10 22:01:28 [argus.main] INFO EVENT: PROCESS_STARTED — PID 17936 (powershell.exe) parent=11972
2026-09-10 22:01:32 [argus.main] INFO EVENT: PROCESS_STARTED — PID 26672 (msedgewebview2.exe) parent=1280
2026-09-10 22:01:38 [argus.main] INFO EVENT: PROCESS_TERMINATED — PID 17936 (powershell.exe)
2026-09-10 22:01:44 [argus.main] INFO EVENT: PROCESS_STARTED — PID 5504 (powershell.exe) parent=11972
2026-09-10 22:01:48 [argus.main] INFO EVENT: PROCESS_STARTED — PID 18804 (backgroundTaskHost.exe) parent=1596
2026-09-10 22:01:52 [argus.main] INFO EVENT: PROCESS_STARTED — PID 19384 (StoreDesktopExtension.exe) parent=1596
2026-09-10 22:01:59 [argus.main] INFO EVENT: PROCESS_TERMINATED — PID 26672 (msedgewebview2.exe)
2026-09-10 22:02:03 [argus.main] INFO EVENT: PROCESS_TERMINATED — PID 5504 (powershell.exe)
2026-09-10 22:02:09 [argus.main] INFO EVENT: PROCESS_STARTED — PID 10440 (msedgewebview2.exe) parent=1280
2026-09-10 22:02:21 [argus.main] INFO EVENT: PROCESS_TERMINATED — PID 12340 (svchost.exe)
2026-09-10 22:02:29 [argus.main] INFO EVENT: PROCESS_STARTED — PID 18200 (conhost.exe) parent=27220
2026-09-10 22:02:35 [argus.main] INFO EVENT: PROCESS_TERMINATED — PID 18200 (conhost.exe)
2026-09-10 22:02:41 [argus.main] INFO EVENT: PROCESS_TERMINATED — PID 10440 (msedgewebview2.exe)
2026-09-10 22:02:47 [argus.main] INFO EVENT: PROCESS_TERMINATED — PID 18804 (backgroundTaskHost.exe)
2026-09-10 22:02:51 [argus.main] INFO EVENT: PROCESS_TERMINATED — PID 19384 (StoreDesktopExtension.exe)
2026-09-10 22:02:59 [argus.main] INFO EVENT: PROCESS_STARTED — PID 9584 (conhost.exe) parent=19364
2026-09-10 22:03:05 [argus.main] INFO EVENT: PROCESS_TERMINATED — PID 9584 (conhost.exe)
2026-09-10 22:03:51 [argus.main] INFO EVENT: PROCESS_TERMINATED — PID 9120 (Photos.exe)
2026-09-10 22:04:01 [argus.main] INFO EVENT: PROCESS_STARTED — PID 15124 (conhost.exe) parent=19384
2026-09-10 22:04:07 [argus.main] INFO EVENT: PROCESS_TERMINATED — PID 16840 (svchost.exe)
2026-09-10 22:04:11 [argus.main] INFO EVENT: PROCESS_TERMINATED — PID 15124 (conhost.exe)
2026-09-10 22:04:31 [argus.main] INFO EVENT: PROCESS_STARTED — PID 15480 (powershell.exe) parent=19040
2026-09-10 22:04:37 [argus.main] INFO EVENT: PROCESS_TERMINATED — PID 15480 (powershell.exe)
2026-09-10 22:04:58 [argus.main] INFO EVENT: PROCESS_STARTED — PID 4908 (powershell.exe) parent=11972
2026-09-10 22:05:04 [argus.main] INFO EVENT: PROCESS_TERMINATED — PID 4908 (powershell.exe)
2026-09-10 22:05:16 [argus.main] INFO EVENT: PROCESS_STARTED — PID 17512 (ROUTE.EXE) parent=3532
2026-09-10 22:05:22 [argus.main] INFO EVENT: PROCESS_TERMINATED — PID 13372 (svchost.exe)
2026-09-10 22:05:26 [argus.main] INFO EVENT: PROCESS_TERMINATED — PID 17512 (ROUTE.EXE)
2026-09-10 22:05:32 [argus.main] INFO EVENT: PROCESS_STARTED — PID 17620 (powershell.exe) parent=19040
2026-09-10 22:05:38 [argus.main] INFO EVENT: PROCESS_TERMINATED — PID 25080 (smartscreen.exe)
2026-09-10 22:05:42 [argus.main] INFO EVENT: PROCESS_TERMINATED — PID 17620 (powershell.exe)
2026-09-10 22:06:02 [argus.main] INFO EVENT: PROCESS_STARTED — PID 11564 (powershell.exe) parent=11972
2026-09-10 22:06:08 [argus.main] INFO EVENT: PROCESS_TERMINATED — PID 11564 (powershell.exe)
2026-09-10 22:06:14 [argus.main] INFO EVENT: PROCESS_STARTED — PID 4332 (svchost.exe) parent=1360
2026-09-10 22:06:18 [argus.main] INFO EVENT: PROCESS_TERMINATED — PID 26876 (SnippingTool.exe)
2026-09-10 22:06:32 [argus.main] INFO EVENT: PROCESS_STARTED — PID 10516 (powershell.exe) parent=19040
2026-09-10 22:06:38 [argus.main] INFO EVENT: PROCESS_TERMINATED — PID 10516 (powershell.exe)
2026-09-10 22:06:48 [argus.main] INFO EVENT: PROCESS_STARTED — PID 14064 (powershell.exe) parent=11972
2026-09-10 22:06:55 [argus.main] INFO EVENT: PROCESS_TERMINATED — PID 14064 (powershell.exe)
2026-09-10 22:07:03 [argus.main] INFO EVENT: PROCESS_STARTED — PID 8944 (conhost.exe) parent=22920
2026-09-10 22:07:09 [argus.main] INFO EVENT: PROCESS_TERMINATED — PID 8944 (conhost.exe)
2026-09-10 22:07:19 [argus.main] INFO EVENT: PROCESS_STARTED — PID 9352 (conhost.exe) parent=20864
2026-09-10 22:07:25 [argus.main] INFO EVENT: PROCESS_STARTED — PID 19524 (svchost.exe) parent=1360
2026-09-10 22:07:29 [argus.main] INFO EVENT: PROCESS_TERMINATED — PID 9352 (conhost.exe)
2026-09-10 22:07:47 [argus.main] INFO EVENT: PROCESS_TERMINATED — PID 16232 (audiodg.exe)
2026-09-10 22:07:53 [argus.main] INFO EVENT: PROCESS_STARTED — PID 24600 (<unknown-pid-24600>) parent=none
2026-09-10 22:07:59 [argus.main] INFO EVENT: PROCESS_STARTED — PID 16604 (msedgewebview2.exe) parent=1280
2026-09-10 22:08:03 [argus.main] INFO EVENT: PROCESS_TERMINATED — PID 24600 (<unknown-pid-24600>)
2026-09-10 22:08:09 [argus.main] INFO EVENT: PROCESS_STARTED — PID 19496 (powershell.exe) parent=11972
2026-09-10 22:08:15 [argus.main] INFO EVENT: PROCESS_TERMINATED — PID 19496 (powershell.exe)
2026-09-10 22:08:29 [argus.main] INFO EVENT: PROCESS_STARTED — PID 9112 (conhost.exe) parent=23432
2026-09-10 22:08:33 [argus.main] INFO EVENT: PROCESS_TERMINATED — PID 16604 (msedgewebview2.exe)
2026-09-10 22:08:39 [argus.main] INFO EVENT: PROCESS_STARTED — PID 7096 (svchost.exe) parent=1360
2026-09-10 22:08:44 [argus.main] INFO EVENT: PROCESS_STARTED — PID 24980 (svchost.exe) parent=1360
2026-09-10 22:08:48 [argus.main] INFO EVENT: PROCESS_TERMINATED — PID 9112 (conhost.exe)
2026-09-10 22:09:00 [argus.main] INFO EVENT: PROCESS_STARTED — PID 10516 (conhost.exe) parent=12660
2026-09-10 22:09:06 [argus.main] INFO EVENT: PROCESS_STARTED — PID 8948 (powershell.exe) parent=19040
2026-09-10 22:09:10 [argus.main] INFO EVENT: PROCESS_TERMINATED — PID 10516 (conhost.exe)
2026-09-10 22:09:16 [argus.main] INFO EVENT: PROCESS_STARTED — PID 14284 (powershell.exe) parent=11972
2026-09-10 22:09:20 [argus.main] INFO EVENT: PROCESS_TERMINATED — PID 4332 (svchost.exe)
2026-09-10 22:09:24 [argus.main] INFO EVENT: PROCESS_TERMINATED — PID 8948 (powershell.exe)
2026-09-10 22:09:30 [argus.main] INFO EVENT: PROCESS_TERMINATED — PID 14284 (powershell.exe)
2026-09-10 22:09:36 [argus.main] INFO EVENT: PROCESS_STARTED — PID 10392 (conhost.exe) parent=20328
2026-09-10 22:09:40 [argus.main] INFO EVENT: PROCESS_STARTED — PID 15980 (msedgewebview2.exe) parent=1280
2026-09-10 22:09:46 [argus.main] INFO EVENT: PROCESS_TERMINATED — PID 10392 (conhost.exe)
2026-09-10 22:10:02 [argus.main] INFO EVENT: PROCESS_STARTED — PID 11660 (conhost.exe) parent=25624
2026-09-10 22:10:08 [argus.main] INFO EVENT: PROCESS_TERMINATED — PID 15980 (msedgewebview2.exe)
2026-09-10 22:10:12 [argus.main] INFO EVENT: PROCESS_TERMINATED — PID 11660 (conhost.exe)
2026-09-10 22:10:19 [argus.main] INFO EVENT: PROCESS_STARTED — PID 2212 (conhost.exe) parent=22776
2026-09-10 22:10:25 [argus.main] INFO EVENT: PROCESS_TERMINATED — PID 2212 (conhost.exe)
2026-09-10 22:10:37 [argus.main] INFO EVENT: PROCESS_STARTED — PID 13988 (powershell.exe) parent=11972
2026-09-10 22:10:43 [argus.main] INFO EVENT: PROCESS_TERMINATED — PID 13988 (powershell.exe)
2026-09-10 22:11:07 [argus.main] INFO EVENT: PROCESS_STARTED — PID 12564 (powershell.exe) parent=11972
2026-09-10 22:11:13 [argus.main] INFO EVENT: PROCESS_STARTED — PID 7876 (backgroundTaskHost.exe) parent=1596
2026-09-10 22:11:17 [argus.main] INFO EVENT: PROCESS_TERMINATED — PID 12564 (powershell.exe)
2026-09-10 22:11:23 [argus.main] INFO EVENT: PROCESS_STARTED — PID 22068 (conhost.exe) parent=23132
2026-09-10 22:11:29 [argus.main] INFO EVENT: PROCESS_TERMINATED — PID 22068 (conhost.exe)
2026-09-10 22:11:39 [argus.main] INFO EVENT: PROCESS_STARTED — PID 23780 (conhost.exe) parent=25696
2026-09-10 22:11:45 [argus.main] INFO EVENT: PROCESS_STARTED — PID 19160 (conhost.exe) parent=19288
2026-09-10 22:11:49 [argus.main] INFO EVENT: PROCESS_TERMINATED — PID 23780 (conhost.exe)
2026-09-10 22:11:55 [argus.main] INFO EVENT: PROCESS_STARTED — PID 27160 (<unknown-pid-27160>) parent=none
2026-09-10 22:11:59 [argus.main] INFO EVENT: PROCESS_TERMINATED — PID 19160 (conhost.exe)
2026-09-10 22:12:05 [argus.main] INFO EVENT: PROCESS_TERMINATED — PID 27160 (<unknown-pid-27160>)
2026-09-10 22:12:11 [argus.main] INFO EVENT: PROCESS_TERMINATED — PID 7876 (backgroundTaskHost.exe)
2026-09-10 22:12:25 [argus.main] INFO EVENT: PROCESS_STARTED — PID 2208 (conhost.exe) parent=14380
2026-09-10 22:12:32 [argus.main] INFO EVENT: PROCESS_TERMINATED — PID 2208 (conhost.exe)
2026-09-10 22:12:42 [argus.main] INFO EVENT: PROCESS_STARTED — PID 10112 (conhost.exe) parent=19496
2026-09-10 22:12:48 [argus.main] INFO EVENT: PROCESS_STARTED — PID 20904 (ROUTE.EXE) parent=3532
2026-09-10 22:12:52 [argus.main] INFO EVENT: PROCESS_TERMINATED — PID 10112 (conhost.exe)
2026-09-10 22:12:58 [argus.main] INFO EVENT: PROCESS_TERMINATED — PID 20904 (ROUTE.EXE)
2026-09-10 22:13:22 [argus.main] INFO EVENT: PROCESS_STARTED — PID 4304 (node.exe) parent=26820
2026-09-10 22:13:28 [argus.main] INFO EVENT: PROCESS_STARTED — PID 14380 (conhost.exe) parent=27240
2026-09-10 22:13:32 [argus.main] INFO EVENT: PROCESS_TERMINATED — PID 4304 (node.exe)
2026-09-10 22:13:38 [argus.main] INFO EVENT: PROCESS_STARTED — PID 8488 (conhost.exe) parent=23228
2026-09-10 22:13:42 [argus.main] INFO EVENT: PROCESS_TERMINATED — PID 7096 (svchost.exe)
2026-09-10 22:13:46 [argus.main] INFO EVENT: PROCESS_TERMINATED — PID 14380 (conhost.exe)
2026-09-10 22:13:52 [argus.main] INFO EVENT: PROCESS_TERMINATED — PID 8488 (conhost.exe)
2026-09-10 22:14:00 [argus.main] INFO EVENT: PROCESS_STARTED — PID 8008 (conhost.exe) parent=15688
2026-09-10 22:14:06 [argus.main] INFO EVENT: PROCESS_TERMINATED — PID 8008 (conhost.exe)
2026-09-10 22:14:16 [argus.main] INFO EVENT: PROCESS_STARTED — PID 7156 (<unknown-pid-7156>) parent=13092
2026-09-10 22:14:22 [argus.main] INFO EVENT: PROCESS_TERMINATED — PID 7156 (<unknown-pid-7156>)
2026-09-10 22:14:28 [argus.main] INFO EVENT: PROCESS_STARTED — PID 22060 (conhost.exe) parent=22532
2026-09-10 22:14:34 [argus.main] INFO EVENT: PROCESS_TERMINATED — PID 22060 (conhost.exe)
2026-09-10 22:14:55 [argus.main] INFO EVENT: PROCESS_STARTED — PID 16748 (audiodg.exe) parent=3388
2026-09-10 22:15:01 [argus.main] INFO EVENT: PROCESS_STARTED — PID 8968 (conhost.exe) parent=19288
2026-09-10 22:15:07 [argus.main] INFO EVENT: PROCESS_TERMINATED — PID 8968 (conhost.exe)
2026-09-10 22:15:31 [argus.main] INFO EVENT: PROCESS_STARTED — PID 11492 (powershell.exe) parent=11972
2026-09-10 22:15:37 [argus.main] INFO EVENT: PROCESS_TERMINATED — PID 11492 (powershell.exe)
2026-09-10 22:15:59 [argus.main] INFO EVENT: PROCESS_STARTED — PID 2020 (msedgewebview2.exe) parent=1280
2026-09-10 22:16:29 [argus.main] INFO EVENT: PROCESS_TERMINATED — PID 2020 (msedgewebview2.exe)
2026-09-10 22:16:35 [argus.main] INFO EVENT: PROCESS_STARTED — PID 5248 (conhost.exe) parent=8928
2026-09-10 22:16:39 [argus.main] INFO EVENT: PROCESS_STARTED — PID 19424 (svchost.exe) parent=1360
2026-09-10 22:16:45 [argus.main] INFO EVENT: PROCESS_TERMINATED — PID 5248 (conhost.exe)
2026-09-10 22:16:51 [argus.main] INFO EVENT: PROCESS_STARTED — PID 5596 (python.exe) parent=22952
2026-09-10 22:16:55 [argus.main] INFO EVENT: PROCESS_STARTED — PID 7056 (powershell.exe) parent=6412
2026-09-10 22:17:01 [argus.main] INFO EVENT: PROCESS_TERMINATED — PID 5596 (python.exe)
2026-09-10 22:17:05 [argus.main] INFO EVENT: PROCESS_TERMINATED — PID 7056 (powershell.exe)
2026-09-10 22:17:17 [argus.main] INFO EVENT: PROCESS_STARTED — PID 15132 (msedgewebview2.exe) parent=1280
2026-09-10 22:17:23 [argus.main] INFO EVENT: PROCESS_STARTED — PID 4036 (powershell.exe) parent=19040
2026-09-10 22:17:27 [argus.main] INFO EVENT: PROCESS_TERMINATED — PID 19524 (svchost.exe)
2026-09-10 22:17:33 [argus.main] INFO EVENT: PROCESS_TERMINATED — PID 4036 (powershell.exe)
2026-09-10 22:17:46 [argus.main] INFO EVENT: PROCESS_STARTED — PID 6672 (python.exe) parent=19520
2026-09-10 22:17:50 [argus.main] INFO EVENT: PROCESS_STARTED — PID 19520 (python.exe) parent=25808
2026-09-10 22:17:54 [argus.main] INFO EVENT: PROCESS_STARTED — PID 24288 (conhost.exe) parent=25808
2026-09-10 22:18:00 [argus.main] INFO EVENT: PROCESS_TERMINATED — PID 15132 (msedgewebview2.exe)
2026-09-10 22:18:04 [argus.main] INFO EVENT: PROCESS_TERMINATED — PID 6672 (python.exe)
2026-09-10 22:18:08 [argus.main] INFO EVENT: PROCESS_TERMINATED — PID 19520 (python.exe)
2026-09-10 22:18:12 [argus.main] INFO EVENT: PROCESS_TERMINATED — PID 24288 (conhost.exe)
2026-09-10 22:18:20 [argus.main] INFO EVENT: PROCESS_STARTED — PID 21608 (RuntimeBroker.exe) parent=1596
2026-09-10 22:18:24 [argus.main] INFO EVENT: PROCESS_STARTED — PID 22208 (backgroundTaskHost.exe) parent=1596
2026-09-10 22:18:30 [argus.main] INFO EVENT: PROCESS_STARTED — PID 15040 (conhost.exe) parent=17692
2026-09-10 22:18:36 [argus.main] INFO EVENT: PROCESS_TERMINATED — PID 15040 (conhost.exe)
2026-09-10 22:18:42 [argus.main] INFO EVENT: PROCESS_STARTED — PID 8312 (node.exe) parent=26180
2026-09-10 22:18:46 [argus.main] INFO EVENT: PROCESS_STARTED — PID 13072 (powershell.exe) parent=6412
2026-09-10 22:18:50 [argus.main] INFO EVENT: PROCESS_STARTED — PID 17816 (conhost.exe) parent=13072
2026-09-10 22:18:54 [argus.main] INFO EVENT: PROCESS_STARTED — PID 21248 (node.exe) parent=13072
2026-09-10 22:18:58 [argus.main] INFO EVENT: PROCESS_STARTED — PID 26180 (cmd.exe) parent=21248
2026-09-10 22:19:04 [argus.main] INFO EVENT: PROCESS_STARTED — PID 12652 (powershell.exe) parent=6412
2026-09-10 22:19:08 [argus.main] INFO EVENT: PROCESS_STARTED — PID 24360 (conhost.exe) parent=12652
2026-09-10 22:19:12 [argus.main] INFO EVENT: PROCESS_TERMINATED — PID 8312 (node.exe)
2026-09-10 22:19:16 [argus.main] INFO EVENT: PROCESS_TERMINATED — PID 13072 (powershell.exe)
2026-09-10 22:19:21 [argus.main] INFO EVENT: PROCESS_TERMINATED — PID 17816 (conhost.exe)
2026-09-10 22:19:25 [argus.main] INFO EVENT: PROCESS_TERMINATED — PID 21248 (node.exe)
2026-09-10 22:19:29 [argus.main] INFO EVENT: PROCESS_TERMINATED — PID 26180 (cmd.exe)
2026-09-10 22:19:35 [argus.main] INFO EVENT: PROCESS_STARTED — PID 572 (node.exe) parent=12652
2026-09-10 22:19:39 [argus.main] INFO EVENT: PROCESS_STARTED — PID 8276 (node.exe) parent=26564
2026-09-10 22:19:43 [argus.main] INFO EVENT: PROCESS_TERMINATED — PID 22208 (backgroundTaskHost.exe)
2026-09-10 22:19:49 [argus.main] INFO EVENT: PROCESS_TERMINATED — PID 12652 (powershell.exe)
2026-09-10 22:19:53 [argus.main] INFO EVENT: PROCESS_TERMINATED — PID 24360 (conhost.exe)
2026-09-10 22:19:57 [argus.main] INFO EVENT: PROCESS_TERMINATED — PID 572 (node.exe)
2026-09-10 22:20:01 [argus.main] INFO EVENT: PROCESS_TERMINATED — PID 8276 (node.exe)
2026-09-10 22:20:07 [argus.main] INFO EVENT: PROCESS_TERMINATED — PID 21608 (RuntimeBroker.exe)
2026-09-10 22:20:13 [argus.main] INFO EVENT: PROCESS_STARTED — PID 7420 (node.exe) parent=17716
2026-09-10 22:20:13 [argus.main] INFO EVENT: PROCESS_STARTED — PID 13272 (conhost.exe) parent=7420
2026-09-10 22:20:13 [argus.main] INFO EVENT: PROCESS_STARTED — PID 17716 (powershell.exe) parent=6412
2026-09-10 22:20:13 [argus.main] INFO EVENT: PROCESS_STARTED — PID 21076 (conhost.exe) parent=17716
2026-09-10 22:20:13 [argus.main] INFO EVENT: PROCESS_TERMINATED — PID 16748 (audiodg.exe)
2026-09-10 22:20:15 [argus.main] INFO EVENT: PROCESS_TERMINATED — PID 17716 (powershell.exe)
2026-09-10 22:20:15 [argus.main] INFO EVENT: PROCESS_TERMINATED — PID 21076 (conhost.exe)
2026-09-10 22:20:23 [argus.main] INFO EVENT: PROCESS_STARTED — PID 14284 (ARP.EXE) parent=11972
2026-09-10 22:20:23 [argus.main] INFO EVENT: PROCESS_STARTED — PID 27540 (conhost.exe) parent=14284
2026-09-10 22:20:25 [argus.main] INFO EVENT: PROCESS_TERMINATED — PID 14284 (ARP.EXE)
2026-09-10 22:20:25 [argus.main] INFO EVENT: PROCESS_TERMINATED — PID 27540 (conhost.exe)
2026-09-10 22:20:35 [argus.main] INFO EVENT: PROCESS_STARTED — PID 8164 (powershell.exe) parent=19040
2026-09-10 22:20:35 [argus.main] INFO EVENT: PROCESS_STARTED — PID 25932 (conhost.exe) parent=8164
2026-09-10 22:20:37 [argus.main] INFO EVENT: PROCESS_TERMINATED — PID 8164 (powershell.exe)
2026-09-10 22:20:37 [argus.main] INFO EVENT: PROCESS_TERMINATED — PID 25932 (conhost.exe)
2026-09-10 22:20:45 [argus.main] INFO EVENT: PROCESS_STARTED — PID 13404 (powershell.exe) parent=11972
2026-09-10 22:20:45 [argus.main] INFO EVENT: PROCESS_STARTED — PID 24492 (conhost.exe) parent=13404
2026-09-10 22:20:47 [argus.main] INFO EVENT: PROCESS_TERMINATED — PID 13404 (powershell.exe)
2026-09-10 22:20:47 [argus.main] INFO EVENT: PROCESS_TERMINATED — PID 24492 (conhost.exe)
2026-09-10 22:20:50 [argus.main] INFO EVENT: PROCESS_STARTED — PID 10992 (conhost.exe) parent=19160
2026-09-10 22:20:50 [argus.main] INFO EVENT: PROCESS_STARTED — PID 19160 (ROUTE.EXE) parent=11972
2026-09-10 22:20:52 [argus.main] INFO EVENT: PROCESS_TERMINATED — PID 10992 (conhost.exe)
2026-09-10 22:20:52 [argus.main] INFO EVENT: PROCESS_TERMINATED — PID 19160 (ROUTE.EXE)
2026-09-10 22:21:20 [argus.main] INFO EVENT: PROCESS_STARTED — PID 23692 (msedgewebview2.exe) parent=1280
2026-09-10 22:21:28 [argus.main] INFO EVENT: PROCESS_STARTED — PID 20864 (powershell.exe) parent=11972
2026-09-10 22:21:30 [argus.main] INFO EVENT: PROCESS_TERMINATED — PID 20864 (powershell.exe)
2026-09-10 22:21:48 [argus.main] INFO EVENT: PROCESS_STARTED — PID 10804 (conhost.exe) parent=14972
2026-09-10 22:21:48 [argus.main] INFO EVENT: PROCESS_STARTED — PID 14972 (powershell.exe) parent=11972
2026-09-10 22:21:50 [argus.main] INFO EVENT: PROCESS_TERMINATED — PID 23692 (msedgewebview2.exe)
2026-09-10 22:21:50 [argus.main] INFO EVENT: PROCESS_TERMINATED — PID 10804 (conhost.exe)
2026-09-10 22:21:50 [argus.main] INFO EVENT: PROCESS_TERMINATED — PID 14972 (powershell.exe)
2026-09-10 22:22:00 [argus.main] INFO EVENT: PROCESS_STARTED — PID 23680 (conhost.exe) parent=25844
2026-09-10 22:22:00 [argus.main] INFO EVENT: PROCESS_STARTED — PID 25844 (powershell.exe) parent=11972
2026-09-10 22:22:02 [argus.main] INFO EVENT: PROCESS_TERMINATED — PID 23680 (conhost.exe)
2026-09-10 22:22:02 [argus.main] INFO EVENT: PROCESS_TERMINATED — PID 25844 (powershell.exe)
2026-09-10 22:22:22 [argus.main] INFO EVENT: PROCESS_STARTED — PID 15652 (svchost.exe) parent=1360
2026-09-10 22:22:30 [argus.main] INFO EVENT: PROCESS_STARTED — PID 21920 (conhost.exe) parent=23204
2026-09-10 22:22:30 [argus.main] INFO EVENT: PROCESS_STARTED — PID 23204 (powershell.exe) parent=11972
2026-09-10 22:22:33 [argus.main] INFO EVENT: PROCESS_TERMINATED — PID 21920 (conhost.exe)
2026-09-10 22:22:33 [argus.main] INFO EVENT: PROCESS_TERMINATED — PID 23204 (powershell.exe)
2026-09-10 22:22:37 [argus.main] INFO EVENT: PROCESS_STARTED — PID 15636 (conhost.exe) parent=21268
2026-09-10 22:22:37 [argus.main] INFO EVENT: PROCESS_STARTED — PID 21268 (powershell.exe) parent=19040
2026-09-10 22:22:39 [argus.main] INFO EVENT: PROCESS_TERMINATED — PID 15636 (conhost.exe)
2026-09-10 22:22:39 [argus.main] INFO EVENT: PROCESS_TERMINATED — PID 21268 (powershell.exe)
2026-09-10 22:22:49 [argus.main] INFO EVENT: PROCESS_STARTED — PID 14304 (conhost.exe) parent=23176
2026-09-10 22:22:49 [argus.main] INFO EVENT: PROCESS_STARTED — PID 23176 (powershell.exe) parent=11972
2026-09-10 22:22:51 [argus.main] INFO EVENT: PROCESS_TERMINATED — PID 14304 (conhost.exe)
2026-09-10 22:22:51 [argus.main] INFO EVENT: PROCESS_TERMINATED — PID 23176 (powershell.exe)
2026-09-10 22:23:01 [argus.main] INFO EVENT: PROCESS_STARTED — PID 12956 (conhost.exe) parent=17608
2026-09-10 22:23:01 [argus.main] INFO EVENT: PROCESS_STARTED — PID 17608 (powershell.exe) parent=11972
2026-09-10 22:23:03 [argus.main] INFO EVENT: PROCESS_STARTED — PID 25728 (msedgewebview2.exe) parent=1280
2026-09-10 22:23:03 [argus.main] INFO EVENT: PROCESS_TERMINATED — PID 12956 (conhost.exe)
2026-09-10 22:23:03 [argus.main] INFO EVENT: PROCESS_TERMINATED — PID 17608 (powershell.exe)
2026-09-10 22:23:07 [argus.main] INFO EVENT: PROCESS_STARTED — PID 11892 (conhost.exe) parent=24312
2026-09-10 22:23:07 [argus.main] INFO EVENT: PROCESS_STARTED — PID 24312 (powershell.exe) parent=19040
2026-09-10 22:23:09 [argus.main] INFO EVENT: PROCESS_TERMINATED — PID 11892 (conhost.exe)
2026-09-10 22:23:09 [argus.main] INFO EVENT: PROCESS_TERMINATED — PID 24312 (powershell.exe)
2026-09-10 22:23:23 [argus.main] INFO EVENT: PROCESS_STARTED — PID 19128 (ROUTE.EXE) parent=11972
2026-09-10 22:23:25 [argus.main] INFO EVENT: PROCESS_TERMINATED — PID 19128 (ROUTE.EXE)
2026-09-10 22:23:33 [argus.main] INFO EVENT: PROCESS_TERMINATED — PID 25728 (msedgewebview2.exe)
2026-09-10 22:23:37 [argus.main] INFO EVENT: PROCESS_STARTED — PID 13064 (conhost.exe) parent=18424
2026-09-10 22:23:37 [argus.main] INFO EVENT: PROCESS_STARTED — PID 18424 (powershell.exe) parent=19040
2026-09-10 22:23:39 [argus.main] INFO EVENT: PROCESS_TERMINATED — PID 13064 (conhost.exe)
2026-09-10 22:23:39 [argus.main] INFO EVENT: PROCESS_TERMINATED — PID 18424 (powershell.exe)
2026-09-10 22:23:41 [argus.main] INFO EVENT: PROCESS_STARTED — PID 2556 (ipconfig.exe) parent=19040
2026-09-10 22:23:43 [argus.main] INFO EVENT: PROCESS_TERMINATED — PID 2556 (ipconfig.exe)
2026-09-10 22:23:51 [argus.main] INFO EVENT: PROCESS_STARTED — PID 5440 (powershell.exe) parent=11972
2026-09-10 22:23:51 [argus.main] INFO EVENT: PROCESS_STARTED — PID 25080 (conhost.exe) parent=5440
2026-09-10 22:23:54 [argus.main] INFO EVENT: PROCESS_TERMINATED — PID 5440 (powershell.exe)
2026-09-10 22:23:54 [argus.main] INFO EVENT: PROCESS_TERMINATED — PID 25080 (conhost.exe)
2026-09-10 22:24:08 [argus.main] INFO EVENT: PROCESS_STARTED — PID 2936 (dllhost.exe) parent=1596
2026-09-10 22:24:08 [argus.main] INFO EVENT: PROCESS_STARTED — PID 13644 (powershell.exe) parent=19040
2026-09-10 22:24:08 [argus.main] INFO EVENT: PROCESS_STARTED — PID 22432 (conhost.exe) parent=13644
2026-09-10 22:24:10 [argus.main] INFO EVENT: PROCESS_STARTED — PID 5728 (audiodg.exe) parent=3388
2026-09-10 22:24:10 [argus.main] INFO EVENT: PROCESS_TERMINATED — PID 13644 (powershell.exe)
2026-09-10 22:24:10 [argus.main] INFO EVENT: PROCESS_TERMINATED — PID 22432 (conhost.exe)
2026-09-10 22:24:12 [argus.main] INFO EVENT: PROCESS_TERMINATED — PID 2936 (dllhost.exe)
2026-09-10 22:24:14 [argus.main] INFO EVENT: PROCESS_STARTED — PID 14052 (backgroundTaskHost.exe) parent=1596
2026-09-10 22:24:16 [argus.main] INFO EVENT: PROCESS_STARTED — PID 19812 (RuntimeBroker.exe) parent=1596
2026-09-10 22:24:18 [argus.main] INFO EVENT: PROCESS_STARTED — PID 17692 (svchost.exe) parent=1360
2026-09-10 22:24:20 [argus.main] INFO EVENT: PROCESS_TERMINATED — PID 19424 (svchost.exe)
2026-09-10 22:24:34 [argus.main] INFO EVENT: PROCESS_STARTED — PID 2980 (conhost.exe) parent=27052
2026-09-10 22:24:34 [argus.main] INFO EVENT: PROCESS_STARTED — PID 27052 (powershell.exe) parent=11972
2026-09-10 22:24:38 [argus.main] INFO EVENT: PROCESS_TERMINATED — PID 2980 (conhost.exe)
2026-09-10 22:24:38 [argus.main] INFO EVENT: PROCESS_TERMINATED — PID 27052 (powershell.exe)
2026-09-10 22:24:40 [argus.main] INFO EVENT: PROCESS_STARTED — PID 6556 (conhost.exe) parent=19288
2026-09-10 22:24:40 [argus.main] INFO EVENT: PROCESS_STARTED — PID 19288 (powershell.exe) parent=19040
2026-09-10 22:24:44 [argus.main] INFO EVENT: PROCESS_TERMINATED — PID 6556 (conhost.exe)
2026-09-10 22:24:45 [argus.main] INFO EVENT: PROCESS_TERMINATED — PID 19288 (powershell.exe)
2026-09-10 22:24:49 [argus.main] INFO EVENT: PROCESS_STARTED — PID 4220 (svchost.exe) parent=1360
2026-09-10 22:24:51 [argus.main] INFO EVENT: PROCESS_STARTED — PID 24388 (powershell.exe) parent=11972
2026-09-10 22:24:51 [argus.main] INFO EVENT: PROCESS_STARTED — PID 26052 (conhost.exe) parent=24388
2026-09-10 22:24:55 [argus.main] INFO EVENT: PROCESS_STARTED — PID 2780 (<unknown-pid-2780>) parent=11972
2026-09-10 22:24:55 [argus.main] INFO EVENT: PROCESS_TERMINATED — PID 24388 (powershell.exe)
2026-09-10 22:24:55 [argus.main] INFO EVENT: PROCESS_TERMINATED — PID 26052 (conhost.exe)
2026-09-10 22:24:57 [argus.main] INFO EVENT: PROCESS_TERMINATED — PID 2780 (<unknown-pid-2780>)
2026-09-10 22:25:03 [argus.main] INFO EVENT: PROCESS_STARTED — PID 13620 (ROUTE.EXE) parent=19040
2026-09-10 22:25:03 [argus.main] INFO EVENT: PROCESS_STARTED — PID 22308 (<unknown-pid-22308>) parent=none
2026-09-10 22:25:05 [argus.main] INFO EVENT: PROCESS_STARTED — PID 3228 (conhost.exe) parent=15276
2026-09-10 22:25:06 [argus.main] INFO EVENT: PROCESS_STARTED — PID 10640 (svchost.exe) parent=1360
2026-09-10 22:25:07 [argus.main] INFO EVENT: PROCESS_STARTED — PID 26732 (msedgewebview2.exe) parent=1280
2026-09-10 22:25:07 [argus.main] INFO EVENT: PROCESS_TERMINATED — PID 13620 (ROUTE.EXE)
2026-09-10 22:25:07 [argus.main] INFO EVENT: PROCESS_TERMINATED — PID 22308 (<unknown-pid-22308>)
2026-09-10 22:25:09 [argus.main] INFO EVENT: PROCESS_STARTED — PID 2780 (powershell.exe) parent=11972
2026-09-10 22:25:09 [argus.main] INFO EVENT: PROCESS_STARTED — PID 17080 (conhost.exe) parent=2780
2026-09-10 22:25:09 [argus.main] INFO EVENT: PROCESS_STARTED — PID 27876 (wermgr.exe) parent=2996
2026-09-10 22:25:09 [argus.main] INFO EVENT: PROCESS_STARTED — PID 27896 (MoUsoCoreWorker.exe) parent=2476
2026-09-10 22:25:09 [argus.main] INFO EVENT: PROCESS_STARTED — PID 27928 (svchost.exe) parent=1360
2026-09-10 22:25:09 [argus.main] INFO EVENT: PROCESS_TERMINATED — PID 3228 (conhost.exe)
2026-09-10 22:25:11 [argus.main] INFO EVENT: PROCESS_STARTED — PID 28256 (ROUTE.EXE) parent=3532
2026-09-10 22:25:11 [argus.main] INFO EVENT: PROCESS_STARTED — PID 28288 (conhost.exe) parent=28256
2026-09-10 22:25:11 [argus.main] INFO EVENT: PROCESS_STARTED — PID 28348 (ARP.EXE) parent=19040
2026-09-10 22:25:11 [argus.main] INFO EVENT: PROCESS_STARTED — PID 28408 (conhost.exe) parent=28348
2026-09-10 22:25:14 [argus.main] INFO EVENT: PROCESS_STARTED — PID 27708 (svchost.exe) parent=1360
2026-09-10 22:25:14 [argus.main] INFO EVENT: PROCESS_STARTED — PID 28504 (powershell.exe) parent=19040
2026-09-10 22:25:14 [argus.main] INFO EVENT: PROCESS_STARTED — PID 28532 (conhost.exe) parent=28504
2026-09-10 22:25:14 [argus.main] INFO EVENT: PROCESS_TERMINATED — PID 28256 (ROUTE.EXE)
2026-09-10 22:25:14 [argus.main] INFO EVENT: PROCESS_TERMINATED — PID 28288 (conhost.exe)
2026-09-10 22:25:14 [argus.main] INFO EVENT: PROCESS_TERMINATED — PID 28348 (ARP.EXE)
2026-09-10 22:25:14 [argus.main] INFO EVENT: PROCESS_TERMINATED — PID 28408 (conhost.exe)
2026-09-10 22:25:16 [argus.main] INFO EVENT: PROCESS_TERMINATED — PID 14052 (backgroundTaskHost.exe)
2026-09-10 22:25:16 [argus.main] INFO EVENT: PROCESS_TERMINATED — PID 2780 (powershell.exe)
2026-09-10 22:25:16 [argus.main] INFO EVENT: PROCESS_TERMINATED — PID 17080 (conhost.exe)
2026-09-10 22:25:16 [argus.main] INFO EVENT: PROCESS_TERMINATED — PID 28504 (powershell.exe)
2026-09-10 22:25:16 [argus.main] INFO EVENT: PROCESS_TERMINATED — PID 28532 (conhost.exe)
2026-09-10 22:25:18 [argus.main] INFO EVENT: PROCESS_STARTED — PID 12864 (svchost.exe) parent=1360
2026-09-10 22:25:20 [argus.main] INFO EVENT: PROCESS_TERMINATED — PID 27876 (wermgr.exe)
2026-09-10 22:25:26 [argus.main] INFO EVENT: PROCESS_TERMINATED — PID 10640 (svchost.exe)
2026-09-10 22:25:34 [argus.main] INFO EVENT: PROCESS_TERMINATED — PID 17692 (svchost.exe)
2026-09-10 22:25:36 [argus.main] INFO EVENT: PROCESS_STARTED — PID 9992 (conhost.exe) parent=27852
2026-09-10 22:25:36 [argus.main] INFO EVENT: PROCESS_STARTED — PID 18504 (<unknown-pid-18504>) parent=none
2026-09-10 22:25:36 [argus.main] INFO EVENT: PROCESS_STARTED — PID 27852 (powershell.exe) parent=11972
2026-09-10 22:25:38 [argus.main] INFO EVENT: PROCESS_TERMINATED — PID 9992 (conhost.exe)
2026-09-10 22:25:38 [argus.main] INFO EVENT: PROCESS_TERMINATED — PID 18504 (<unknown-pid-18504>)
2026-09-10 22:25:38 [argus.main] INFO EVENT: PROCESS_TERMINATED — PID 27852 (powershell.exe)
2026-09-10 22:25:43 [argus.main] INFO EVENT: PROCESS_STARTED — PID 3816 (Microsoft.Data.UsageAndQualityInsights.MaintenanceTask.exe) parent=2996
2026-09-10 22:25:43 [argus.main] INFO EVENT: PROCESS_STARTED — PID 18380 (dllhost.exe) parent=1596
2026-09-10 22:25:43 [argus.main] INFO EVENT: PROCESS_STARTED — PID 28092 (scanner.exe) parent=2996
2026-09-10 22:25:43 [argus.main] INFO EVENT: PROCESS_STARTED — PID 28252 (svchost.exe) parent=1360
2026-09-10 22:25:43 [argus.main] INFO EVENT: PROCESS_STARTED — PID 28428 (SDXHelper.exe) parent=2996
2026-09-10 22:25:43 [argus.main] INFO EVENT: PROCESS_STARTED — PID 28452 (taskhostw.exe) parent=2996
2026-09-10 22:25:43 [argus.main] INFO EVENT: PROCESS_TERMINATED — PID 26732 (msedgewebview2.exe)
2026-09-10 22:25:45 [argus.main] INFO EVENT: PROCESS_STARTED — PID 17632 (powershell.exe) parent=19040
2026-09-10 22:25:45 [argus.main] INFO EVENT: PROCESS_STARTED — PID 26576 (conhost.exe) parent=17632
2026-09-10 22:25:45 [argus.main] INFO EVENT: PROCESS_TERMINATED — PID 19812 (RuntimeBroker.exe)
2026-09-10 22:25:45 [argus.main] INFO EVENT: PROCESS_TERMINATED — PID 3816 (Microsoft.Data.UsageAndQualityInsights.MaintenanceTask.exe)
2026-09-10 22:25:49 [argus.main] INFO EVENT: PROCESS_TERMINATED — PID 18380 (dllhost.exe)
2026-09-10 22:25:49 [argus.main] INFO EVENT: PROCESS_TERMINATED — PID 28452 (taskhostw.exe)
2026-09-10 22:25:49 [argus.main] INFO EVENT: PROCESS_TERMINATED — PID 17632 (powershell.exe)
2026-09-10 22:25:49 [argus.main] INFO EVENT: PROCESS_TERMINATED — PID 26576 (conhost.exe)
2026-09-10 22:25:51 [argus.main] INFO EVENT: PROCESS_STARTED — PID 2636 (conhost.exe) parent=8904
2026-09-10 22:25:52 [argus.main] INFO EVENT: PROCESS_STARTED — PID 3360 (msedgewebview2.exe) parent=1280
2026-09-10 22:25:52 [argus.main] INFO EVENT: PROCESS_STARTED — PID 8904 (powershell.exe) parent=11972
2026-09-10 22:25:52 [argus.main] INFO EVENT: PROCESS_TERMINATED — PID 6412 (opencode.exe)
2026-09-10 22:25:52 [argus.main] INFO EVENT: PROCESS_TERMINATED — PID 28428 (SDXHelper.exe)
2026-09-10 22:25:56 [argus.main] INFO EVENT: PROCESS_TERMINATED — PID 2636 (conhost.exe)
2026-09-10 22:25:56 [argus.main] INFO EVENT: PROCESS_TERMINATED — PID 8904 (powershell.exe)
2026-09-10 22:26:06 [argus.main] INFO EVENT: PROCESS_TERMINATED — PID 28092 (scanner.exe)
2026-09-10 22:26:10 [argus.main] INFO EVENT: PROCESS_STARTED — PID 2764 (RuntimeBroker.exe) parent=1596
2026-09-10 22:26:10 [argus.main] INFO EVENT: PROCESS_STARTED — PID 21356 (taskhostw.exe) parent=2996
2026-09-10 22:26:10 [argus.main] INFO EVENT: PROCESS_STARTED — PID 28656 (sppsvc.exe) parent=1360
2026-09-10 22:26:12 [argus.main] INFO EVENT: PROCESS_TERMINATED — PID 21356 (taskhostw.exe)
2026-09-10 22:26:16 [argus.main] INFO EVENT: PROCESS_STARTED — PID 13048 (quickup.exe) parent=5600
2026-09-10 22:26:18 [argus.main] INFO EVENT: PROCESS_TERMINATED — PID 27896 (MoUsoCoreWorker.exe)
2026-09-10 22:26:18 [argus.main] INFO EVENT: PROCESS_TERMINATED — PID 12864 (svchost.exe)
2026-09-10 22:26:22 [argus.main] INFO EVENT: PROCESS_TERMINATED — PID 3360 (msedgewebview2.exe)
2026-09-10 22:26:24 [argus.main] INFO EVENT: PROCESS_STARTED — PID 11712 (quickup.exe) parent=13048
2026-09-10 22:26:24 [argus.main] INFO EVENT: PROCESS_STARTED — PID 20088 (sapissvc.exe) parent=14780
2026-09-10 22:26:25 [argus.main] INFO EVENT: PROCESS_STARTED — PID 20260 (conhost.exe) parent=20088
2026-09-10 22:26:25 [argus.main] INFO EVENT: PROCESS_STARTED — PID 20500 (sapissvc.exe) parent=1360
2026-09-10 22:26:25 [argus.main] INFO EVENT: PROCESS_STARTED — PID 24224 (quickup.exe) parent=13048
2026-09-10 22:26:25 [argus.main] INFO EVENT: PROCESS_STARTED — PID 25008 (smartscreen.exe) parent=1596
2026-09-10 22:26:25 [argus.main] INFO EVENT: PROCESS_STARTED — PID 28028 (scanner.exe) parent=6328
2026-09-10 22:26:25 [argus.main] INFO EVENT: PROCESS_TERMINATED — PID 13048 (quickup.exe)
2026-09-10 22:26:27 [argus.main] INFO EVENT: PROCESS_STARTED — PID 14588 (sapissvc.exe) parent=14780
2026-09-10 22:26:27 [argus.main] INFO EVENT: PROCESS_STARTED — PID 14788 (conhost.exe) parent=14588
2026-09-10 22:26:27 [argus.main] INFO EVENT: PROCESS_TERMINATED — PID 11712 (quickup.exe)
2026-09-10 22:26:35 [argus.main] INFO EVENT: PROCESS_TERMINATED — PID 20088 (sapissvc.exe)
2026-09-10 22:26:35 [argus.main] INFO EVENT: PROCESS_TERMINATED — PID 20260 (conhost.exe)
2026-09-10 22:26:35 [argus.main] INFO EVENT: PROCESS_TERMINATED — PID 24224 (quickup.exe)
2026-09-10 22:26:39 [argus.main] INFO EVENT: PROCESS_STARTED — PID 15288 (powershell.exe) parent=11972
2026-09-10 22:26:39 [argus.main] INFO EVENT: PROCESS_STARTED — PID 24868 (conhost.exe) parent=15288
2026-09-10 22:26:41 [argus.main] INFO EVENT: PROCESS_TERMINATED — PID 28656 (sppsvc.exe)
2026-09-10 22:26:42 [argus.main] INFO EVENT: PROCESS_TERMINATED — PID 15288 (powershell.exe)
2026-09-10 22:26:42 [argus.main] INFO EVENT: PROCESS_TERMINATED — PID 24868 (conhost.exe)
2026-09-10 22:26:50 [argus.main] INFO EVENT: PROCESS_TERMINATED — PID 2764 (RuntimeBroker.exe)
2026-09-10 22:26:54 [argus.main] INFO EVENT: PROCESS_STARTED — PID 2196 (powershell.exe) parent=11972
2026-09-10 22:26:54 [argus.main] INFO EVENT: PROCESS_STARTED — PID 4384 (conhost.exe) parent=2196
2026-09-10 22:26:56 [argus.main] INFO EVENT: PROCESS_TERMINATED — PID 2196 (powershell.exe)
2026-09-10 22:26:56 [argus.main] INFO EVENT: PROCESS_TERMINATED — PID 4384 (conhost.exe)
2026-09-10 22:26:58 [argus.main] INFO EVENT: PROCESS_TERMINATED — PID 28252 (svchost.exe)
2026-09-10 22:27:28 [argus.main] INFO EVENT: PROCESS_STARTED — PID 18380 (msedgewebview2.exe) parent=1280
2026-09-10 22:27:28 [argus.main] INFO EVENT: PROCESS_TERMINATED — PID 14780 (sapissvc.exe)
2026-09-10 22:27:28 [argus.main] INFO EVENT: PROCESS_TERMINATED — PID 14588 (sapissvc.exe)
2026-09-10 22:27:28 [argus.main] INFO EVENT: PROCESS_TERMINATED — PID 14788 (conhost.exe)
2026-09-10 22:27:46 [argus.main] INFO EVENT: PROCESS_STARTED — PID 8276 (ipconfig.exe) parent=19040
2026-09-10 22:27:48 [argus.main] INFO EVENT: PROCESS_TERMINATED — PID 8276 (ipconfig.exe)
2026-09-10 22:27:50 [argus.main] INFO EVENT: PROCESS_STARTED — PID 3128 (conhost.exe) parent=26276
2026-09-10 22:27:52 [argus.main] INFO EVENT: PROCESS_TERMINATED — PID 3128 (conhost.exe)
2026-09-10 22:28:00 [argus.main] INFO EVENT: PROCESS_STARTED — PID 10656 (reg.exe) parent=6236
2026-09-10 22:28:02 [argus.main] INFO EVENT: PROCESS_TERMINATED — PID 10656 (reg.exe)
2026-09-10 22:28:10 [argus.main] INFO EVENT: PROCESS_TERMINATED — PID 18380 (msedgewebview2.exe)
2026-09-10 22:28:14 [argus.main] INFO EVENT: PROCESS_STARTED — PID 27808 (powershell.exe) parent=11972
2026-09-10 22:28:14 [argus.main] INFO EVENT: PROCESS_STARTED — PID 27984 (conhost.exe) parent=27808
2026-09-10 22:28:14 [argus.main] INFO EVENT: PROCESS_TERMINATED — PID 27708 (svchost.exe)
2026-09-10 22:28:16 [argus.main] INFO EVENT: PROCESS_TERMINATED — PID 27808 (powershell.exe)
2026-09-10 22:28:16 [argus.main] INFO EVENT: PROCESS_TERMINATED — PID 27984 (conhost.exe)
2026-09-10 22:28:22 [argus.main] INFO EVENT: PROCESS_STARTED — PID 20196 (powershell.exe) parent=19040
2026-09-10 22:28:22 [argus.main] INFO EVENT: PROCESS_STARTED — PID 28124 (conhost.exe) parent=20196
2026-09-10 22:28:24 [argus.main] INFO EVENT: PROCESS_TERMINATED — PID 20196 (powershell.exe)
2026-09-10 22:28:24 [argus.main] INFO EVENT: PROCESS_TERMINATED — PID 28124 (conhost.exe)
2026-09-10 22:28:30 [argus.main] INFO EVENT: PROCESS_TERMINATED — PID 28028 (scanner.exe)
2026-09-10 22:28:42 [argus.main] INFO EVENT: PROCESS_STARTED — PID 13268 (opencode.exe) parent=5688
2026-09-10 22:28:44 [argus.main] INFO EVENT: PROCESS_STARTED — PID 10112 (backgroundTaskHost.exe) parent=1596
2026-09-10 22:28:46 [argus.main] INFO EVENT: PROCESS_STARTED — PID 14904 (<unknown-pid-14904>) parent=none
2026-09-10 22:28:48 [argus.main] INFO EVENT: PROCESS_TERMINATED — PID 14904 (<unknown-pid-14904>)
2026-09-10 22:28:54 [argus.main] INFO EVENT: PROCESS_STARTED — PID 6244 (powershell.exe) parent=19040
2026-09-10 22:28:54 [argus.main] INFO EVENT: PROCESS_STARTED — PID 24092 (conhost.exe) parent=6244
2026-09-10 22:28:56 [argus.main] INFO EVENT: PROCESS_TERMINATED — PID 6244 (powershell.exe)
2026-09-10 22:28:56 [argus.main] INFO EVENT: PROCESS_TERMINATED — PID 24092 (conhost.exe)
2026-09-10 22:29:00 [argus.main] INFO EVENT: PROCESS_STARTED — PID 14980 (powershell.exe) parent=11972
2026-09-10 22:29:01 [argus.main] INFO EVENT: PROCESS_STARTED — PID 20284 (cmd.exe) parent=13268
2026-09-10 22:29:01 [argus.main] INFO EVENT: PROCESS_STARTED — PID 23020 (conhost.exe) parent=14980
2026-09-10 22:29:01 [argus.main] INFO EVENT: PROCESS_STARTED — PID 23500 (taskkill.exe) parent=20284
2026-09-10 22:29:01 [argus.main] INFO EVENT: PROCESS_STARTED — PID 27424 (conhost.exe) parent=20284
2026-09-10 22:29:03 [argus.main] INFO EVENT: PROCESS_TERMINATED — PID 14980 (powershell.exe)
2026-09-10 22:29:03 [argus.main] INFO EVENT: PROCESS_TERMINATED — PID 20284 (cmd.exe)
2026-09-10 22:29:03 [argus.main] INFO EVENT: PROCESS_TERMINATED — PID 23020 (conhost.exe)
2026-09-10 22:29:03 [argus.main] INFO EVENT: PROCESS_TERMINATED — PID 23500 (taskkill.exe)
2026-09-10 22:29:03 [argus.main] INFO EVENT: PROCESS_TERMINATED — PID 27424 (conhost.exe)
2026-09-10 22:29:17 [argus.main] INFO EVENT: PROCESS_STARTED — PID 22240 (powershell.exe) parent=11972
2026-09-10 22:29:17 [argus.main] INFO EVENT: PROCESS_STARTED — PID 24644 (conhost.exe) parent=22240
2026-09-10 22:29:19 [argus.main] INFO EVENT: PROCESS_TERMINATED — PID 22240 (powershell.exe)
2026-09-10 22:29:19 [argus.main] INFO EVENT: PROCESS_TERMINATED — PID 24644 (conhost.exe)
2026-09-10 22:29:37 [argus.main] INFO EVENT: PROCESS_TERMINATED — PID 15800 (svchost.exe)
2026-09-10 22:29:45 [argus.main] INFO EVENT: PROCESS_TERMINATED — PID 10112 (backgroundTaskHost.exe)
2026-09-10 22:30:01 [argus.main] INFO EVENT: PROCESS_STARTED — PID 12164 (powershell.exe) parent=11972
2026-09-10 22:30:01 [argus.main] INFO EVENT: PROCESS_STARTED — PID 21252 (conhost.exe) parent=12164
2026-09-10 22:30:03 [argus.main] INFO EVENT: PROCESS_TERMINATED — PID 12164 (powershell.exe)
2026-09-10 22:30:03 [argus.main] INFO EVENT: PROCESS_TERMINATED — PID 21252 (conhost.exe)
2026-09-10 22:30:19 [argus.main] INFO EVENT: PROCESS_TERMINATED — PID 27928 (svchost.exe)
2026-09-10 22:30:31 [argus.main] INFO EVENT: PROCESS_STARTED — PID 17692 (conhost.exe) parent=26984
2026-09-10 22:30:31 [argus.main] INFO EVENT: PROCESS_STARTED — PID 26984 (powershell.exe) parent=19040
2026-09-10 22:30:33 [argus.main] INFO EVENT: PROCESS_TERMINATED — PID 17692 (conhost.exe)
2026-09-10 22:30:33 [argus.main] INFO EVENT: PROCESS_TERMINATED — PID 26984 (powershell.exe)
2026-09-10 22:30:43 [argus.main] INFO EVENT: PROCESS_STARTED — PID 8216 (MoUsoCoreWorker.exe) parent=2476
2026-09-10 22:30:43 [argus.main] INFO EVENT: PROCESS_STARTED — PID 27884 (svchost.exe) parent=1360
2026-09-10 22:30:53 [argus.main] INFO EVENT: PROCESS_STARTED — PID 16424 (powershell.exe) parent=11972
2026-09-10 22:30:53 [argus.main] INFO EVENT: PROCESS_STARTED — PID 27652 (conhost.exe) parent=16424
2026-09-10 22:30:55 [argus.main] INFO EVENT: PROCESS_TERMINATED — PID 16424 (powershell.exe)
2026-09-10 22:30:55 [argus.main] INFO EVENT: PROCESS_TERMINATED — PID 27652 (conhost.exe)
2026-09-10 22:31:01 [argus.main] INFO EVENT: PROCESS_STARTED — PID 8476 (conhost.exe) parent=18504
2026-09-10 22:31:01 [argus.main] INFO EVENT: PROCESS_STARTED — PID 18504 (powershell.exe) parent=11972
2026-09-10 22:31:03 [argus.main] INFO EVENT: PROCESS_STARTED — PID 2212 (conhost.exe) parent=9640
2026-09-10 22:31:03 [argus.main] INFO EVENT: PROCESS_STARTED — PID 9640 (powershell.exe) parent=19040
2026-09-10 22:31:03 [argus.main] INFO EVENT: PROCESS_TERMINATED — PID 8476 (conhost.exe)
2026-09-10 22:31:03 [argus.main] INFO EVENT: PROCESS_TERMINATED — PID 18504 (powershell.exe)
2026-09-10 22:31:05 [argus.main] INFO EVENT: PROCESS_TERMINATED — PID 2212 (conhost.exe)
2026-09-10 22:31:05 [argus.main] INFO EVENT: PROCESS_TERMINATED — PID 9640 (powershell.exe)
2026-09-10 22:31:23 [argus.main] INFO EVENT: PROCESS_STARTED — PID 2804 (conhost.exe) parent=7552
2026-09-10 22:31:24 [argus.main] INFO EVENT: PROCESS_STARTED — PID 7552 (powershell.exe) parent=11972
2026-09-10 22:31:26 [argus.main] INFO EVENT: PROCESS_TERMINATED — PID 2804 (conhost.exe)
2026-09-10 22:31:26 [argus.main] INFO EVENT: PROCESS_TERMINATED — PID 7552 (powershell.exe)
2026-09-10 22:31:28 [argus.main] INFO EVENT: PROCESS_TERMINATED — PID 25008 (smartscreen.exe)
2026-09-10 22:31:32 [argus.main] INFO EVENT: PROCESS_STARTED — PID 16376 (ROUTE.EXE) parent=19040
2026-09-10 22:31:34 [argus.main] INFO EVENT: PROCESS_STARTED — PID 21780 (msedgewebview2.exe) parent=1280
2026-09-10 22:31:34 [argus.main] INFO EVENT: PROCESS_TERMINATED — PID 16376 (ROUTE.EXE)
2026-09-10 22:31:36 [argus.main] INFO EVENT: PROCESS_STARTED — PID 4852 (powershell.exe) parent=19040
2026-09-10 22:31:36 [argus.main] INFO EVENT: PROCESS_STARTED — PID 12884 (conhost.exe) parent=4852
2026-09-10 22:31:38 [argus.main] INFO EVENT: PROCESS_TERMINATED — PID 4852 (powershell.exe)
2026-09-10 22:31:38 [argus.main] INFO EVENT: PROCESS_TERMINATED — PID 12884 (conhost.exe)
2026-09-10 22:31:42 [argus.main] INFO EVENT: PROCESS_TERMINATED — PID 9588 (msedge.exe)
2026-09-10 22:31:44 [argus.main] INFO EVENT: PROCESS_TERMINATED — PID 8216 (MoUsoCoreWorker.exe)
2026-09-10 22:31:44 [argus.main] INFO EVENT: PROCESS_TERMINATED — PID 27884 (svchost.exe)
2026-09-10 22:31:56 [argus.main] INFO EVENT: PROCESS_STARTED — PID 16148 (conhost.exe) parent=17012
2026-09-10 22:31:56 [argus.main] INFO EVENT: PROCESS_STARTED — PID 17012 (powershell.exe) parent=11972
2026-09-10 22:31:58 [argus.main] INFO EVENT: PROCESS_STARTED — PID 20260 (msedge.exe) parent=22720
2026-09-10 22:31:58 [argus.main] INFO EVENT: PROCESS_TERMINATED — PID 448 (msedge.exe)
2026-09-10 22:31:58 [argus.main] INFO EVENT: PROCESS_TERMINATED — PID 16148 (conhost.exe)
2026-09-10 22:31:58 [argus.main] INFO EVENT: PROCESS_TERMINATED — PID 17012 (powershell.exe)
2026-09-10 22:32:00 [argus.main] INFO EVENT: PROCESS_TERMINATED — PID 20260 (msedge.exe)
2026-09-10 22:32:04 [argus.main] INFO EVENT: PROCESS_STARTED — PID 17192 (powershell.exe) parent=11972
2026-09-10 22:32:04 [argus.main] INFO EVENT: PROCESS_STARTED — PID 28360 (conhost.exe) parent=17192
2026-09-10 22:32:04 [argus.main] INFO EVENT: PROCESS_TERMINATED — PID 21780 (msedgewebview2.exe)
2026-09-10 22:32:06 [argus.main] INFO EVENT: PROCESS_STARTED — PID 22212 (msedge.exe) parent=22720
2026-09-10 22:32:06 [argus.main] INFO EVENT: PROCESS_TERMINATED — PID 17192 (powershell.exe)
2026-09-10 22:32:06 [argus.main] INFO EVENT: PROCESS_TERMINATED — PID 28360 (conhost.exe)
2026-09-10 22:32:08 [argus.main] INFO EVENT: PROCESS_STARTED — PID 7044 (conhost.exe) parent=16052
2026-09-10 22:32:08 [argus.main] INFO EVENT: PROCESS_STARTED — PID 16052 (powershell.exe) parent=19040
2026-09-10 22:32:10 [argus.main] INFO EVENT: PROCESS_TERMINATED — PID 22212 (msedge.exe)
2026-09-10 22:32:10 [argus.main] INFO EVENT: PROCESS_TERMINATED — PID 7044 (conhost.exe)
2026-09-10 22:32:10 [argus.main] INFO EVENT: PROCESS_TERMINATED — PID 16052 (powershell.exe)
2026-09-10 22:32:16 [argus.main] INFO EVENT: PROCESS_STARTED — PID 26664 (msedge.exe) parent=22720
2026-09-10 22:32:20 [argus.main] INFO EVENT: PROCESS_TERMINATED — PID 13268 (opencode.exe)
2026-09-10 22:32:22 [argus.main] INFO EVENT: PROCESS_TERMINATED — PID 15652 (svchost.exe)
2026-09-10 22:32:40 [argus.main] INFO EVENT: PROCESS_STARTED — PID 23084 (conhost.exe) parent=24992
2026-09-10 22:32:40 [argus.main] INFO EVENT: PROCESS_STARTED — PID 24992 (powershell.exe) parent=19040
2026-09-10 22:32:42 [argus.main] INFO EVENT: PROCESS_STARTED — PID 17944 (MoUsoCoreWorker.exe) parent=2476
2026-09-10 22:32:42 [argus.main] INFO EVENT: PROCESS_TERMINATED — PID 23084 (conhost.exe)
2026-09-10 22:32:42 [argus.main] INFO EVENT: PROCESS_TERMINATED — PID 24992 (powershell.exe)
2026-09-10 22:32:44 [argus.main] INFO EVENT: PROCESS_STARTED — PID 432 (svchost.exe) parent=1360
2026-09-10 22:32:45 [argus.main] INFO EVENT: PROCESS_STARTED — PID 6544 (svchost.exe) parent=1360
2026-09-10 22:32:45 [argus.main] INFO EVENT: PROCESS_STARTED — PID 12020 (svchost.exe) parent=1360
2026-09-10 22:32:59 [argus.main] INFO EVENT: PROCESS_STARTED — PID 1632 (svchost.exe) parent=1360
2026-09-10 22:33:05 [argus.main] INFO EVENT: PROCESS_STARTED — PID 20204 (powershell.exe) parent=11972
2026-09-10 22:33:05 [argus.main] INFO EVENT: PROCESS_STARTED — PID 27160 (conhost.exe) parent=20204
2026-09-10 22:33:07 [argus.main] INFO EVENT: PROCESS_TERMINATED — PID 20204 (powershell.exe)
2026-09-10 22:33:07 [argus.main] INFO EVENT: PROCESS_TERMINATED — PID 27160 (conhost.exe)
2026-09-10 22:33:13 [argus.main] INFO EVENT: PROCESS_STARTED — PID 10020 (conhost.exe) parent=17452
2026-09-10 22:33:13 [argus.main] INFO EVENT: PROCESS_STARTED — PID 17452 (powershell.exe) parent=19040
2026-09-10 22:33:15 [argus.main] INFO EVENT: PROCESS_STARTED — PID 14644 (svchost.exe) parent=1360
2026-09-10 22:33:15 [argus.main] INFO EVENT: PROCESS_TERMINATED — PID 10020 (conhost.exe)
2026-09-10 22:33:15 [argus.main] INFO EVENT: PROCESS_TERMINATED — PID 17452 (powershell.exe)
2026-09-10 22:33:17 [argus.main] INFO EVENT: PROCESS_STARTED — PID 21096 (wermgr.exe) parent=2996
2026-09-10 22:33:23 [argus.main] INFO EVENT: PROCESS_TERMINATED — PID 21096 (wermgr.exe)
2026-09-10 22:33:31 [argus.main] INFO EVENT: PROCESS_STARTED — PID 3512 (powershell.exe) parent=11972
2026-09-10 22:33:33 [argus.main] INFO EVENT: PROCESS_TERMINATED — PID 3512 (powershell.exe)
2026-09-10 22:33:45 [argus.main] INFO EVENT: PROCESS_STARTED — PID 27112 (powershell.exe) parent=19040
2026-09-10 22:33:45 [argus.main] INFO EVENT: PROCESS_STARTED — PID 27580 (conhost.exe) parent=27112
2026-09-10 22:33:45 [argus.main] INFO EVENT: PROCESS_TERMINATED — PID 12020 (svchost.exe)
2026-09-10 22:33:47 [argus.main] INFO EVENT: PROCESS_TERMINATED — PID 27112 (powershell.exe)
2026-09-10 22:33:47 [argus.main] INFO EVENT: PROCESS_TERMINATED — PID 27580 (conhost.exe)
2026-09-10 22:34:07 [argus.main] INFO EVENT: PROCESS_STARTED — PID 9860 (conhost.exe) parent=23640
2026-09-10 22:34:07 [argus.main] INFO EVENT: PROCESS_STARTED — PID 23640 (powershell.exe) parent=11972
2026-09-10 22:34:09 [argus.main] INFO EVENT: PROCESS_TERMINATED — PID 9860 (conhost.exe)
2026-09-10 22:34:09 [argus.main] INFO EVENT: PROCESS_TERMINATED — PID 23640 (powershell.exe)
2026-09-10 22:34:17 [argus.main] INFO EVENT: PROCESS_STARTED — PID 14364 (conhost.exe) parent=27424
2026-09-10 22:34:17 [argus.main] INFO EVENT: PROCESS_STARTED — PID 27424 (powershell.exe) parent=19040
2026-09-10 22:34:19 [argus.main] INFO EVENT: PROCESS_TERMINATED — PID 14364 (conhost.exe)
2026-09-10 22:34:19 [argus.main] INFO EVENT: PROCESS_TERMINATED — PID 27424 (powershell.exe)
2026-09-10 22:34:31 [argus.main] INFO EVENT: PROCESS_STARTED — PID 18676 (rundll32.exe) parent=24980
2026-09-10 22:34:32 [argus.main] INFO EVENT: PROCESS_STARTED — PID 24724 (<unknown-pid-24724>) parent=3532
2026-09-10 22:34:34 [argus.main] INFO EVENT: PROCESS_STARTED — PID 11172 (conhost.exe) parent=28092
2026-09-10 22:34:34 [argus.main] INFO EVENT: PROCESS_STARTED — PID 28092 (powershell.exe) parent=11972
2026-09-10 22:34:34 [argus.main] INFO EVENT: PROCESS_TERMINATED — PID 24724 (<unknown-pid-24724>)
2026-09-10 22:34:36 [argus.main] INFO EVENT: PROCESS_TERMINATED — PID 11172 (conhost.exe)
2026-09-10 22:34:36 [argus.main] INFO EVENT: PROCESS_TERMINATED — PID 28092 (powershell.exe)
2026-09-10 22:34:42 [argus.main] INFO EVENT: PROCESS_TERMINATED — PID 18676 (rundll32.exe)
2026-09-10 22:35:06 [argus.main] INFO EVENT: PROCESS_STARTED — PID 8428 (powershell.exe) parent=11972
2026-09-10 22:35:06 [argus.main] INFO EVENT: PROCESS_STARTED — PID 27948 (conhost.exe) parent=8428
2026-09-10 22:35:08 [argus.main] INFO EVENT: PROCESS_TERMINATED — PID 8428 (powershell.exe)
2026-09-10 22:35:08 [argus.main] INFO EVENT: PROCESS_TERMINATED — PID 27948 (conhost.exe)
2026-09-10 22:35:10 [argus.main] INFO EVENT: PROCESS_STARTED — PID 15652 (powershell.exe) parent=11972
2026-09-10 22:35:10 [argus.main] INFO EVENT: PROCESS_STARTED — PID 28588 (conhost.exe) parent=15652
2026-09-10 22:35:12 [argus.main] INFO EVENT: PROCESS_TERMINATED — PID 15652 (powershell.exe)
2026-09-10 22:35:12 [argus.main] INFO EVENT: PROCESS_TERMINATED — PID 28588 (conhost.exe)
2026-09-10 22:35:18 [argus.main] INFO EVENT: PROCESS_TERMINATED — PID 14644 (svchost.exe)
2026-09-10 22:35:22 [argus.main] INFO EVENT: PROCESS_STARTED — PID 8356 (conhost.exe) parent=27656
2026-09-10 22:35:22 [argus.main] INFO EVENT: PROCESS_STARTED — PID 27656 (powershell.exe) parent=19040
2026-09-10 22:35:24 [argus.main] INFO EVENT: PROCESS_TERMINATED — PID 8356 (conhost.exe)
2026-09-10 22:35:24 [argus.main] INFO EVENT: PROCESS_TERMINATED — PID 27656 (powershell.exe)
2026-09-10 22:35:34 [argus.main] INFO EVENT: PROCESS_TERMINATED — PID 17944 (MoUsoCoreWorker.exe)
2026-09-10 22:35:36 [argus.main] INFO EVENT: PROCESS_STARTED — PID 7452 (powershell.exe) parent=11972
2026-09-10 22:35:36 [argus.main] INFO EVENT: PROCESS_STARTED — PID 10440 (conhost.exe) parent=7452
2026-09-10 22:35:38 [argus.main] INFO EVENT: PROCESS_TERMINATED — PID 7452 (powershell.exe)
2026-09-10 22:35:38 [argus.main] INFO EVENT: PROCESS_TERMINATED — PID 10440 (conhost.exe)
2026-09-10 22:35:42 [argus.main] INFO EVENT: PROCESS_TERMINATED — PID 5728 (audiodg.exe)
2026-09-10 22:35:50 [argus.main] INFO EVENT: PROCESS_STARTED — PID 28304 (audiodg.exe) parent=3388
2026-09-10 22:35:50 [argus.main] INFO EVENT: PROCESS_STARTED — PID 28668 (ShellHost.exe) parent=10888
2026-09-10 22:35:50 [argus.main] INFO EVENT: PROCESS_TERMINATED — PID 16848 (ShellHost.exe)
2026-09-10 22:35:54 [argus.main] INFO EVENT: PROCESS_STARTED — PID 448 (powershell.exe) parent=19040
2026-09-10 22:35:54 [argus.main] INFO EVENT: PROCESS_STARTED — PID 8736 (conhost.exe) parent=448
2026-09-10 22:35:56 [argus.main] INFO EVENT: PROCESS_TERMINATED — PID 448 (powershell.exe)
2026-09-10 22:35:56 [argus.main] INFO EVENT: PROCESS_TERMINATED — PID 8736 (conhost.exe)
2026-09-10 22:36:12 [argus.main] INFO EVENT: PROCESS_STARTED — PID 8416 (powershell.exe) parent=11972
2026-09-10 22:36:12 [argus.main] INFO EVENT: PROCESS_STARTED — PID 10112 (conhost.exe) parent=8416
2026-09-10 22:36:14 [argus.main] INFO EVENT: PROCESS_TERMINATED — PID 8416 (powershell.exe)
2026-09-10 22:36:14 [argus.main] INFO EVENT: PROCESS_TERMINATED — PID 10112 (conhost.exe)
2026-09-10 22:36:26 [argus.main] INFO EVENT: PROCESS_STARTED — PID 27920 (powershell.exe) parent=19040
2026-09-10 22:36:26 [argus.main] INFO EVENT: PROCESS_STARTED — PID 28504 (conhost.exe) parent=27920
2026-09-10 22:36:28 [argus.main] INFO EVENT: PROCESS_TERMINATED — PID 27920 (powershell.exe)
2026-09-10 22:36:28 [argus.main] INFO EVENT: PROCESS_TERMINATED — PID 28504 (conhost.exe)
2026-09-10 22:36:54 [argus.main] INFO EVENT: PROCESS_STARTED — PID 8980 (msedgewebview2.exe) parent=1280
2026-09-10 22:36:59 [argus.main] INFO EVENT: PROCESS_STARTED — PID 6148 (conhost.exe) parent=23912
2026-09-10 22:36:59 [argus.main] INFO EVENT: PROCESS_STARTED — PID 23912 (powershell.exe) parent=19040
2026-09-10 22:37:01 [argus.main] INFO EVENT: PROCESS_TERMINATED — PID 6148 (conhost.exe)
2026-09-10 22:37:01 [argus.main] INFO EVENT: PROCESS_TERMINATED — PID 23912 (powershell.exe)
2026-09-10 22:37:11 [argus.main] INFO EVENT: PROCESS_STARTED — PID 12740 (conhost.exe) parent=22952
2026-09-10 22:37:11 [argus.main] INFO EVENT: PROCESS_STARTED — PID 22952 (powershell.exe) parent=11972
2026-09-10 22:37:13 [argus.main] INFO EVENT: PROCESS_TERMINATED — PID 12740 (conhost.exe)
2026-09-10 22:37:13 [argus.main] INFO EVENT: PROCESS_TERMINATED — PID 22952 (powershell.exe)
2026-09-10 22:37:15 [argus.main] INFO EVENT: PROCESS_STARTED — PID 10708 (powershell.exe) parent=11972
2026-09-10 22:37:15 [argus.main] INFO EVENT: PROCESS_STARTED — PID 23580 (conhost.exe) parent=10708
2026-09-10 22:37:15 [argus.main] INFO EVENT: PROCESS_TERMINATED — PID 16864 (WmiPrvSE.exe)
2026-09-10 22:37:17 [argus.main] INFO EVENT: PROCESS_STARTED — PID 10920 (WmiPrvSE.exe) parent=1596
2026-09-10 22:37:17 [argus.main] INFO EVENT: PROCESS_TERMINATED — PID 10708 (powershell.exe)
2026-09-10 22:37:17 [argus.main] INFO EVENT: PROCESS_TERMINATED — PID 23580 (conhost.exe)
2026-09-10 22:37:25 [argus.main] INFO EVENT: PROCESS_TERMINATED — PID 8980 (msedgewebview2.exe)
2026-09-10 22:37:31 [argus.main] INFO EVENT: PROCESS_STARTED — PID 3368 (powershell.exe) parent=19040
2026-09-10 22:37:31 [argus.main] INFO EVENT: PROCESS_STARTED — PID 11164 (conhost.exe) parent=3368
2026-09-10 22:37:33 [argus.main] INFO EVENT: PROCESS_TERMINATED — PID 3368 (powershell.exe)
2026-09-10 22:37:33 [argus.main] INFO EVENT: PROCESS_TERMINATED — PID 11164 (conhost.exe)
2026-09-10 22:37:59 [argus.main] INFO EVENT: PROCESS_STARTED — PID 13072 (<unknown-pid-13072>) parent=15996
2026-09-10 22:38:01 [argus.main] INFO EVENT: PROCESS_TERMINATED — PID 13072 (<unknown-pid-13072>)
2026-09-10 22:38:03 [argus.main] INFO EVENT: PROCESS_STARTED — PID 11244 (conhost.exe) parent=12024
2026-09-10 22:38:03 [argus.main] INFO EVENT: PROCESS_STARTED — PID 12024 (<unknown-pid-12024>) parent=19040
2026-09-10 22:38:05 [argus.main] INFO EVENT: PROCESS_TERMINATED — PID 11244 (conhost.exe)
2026-09-10 22:38:05 [argus.main] INFO EVENT: PROCESS_TERMINATED — PID 12024 (<unknown-pid-12024>)
2026-09-10 22:38:17 [argus.main] INFO EVENT: PROCESS_STARTED — PID 8692 (svchost.exe) parent=1360
2026-09-10 22:38:17 [argus.main] INFO EVENT: PROCESS_STARTED — PID 12576 (svchost.exe) parent=1360
2026-09-10 22:38:17 [argus.main] INFO EVENT: PROCESS_STARTED — PID 12708 (powershell.exe) parent=11972
2026-09-10 22:38:17 [argus.main] INFO EVENT: PROCESS_STARTED — PID 14964 (conhost.exe) parent=12708
2026-09-10 22:38:19 [argus.main] INFO EVENT: PROCESS_TERMINATED — PID 12708 (powershell.exe)
2026-09-10 22:38:19 [argus.main] INFO EVENT: PROCESS_TERMINATED — PID 14964 (conhost.exe)
2026-09-10 22:38:35 [argus.main] INFO EVENT: PROCESS_STARTED — PID 27984 (conhost.exe) parent=28508
2026-09-10 22:38:35 [argus.main] INFO EVENT: PROCESS_STARTED — PID 28508 (powershell.exe) parent=19040
2026-09-10 22:38:37 [argus.main] INFO EVENT: PROCESS_TERMINATED — PID 27984 (conhost.exe)
2026-09-10 22:38:37 [argus.main] INFO EVENT: PROCESS_TERMINATED — PID 28508 (powershell.exe)
2026-09-10 22:39:01 [argus.main] INFO EVENT: PROCESS_TERMINATED — PID 26664 (msedge.exe)
2026-09-10 22:39:08 [argus.main] INFO EVENT: PROCESS_STARTED — PID 18284 (powershell.exe) parent=19040
2026-09-10 22:39:08 [argus.main] INFO EVENT: PROCESS_STARTED — PID 20152 (msedge.exe) parent=22720
2026-09-10 22:39:08 [argus.main] INFO EVENT: PROCESS_STARTED — PID 22008 (conhost.exe) parent=18284
2026-09-10 22:39:10 [argus.main] INFO EVENT: PROCESS_TERMINATED — PID 18284 (powershell.exe)
2026-09-10 22:39:10 [argus.main] INFO EVENT: PROCESS_TERMINATED — PID 22008 (conhost.exe)
2026-09-10 22:39:16 [argus.main] INFO EVENT: PROCESS_TERMINATED — PID 20152 (msedge.exe)
2026-09-10 22:39:20 [argus.main] INFO EVENT: PROCESS_STARTED — PID 2008 (powershell.exe) parent=11972
2026-09-10 22:39:20 [argus.main] INFO EVENT: PROCESS_STARTED — PID 26136 (conhost.exe) parent=2008
2026-09-10 22:39:22 [argus.main] INFO EVENT: PROCESS_STARTED — PID 13600 (msedge.exe) parent=22720
2026-09-10 22:39:22 [argus.main] INFO EVENT: PROCESS_TERMINATED — PID 2008 (powershell.exe)
2026-09-10 22:39:22 [argus.main] INFO EVENT: PROCESS_TERMINATED — PID 26136 (conhost.exe)
2026-09-10 22:39:32 [argus.main] INFO EVENT: PROCESS_TERMINATED — PID 6544 (svchost.exe)
2026-09-10 22:39:46 [argus.main] INFO EVENT: PROCESS_TERMINATED — PID 13600 (msedge.exe)
2026-09-10 22:39:52 [argus.main] INFO EVENT: PROCESS_STARTED — PID 25376 (msedge.exe) parent=22720
2026-09-10 22:40:02 [argus.main] INFO EVENT: PROCESS_TERMINATED — PID 25376 (msedge.exe)
2026-09-10 22:40:22 [argus.main] INFO EVENT: PROCESS_STARTED — PID 13560 (powershell.exe) parent=11972
2026-09-10 22:40:22 [argus.main] INFO EVENT: PROCESS_STARTED — PID 25748 (conhost.exe) parent=13560
2026-09-10 22:40:24 [argus.main] INFO EVENT: PROCESS_TERMINATED — PID 13560 (powershell.exe)
2026-09-10 22:40:24 [argus.main] INFO EVENT: PROCESS_TERMINATED — PID 25748 (conhost.exe)
2026-09-10 22:40:32 [argus.main] INFO EVENT: PROCESS_STARTED — PID 20772 (opushutil.exe) parent=2996
2026-09-10 22:40:36 [argus.main] INFO EVENT: PROCESS_TERMINATED — PID 20772 (opushutil.exe)
2026-09-10 22:40:44 [argus.main] INFO EVENT: PROCESS_STARTED — PID 12444 (conhost.exe) parent=13372
2026-09-10 22:40:44 [argus.main] INFO EVENT: PROCESS_STARTED — PID 13372 (powershell.exe) parent=19040
2026-09-10 22:40:46 [argus.main] INFO EVENT: PROCESS_TERMINATED — PID 12444 (conhost.exe)
2026-09-10 22:40:46 [argus.main] INFO EVENT: PROCESS_TERMINATED — PID 13372 (powershell.exe)
2026-09-10 22:40:56 [argus.main] INFO EVENT: PROCESS_STARTED — PID 20344 (msedgewebview2.exe) parent=1280
2026-09-10 22:41:04 [argus.main] INFO EVENT: PROCESS_TERMINATED — PID 28304 (audiodg.exe)
2026-09-10 22:41:16 [argus.main] INFO EVENT: PROCESS_STARTED — PID 17356 (powershell.exe) parent=19040
2026-09-10 22:41:16 [argus.main] INFO EVENT: PROCESS_STARTED — PID 23500 (conhost.exe) parent=17356
2026-09-10 22:41:18 [argus.main] INFO EVENT: PROCESS_TERMINATED — PID 17356 (powershell.exe)
2026-09-10 22:41:18 [argus.main] INFO EVENT: PROCESS_TERMINATED — PID 23500 (conhost.exe)
2026-09-10 22:41:24 [argus.main] INFO EVENT: PROCESS_STARTED — PID 17736 (conhost.exe) parent=18320
2026-09-10 22:41:24 [argus.main] INFO EVENT: PROCESS_STARTED — PID 18320 (powershell.exe) parent=11972
2026-09-10 22:41:26 [argus.main] INFO EVENT: PROCESS_STARTED — PID 23056 (msedge.exe) parent=22720
2026-09-10 22:41:26 [argus.main] INFO EVENT: PROCESS_TERMINATED — PID 20344 (msedgewebview2.exe)
2026-09-10 22:41:26 [argus.main] INFO EVENT: PROCESS_TERMINATED — PID 17736 (conhost.exe)
2026-09-10 22:41:26 [argus.main] INFO EVENT: PROCESS_TERMINATED — PID 18320 (powershell.exe)
2026-09-10 22:41:30 [argus.main] INFO EVENT: PROCESS_TERMINATED — PID 23056 (msedge.exe)
2026-09-10 22:41:36 [argus.main] INFO EVENT: PROCESS_STARTED — PID 19780 (msedge.exe) parent=22720
2026-09-10 22:41:40 [argus.main] INFO EVENT: PROCESS_TERMINATED — PID 19780 (msedge.exe)
2026-09-10 22:41:47 [argus.main] INFO EVENT: PROCESS_STARTED — PID 21980 (msedge.exe) parent=22720
2026-09-10 22:41:51 [argus.main] INFO EVENT: PROCESS_TERMINATED — PID 21980 (msedge.exe)
2026-09-10 22:41:57 [argus.main] INFO EVENT: PROCESS_STARTED — PID 19204 (msedge.exe) parent=22720
2026-09-10 22:42:07 [argus.main] INFO EVENT: PROCESS_TERMINATED — PID 19204 (msedge.exe)
2026-09-10 22:42:13 [argus.main] INFO EVENT: PROCESS_STARTED — PID 17512 (msedge.exe) parent=22720
2026-09-10 22:42:17 [argus.main] INFO EVENT: PROCESS_STARTED — PID 17404 (msedgewebview2.exe) parent=1280
2026-09-10 22:42:21 [argus.main] INFO EVENT: PROCESS_TERMINATED — PID 17512 (msedge.exe)
2026-09-10 22:42:27 [argus.main] INFO EVENT: PROCESS_STARTED — PID 1876 (msedge.exe) parent=22720
2026-09-10 22:42:27 [argus.main] INFO EVENT: PROCESS_STARTED — PID 1964 (powershell.exe) parent=11972
2026-09-10 22:42:27 [argus.main] INFO EVENT: PROCESS_STARTED — PID 9784 (conhost.exe) parent=1964
2026-09-10 22:42:29 [argus.main] INFO EVENT: PROCESS_TERMINATED — PID 1964 (powershell.exe)
2026-09-10 22:42:29 [argus.main] INFO EVENT: PROCESS_TERMINATED — PID 9784 (conhost.exe)
2026-09-10 22:42:31 [argus.main] INFO EVENT: PROCESS_TERMINATED — PID 1876 (msedge.exe)
2026-09-10 22:42:37 [argus.main] INFO EVENT: PROCESS_STARTED — PID 28408 (msedge.exe) parent=22720
2026-09-10 22:42:41 [argus.main] INFO EVENT: PROCESS_TERMINATED — PID 28408 (msedge.exe)
2026-09-10 22:42:47 [argus.main] INFO EVENT: PROCESS_STARTED — PID 8732 (msedge.exe) parent=22720
2026-09-10 22:42:49 [argus.main] INFO EVENT: PROCESS_TERMINATED — PID 17404 (msedgewebview2.exe)
2026-09-10 22:42:51 [argus.main] INFO EVENT: PROCESS_TERMINATED — PID 4220 (svchost.exe)
2026-09-10 22:42:53 [argus.main] INFO EVENT: PROCESS_STARTED — PID 19964 (powershell.exe) parent=11972
2026-09-10 22:42:55 [argus.main] INFO EVENT: PROCESS_TERMINATED — PID 19964 (powershell.exe)
2026-09-10 22:42:59 [argus.main] INFO EVENT: PROCESS_TERMINATED — PID 1632 (svchost.exe)
2026-09-10 22:43:03 [argus.main] INFO EVENT: PROCESS_TERMINATED — PID 12576 (svchost.exe)
2026-09-10 22:43:11 [argus.main] INFO EVENT: PROCESS_TERMINATED — PID 8732 (msedge.exe)
2026-09-10 22:43:17 [argus.main] INFO EVENT: PROCESS_STARTED — PID 9160 (svchost.exe) parent=1360
2026-09-10 22:43:25 [argus.main] INFO EVENT: PROCESS_STARTED — PID 11980 (powershell.exe) parent=11972
2026-09-10 22:43:25 [argus.main] INFO EVENT: PROCESS_STARTED — PID 21732 (<unknown-pid-21732>) parent=none
2026-09-10 22:43:25 [argus.main] INFO EVENT: PROCESS_STARTED — PID 27660 (msedgewebview2.exe) parent=1280
2026-09-10 22:43:25 [argus.main] INFO EVENT: PROCESS_STARTED — PID 27988 (conhost.exe) parent=11980
2026-09-10 22:43:27 [argus.main] INFO EVENT: PROCESS_TERMINATED — PID 11980 (powershell.exe)
2026-09-10 22:43:27 [argus.main] INFO EVENT: PROCESS_TERMINATED — PID 21732 (<unknown-pid-21732>)
2026-09-10 22:43:27 [argus.main] INFO EVENT: PROCESS_TERMINATED — PID 27988 (conhost.exe)
2026-09-10 22:43:29 [argus.main] INFO EVENT: PROCESS_STARTED — PID 8908 (conhost.exe) parent=20372
2026-09-10 22:43:29 [argus.main] INFO EVENT: PROCESS_STARTED — PID 20372 (powershell.exe) parent=11972
2026-09-10 22:43:31 [argus.main] INFO EVENT: PROCESS_TERMINATED — PID 8908 (conhost.exe)
2026-09-10 22:43:31 [argus.main] INFO EVENT: PROCESS_TERMINATED — PID 20372 (powershell.exe)
2026-09-10 22:43:39 [argus.main] INFO EVENT: PROCESS_TERMINATED — PID 24980 (svchost.exe)
2026-09-10 22:43:47 [argus.main] INFO EVENT: PROCESS_STARTED — PID 26608 (msedge.exe) parent=22720
2026-09-10 22:43:51 [argus.main] INFO EVENT: PROCESS_TERMINATED — PID 26608 (msedge.exe)
2026-09-10 22:43:53 [argus.main] INFO EVENT: PROCESS_TERMINATED — PID 27660 (msedgewebview2.exe)
2026-09-10 22:43:55 [argus.main] INFO EVENT: PROCESS_STARTED — PID 17468 (conhost.exe) parent=20712
2026-09-10 22:43:56 [argus.main] INFO EVENT: PROCESS_STARTED — PID 20712 (powershell.exe) parent=11972
2026-09-10 22:43:58 [argus.main] INFO EVENT: PROCESS_STARTED — PID 10992 (msedge.exe) parent=22720
2026-09-10 22:43:58 [argus.main] INFO EVENT: PROCESS_TERMINATED — PID 17468 (conhost.exe)
2026-09-10 22:43:58 [argus.main] INFO EVENT: PROCESS_TERMINATED — PID 20712 (powershell.exe)
2026-09-10 22:44:24 [argus.main] INFO EVENT: PROCESS_STARTED — PID 18380 (ROUTE.EXE) parent=11972
2026-09-10 22:44:26 [argus.main] INFO EVENT: PROCESS_TERMINATED — PID 18380 (ROUTE.EXE)
2026-09-10 22:44:28 [argus.main] INFO EVENT: PROCESS_STARTED — PID 17736 (powershell.exe) parent=11972
2026-09-10 22:44:28 [argus.main] INFO EVENT: PROCESS_STARTED — PID 23088 (conhost.exe) parent=17736
2026-09-10 22:44:30 [argus.main] INFO EVENT: PROCESS_STARTED — PID 22308 (audiodg.exe) parent=3388
2026-09-10 22:44:30 [argus.main] INFO EVENT: PROCESS_TERMINATED — PID 17736 (powershell.exe)
2026-09-10 22:44:30 [argus.main] INFO EVENT: PROCESS_TERMINATED — PID 23088 (conhost.exe)
2026-09-10 22:44:32 [argus.main] INFO EVENT: PROCESS_STARTED — PID 5960 (conhost.exe) parent=19076
2026-09-10 22:44:32 [argus.main] INFO EVENT: PROCESS_STARTED — PID 19076 (powershell.exe) parent=11972
2026-09-10 22:44:34 [argus.main] INFO EVENT: PROCESS_TERMINATED — PID 5960 (conhost.exe)
2026-09-10 22:44:34 [argus.main] INFO EVENT: PROCESS_TERMINATED — PID 19076 (powershell.exe)
2026-09-10 22:44:36 [argus.main] INFO EVENT: PROCESS_TERMINATED — PID 432 (svchost.exe)
2026-09-10 22:44:58 [argus.main] INFO EVENT: PROCESS_STARTED — PID 7244 (conhost.exe) parent=28168
2026-09-10 22:44:58 [argus.main] INFO EVENT: PROCESS_STARTED — PID 28168 (powershell.exe) parent=11972
2026-09-10 22:45:00 [argus.main] INFO EVENT: PROCESS_TERMINATED — PID 7244 (conhost.exe)
2026-09-10 22:45:00 [argus.main] INFO EVENT: PROCESS_TERMINATED — PID 28168 (powershell.exe)
2026-09-10 22:45:02 [argus.main] INFO EVENT: PROCESS_STARTED — PID 19304 (powershell.exe) parent=19040
2026-09-10 22:45:02 [argus.main] INFO EVENT: PROCESS_STARTED — PID 27008 (conhost.exe) parent=19304
2026-09-10 22:45:04 [argus.main] INFO EVENT: PROCESS_TERMINATED — PID 19304 (powershell.exe)
2026-09-10 22:45:04 [argus.main] INFO EVENT: PROCESS_TERMINATED — PID 27008 (conhost.exe)
2026-09-10 22:45:20 [argus.main] INFO EVENT: PROCESS_STARTED — PID 25936 (backgroundTaskHost.exe) parent=1596
2026-09-10 22:45:26 [argus.main] INFO EVENT: PROCESS_TERMINATED — PID 10992 (msedge.exe)
2026-09-10 22:45:30 [argus.main] INFO EVENT: PROCESS_STARTED — PID 14304 (powershell.exe) parent=11972
2026-09-10 22:45:30 [argus.main] INFO EVENT: PROCESS_STARTED — PID 22852 (conhost.exe) parent=14304
2026-09-10 22:45:32 [argus.main] INFO EVENT: PROCESS_TERMINATED — PID 14304 (powershell.exe)
2026-09-10 22:45:32 [argus.main] INFO EVENT: PROCESS_TERMINATED — PID 22852 (conhost.exe)
2026-09-10 22:45:34 [argus.main] INFO EVENT: PROCESS_STARTED — PID 8988 (powershell.exe) parent=11972
2026-09-10 22:45:34 [argus.main] INFO EVENT: PROCESS_STARTED — PID 15480 (conhost.exe) parent=8988
2026-09-10 22:45:36 [argus.main] INFO EVENT: PROCESS_STARTED — PID 20160 (msedge.exe) parent=22720
2026-09-10 22:45:36 [argus.main] INFO EVENT: PROCESS_TERMINATED — PID 8988 (powershell.exe)
2026-09-10 22:45:36 [argus.main] INFO EVENT: PROCESS_TERMINATED — PID 15480 (conhost.exe)
2026-09-10 22:45:40 [argus.main] INFO EVENT: PROCESS_TERMINATED — PID 20160 (msedge.exe)
2026-09-10 22:45:46 [argus.main] INFO EVENT: PROCESS_STARTED — PID 17692 (ipconfig.exe) parent=19040
2026-09-10 22:45:46 [argus.main] INFO EVENT: PROCESS_STARTED — PID 24016 (msedge.exe) parent=22720
2026-09-10 22:45:48 [argus.main] INFO EVENT: PROCESS_TERMINATED — PID 9160 (svchost.exe)
2026-09-10 22:45:48 [argus.main] INFO EVENT: PROCESS_TERMINATED — PID 17692 (ipconfig.exe)
2026-09-10 22:46:00 [argus.main] INFO EVENT: PROCESS_STARTED — PID 572 (powershell.exe) parent=11972
2026-09-10 22:46:00 [argus.main] INFO EVENT: PROCESS_STARTED — PID 20952 (conhost.exe) parent=572
2026-09-10 22:46:00 [argus.main] INFO EVENT: PROCESS_TERMINATED — PID 24016 (msedge.exe)
2026-09-10 22:46:02 [argus.main] INFO EVENT: PROCESS_TERMINATED — PID 572 (powershell.exe)
2026-09-10 22:46:02 [argus.main] INFO EVENT: PROCESS_TERMINATED — PID 20952 (conhost.exe)
2026-09-10 22:46:17 [argus.main] INFO EVENT: PROCESS_STARTED — PID 22900 (msedge.exe) parent=22720
2026-09-10 22:46:21 [argus.main] INFO EVENT: PROCESS_TERMINATED — PID 25936 (backgroundTaskHost.exe)
2026-09-10 22:46:21 [argus.main] INFO EVENT: PROCESS_TERMINATED — PID 22900 (msedge.exe)
2026-09-10 22:46:27 [argus.main] INFO EVENT: PROCESS_STARTED — PID 22748 (msedge.exe) parent=22720
2026-09-10 22:46:31 [argus.main] INFO EVENT: PROCESS_TERMINATED — PID 22748 (msedge.exe)
2026-09-10 22:46:37 [argus.main] INFO EVENT: PROCESS_STARTED — PID 6672 (powershell.exe) parent=11972
2026-09-10 22:46:37 [argus.main] INFO EVENT: PROCESS_STARTED — PID 14284 (conhost.exe) parent=6672
2026-09-10 22:46:37 [argus.main] INFO EVENT: PROCESS_STARTED — PID 24168 (msedge.exe) parent=22720
2026-09-10 22:46:39 [argus.main] INFO EVENT: PROCESS_TERMINATED — PID 6672 (powershell.exe)
2026-09-10 22:46:39 [argus.main] INFO EVENT: PROCESS_TERMINATED — PID 14284 (conhost.exe)
2026-09-10 22:46:41 [argus.main] INFO EVENT: PROCESS_TERMINATED — PID 24168 (msedge.exe)
2026-09-10 22:46:47 [argus.main] INFO EVENT: PROCESS_STARTED — PID 5440 (msedge.exe) parent=22720
2026-09-10 22:46:57 [argus.main] INFO EVENT: PROCESS_TERMINATED — PID 5440 (msedge.exe)
2026-09-10 22:47:03 [argus.main] INFO EVENT: PROCESS_STARTED — PID 14656 (msedge.exe) parent=22720
2026-09-10 22:47:21 [argus.main] INFO EVENT: PROCESS_TERMINATED — PID 8692 (svchost.exe)
2026-09-10 22:47:35 [argus.main] INFO EVENT: PROCESS_STARTED — PID 16748 (conhost.exe) parent=26864
2026-09-10 22:47:35 [argus.main] INFO EVENT: PROCESS_STARTED — PID 26864 (powershell.exe) parent=11972
2026-09-10 22:47:37 [argus.main] INFO EVENT: PROCESS_TERMINATED — PID 16748 (conhost.exe)
2026-09-10 22:47:37 [argus.main] INFO EVENT: PROCESS_TERMINATED — PID 26864 (powershell.exe)
2026-09-10 22:47:39 [argus.main] INFO EVENT: PROCESS_STARTED — PID 13192 (powershell.exe) parent=11972
2026-09-10 22:47:39 [argus.main] INFO EVENT: PROCESS_STARTED — PID 21456 (conhost.exe) parent=13192
2026-09-10 22:47:41 [argus.main] INFO EVENT: PROCESS_TERMINATED — PID 13192 (powershell.exe)
2026-09-10 22:47:41 [argus.main] INFO EVENT: PROCESS_TERMINATED — PID 21456 (conhost.exe)
2026-09-10 22:48:05 [argus.main] INFO EVENT: PROCESS_STARTED — PID 20832 (conhost.exe) parent=25488
2026-09-10 22:48:05 [argus.main] INFO EVENT: PROCESS_STARTED — PID 25488 (powershell.exe) parent=11972
2026-09-10 22:48:07 [argus.main] INFO EVENT: PROCESS_TERMINATED — PID 20832 (conhost.exe)
2026-09-10 22:48:07 [argus.main] INFO EVENT: PROCESS_TERMINATED — PID 25488 (powershell.exe)
2026-09-10 22:48:35 [argus.main] INFO EVENT: PROCESS_TERMINATED — PID 14656 (msedge.exe)
2026-09-10 22:48:37 [argus.main] INFO EVENT: PROCESS_STARTED — PID 16244 (powershell.exe) parent=11972
2026-09-10 22:48:37 [argus.main] INFO EVENT: PROCESS_STARTED — PID 23768 (conhost.exe) parent=16244
2026-09-10 22:48:39 [argus.main] INFO EVENT: PROCESS_TERMINATED — PID 16244 (powershell.exe)
2026-09-10 22:48:39 [argus.main] INFO EVENT: PROCESS_TERMINATED — PID 23768 (conhost.exe)
2026-09-10 22:48:41 [argus.main] INFO EVENT: PROCESS_STARTED — PID 3080 (msedge.exe) parent=22720
2026-09-10 22:48:41 [argus.main] INFO EVENT: PROCESS_STARTED — PID 12760 (powershell.exe) parent=11972
2026-09-10 22:48:41 [argus.main] INFO EVENT: PROCESS_STARTED — PID 18824 (conhost.exe) parent=12760
2026-09-10 22:48:43 [argus.main] INFO EVENT: PROCESS_TERMINATED — PID 12760 (powershell.exe)
2026-09-10 22:48:43 [argus.main] INFO EVENT: PROCESS_TERMINATED — PID 18824 (conhost.exe)
2026-09-10 22:48:45 [argus.main] INFO EVENT: PROCESS_TERMINATED — PID 3080 (msedge.exe)
2026-09-10 22:48:57 [argus.main] INFO EVENT: PROCESS_STARTED — PID 25204 (msedge.exe) parent=22720
2026-09-10 22:48:57 [argus.main] INFO EVENT: PROCESS_STARTED — PID 25624 (msedge.exe) parent=22720
2026-09-10 22:49:07 [argus.main] INFO EVENT: PROCESS_STARTED — PID 9092 (conhost.exe) parent=23568
2026-09-10 22:49:07 [argus.main] INFO EVENT: PROCESS_STARTED — PID 23568 (powershell.exe) parent=11972
2026-09-10 22:49:09 [argus.main] INFO EVENT: PROCESS_TERMINATED — PID 9092 (conhost.exe)
2026-09-10 22:49:09 [argus.main] INFO EVENT: PROCESS_TERMINATED — PID 23568 (powershell.exe)
2026-09-10 22:49:40 [argus.main] INFO EVENT: PROCESS_STARTED — PID 12916 (conhost.exe) parent=26460
2026-09-10 22:49:40 [argus.main] INFO EVENT: PROCESS_STARTED — PID 26460 (powershell.exe) parent=11972
2026-09-10 22:49:42 [argus.main] INFO EVENT: PROCESS_TERMINATED — PID 22308 (audiodg.exe)
2026-09-10 22:49:42 [argus.main] INFO EVENT: PROCESS_TERMINATED — PID 12916 (conhost.exe)
2026-09-10 22:49:42 [argus.main] INFO EVENT: PROCESS_TERMINATED — PID 26460 (powershell.exe)
2026-09-10 22:49:44 [argus.main] INFO EVENT: PROCESS_STARTED — PID 6020 (powershell.exe) parent=11972
2026-09-10 22:49:44 [argus.main] INFO EVENT: PROCESS_STARTED — PID 25816 (conhost.exe) parent=6020
2026-09-10 22:49:44 [argus.main] INFO EVENT: PROCESS_TERMINATED — PID 10920 (WmiPrvSE.exe)
2026-09-10 22:49:46 [argus.main] INFO EVENT: PROCESS_STARTED — PID 28424 (WmiPrvSE.exe) parent=1596
2026-09-10 22:49:46 [argus.main] INFO EVENT: PROCESS_TERMINATED — PID 6020 (powershell.exe)
2026-09-10 22:49:46 [argus.main] INFO EVENT: PROCESS_TERMINATED — PID 25816 (conhost.exe)
2026-09-10 22:49:50 [argus.main] INFO EVENT: PROCESS_STARTED — PID 12952 (powershell.exe) parent=19040
2026-09-10 22:49:50 [argus.main] INFO EVENT: PROCESS_STARTED — PID 24020 (conhost.exe) parent=12952
2026-09-10 22:49:52 [argus.main] INFO EVENT: PROCESS_TERMINATED — PID 12952 (powershell.exe)
2026-09-10 22:49:52 [argus.main] INFO EVENT: PROCESS_TERMINATED — PID 24020 (conhost.exe)
2026-09-10 22:50:10 [argus.main] INFO EVENT: PROCESS_STARTED — PID 4892 (powershell.exe) parent=11972
2026-09-10 22:50:10 [argus.main] INFO EVENT: PROCESS_STARTED — PID 8980 (conhost.exe) parent=4892
2026-09-10 22:50:12 [argus.main] INFO EVENT: PROCESS_TERMINATED — PID 4892 (powershell.exe)
2026-09-10 22:50:12 [argus.main] INFO EVENT: PROCESS_TERMINATED — PID 8980 (conhost.exe)
2026-09-10 22:50:22 [argus.main] INFO EVENT: PROCESS_STARTED — PID 924 (conhost.exe) parent=2580
2026-09-10 22:50:22 [argus.main] INFO EVENT: PROCESS_STARTED — PID 2580 (powershell.exe) parent=19040
2026-09-10 22:50:24 [argus.main] INFO EVENT: PROCESS_TERMINATED — PID 924 (conhost.exe)
2026-09-10 22:50:24 [argus.main] INFO EVENT: PROCESS_TERMINATED — PID 2580 (powershell.exe)
2026-09-10 22:50:30 [argus.main] INFO EVENT: PROCESS_STARTED — PID 7676 (svchost.exe) parent=1360
2026-09-10 22:50:44 [argus.main] INFO EVENT: PROCESS_STARTED — PID 15108 (conhost.exe) parent=18376
2026-09-10 22:50:46 [argus.main] INFO EVENT: PROCESS_STARTED — PID 3484 (conhost.exe) parent=5020
2026-09-10 22:50:46 [argus.main] INFO EVENT: PROCESS_STARTED — PID 5020 (powershell.exe) parent=11972
2026-09-10 22:50:46 [argus.main] INFO EVENT: PROCESS_TERMINATED — PID 15108 (conhost.exe)
2026-09-10 22:50:48 [argus.main] INFO EVENT: PROCESS_TERMINATED — PID 3484 (conhost.exe)
2026-09-10 22:50:48 [argus.main] INFO EVENT: PROCESS_TERMINATED — PID 5020 (powershell.exe)
2026-09-10 22:50:54 [argus.main] INFO EVENT: PROCESS_STARTED — PID 9400 (conhost.exe) parent=27864
2026-09-10 22:50:54 [argus.main] INFO EVENT: PROCESS_STARTED — PID 27864 (powershell.exe) parent=19040
2026-09-10 22:50:56 [argus.main] INFO EVENT: PROCESS_TERMINATED — PID 9400 (conhost.exe)
2026-09-10 22:50:56 [argus.main] INFO EVENT: PROCESS_TERMINATED — PID 27864 (powershell.exe)
2026-09-10 22:51:00 [argus.main] INFO EVENT: PROCESS_STARTED — PID 16192 (msedgewebview2.exe) parent=1280
2026-09-10 22:51:12 [argus.main] INFO EVENT: PROCESS_STARTED — PID 13072 (conhost.exe) parent=24048
2026-09-10 22:51:12 [argus.main] INFO EVENT: PROCESS_STARTED — PID 24048 (powershell.exe) parent=11972
2026-09-10 22:51:14 [argus.main] INFO EVENT: PROCESS_TERMINATED — PID 13072 (conhost.exe)
2026-09-10 22:51:14 [argus.main] INFO EVENT: PROCESS_TERMINATED — PID 24048 (powershell.exe)
2026-09-10 22:51:22 [argus.main] INFO EVENT: PROCESS_STARTED — PID 1612 (ROUTE.EXE) parent=19040
2026-09-10 22:51:22 [argus.main] INFO EVENT: PROCESS_STARTED — PID 4988 (<unknown-pid-4988>) parent=none
2026-09-10 22:51:24 [argus.main] INFO EVENT: PROCESS_STARTED — PID 11688 (<unknown-pid-11688>) parent=15796
2026-09-10 22:51:24 [argus.main] INFO EVENT: PROCESS_TERMINATED — PID 1612 (ROUTE.EXE)
2026-09-10 22:51:24 [argus.main] INFO EVENT: PROCESS_TERMINATED — PID 4988 (<unknown-pid-4988>)
2026-09-10 22:51:27 [argus.main] INFO EVENT: PROCESS_STARTED — PID 28196 (<unknown-pid-28196>) parent=none
2026-09-10 22:51:27 [argus.main] INFO EVENT: PROCESS_TERMINATED — PID 11688 (<unknown-pid-11688>)
2026-09-10 22:51:29 [argus.main] INFO EVENT: PROCESS_TERMINATED — PID 28196 (<unknown-pid-28196>)
2026-09-10 22:51:31 [argus.main] INFO EVENT: PROCESS_TERMINATED — PID 16192 (msedgewebview2.exe)
2026-09-10 22:51:49 [argus.main] INFO EVENT: PROCESS_STARTED — PID 17192 (conhost.exe) parent=25048
2026-09-10 22:51:49 [argus.main] INFO EVENT: PROCESS_STARTED — PID 25048 (powershell.exe) parent=11972
2026-09-10 22:51:51 [argus.main] INFO EVENT: PROCESS_TERMINATED — PID 17192 (conhost.exe)
2026-09-10 22:51:51 [argus.main] INFO EVENT: PROCESS_TERMINATED — PID 25048 (powershell.exe)
2026-09-10 22:52:17 [argus.main] INFO EVENT: PROCESS_STARTED — PID 920 (conhost.exe) parent=28384
2026-09-10 22:52:17 [argus.main] INFO EVENT: PROCESS_STARTED — PID 28384 (powershell.exe) parent=11972
2026-09-10 22:52:19 [argus.main] INFO EVENT: PROCESS_STARTED — PID 27500 (activate.exe) parent=6136
2026-09-10 22:52:19 [argus.main] INFO EVENT: PROCESS_STARTED — PID 28608 (smartscreen.exe) parent=1596
2026-09-10 22:52:19 [argus.main] INFO EVENT: PROCESS_TERMINATED — PID 920 (conhost.exe)
2026-09-10 22:52:19 [argus.main] INFO EVENT: PROCESS_TERMINATED — PID 28384 (powershell.exe)
2026-09-10 22:52:21 [argus.main] INFO EVENT: PROCESS_STARTED — PID 23508 (svchost.exe) parent=1360
2026-09-10 22:52:23 [argus.main] INFO EVENT: PROCESS_STARTED — PID 21448 (svchost.exe) parent=1360
2026-09-10 22:52:23 [argus.main] INFO EVENT: PROCESS_TERMINATED — PID 27500 (activate.exe)
2026-09-10 22:52:43 [argus.main] INFO EVENT: PROCESS_STARTED — PID 19076 (<unknown-pid-19076>) parent=none
2026-09-10 22:52:45 [argus.main] INFO EVENT: PROCESS_TERMINATED — PID 19076 (<unknown-pid-19076>)
2026-09-10 22:52:49 [argus.main] INFO EVENT: PROCESS_STARTED — PID 25888 (conhost.exe) parent=28360
2026-09-10 22:52:49 [argus.main] INFO EVENT: PROCESS_STARTED — PID 28360 (powershell.exe) parent=11972
2026-09-10 22:52:51 [argus.main] INFO EVENT: PROCESS_TERMINATED — PID 25888 (conhost.exe)
2026-09-10 22:52:51 [argus.main] INFO EVENT: PROCESS_TERMINATED — PID 28360 (powershell.exe)
2026-09-10 22:53:51 [argus.main] INFO EVENT: PROCESS_STARTED — PID 10380 (powershell.exe) parent=11972
2026-09-10 22:53:51 [argus.main] INFO EVENT: PROCESS_STARTED — PID 26812 (conhost.exe) parent=10380
2026-09-10 22:53:51 [argus.main] INFO EVENT: PROCESS_TERMINATED — PID 28424 (WmiPrvSE.exe)
2026-09-10 22:53:53 [argus.main] INFO EVENT: PROCESS_STARTED — PID 27488 (WmiPrvSE.exe) parent=1596
2026-09-10 22:53:53 [argus.main] INFO EVENT: PROCESS_TERMINATED — PID 10380 (powershell.exe)
2026-09-10 22:53:53 [argus.main] INFO EVENT: PROCESS_TERMINATED — PID 26812 (conhost.exe)
2026-09-10 22:54:05 [argus.main] INFO EVENT: PROCESS_STARTED — PID 9400 (powershell.exe) parent=19040
2026-09-10 22:54:05 [argus.main] INFO EVENT: PROCESS_STARTED — PID 25808 (conhost.exe) parent=9400
2026-09-10 22:54:07 [argus.main] INFO EVENT: PROCESS_TERMINATED — PID 9400 (powershell.exe)
2026-09-10 22:54:07 [argus.main] INFO EVENT: PROCESS_TERMINATED — PID 25808 (conhost.exe)
2026-09-10 22:54:18 [argus.main] INFO EVENT: PROCESS_STARTED — PID 12068 (updater.exe) parent=20224
2026-09-10 22:54:18 [argus.main] INFO EVENT: PROCESS_STARTED — PID 15348 (updater.exe) parent=18892
2026-09-10 22:54:18 [argus.main] INFO EVENT: PROCESS_STARTED — PID 18892 (updater.exe) parent=2996
2026-09-10 22:54:18 [argus.main] INFO EVENT: PROCESS_STARTED — PID 20224 (updater.exe) parent=1360
2026-09-10 22:54:20 [argus.main] INFO EVENT: PROCESS_STARTED — PID 4368 (backgroundTaskHost.exe) parent=1596
2026-09-10 22:54:20 [argus.main] INFO EVENT: PROCESS_STARTED — PID 8556 (updater.exe) parent=1360
2026-09-10 22:54:20 [argus.main] INFO EVENT: PROCESS_STARTED — PID 25860 (updater.exe) parent=8556
2026-09-10 22:54:22 [argus.main] INFO EVENT: PROCESS_TERMINATED — PID 21448 (svchost.exe)
2026-09-10 22:54:22 [argus.main] INFO EVENT: PROCESS_TERMINATED — PID 15348 (updater.exe)
2026-09-10 22:54:22 [argus.main] INFO EVENT: PROCESS_TERMINATED — PID 18892 (updater.exe)
2026-09-10 22:54:32 [argus.main] INFO EVENT: PROCESS_TERMINATED — PID 12068 (updater.exe)
2026-09-10 22:54:32 [argus.main] INFO EVENT: PROCESS_TERMINATED — PID 20224 (updater.exe)
2026-09-10 22:54:32 [argus.main] INFO EVENT: PROCESS_TERMINATED — PID 8556 (updater.exe)
2026-09-10 22:54:32 [argus.main] INFO EVENT: PROCESS_TERMINATED — PID 25860 (updater.exe)
2026-09-10 22:54:38 [argus.main] INFO EVENT: PROCESS_STARTED — PID 8944 (conhost.exe) parent=27088
2026-09-10 22:54:38 [argus.main] INFO EVENT: PROCESS_STARTED — PID 27088 (powershell.exe) parent=19040
2026-09-10 22:54:40 [argus.main] INFO EVENT: PROCESS_TERMINATED — PID 8944 (conhost.exe)
2026-09-10 22:54:40 [argus.main] INFO EVENT: PROCESS_TERMINATED — PID 27088 (powershell.exe)
2026-09-10 22:54:54 [argus.main] INFO EVENT: PROCESS_STARTED — PID 13600 (conhost.exe) parent=25836
2026-09-10 22:54:54 [argus.main] INFO EVENT: PROCESS_STARTED — PID 25836 (powershell.exe) parent=11972
2026-09-10 22:54:56 [argus.main] INFO EVENT: PROCESS_TERMINATED — PID 13600 (conhost.exe)
2026-09-10 22:54:56 [argus.main] INFO EVENT: PROCESS_TERMINATED — PID 25836 (powershell.exe)
2026-09-10 22:55:10 [argus.main] INFO EVENT: PROCESS_STARTED — PID 6808 (powershell.exe) parent=19040
2026-09-10 22:55:10 [argus.main] INFO EVENT: PROCESS_STARTED — PID 6856 (conhost.exe) parent=6808
2026-09-10 22:55:10 [argus.main] INFO EVENT: PROCESS_STARTED — PID 23004 (msedgewebview2.exe) parent=1280
2026-09-10 22:55:12 [argus.main] INFO EVENT: PROCESS_TERMINATED — PID 6808 (powershell.exe)
2026-09-10 22:55:12 [argus.main] INFO EVENT: PROCESS_TERMINATED — PID 6856 (conhost.exe)
2026-09-10 22:55:20 [argus.main] INFO EVENT: PROCESS_STARTED — PID 9760 (<unknown-pid-9760>) parent=none
2026-09-10 22:55:20 [argus.main] INFO EVENT: PROCESS_TERMINATED — PID 4368 (backgroundTaskHost.exe)
2026-09-10 22:55:22 [argus.main] INFO EVENT: PROCESS_TERMINATED — PID 9760 (<unknown-pid-9760>)
2026-09-10 22:55:40 [argus.main] INFO EVENT: PROCESS_TERMINATED — PID 23004 (msedgewebview2.exe)
2026-09-10 22:55:42 [argus.main] INFO EVENT: PROCESS_STARTED — PID 27840 (conhost.exe) parent=28064
2026-09-10 22:55:42 [argus.main] INFO EVENT: PROCESS_STARTED — PID 28064 (powershell.exe) parent=19040
2026-09-10 22:55:44 [argus.main] INFO EVENT: PROCESS_TERMINATED — PID 27840 (conhost.exe)
2026-09-10 22:55:44 [argus.main] INFO EVENT: PROCESS_TERMINATED — PID 28064 (powershell.exe)
2026-09-10 22:55:48 [argus.main] INFO EVENT: PROCESS_STARTED — PID 19140 (svchost.exe) parent=1360
2026-09-10 22:55:48 [argus.main] INFO EVENT: PROCESS_STARTED — PID 19740 (svchost.exe) parent=1360
2026-09-10 22:55:48 [argus.main] INFO EVENT: PROCESS_STARTED — PID 27948 (backgroundTaskHost.exe) parent=1596
2026-09-10 22:55:49 [argus.main] INFO EVENT: PROCESS_STARTED — PID 28196 (backgroundTaskHost.exe) parent=1596
2026-09-10 22:55:57 [argus.main] INFO EVENT: PROCESS_STARTED — PID 2004 (conhost.exe) parent=17940
2026-09-10 22:55:57 [argus.main] INFO EVENT: PROCESS_STARTED — PID 17940 (<unknown-pid-17940>) parent=11972
2026-09-10 22:55:59 [argus.main] INFO EVENT: PROCESS_TERMINATED — PID 2004 (conhost.exe)
2026-09-10 22:55:59 [argus.main] INFO EVENT: PROCESS_TERMINATED — PID 17940 (<unknown-pid-17940>)
2026-09-10 22:56:27 [argus.main] INFO EVENT: PROCESS_STARTED — PID 17468 (conhost.exe) parent=23768
2026-09-10 22:56:27 [argus.main] INFO EVENT: PROCESS_STARTED — PID 23768 (<unknown-pid-23768>) parent=none
2026-09-10 22:56:29 [argus.main] INFO EVENT: PROCESS_STARTED — PID 13064 (powershell.exe) parent=11972
2026-09-10 22:56:29 [argus.main] INFO EVENT: PROCESS_STARTED — PID 17944 (conhost.exe) parent=13064
2026-09-10 22:56:29 [argus.main] INFO EVENT: PROCESS_TERMINATED — PID 17468 (conhost.exe)
2026-09-10 22:56:29 [argus.main] INFO EVENT: PROCESS_TERMINATED — PID 23768 (<unknown-pid-23768>)
2026-09-10 22:56:31 [argus.main] INFO EVENT: PROCESS_TERMINATED — PID 13064 (powershell.exe)
2026-09-10 22:56:31 [argus.main] INFO EVENT: PROCESS_TERMINATED — PID 17944 (conhost.exe)
2026-09-10 22:56:47 [argus.main] INFO EVENT: PROCESS_STARTED — PID 20280 (conhost.exe) parent=27988
2026-09-10 22:56:47 [argus.main] INFO EVENT: PROCESS_STARTED — PID 27988 (powershell.exe) parent=19040
2026-09-10 22:56:49 [argus.main] INFO EVENT: PROCESS_TERMINATED — PID 27948 (backgroundTaskHost.exe)
2026-09-10 22:56:49 [argus.main] INFO EVENT: PROCESS_TERMINATED — PID 20280 (conhost.exe)
2026-09-10 22:56:49 [argus.main] INFO EVENT: PROCESS_TERMINATED — PID 27988 (powershell.exe)
2026-09-10 22:56:51 [argus.main] INFO EVENT: PROCESS_TERMINATED — PID 25204 (msedge.exe)
2026-09-10 22:56:51 [argus.main] INFO EVENT: PROCESS_TERMINATED — PID 28196 (backgroundTaskHost.exe)
2026-09-10 22:56:57 [argus.main] INFO EVENT: PROCESS_STARTED — PID 10112 (msedge.exe) parent=22720
2026-09-10 22:56:57 [argus.main] INFO EVENT: PROCESS_TERMINATED — PID 25624 (msedge.exe)
2026-09-10 22:56:59 [argus.main] INFO EVENT: PROCESS_STARTED — PID 22676 (conhost.exe) parent=27064
2026-09-10 22:56:59 [argus.main] INFO EVENT: PROCESS_STARTED — PID 27064 (powershell.exe) parent=11972
2026-09-10 22:57:01 [argus.main] INFO EVENT: PROCESS_TERMINATED — PID 22676 (conhost.exe)
2026-09-10 22:57:01 [argus.main] INFO EVENT: PROCESS_TERMINATED — PID 27064 (powershell.exe)
2026-09-10 22:57:19 [argus.main] INFO EVENT: PROCESS_TERMINATED — PID 28608 (smartscreen.exe)
2026-09-10 22:57:49 [argus.main] INFO EVENT: PROCESS_STARTED — PID 13032 (msedgewebview2.exe) parent=1280
2026-09-10 22:57:51 [argus.main] INFO EVENT: PROCESS_TERMINATED — PID 10112 (msedge.exe)
2026-09-10 22:57:57 [argus.main] INFO EVENT: PROCESS_STARTED — PID 3632 (msedge.exe) parent=22720
2026-09-10 22:58:01 [argus.main] INFO EVENT: PROCESS_TERMINATED — PID 3632 (msedge.exe)
2026-09-10 22:58:07 [argus.main] INFO EVENT: PROCESS_STARTED — PID 3108 (msedge.exe) parent=22720
2026-09-10 22:58:07 [argus.main] INFO EVENT: PROCESS_STARTED — PID 28276 (<unknown-pid-28276>) parent=none
2026-09-10 22:58:09 [argus.main] INFO EVENT: PROCESS_TERMINATED — PID 28276 (<unknown-pid-28276>)
2026-09-10 22:58:11 [argus.main] INFO EVENT: PROCESS_TERMINATED — PID 3108 (msedge.exe)
2026-09-10 22:58:17 [argus.main] INFO EVENT: PROCESS_STARTED — PID 7224 (msedge.exe) parent=22720
2026-09-10 22:58:19 [argus.main] INFO EVENT: PROCESS_TERMINATED — PID 19140 (svchost.exe)
2026-09-10 22:58:19 [argus.main] INFO EVENT: PROCESS_TERMINATED — PID 13032 (msedgewebview2.exe)
2026-09-10 22:58:41 [argus.main] INFO EVENT: PROCESS_TERMINATED — PID 7224 (msedge.exe)
2026-09-10 22:58:47 [argus.main] INFO EVENT: PROCESS_STARTED — PID 588 (msedge.exe) parent=22720
2026-09-10 22:58:51 [argus.main] INFO EVENT: PROCESS_TERMINATED — PID 588 (msedge.exe)
2026-09-10 22:58:58 [argus.main] INFO EVENT: PROCESS_STARTED — PID 1432 (msedge.exe) parent=22720
2026-09-10 22:59:00 [argus.main] INFO EVENT: PROCESS_STARTED — PID 10696 (powershell.exe) parent=11972
2026-09-10 22:59:00 [argus.main] INFO EVENT: PROCESS_STARTED — PID 19700 (conhost.exe) parent=10696
2026-09-10 22:59:02 [argus.main] INFO EVENT: PROCESS_TERMINATED — PID 1432 (msedge.exe)
2026-09-10 22:59:02 [argus.main] INFO EVENT: PROCESS_TERMINATED — PID 10696 (powershell.exe)
2026-09-10 22:59:02 [argus.main] INFO EVENT: PROCESS_TERMINATED — PID 19700 (conhost.exe)
2026-09-10 22:59:04 [argus.main] INFO EVENT: PROCESS_STARTED — PID 9784 (ARP.EXE) parent=11972
2026-09-10 22:59:06 [argus.main] INFO EVENT: PROCESS_TERMINATED — PID 9784 (ARP.EXE)
2026-09-10 22:59:08 [argus.main] INFO EVENT: PROCESS_STARTED — PID 22008 (msedge.exe) parent=22720
2026-09-10 22:59:22 [argus.main] INFO EVENT: PROCESS_TERMINATED — PID 22008 (msedge.exe)
2026-09-10 22:59:42 [argus.main] INFO EVENT: PROCESS_STARTED — PID 5340 (msedge.exe) parent=22720
2026-09-10 22:59:46 [argus.main] INFO EVENT: PROCESS_TERMINATED — PID 5340 (msedge.exe)
2026-09-10 22:59:52 [argus.main] INFO EVENT: PROCESS_STARTED — PID 13008 (msedge.exe) parent=22720
2026-09-10 22:59:56 [argus.main] INFO EVENT: PROCESS_TERMINATED — PID 13008 (msedge.exe)
2026-09-10 22:59:58 [argus.main] INFO EVENT: PROCESS_TERMINATED — PID 19740 (svchost.exe)
2026-09-10 23:00:02 [argus.main] INFO EVENT: PROCESS_STARTED — PID 3792 (msedgewebview2.exe) parent=1280
2026-09-10 23:00:02 [argus.main] INFO EVENT: PROCESS_STARTED — PID 5968 (powershell.exe) parent=11972
2026-09-10 23:00:02 [argus.main] INFO EVENT: PROCESS_STARTED — PID 14480 (msedge.exe) parent=22720
2026-09-10 23:00:02 [argus.main] INFO EVENT: PROCESS_STARTED — PID 28368 (conhost.exe) parent=5968
2026-09-10 23:00:04 [argus.main] INFO EVENT: PROCESS_TERMINATED — PID 5968 (powershell.exe)
2026-09-10 23:00:04 [argus.main] INFO EVENT: PROCESS_TERMINATED — PID 28368 (conhost.exe)
2026-09-10 23:00:06 [argus.main] INFO EVENT: PROCESS_TERMINATED — PID 14480 (msedge.exe)
2026-09-10 23:00:12 [argus.main] INFO EVENT: PROCESS_STARTED — PID 15348 (msedge.exe) parent=22720
2026-09-10 23:00:16 [argus.main] INFO EVENT: PROCESS_TERMINATED — PID 15348 (msedge.exe)
2026-09-10 23:00:32 [argus.main] INFO EVENT: PROCESS_STARTED — PID 20108 (msedge.exe) parent=22720
2026-09-10 23:00:32 [argus.main] INFO EVENT: PROCESS_TERMINATED — PID 3792 (msedgewebview2.exe)
2026-09-10 23:00:36 [argus.main] INFO EVENT: PROCESS_TERMINATED — PID 20108 (msedge.exe)
2026-09-10 23:00:42 [argus.main] INFO EVENT: PROCESS_STARTED — PID 27888 (msedge.exe) parent=22720
2026-09-10 23:00:46 [argus.main] INFO EVENT: PROCESS_TERMINATED — PID 27888 (msedge.exe)
2026-09-10 23:00:52 [argus.main] INFO EVENT: PROCESS_STARTED — PID 25892 (msedge.exe) parent=22720
2026-09-10 23:00:56 [argus.main] INFO EVENT: PROCESS_TERMINATED — PID 25892 (msedge.exe)
2026-09-10 23:01:02 [argus.main] INFO EVENT: PROCESS_STARTED — PID 25660 (msedge.exe) parent=22720
2026-09-10 23:01:04 [argus.main] INFO EVENT: PROCESS_STARTED — PID 18800 (conhost.exe) parent=26256
2026-09-10 23:01:04 [argus.main] INFO EVENT: PROCESS_STARTED — PID 26256 (powershell.exe) parent=11972
2026-09-10 23:01:06 [argus.main] INFO EVENT: PROCESS_TERMINATED — PID 25660 (msedge.exe)
2026-09-10 23:01:06 [argus.main] INFO EVENT: PROCESS_TERMINATED — PID 18800 (conhost.exe)
2026-09-10 23:01:06 [argus.main] INFO EVENT: PROCESS_TERMINATED — PID 26256 (powershell.exe)
2026-09-10 23:01:12 [argus.main] INFO EVENT: PROCESS_STARTED — PID 25268 (msedge.exe) parent=22720
2026-09-10 23:01:21 [argus.main] INFO EVENT: PROCESS_STARTED — PID 8368 (msedgewebview2.exe) parent=1280
2026-09-10 23:01:31 [argus.main] INFO EVENT: PROCESS_TERMINATED — PID 7676 (svchost.exe)
2026-09-10 23:01:37 [argus.main] INFO EVENT: PROCESS_TERMINATED — PID 25268 (msedge.exe)
2026-09-10 23:01:43 [argus.main] INFO EVENT: PROCESS_STARTED — PID 7016 (backgroundTaskHost.exe) parent=1596
2026-09-10 23:01:43 [argus.main] INFO EVENT: PROCESS_STARTED — PID 26176 (msedge.exe) parent=22720
2026-09-10 23:01:43 [argus.main] INFO EVENT: PROCESS_STARTED — PID 28016 (backgroundTaskHost.exe) parent=1596
2026-09-10 23:01:45 [argus.main] INFO EVENT: PROCESS_STARTED — PID 22604 (audiodg.exe) parent=3388
2026-09-10 23:01:51 [argus.main] INFO EVENT: PROCESS_TERMINATED — PID 8368 (msedgewebview2.exe)
2026-09-10 23:02:07 [argus.main] INFO EVENT: PROCESS_STARTED — PID 14868 (powershell.exe) parent=19040
2026-09-10 23:02:07 [argus.main] INFO EVENT: PROCESS_STARTED — PID 28660 (conhost.exe) parent=14868
2026-09-10 23:02:09 [argus.main] INFO EVENT: PROCESS_TERMINATED — PID 14868 (powershell.exe)
2026-09-10 23:02:09 [argus.main] INFO EVENT: PROCESS_TERMINATED — PID 28660 (conhost.exe)
2026-09-10 23:02:21 [argus.main] INFO EVENT: PROCESS_TERMINATED — PID 23508 (svchost.exe)
2026-09-10 23:02:39 [argus.main] INFO EVENT: PROCESS_STARTED — PID 1876 (powershell.exe) parent=19040
2026-09-10 23:02:39 [argus.main] INFO EVENT: PROCESS_STARTED — PID 27940 (conhost.exe) parent=1876
2026-09-10 23:02:41 [argus.main] INFO EVENT: PROCESS_STARTED — PID 8304 (conhost.exe) parent=27780
2026-09-10 23:02:41 [argus.main] INFO EVENT: PROCESS_STARTED — PID 27780 (ROUTE.EXE) parent=3532
2026-09-10 23:02:41 [argus.main] INFO EVENT: PROCESS_TERMINATED — PID 1876 (powershell.exe)
2026-09-10 23:02:41 [argus.main] INFO EVENT: PROCESS_TERMINATED — PID 27940 (conhost.exe)
2026-09-10 23:02:43 [argus.main] INFO EVENT: PROCESS_TERMINATED — PID 8304 (conhost.exe)
2026-09-10 23:02:43 [argus.main] INFO EVENT: PROCESS_TERMINATED — PID 27780 (ROUTE.EXE)
2026-09-10 23:02:45 [argus.main] INFO EVENT: PROCESS_TERMINATED — PID 7016 (backgroundTaskHost.exe)
2026-09-10 23:02:45 [argus.main] INFO EVENT: PROCESS_TERMINATED — PID 28016 (backgroundTaskHost.exe)
2026-09-10 23:02:49 [argus.main] INFO EVENT: PROCESS_STARTED — PID 13056 (msedgewebview2.exe) parent=1280
2026-09-10 23:03:01 [argus.main] INFO EVENT: PROCESS_TERMINATED — PID 26176 (msedge.exe)
2026-09-10 23:03:09 [argus.main] INFO EVENT: PROCESS_STARTED — PID 576 (conhost.exe) parent=28184
2026-09-10 23:03:09 [argus.main] INFO EVENT: PROCESS_STARTED — PID 28184 (powershell.exe) parent=11972
2026-09-10 23:03:11 [argus.main] INFO EVENT: PROCESS_STARTED — PID 5504 (powershell.exe) parent=19040
2026-09-10 23:03:11 [argus.main] INFO EVENT: PROCESS_STARTED — PID 28532 (conhost.exe) parent=5504
2026-09-10 23:03:11 [argus.main] INFO EVENT: PROCESS_TERMINATED — PID 576 (conhost.exe)
2026-09-10 23:03:11 [argus.main] INFO EVENT: PROCESS_TERMINATED — PID 28184 (powershell.exe)
2026-09-10 23:03:13 [argus.main] INFO EVENT: PROCESS_STARTED — PID 18592 (msedge.exe) parent=22720
2026-09-10 23:03:13 [argus.main] INFO EVENT: PROCESS_TERMINATED — PID 5504 (powershell.exe)
2026-09-10 23:03:13 [argus.main] INFO EVENT: PROCESS_TERMINATED — PID 28532 (conhost.exe)
2026-09-10 23:03:17 [argus.main] INFO EVENT: PROCESS_STARTED — PID 6508 (conhost.exe) parent=20828
2026-09-10 23:03:17 [argus.main] INFO EVENT: PROCESS_STARTED — PID 20828 (powershell.exe) parent=11972
2026-09-10 23:03:19 [argus.main] INFO EVENT: PROCESS_TERMINATED — PID 13056 (msedgewebview2.exe)
2026-09-10 23:03:19 [argus.main] INFO EVENT: PROCESS_TERMINATED — PID 6508 (conhost.exe)
2026-09-10 23:03:19 [argus.main] INFO EVENT: PROCESS_TERMINATED — PID 20828 (powershell.exe)
2026-09-10 23:03:42 [argus.main] INFO EVENT: PROCESS_STARTED — PID 28424 (msedgewebview2.exe) parent=1280
2026-09-10 23:03:44 [argus.main] INFO EVENT: PROCESS_STARTED — PID 4284 (conhost.exe) parent=28480
2026-09-10 23:03:44 [argus.main] INFO EVENT: PROCESS_STARTED — PID 28480 (powershell.exe) parent=19040
2026-09-10 23:03:46 [argus.main] INFO EVENT: PROCESS_TERMINATED — PID 18592 (msedge.exe)
2026-09-10 23:03:46 [argus.main] INFO EVENT: PROCESS_TERMINATED — PID 4284 (conhost.exe)
2026-09-10 23:03:46 [argus.main] INFO EVENT: PROCESS_TERMINATED — PID 28480 (powershell.exe)
2026-09-10 23:03:52 [argus.main] INFO EVENT: PROCESS_STARTED — PID 13620 (msedge.exe) parent=22720
2026-09-10 23:04:12 [argus.main] INFO EVENT: PROCESS_STARTED — PID 11240 (conhost.exe) parent=25072
2026-09-10 23:04:12 [argus.main] INFO EVENT: PROCESS_STARTED — PID 25072 (powershell.exe) parent=11972
2026-09-10 23:04:12 [argus.main] INFO EVENT: PROCESS_TERMINATED — PID 28424 (msedgewebview2.exe)
2026-09-10 23:04:14 [argus.main] INFO EVENT: PROCESS_TERMINATED — PID 11240 (conhost.exe)
2026-09-10 23:04:14 [argus.main] INFO EVENT: PROCESS_TERMINATED — PID 25072 (powershell.exe)
2026-09-10 23:04:16 [argus.main] INFO EVENT: PROCESS_STARTED — PID 11172 (conhost.exe) parent=28200
2026-09-10 23:04:16 [argus.main] INFO EVENT: PROCESS_STARTED — PID 28200 (powershell.exe) parent=19040
2026-09-10 23:04:18 [argus.main] INFO EVENT: PROCESS_TERMINATED — PID 11172 (conhost.exe)
2026-09-10 23:04:18 [argus.main] INFO EVENT: PROCESS_TERMINATED — PID 28200 (powershell.exe)
2026-09-10 23:05:08 [argus.main] INFO EVENT: PROCESS_STARTED — PID 25996 (msedgewebview2.exe) parent=1280
2026-09-10 23:05:14 [argus.main] INFO EVENT: PROCESS_STARTED — PID 17232 (powershell.exe) parent=11972
2026-09-10 23:05:14 [argus.main] INFO EVENT: PROCESS_STARTED — PID 20240 (conhost.exe) parent=17232
2026-09-10 23:05:16 [argus.main] INFO EVENT: PROCESS_TERMINATED — PID 17232 (powershell.exe)
2026-09-10 23:05:16 [argus.main] INFO EVENT: PROCESS_TERMINATED — PID 20240 (conhost.exe)
2026-09-10 23:05:20 [argus.main] INFO EVENT: PROCESS_STARTED — PID 15892 (powershell.exe) parent=19040
2026-09-10 23:05:20 [argus.main] INFO EVENT: PROCESS_STARTED — PID 24360 (conhost.exe) parent=15892
2026-09-10 23:05:22 [argus.main] INFO EVENT: PROCESS_STARTED — PID 7880 (conhost.exe) parent=21968
2026-09-10 23:05:22 [argus.main] INFO EVENT: PROCESS_STARTED — PID 21968 (powershell.exe) parent=11972
2026-09-10 23:05:22 [argus.main] INFO EVENT: PROCESS_TERMINATED — PID 15892 (powershell.exe)
2026-09-10 23:05:22 [argus.main] INFO EVENT: PROCESS_TERMINATED — PID 24360 (conhost.exe)
2026-09-10 23:05:24 [argus.main] INFO EVENT: PROCESS_TERMINATED — PID 7880 (conhost.exe)
2026-09-10 23:05:24 [argus.main] INFO EVENT: PROCESS_TERMINATED — PID 21968 (powershell.exe)
2026-09-10 23:05:38 [argus.main] INFO EVENT: PROCESS_TERMINATED — PID 25996 (msedgewebview2.exe)
2026-09-10 23:06:16 [argus.main] INFO EVENT: PROCESS_STARTED — PID 17064 (conhost.exe) parent=27788
2026-09-10 23:06:16 [argus.main] INFO EVENT: PROCESS_STARTED — PID 27788 (powershell.exe) parent=11972
2026-09-10 23:06:18 [argus.main] INFO EVENT: PROCESS_TERMINATED — PID 17064 (conhost.exe)
2026-09-10 23:06:18 [argus.main] INFO EVENT: PROCESS_TERMINATED — PID 27788 (powershell.exe)
2026-09-10 23:06:28 [argus.main] INFO EVENT: PROCESS_STARTED — PID 8928 (ipconfig.exe) parent=3532
2026-09-10 23:06:28 [argus.main] INFO EVENT: PROCESS_STARTED — PID 17660 (conhost.exe) parent=8928
2026-09-10 23:06:30 [argus.main] INFO EVENT: PROCESS_TERMINATED — PID 8928 (ipconfig.exe)
2026-09-10 23:06:30 [argus.main] INFO EVENT: PROCESS_TERMINATED — PID 17660 (conhost.exe)
2026-09-10 23:06:56 [argus.main] INFO EVENT: PROCESS_STARTED — PID 12480 (msedgewebview2.exe) parent=1280
2026-09-10 23:06:58 [argus.main] INFO EVENT: PROCESS_TERMINATED — PID 22604 (audiodg.exe)
2026-09-10 23:07:18 [argus.main] INFO EVENT: PROCESS_STARTED — PID 10748 (conhost.exe) parent=28192
2026-09-10 23:07:18 [argus.main] INFO EVENT: PROCESS_STARTED — PID 28192 (powershell.exe) parent=11972
2026-09-10 23:07:20 [argus.main] INFO EVENT: PROCESS_TERMINATED — PID 10748 (conhost.exe)
2026-09-10 23:07:20 [argus.main] INFO EVENT: PROCESS_TERMINATED — PID 28192 (powershell.exe)
2026-09-10 23:07:23 [argus.main] INFO EVENT: PROCESS_STARTED — PID 2980 (svchost.exe) parent=1360
2026-09-10 23:07:29 [argus.main] INFO EVENT: PROCESS_TERMINATED — PID 12480 (msedgewebview2.exe)
2026-09-10 23:07:31 [argus.main] INFO EVENT: PROCESS_STARTED — PID 27552 (audiodg.exe) parent=3388
2026-09-10 23:08:05 [argus.main] INFO EVENT: PROCESS_STARTED — PID 4456 (msedgewebview2.exe) parent=1280
2026-09-10 23:08:21 [argus.main] INFO EVENT: PROCESS_STARTED — PID 20712 (conhost.exe) parent=22552
2026-09-10 23:08:21 [argus.main] INFO EVENT: PROCESS_STARTED — PID 22552 (powershell.exe) parent=11972
2026-09-10 23:08:21 [argus.main] INFO EVENT: PROCESS_TERMINATED — PID 27488 (WmiPrvSE.exe)
2026-09-10 23:08:23 [argus.main] INFO EVENT: PROCESS_STARTED — PID 18448 (WmiPrvSE.exe) parent=1596
2026-09-10 23:08:23 [argus.main] INFO EVENT: PROCESS_TERMINATED — PID 20712 (conhost.exe)
2026-09-10 23:08:23 [argus.main] INFO EVENT: PROCESS_TERMINATED — PID 22552 (powershell.exe)
2026-09-10 23:08:31 [argus.main] INFO EVENT: PROCESS_STARTED — PID 21660 (powershell.exe) parent=11972
2026-09-10 23:08:31 [argus.main] INFO EVENT: PROCESS_STARTED — PID 28264 (conhost.exe) parent=21660
2026-09-10 23:08:33 [argus.main] INFO EVENT: PROCESS_TERMINATED — PID 21660 (powershell.exe)
2026-09-10 23:08:33 [argus.main] INFO EVENT: PROCESS_TERMINATED — PID 28264 (conhost.exe)
2026-09-10 23:08:35 [argus.main] INFO EVENT: PROCESS_TERMINATED — PID 4456 (msedgewebview2.exe)
2026-09-10 23:09:03 [argus.main] INFO EVENT: PROCESS_STARTED — PID 15668 (conhost.exe) parent=23224
2026-09-10 23:09:03 [argus.main] INFO EVENT: PROCESS_STARTED — PID 23224 (powershell.exe) parent=11972
2026-09-10 23:09:05 [argus.main] INFO EVENT: PROCESS_TERMINATED — PID 15668 (conhost.exe)
2026-09-10 23:09:05 [argus.main] INFO EVENT: PROCESS_TERMINATED — PID 23224 (powershell.exe)
2026-09-10 23:09:33 [argus.main] INFO EVENT: PROCESS_STARTED — PID 26784 (conhost.exe) parent=27008
2026-09-10 23:09:33 [argus.main] INFO EVENT: PROCESS_STARTED — PID 27008 (powershell.exe) parent=11972
2026-09-10 23:09:35 [argus.main] INFO EVENT: PROCESS_TERMINATED — PID 26784 (conhost.exe)
2026-09-10 23:09:35 [argus.main] INFO EVENT: PROCESS_TERMINATED — PID 27008 (powershell.exe)
2026-09-10 23:09:49 [argus.main] INFO EVENT: PROCESS_STARTED — PID 26592 (ipconfig.exe) parent=11972
2026-09-10 23:09:51 [argus.main] INFO EVENT: PROCESS_TERMINATED — PID 26592 (ipconfig.exe)
2026-09-10 23:10:05 [argus.main] INFO EVENT: PROCESS_STARTED — PID 7616 (conhost.exe) parent=21144
2026-09-10 23:10:05 [argus.main] INFO EVENT: PROCESS_STARTED — PID 21144 (powershell.exe) parent=11972
2026-09-10 23:10:07 [argus.main] INFO EVENT: PROCESS_STARTED — PID 18144 (powershell.exe) parent=19040
2026-09-10 23:10:07 [argus.main] INFO EVENT: PROCESS_STARTED — PID 28576 (conhost.exe) parent=18144
2026-09-10 23:10:07 [argus.main] INFO EVENT: PROCESS_TERMINATED — PID 7616 (conhost.exe)
2026-09-10 23:10:07 [argus.main] INFO EVENT: PROCESS_TERMINATED — PID 21144 (powershell.exe)
2026-09-10 23:10:09 [argus.main] INFO EVENT: PROCESS_TERMINATED — PID 18144 (powershell.exe)
2026-09-10 23:10:09 [argus.main] INFO EVENT: PROCESS_TERMINATED — PID 28576 (conhost.exe)
2026-09-10 23:10:25 [argus.main] INFO EVENT: PROCESS_STARTED — PID 11152 (powershell.exe) parent=11972
2026-09-10 23:10:26 [argus.main] INFO EVENT: PROCESS_STARTED — PID 17108 (conhost.exe) parent=11152
2026-09-10 23:10:28 [argus.main] INFO EVENT: PROCESS_TERMINATED — PID 11152 (powershell.exe)
2026-09-10 23:10:28 [argus.main] INFO EVENT: PROCESS_TERMINATED — PID 17108 (conhost.exe)
2026-09-10 23:10:36 [argus.main] INFO EVENT: PROCESS_STARTED — PID 5000 (powershell.exe) parent=11972
2026-09-10 23:10:36 [argus.main] INFO EVENT: PROCESS_STARTED — PID 23436 (conhost.exe) parent=5000
2026-09-10 23:10:38 [argus.main] INFO EVENT: PROCESS_TERMINATED — PID 5000 (powershell.exe)
2026-09-10 23:10:38 [argus.main] INFO EVENT: PROCESS_TERMINATED — PID 23436 (conhost.exe)
2026-09-10 23:10:40 [argus.main] INFO EVENT: PROCESS_STARTED — PID 18596 (powershell.exe) parent=19040
2026-09-10 23:10:40 [argus.main] INFO EVENT: PROCESS_STARTED — PID 20912 (conhost.exe) parent=18596
2026-09-10 23:10:42 [argus.main] INFO EVENT: PROCESS_TERMINATED — PID 18596 (powershell.exe)
2026-09-10 23:10:42 [argus.main] INFO EVENT: PROCESS_TERMINATED — PID 20912 (conhost.exe)
2026-09-10 23:11:12 [argus.main] INFO EVENT: PROCESS_STARTED — PID 14732 (conhost.exe) parent=26168
2026-09-10 23:11:12 [argus.main] INFO EVENT: PROCESS_STARTED — PID 26168 (powershell.exe) parent=19040
2026-09-10 23:11:14 [argus.main] INFO EVENT: PROCESS_TERMINATED — PID 14732 (conhost.exe)
2026-09-10 23:11:14 [argus.main] INFO EVENT: PROCESS_TERMINATED — PID 26168 (powershell.exe)
2026-09-10 23:11:38 [argus.main] INFO EVENT: PROCESS_STARTED — PID 25772 (powershell.exe) parent=11972
2026-09-10 23:11:38 [argus.main] INFO EVENT: PROCESS_STARTED — PID 26688 (conhost.exe) parent=25772
2026-09-10 23:11:40 [argus.main] INFO EVENT: PROCESS_TERMINATED — PID 25772 (powershell.exe)
2026-09-10 23:11:40 [argus.main] INFO EVENT: PROCESS_TERMINATED — PID 26688 (conhost.exe)
2026-09-10 23:12:16 [argus.main] INFO EVENT: PROCESS_STARTED — PID 21244 (ROUTE.EXE) parent=11972
2026-09-10 23:12:18 [argus.main] INFO EVENT: PROCESS_TERMINATED — PID 21244 (ROUTE.EXE)
2026-09-10 23:12:26 [argus.main] INFO EVENT: PROCESS_STARTED — PID 19700 (<unknown-pid-19700>) parent=none
2026-09-10 23:12:28 [argus.main] INFO EVENT: PROCESS_TERMINATED — PID 19700 (<unknown-pid-19700>)
2026-09-10 23:12:42 [argus.main] INFO EVENT: PROCESS_TERMINATED — PID 27552 (audiodg.exe)
2026-09-10 23:13:00 [argus.main] INFO EVENT: PROCESS_STARTED — PID 3688 (ROUTE.EXE) parent=19040
2026-09-10 23:13:02 [argus.main] INFO EVENT: PROCESS_TERMINATED — PID 3688 (ROUTE.EXE)
2026-09-10 23:13:20 [argus.main] INFO EVENT: PROCESS_STARTED — PID 8732 (backgroundTaskHost.exe) parent=1596
2026-09-10 23:13:20 [argus.main] INFO EVENT: PROCESS_STARTED — PID 13092 (backgroundTaskHost.exe) parent=1596
2026-09-10 23:13:20 [argus.main] INFO EVENT: PROCESS_STARTED — PID 18856 (backgroundTaskHost.exe) parent=1596
2026-09-10 23:13:20 [argus.main] INFO EVENT: PROCESS_STARTED — PID 22056 (backgroundTaskHost.exe) parent=1596
2026-09-10 23:13:20 [argus.main] INFO EVENT: PROCESS_STARTED — PID 26124 (svchost.exe) parent=1360
2026-09-10 23:13:20 [argus.main] INFO EVENT: PROCESS_STARTED — PID 28040 (RuntimeBroker.exe) parent=1596
2026-09-10 23:13:30 [argus.main] INFO EVENT: PROCESS_STARTED — PID 1472 (powershell.exe) parent=11972
2026-09-10 23:13:30 [argus.main] INFO EVENT: PROCESS_STARTED — PID 21920 (conhost.exe) parent=1472
2026-09-10 23:13:30 [argus.main] INFO EVENT: PROCESS_TERMINATED — PID 13620 (msedge.exe)
2026-09-10 23:13:32 [argus.main] INFO EVENT: PROCESS_TERMINATED — PID 1472 (powershell.exe)
2026-09-10 23:13:32 [argus.main] INFO EVENT: PROCESS_TERMINATED — PID 21920 (conhost.exe)
2026-09-10 23:13:37 [argus.main] INFO EVENT: PROCESS_STARTED — PID 27424 (msedge.exe) parent=22720
2026-09-10 23:13:41 [argus.main] INFO EVENT: PROCESS_TERMINATED — PID 27424 (msedge.exe)
2026-09-10 23:13:47 [argus.main] INFO EVENT: PROCESS_STARTED — PID 28004 (msedge.exe) parent=22720
2026-09-10 23:14:01 [argus.main] INFO EVENT: PROCESS_TERMINATED — PID 28004 (msedge.exe)
2026-09-10 23:14:17 [argus.main] INFO EVENT: PROCESS_STARTED — PID 28340 (msedge.exe) parent=22720
2026-09-10 23:14:21 [argus.main] INFO EVENT: PROCESS_TERMINATED — PID 8732 (backgroundTaskHost.exe)
2026-09-10 23:14:21 [argus.main] INFO EVENT: PROCESS_TERMINATED — PID 18856 (backgroundTaskHost.exe)
2026-09-10 23:14:21 [argus.main] INFO EVENT: PROCESS_TERMINATED — PID 22056 (backgroundTaskHost.exe)
2026-09-10 23:14:21 [argus.main] INFO EVENT: PROCESS_TERMINATED — PID 28340 (msedge.exe)
2026-09-10 23:14:23 [argus.main] INFO EVENT: PROCESS_TERMINATED — PID 13092 (backgroundTaskHost.exe)
2026-09-10 23:14:27 [argus.main] INFO EVENT: PROCESS_STARTED — PID 27852 (msedge.exe) parent=22720
2026-09-10 23:14:33 [argus.main] INFO EVENT: PROCESS_STARTED — PID 9148 (conhost.exe) parent=28312
2026-09-10 23:14:33 [argus.main] INFO EVENT: PROCESS_STARTED — PID 28312 (powershell.exe) parent=11972
2026-09-10 23:14:35 [argus.main] INFO EVENT: PROCESS_TERMINATED — PID 9148 (conhost.exe)
2026-09-10 23:14:35 [argus.main] INFO EVENT: PROCESS_TERMINATED — PID 28312 (powershell.exe)
2026-09-10 23:14:41 [argus.main] INFO EVENT: PROCESS_STARTED — PID 11980 (svchost.exe) parent=1360
2026-09-10 23:14:41 [argus.main] INFO EVENT: PROCESS_TERMINATED — PID 27852 (msedge.exe)
2026-09-10 23:14:45 [argus.main] INFO EVENT: PROCESS_STARTED — PID 17452 (conhost.exe) parent=22008
2026-09-10 23:14:45 [argus.main] INFO EVENT: PROCESS_STARTED — PID 22008 (ROUTE.EXE) parent=11972
2026-09-10 23:14:47 [argus.main] INFO EVENT: PROCESS_STARTED — PID 10308 (msedge.exe) parent=22720
2026-09-10 23:14:47 [argus.main] INFO EVENT: PROCESS_STARTED — PID 17120 (conhost.exe) parent=26356
2026-09-10 23:14:47 [argus.main] INFO EVENT: PROCESS_STARTED — PID 26356 (powershell.exe) parent=11972
2026-09-10 23:14:47 [argus.main] INFO EVENT: PROCESS_TERMINATED — PID 17452 (conhost.exe)
2026-09-10 23:14:47 [argus.main] INFO EVENT: PROCESS_TERMINATED — PID 22008 (ROUTE.EXE)
2026-09-10 23:14:49 [argus.main] INFO EVENT: PROCESS_TERMINATED — PID 17120 (conhost.exe)
2026-09-10 23:14:49 [argus.main] INFO EVENT: PROCESS_TERMINATED — PID 26356 (powershell.exe)
2026-09-10 23:14:51 [argus.main] INFO EVENT: PROCESS_STARTED — PID 8304 (svchost.exe) parent=1360
2026-09-10 23:14:51 [argus.main] INFO EVENT: PROCESS_STARTED — PID 13292 (backgroundTaskHost.exe) parent=1596
2026-09-10 23:14:51 [argus.main] INFO EVENT: PROCESS_TERMINATED — PID 28040 (RuntimeBroker.exe)
2026-09-10 23:14:51 [argus.main] INFO EVENT: PROCESS_TERMINATED — PID 10308 (msedge.exe)
2026-09-10 23:14:53 [argus.main] INFO EVENT: PROCESS_STARTED — PID 15672 (conhost.exe) parent=17404
2026-09-10 23:14:53 [argus.main] INFO EVENT: PROCESS_STARTED — PID 17404 (powershell.exe) parent=19040
2026-09-10 23:14:54 [argus.main] INFO EVENT: PROCESS_STARTED — PID 23488 (RuntimeBroker.exe) parent=1596
2026-09-10 23:14:56 [argus.main] INFO EVENT: PROCESS_STARTED — PID 4220 (WmiPrvSE.exe) parent=1596
2026-09-10 23:14:56 [argus.main] INFO EVENT: PROCESS_STARTED — PID 20540 (sppsvc.exe) parent=1360
2026-09-10 23:14:56 [argus.main] INFO EVENT: PROCESS_STARTED — PID 26396 (RuntimeBroker.exe) parent=1596
2026-09-10 23:14:56 [argus.main] INFO EVENT: PROCESS_STARTED — PID 26872 (taskhostw.exe) parent=2996
2026-09-10 23:14:56 [argus.main] INFO EVENT: PROCESS_TERMINATED — PID 15672 (conhost.exe)
2026-09-10 23:14:56 [argus.main] INFO EVENT: PROCESS_TERMINATED — PID 17404 (powershell.exe)
2026-09-10 23:15:00 [argus.main] INFO EVENT: PROCESS_TERMINATED — PID 26872 (taskhostw.exe)
2026-09-10 23:15:18 [argus.main] INFO EVENT: PROCESS_STARTED — PID 4892 (powershell.exe) parent=11972
2026-09-10 23:15:18 [argus.main] INFO EVENT: PROCESS_STARTED — PID 26724 (conhost.exe) parent=4892
2026-09-10 23:15:20 [argus.main] INFO EVENT: PROCESS_TERMINATED — PID 4892 (powershell.exe)
2026-09-10 23:15:20 [argus.main] INFO EVENT: PROCESS_TERMINATED — PID 26724 (conhost.exe)
2026-09-10 23:15:26 [argus.main] INFO EVENT: PROCESS_STARTED — PID 3816 (conhost.exe) parent=15884
2026-09-10 23:15:26 [argus.main] INFO EVENT: PROCESS_STARTED — PID 15884 (powershell.exe) parent=19040
2026-09-10 23:15:28 [argus.main] INFO EVENT: PROCESS_TERMINATED — PID 20540 (sppsvc.exe)
2026-09-10 23:15:28 [argus.main] INFO EVENT: PROCESS_TERMINATED — PID 3816 (conhost.exe)
2026-09-10 23:15:28 [argus.main] INFO EVENT: PROCESS_TERMINATED — PID 15884 (powershell.exe)
2026-09-10 23:15:32 [argus.main] INFO EVENT: PROCESS_TERMINATED — PID 23488 (RuntimeBroker.exe)
2026-09-10 23:15:36 [argus.main] INFO EVENT: PROCESS_STARTED — PID 2000 (powershell.exe) parent=11972
2026-09-10 23:15:36 [argus.main] INFO EVENT: PROCESS_STARTED — PID 15800 (conhost.exe) parent=2000
2026-09-10 23:15:38 [argus.main] INFO EVENT: PROCESS_STARTED — PID 6856 (msedge.exe) parent=22720
2026-09-10 23:15:38 [argus.main] INFO EVENT: PROCESS_TERMINATED — PID 2000 (powershell.exe)
2026-09-10 23:15:38 [argus.main] INFO EVENT: PROCESS_TERMINATED — PID 15800 (conhost.exe)
2026-09-10 23:15:40 [argus.main] INFO EVENT: PROCESS_TERMINATED — PID 6856 (msedge.exe)
2026-09-10 23:15:43 [argus.main] INFO EVENT: PROCESS_STARTED — PID 10680 (ROUTE.EXE) parent=19040
2026-09-10 23:15:43 [argus.main] INFO EVENT: PROCESS_STARTED — PID 17324 (<unknown-pid-17324>) parent=10680
2026-09-10 23:15:45 [argus.main] INFO EVENT: PROCESS_TERMINATED — PID 10680 (ROUTE.EXE)
2026-09-10 23:15:45 [argus.main] INFO EVENT: PROCESS_TERMINATED — PID 17324 (<unknown-pid-17324>)
2026-09-10 23:15:49 [argus.main] INFO EVENT: PROCESS_STARTED — PID 20052 (powershell.exe) parent=11972
2026-09-10 23:15:49 [argus.main] INFO EVENT: PROCESS_STARTED — PID 27564 (conhost.exe) parent=20052
2026-09-10 23:15:51 [argus.main] INFO EVENT: PROCESS_TERMINATED — PID 20052 (powershell.exe)
2026-09-10 23:15:51 [argus.main] INFO EVENT: PROCESS_TERMINATED — PID 27564 (conhost.exe)
2026-09-10 23:15:55 [argus.main] INFO EVENT: PROCESS_TERMINATED — PID 8304 (svchost.exe)
2026-09-10 23:15:57 [argus.main] INFO EVENT: PROCESS_STARTED — PID 17024 (powershell.exe) parent=19040
2026-09-10 23:15:57 [argus.main] INFO EVENT: PROCESS_STARTED — PID 28304 (conhost.exe) parent=17024
2026-09-10 23:15:57 [argus.main] INFO EVENT: PROCESS_TERMINATED — PID 13292 (backgroundTaskHost.exe)
2026-09-10 23:15:57 [argus.main] INFO EVENT: PROCESS_TERMINATED — PID 4220 (WmiPrvSE.exe)
2026-09-10 23:15:59 [argus.main] INFO EVENT: PROCESS_TERMINATED — PID 17024 (powershell.exe)
2026-09-10 23:15:59 [argus.main] INFO EVENT: PROCESS_TERMINATED — PID 28304 (conhost.exe)
2026-09-10 23:16:01 [argus.main] INFO EVENT: PROCESS_STARTED — PID 23176 (msedge.exe) parent=22720
2026-09-10 23:16:19 [argus.main] INFO EVENT: PROCESS_STARTED — PID 9192 (powershell.exe) parent=11972
2026-09-10 23:16:19 [argus.main] INFO EVENT: PROCESS_STARTED — PID 26772 (conhost.exe) parent=9192
2026-09-10 23:16:21 [argus.main] INFO EVENT: PROCESS_TERMINATED — PID 9192 (powershell.exe)
2026-09-10 23:16:21 [argus.main] INFO EVENT: PROCESS_TERMINATED — PID 26772 (conhost.exe)
2026-09-10 23:16:25 [argus.main] INFO EVENT: PROCESS_TERMINATED — PID 26396 (RuntimeBroker.exe)
2026-09-10 23:16:27 [argus.main] INFO EVENT: PROCESS_STARTED — PID 25636 (powershell.exe) parent=19040
2026-09-10 23:16:27 [argus.main] INFO EVENT: PROCESS_STARTED — PID 26812 (conhost.exe) parent=25636
2026-09-10 23:16:29 [argus.main] INFO EVENT: PROCESS_STARTED — PID 10020 (ROUTE.EXE) parent=3532
2026-09-10 23:16:29 [argus.main] INFO EVENT: PROCESS_STARTED — PID 19424 (ipconfig.exe) parent=11972
2026-09-10 23:16:29 [argus.main] INFO EVENT: PROCESS_TERMINATED — PID 25636 (powershell.exe)
2026-09-10 23:16:29 [argus.main] INFO EVENT: PROCESS_TERMINATED — PID 26812 (conhost.exe)
2026-09-10 23:16:31 [argus.main] INFO EVENT: PROCESS_TERMINATED — PID 10020 (ROUTE.EXE)
2026-09-10 23:16:31 [argus.main] INFO EVENT: PROCESS_TERMINATED — PID 19424 (ipconfig.exe)
2026-09-10 23:16:37 [argus.main] INFO EVENT: PROCESS_STARTED — PID 7040 (powershell.exe) parent=11972
2026-09-10 23:16:37 [argus.main] INFO EVENT: PROCESS_STARTED — PID 13568 (conhost.exe) parent=7040
2026-09-10 23:16:40 [argus.main] INFO EVENT: PROCESS_TERMINATED — PID 7040 (powershell.exe)
2026-09-10 23:16:40 [argus.main] INFO EVENT: PROCESS_TERMINATED — PID 13568 (conhost.exe)
2026-09-10 23:16:52 [argus.main] INFO EVENT: PROCESS_STARTED — PID 15276 (conhost.exe) parent=26864
2026-09-10 23:16:52 [argus.main] INFO EVENT: PROCESS_STARTED — PID 26864 (powershell.exe) parent=11972
2026-09-10 23:16:54 [argus.main] INFO EVENT: PROCESS_TERMINATED — PID 15276 (conhost.exe)
2026-09-10 23:16:54 [argus.main] INFO EVENT: PROCESS_TERMINATED — PID 26864 (powershell.exe)
2026-09-10 23:16:58 [argus.main] INFO EVENT: PROCESS_STARTED — PID 11232 (conhost.exe) parent=28328
2026-09-10 23:16:58 [argus.main] INFO EVENT: PROCESS_STARTED — PID 28328 (powershell.exe) parent=19040
2026-09-10 23:17:00 [argus.main] INFO EVENT: PROCESS_TERMINATED — PID 11232 (conhost.exe)
2026-09-10 23:17:00 [argus.main] INFO EVENT: PROCESS_TERMINATED — PID 28328 (powershell.exe)
2026-09-10 23:17:22 [argus.main] INFO EVENT: PROCESS_TERMINATED — PID 2980 (svchost.exe)
2026-09-10 23:17:40 [argus.main] INFO EVENT: PROCESS_STARTED — PID 25804 (conhost.exe) parent=25808
2026-09-10 23:17:40 [argus.main] INFO EVENT: PROCESS_STARTED — PID 25808 (powershell.exe) parent=11972
2026-09-10 23:17:42 [argus.main] INFO EVENT: PROCESS_TERMINATED — PID 25804 (conhost.exe)
2026-09-10 23:17:42 [argus.main] INFO EVENT: PROCESS_TERMINATED — PID 25808 (powershell.exe)
2026-09-10 23:17:58 [argus.main] INFO EVENT: PROCESS_STARTED — PID 6660 (conhost.exe) parent=14076
2026-09-10 23:17:58 [argus.main] INFO EVENT: PROCESS_STARTED — PID 14076 (ROUTE.EXE) parent=19040
2026-09-10 23:18:00 [argus.main] INFO EVENT: PROCESS_TERMINATED — PID 6660 (conhost.exe)
2026-09-10 23:18:00 [argus.main] INFO EVENT: PROCESS_TERMINATED — PID 14076 (ROUTE.EXE)
2026-09-10 23:18:02 [argus.main] INFO EVENT: PROCESS_STARTED — PID 12660 (RuntimeBroker.exe) parent=1596
2026-09-10 23:18:02 [argus.main] INFO EVENT: PROCESS_STARTED — PID 14588 (svchost.exe) parent=1360
2026-09-10 23:18:02 [argus.main] INFO EVENT: PROCESS_STARTED — PID 16052 (backgroundTaskHost.exe) parent=1596
2026-09-10 23:18:02 [argus.main] INFO EVENT: PROCESS_STARTED — PID 19036 (backgroundTaskHost.exe) parent=1596
2026-09-10 23:18:06 [argus.main] INFO EVENT: PROCESS_STARTED — PID 15412 (msedgewebview2.exe) parent=1280
2026-09-10 23:18:28 [argus.main] INFO EVENT: PROCESS_STARTED — PID 2804 (<unknown-pid-2804>) parent=none
2026-09-10 23:18:31 [argus.main] INFO EVENT: PROCESS_TERMINATED — PID 2804 (<unknown-pid-2804>)
2026-09-10 23:18:37 [argus.main] INFO EVENT: PROCESS_TERMINATED — PID 15412 (msedgewebview2.exe)
2026-09-10 23:18:43 [argus.main] INFO EVENT: PROCESS_STARTED — PID 22376 (powershell.exe) parent=11972
2026-09-10 23:18:45 [argus.main] INFO EVENT: PROCESS_TERMINATED — PID 22376 (powershell.exe)
2026-09-10 23:18:59 [argus.main] INFO EVENT: PROCESS_STARTED — PID 15748 (conhost.exe) parent=20068
2026-09-10 23:18:59 [argus.main] INFO EVENT: PROCESS_STARTED — PID 20068 (powershell.exe) parent=11972
2026-09-10 23:19:01 [argus.main] INFO EVENT: PROCESS_TERMINATED — PID 15748 (conhost.exe)
2026-09-10 23:19:01 [argus.main] INFO EVENT: PROCESS_TERMINATED — PID 20068 (powershell.exe)
2026-09-10 23:19:03 [argus.main] INFO EVENT: PROCESS_TERMINATED — PID 16052 (backgroundTaskHost.exe)
2026-09-10 23:19:05 [argus.main] INFO EVENT: PROCESS_TERMINATED — PID 19036 (backgroundTaskHost.exe)
2026-09-10 23:19:29 [argus.main] INFO EVENT: PROCESS_STARTED — PID 12676 (powershell.exe) parent=11972
2026-09-10 23:19:29 [argus.main] INFO EVENT: PROCESS_STARTED — PID 20944 (conhost.exe) parent=12676
2026-09-10 23:19:31 [argus.main] INFO EVENT: PROCESS_TERMINATED — PID 12676 (powershell.exe)
2026-09-10 23:19:31 [argus.main] INFO EVENT: PROCESS_TERMINATED — PID 20944 (conhost.exe)
2026-09-10 23:19:33 [argus.main] INFO EVENT: PROCESS_STARTED — PID 8428 (conhost.exe) parent=19140
2026-09-10 23:19:33 [argus.main] INFO EVENT: PROCESS_STARTED — PID 19140 (powershell.exe) parent=19040
2026-09-10 23:19:33 [argus.main] INFO EVENT: PROCESS_TERMINATED — PID 12660 (RuntimeBroker.exe)
2026-09-10 23:19:35 [argus.main] INFO EVENT: PROCESS_TERMINATED — PID 8428 (conhost.exe)
2026-09-10 23:19:35 [argus.main] INFO EVENT: PROCESS_TERMINATED — PID 19140 (powershell.exe)
2026-09-10 23:19:43 [argus.main] INFO EVENT: PROCESS_STARTED — PID 19696 (powershell.exe) parent=11972
2026-09-10 23:19:43 [argus.main] INFO EVENT: PROCESS_STARTED — PID 28204 (conhost.exe) parent=19696
2026-09-10 23:19:45 [argus.main] INFO EVENT: PROCESS_TERMINATED — PID 19696 (powershell.exe)
2026-09-10 23:19:45 [argus.main] INFO EVENT: PROCESS_TERMINATED — PID 28204 (conhost.exe)
2026-09-10 23:19:55 [argus.main] INFO EVENT: PROCESS_STARTED — PID 24424 (ipconfig.exe) parent=19040
2026-09-10 23:19:57 [argus.main] INFO EVENT: PROCESS_STARTED — PID 2396 (ipconfig.exe) parent=11972
2026-09-10 23:19:57 [argus.main] INFO EVENT: PROCESS_TERMINATED — PID 24424 (ipconfig.exe)
2026-09-10 23:19:59 [argus.main] INFO EVENT: PROCESS_TERMINATED — PID 2396 (ipconfig.exe)
2026-09-10 23:20:01 [argus.main] INFO EVENT: PROCESS_STARTED — PID 17004 (powershell.exe) parent=11972
2026-09-10 23:20:01 [argus.main] INFO EVENT: PROCESS_STARTED — PID 24036 (conhost.exe) parent=17004
2026-09-10 23:20:03 [argus.main] INFO EVENT: PROCESS_TERMINATED — PID 17004 (powershell.exe)
2026-09-10 23:20:03 [argus.main] INFO EVENT: PROCESS_TERMINATED — PID 24036 (conhost.exe)
2026-09-10 23:20:06 [argus.main] INFO EVENT: PROCESS_STARTED — PID 1668 (powershell.exe) parent=19040
2026-09-10 23:20:06 [argus.main] INFO EVENT: PROCESS_STARTED — PID 2580 (conhost.exe) parent=1668
2026-09-10 23:20:08 [argus.main] INFO EVENT: PROCESS_TERMINATED — PID 1668 (powershell.exe)
2026-09-10 23:20:08 [argus.main] INFO EVENT: PROCESS_TERMINATED — PID 2580 (conhost.exe)
2026-09-10 23:20:32 [argus.main] INFO EVENT: PROCESS_STARTED — PID 23332 (powershell.exe) parent=11972
2026-09-10 23:20:32 [argus.main] INFO EVENT: PROCESS_STARTED — PID 28072 (conhost.exe) parent=23332
2026-09-10 23:20:34 [argus.main] INFO EVENT: PROCESS_TERMINATED — PID 23332 (powershell.exe)
2026-09-10 23:20:34 [argus.main] INFO EVENT: PROCESS_TERMINATED — PID 28072 (conhost.exe)
2026-09-10 23:20:38 [argus.main] INFO EVENT: PROCESS_STARTED — PID 920 (powershell.exe) parent=19040
2026-09-10 23:20:38 [argus.main] INFO EVENT: PROCESS_STARTED — PID 21456 (conhost.exe) parent=920
2026-09-10 23:20:40 [argus.main] INFO EVENT: PROCESS_TERMINATED — PID 920 (powershell.exe)
2026-09-10 23:20:40 [argus.main] INFO EVENT: PROCESS_TERMINATED — PID 21456 (conhost.exe)
2026-09-10 23:20:46 [argus.main] INFO EVENT: PROCESS_STARTED — PID 1640 (conhost.exe) parent=9120
2026-09-10 23:20:46 [argus.main] INFO EVENT: PROCESS_STARTED — PID 9120 (powershell.exe) parent=11972
2026-09-10 23:20:48 [argus.main] INFO EVENT: PROCESS_TERMINATED — PID 1640 (conhost.exe)
2026-09-10 23:20:48 [argus.main] INFO EVENT: PROCESS_TERMINATED — PID 9120 (powershell.exe)
2026-09-10 23:21:02 [argus.main] INFO EVENT: PROCESS_STARTED — PID 25804 (ipconfig.exe) parent=11972
2026-09-10 23:21:02 [argus.main] INFO EVENT: PROCESS_STARTED — PID 28080 (<unknown-pid-28080>) parent=none
2026-09-10 23:21:04 [argus.main] INFO EVENT: PROCESS_TERMINATED — PID 25804 (ipconfig.exe)
2026-09-10 23:21:04 [argus.main] INFO EVENT: PROCESS_TERMINATED — PID 28080 (<unknown-pid-28080>)
2026-09-10 23:21:36 [argus.main] INFO EVENT: PROCESS_STARTED — PID 8732 (conhost.exe) parent=26416
2026-09-10 23:21:36 [argus.main] INFO EVENT: PROCESS_STARTED — PID 11240 (MoUsoCoreWorker.exe) parent=2476
2026-09-10 23:21:36 [argus.main] INFO EVENT: PROCESS_STARTED — PID 26416 (powershell.exe) parent=11972
2026-09-10 23:21:38 [argus.main] INFO EVENT: PROCESS_TERMINATED — PID 8732 (conhost.exe)
2026-09-10 23:21:38 [argus.main] INFO EVENT: PROCESS_TERMINATED — PID 26416 (powershell.exe)
2026-09-10 23:21:43 [argus.main] INFO EVENT: PROCESS_STARTED — PID 20548 (powershell.exe) parent=19040
2026-09-10 23:21:43 [argus.main] INFO EVENT: PROCESS_STARTED — PID 27508 (conhost.exe) parent=20548
2026-09-10 23:21:45 [argus.main] INFO EVENT: PROCESS_TERMINATED — PID 20548 (powershell.exe)
2026-09-10 23:21:45 [argus.main] INFO EVENT: PROCESS_TERMINATED — PID 27508 (conhost.exe)
2026-09-10 23:21:47 [argus.main] INFO EVENT: PROCESS_STARTED — PID 22052 (powershell.exe) parent=11972
2026-09-10 23:21:47 [argus.main] INFO EVENT: PROCESS_STARTED — PID 25936 (conhost.exe) parent=22052
2026-09-10 23:21:49 [argus.main] INFO EVENT: PROCESS_TERMINATED — PID 22052 (powershell.exe)
2026-09-10 23:21:49 [argus.main] INFO EVENT: PROCESS_TERMINATED — PID 25936 (conhost.exe)
2026-09-10 23:22:07 [argus.main] INFO EVENT: PROCESS_STARTED — PID 24936 (OfficeC2RClient.exe) parent=2996
2026-09-10 23:22:09 [argus.main] INFO EVENT: PROCESS_TERMINATED — PID 24936 (OfficeC2RClient.exe)
2026-09-10 23:22:21 [argus.main] INFO EVENT: PROCESS_STARTED — PID 15636 (svchost.exe) parent=1360
2026-09-10 23:22:37 [argus.main] INFO EVENT: PROCESS_TERMINATED — PID 11240 (MoUsoCoreWorker.exe)
2026-09-10 23:22:41 [argus.main] INFO EVENT: PROCESS_STARTED — PID 12284 (conhost.exe) parent=18144
2026-09-10 23:22:41 [argus.main] INFO EVENT: PROCESS_STARTED — PID 18144 (ROUTE.EXE) parent=19040
2026-09-10 23:22:41 [argus.main] INFO EVENT: PROCESS_STARTED — PID 28080 (conhost.exe) parent=28284
2026-09-10 23:22:41 [argus.main] INFO EVENT: PROCESS_STARTED — PID 28284 (powershell.exe) parent=11972
2026-09-10 23:22:43 [argus.main] INFO EVENT: PROCESS_TERMINATED — PID 12284 (conhost.exe)
2026-09-10 23:22:43 [argus.main] INFO EVENT: PROCESS_TERMINATED — PID 18144 (ROUTE.EXE)
2026-09-10 23:22:43 [argus.main] INFO EVENT: PROCESS_TERMINATED — PID 28080 (conhost.exe)
2026-09-10 23:22:43 [argus.main] INFO EVENT: PROCESS_TERMINATED — PID 28284 (powershell.exe)
2026-09-10 23:22:45 [argus.main] INFO EVENT: PROCESS_STARTED — PID 4452 (conhost.exe) parent=26752
2026-09-10 23:22:45 [argus.main] INFO EVENT: PROCESS_STARTED — PID 26752 (powershell.exe) parent=19040
2026-09-10 23:22:47 [argus.main] INFO EVENT: PROCESS_TERMINATED — PID 4452 (conhost.exe)
2026-09-10 23:22:47 [argus.main] INFO EVENT: PROCESS_TERMINATED — PID 26752 (powershell.exe)
2026-09-10 23:22:49 [argus.main] INFO EVENT: PROCESS_STARTED — PID 11232 (conhost.exe) parent=15864
2026-09-10 23:22:49 [argus.main] INFO EVENT: PROCESS_STARTED — PID 15864 (powershell.exe) parent=11972
2026-09-10 23:22:51 [argus.main] INFO EVENT: PROCESS_TERMINATED — PID 11232 (conhost.exe)
2026-09-10 23:22:51 [argus.main] INFO EVENT: PROCESS_TERMINATED — PID 15864 (powershell.exe)
2026-09-10 23:23:16 [argus.main] INFO EVENT: PROCESS_STARTED — PID 14880 (conhost.exe) parent=19800
2026-09-10 23:23:16 [argus.main] INFO EVENT: PROCESS_STARTED — PID 19800 (powershell.exe) parent=19040
2026-09-10 23:23:18 [argus.main] INFO EVENT: PROCESS_TERMINATED — PID 14880 (conhost.exe)
2026-09-10 23:23:18 [argus.main] INFO EVENT: PROCESS_TERMINATED — PID 19800 (powershell.exe)
2026-09-10 23:23:50 [argus.main] INFO EVENT: PROCESS_STARTED — PID 19036 (conhost.exe) parent=23912
2026-09-10 23:23:50 [argus.main] INFO EVENT: PROCESS_STARTED — PID 23912 (powershell.exe) parent=11972
2026-09-10 23:23:50 [argus.main] INFO EVENT: PROCESS_TERMINATED — PID 18448 (WmiPrvSE.exe)
2026-09-10 23:23:52 [argus.main] INFO EVENT: PROCESS_STARTED — PID 2968 (WmiPrvSE.exe) parent=1596
2026-09-10 23:23:52 [argus.main] INFO EVENT: PROCESS_TERMINATED — PID 19036 (conhost.exe)
2026-09-10 23:23:52 [argus.main] INFO EVENT: PROCESS_TERMINATED — PID 23912 (powershell.exe)
2026-09-10 23:24:04 [argus.main] INFO EVENT: PROCESS_TERMINATED — PID 14588 (svchost.exe)
2026-09-10 23:24:14 [argus.main] INFO EVENT: PROCESS_STARTED — PID 9744 (conhost.exe) parent=27728
2026-09-10 23:24:14 [argus.main] INFO EVENT: PROCESS_STARTED — PID 27728 (powershell.exe) parent=11972
2026-09-10 23:24:16 [argus.main] INFO EVENT: PROCESS_TERMINATED — PID 9744 (conhost.exe)
2026-09-10 23:24:16 [argus.main] INFO EVENT: PROCESS_TERMINATED — PID 27728 (powershell.exe)
2026-09-10 23:24:18 [argus.main] INFO EVENT: PROCESS_STARTED — PID 11164 (svchost.exe) parent=1360
2026-09-10 23:24:18 [argus.main] INFO EVENT: PROCESS_STARTED — PID 18828 (conhost.exe) parent=28312
2026-09-10 23:24:18 [argus.main] INFO EVENT: PROCESS_STARTED — PID 28312 (powershell.exe) parent=19040
2026-09-10 23:24:20 [argus.main] INFO EVENT: PROCESS_TERMINATED — PID 26124 (svchost.exe)
2026-09-10 23:24:20 [argus.main] INFO EVENT: PROCESS_TERMINATED — PID 18828 (conhost.exe)
2026-09-10 23:24:20 [argus.main] INFO EVENT: PROCESS_TERMINATED — PID 28312 (powershell.exe)
2026-09-10 23:24:52 [argus.main] INFO EVENT: PROCESS_STARTED — PID 17560 (conhost.exe) parent=20160
2026-09-10 23:24:52 [argus.main] INFO EVENT: PROCESS_STARTED — PID 20160 (powershell.exe) parent=11972
2026-09-10 23:24:54 [argus.main] INFO EVENT: PROCESS_TERMINATED — PID 17560 (conhost.exe)
2026-09-10 23:24:55 [argus.main] INFO EVENT: PROCESS_TERMINATED — PID 20160 (powershell.exe)
2026-09-10 23:25:19 [argus.main] INFO EVENT: PROCESS_STARTED — PID 21920 (<unknown-pid-21920>) parent=28652
2026-09-10 23:25:21 [argus.main] INFO EVENT: PROCESS_TERMINATED — PID 21920 (<unknown-pid-21920>)
2026-09-10 23:25:23 [argus.main] INFO EVENT: PROCESS_STARTED — PID 11892 (<unknown-pid-11892>) parent=19040
2026-09-10 23:25:25 [argus.main] INFO EVENT: PROCESS_TERMINATED — PID 11892 (<unknown-pid-11892>)
2026-09-10 23:25:33 [argus.main] INFO EVENT: PROCESS_TERMINATED — PID 11164 (svchost.exe)
2026-09-10 23:25:55 [argus.main] INFO EVENT: PROCESS_STARTED — PID 4284 (conhost.exe) parent=11172
2026-09-10 23:25:55 [argus.main] INFO EVENT: PROCESS_STARTED — PID 11172 (powershell.exe) parent=19040
2026-09-10 23:25:55 [argus.main] INFO EVENT: PROCESS_STARTED — PID 28472 (conhost.exe) parent=28636
2026-09-10 23:25:55 [argus.main] INFO EVENT: PROCESS_STARTED — PID 28636 (powershell.exe) parent=11972
2026-09-10 23:25:57 [argus.main] INFO EVENT: PROCESS_TERMINATED — PID 4284 (conhost.exe)
2026-09-10 23:25:57 [argus.main] INFO EVENT: PROCESS_TERMINATED — PID 11172 (powershell.exe)
2026-09-10 23:25:57 [argus.main] INFO EVENT: PROCESS_TERMINATED — PID 28472 (conhost.exe)
2026-09-10 23:25:57 [argus.main] INFO EVENT: PROCESS_TERMINATED — PID 28636 (powershell.exe)
2026-09-10 23:26:21 [argus.main] INFO EVENT: PROCESS_STARTED — PID 2000 (powershell.exe) parent=11972
2026-09-10 23:26:21 [argus.main] INFO EVENT: PROCESS_STARTED — PID 23024 (conhost.exe) parent=2000
2026-09-10 23:26:23 [argus.main] INFO EVENT: PROCESS_TERMINATED — PID 2000 (powershell.exe)
2026-09-10 23:26:23 [argus.main] INFO EVENT: PROCESS_TERMINATED — PID 23024 (conhost.exe)
2026-09-10 23:26:55 [argus.main] INFO EVENT: PROCESS_STARTED — PID 19680 (powershell.exe) parent=11972
2026-09-10 23:26:55 [argus.main] INFO EVENT: PROCESS_STARTED — PID 22920 (conhost.exe) parent=19680
2026-09-10 23:26:57 [argus.main] INFO EVENT: PROCESS_TERMINATED — PID 19680 (powershell.exe)
2026-09-10 23:26:57 [argus.main] INFO EVENT: PROCESS_TERMINATED — PID 22920 (conhost.exe)
2026-09-10 23:27:58 [argus.main] INFO EVENT: PROCESS_STARTED — PID 21932 (ARP.EXE) parent=11972
2026-09-10 23:28:00 [argus.main] INFO EVENT: PROCESS_TERMINATED — PID 21932 (ARP.EXE)
2026-09-10 23:28:02 [argus.main] INFO EVENT: PROCESS_STARTED — PID 2196 (conhost.exe) parent=21244
2026-09-10 23:28:02 [argus.main] INFO EVENT: PROCESS_STARTED — PID 21244 (powershell.exe) parent=19040
2026-09-10 23:28:04 [argus.main] INFO EVENT: PROCESS_TERMINATED — PID 2196 (conhost.exe)
2026-09-10 23:28:04 [argus.main] INFO EVENT: PROCESS_TERMINATED — PID 21244 (powershell.exe)
2026-09-10 23:28:32 [argus.main] INFO EVENT: PROCESS_STARTED — PID 12740 (powershell.exe) parent=11972
2026-09-10 23:28:32 [argus.main] INFO EVENT: PROCESS_STARTED — PID 16224 (conhost.exe) parent=12740
2026-09-10 23:28:34 [argus.main] INFO EVENT: PROCESS_TERMINATED — PID 12740 (powershell.exe)
2026-09-10 23:28:34 [argus.main] INFO EVENT: PROCESS_TERMINATED — PID 16224 (conhost.exe)
2026-09-10 23:28:58 [argus.main] INFO EVENT: PROCESS_STARTED — PID 10440 (conhost.exe) parent=18632
2026-09-10 23:28:58 [argus.main] INFO EVENT: PROCESS_STARTED — PID 18632 (powershell.exe) parent=11972
2026-09-10 23:29:00 [argus.main] INFO EVENT: PROCESS_TERMINATED — PID 10440 (conhost.exe)
2026-09-10 23:29:00 [argus.main] INFO EVENT: PROCESS_TERMINATED — PID 18632 (powershell.exe)
2026-09-10 23:29:04 [argus.main] INFO EVENT: PROCESS_STARTED — PID 18740 (conhost.exe) parent=21576
2026-09-10 23:29:06 [argus.main] INFO EVENT: PROCESS_TERMINATED — PID 18740 (conhost.exe)
2026-09-10 23:29:38 [argus.main] INFO EVENT: PROCESS_STARTED — PID 21096 (powershell.exe) parent=19040
2026-09-10 23:29:38 [argus.main] INFO EVENT: PROCESS_STARTED — PID 27788 (conhost.exe) parent=21096
2026-09-10 23:29:40 [argus.main] INFO EVENT: PROCESS_TERMINATED — PID 21096 (powershell.exe)
2026-09-10 23:29:40 [argus.main] INFO EVENT: PROCESS_TERMINATED — PID 27788 (conhost.exe)
2026-09-10 23:30:00 [argus.main] INFO EVENT: PROCESS_STARTED — PID 14688 (powershell.exe) parent=11972
2026-09-10 23:30:01 [argus.main] INFO EVENT: PROCESS_STARTED — PID 22592 (conhost.exe) parent=14688
2026-09-10 23:30:03 [argus.main] INFO EVENT: PROCESS_TERMINATED — PID 14688 (powershell.exe)
2026-09-10 23:30:03 [argus.main] INFO EVENT: PROCESS_TERMINATED — PID 22592 (conhost.exe)
2026-09-10 23:30:05 [argus.main] INFO EVENT: PROCESS_STARTED — PID 9116 (powershell.exe) parent=11972
2026-09-10 23:30:05 [argus.main] INFO EVENT: PROCESS_STARTED — PID 25008 (conhost.exe) parent=9116
2026-09-10 23:30:07 [argus.main] INFO EVENT: PROCESS_TERMINATED — PID 9116 (powershell.exe)
2026-09-10 23:30:07 [argus.main] INFO EVENT: PROCESS_TERMINATED — PID 25008 (conhost.exe)
2026-09-10 23:30:09 [argus.main] INFO EVENT: PROCESS_STARTED — PID 26888 (ipconfig.exe) parent=11972
2026-09-10 23:30:09 [argus.main] INFO EVENT: PROCESS_STARTED — PID 28120 (backgroundTaskHost.exe) parent=1596
2026-09-10 23:30:11 [argus.main] INFO EVENT: PROCESS_STARTED — PID 10252 (powershell.exe) parent=19040
2026-09-10 23:30:11 [argus.main] INFO EVENT: PROCESS_STARTED — PID 26152 (conhost.exe) parent=10252
2026-09-10 23:30:11 [argus.main] INFO EVENT: PROCESS_TERMINATED — PID 26888 (ipconfig.exe)
2026-09-10 23:30:13 [argus.main] INFO EVENT: PROCESS_STARTED — PID 23896 (RuntimeBroker.exe) parent=1596
2026-09-10 23:30:13 [argus.main] INFO EVENT: PROCESS_STARTED — PID 24820 (WmiPrvSE.exe) parent=1596
2026-09-10 23:30:13 [argus.main] INFO EVENT: PROCESS_STARTED — PID 25936 (svchost.exe) parent=1360
2026-09-10 23:30:13 [argus.main] INFO EVENT: PROCESS_TERMINATED — PID 10252 (powershell.exe)
2026-09-10 23:30:13 [argus.main] INFO EVENT: PROCESS_TERMINATED — PID 26152 (conhost.exe)
2026-09-10 23:30:35 [argus.main] INFO EVENT: PROCESS_STARTED — PID 7884 (conhost.exe) parent=14532
2026-09-10 23:30:35 [argus.main] INFO EVENT: PROCESS_STARTED — PID 14532 (powershell.exe) parent=11972
2026-09-10 23:30:37 [argus.main] INFO EVENT: PROCESS_TERMINATED — PID 7884 (conhost.exe)
2026-09-10 23:30:37 [argus.main] INFO EVENT: PROCESS_TERMINATED — PID 14532 (powershell.exe)
2026-09-10 23:30:41 [argus.main] INFO EVENT: PROCESS_STARTED — PID 2844 (conhost.exe) parent=24456
2026-09-10 23:30:42 [argus.main] INFO EVENT: PROCESS_STARTED — PID 24456 (powershell.exe) parent=19040
2026-09-10 23:30:44 [argus.main] INFO EVENT: PROCESS_TERMINATED — PID 2844 (conhost.exe)
2026-09-10 23:30:44 [argus.main] INFO EVENT: PROCESS_TERMINATED — PID 24456 (powershell.exe)
2026-09-10 23:30:56 [argus.main] INFO EVENT: PROCESS_STARTED — PID 6300 (<unknown-pid-6300>) parent=none
2026-09-10 23:30:56 [argus.main] INFO EVENT: PROCESS_STARTED — PID 17080 (SnippingTool.exe) parent=10872
2026-09-10 23:30:58 [argus.main] INFO EVENT: PROCESS_TERMINATED — PID 6300 (<unknown-pid-6300>)
2026-09-10 23:31:04 [argus.main] INFO EVENT: PROCESS_STARTED — PID 7880 (audiodg.exe) parent=3388
2026-09-10 23:31:04 [argus.main] INFO EVENT: PROCESS_STARTED — PID 12608 (powershell.exe) parent=11972
2026-09-10 23:31:04 [argus.main] INFO EVENT: PROCESS_STARTED — PID 27980 (conhost.exe) parent=12608
2026-09-10 23:31:04 [argus.main] INFO EVENT: PROCESS_TERMINATED — PID 17080 (SnippingTool.exe)
2026-09-10 23:31:06 [argus.main] INFO EVENT: PROCESS_STARTED — PID 25680 (powershell.exe) parent=11972
2026-09-10 23:31:06 [argus.main] INFO EVENT: PROCESS_STARTED — PID 26932 (conhost.exe) parent=25680
2026-09-10 23:31:06 [argus.main] INFO EVENT: PROCESS_TERMINATED — PID 12608 (powershell.exe)
2026-09-10 23:31:06 [argus.main] INFO EVENT: PROCESS_TERMINATED — PID 27980 (conhost.exe)
2026-09-10 23:31:08 [argus.main] INFO EVENT: PROCESS_TERMINATED — PID 25680 (powershell.exe)
2026-09-10 23:31:08 [argus.main] INFO EVENT: PROCESS_TERMINATED — PID 26932 (conhost.exe)
2026-09-10 23:31:12 [argus.main] INFO EVENT: PROCESS_STARTED — PID 9048 (powershell.exe) parent=19040
2026-09-10 23:31:12 [argus.main] INFO EVENT: PROCESS_STARTED — PID 12576 (conhost.exe) parent=9048
2026-09-10 23:31:14 [argus.main] INFO EVENT: PROCESS_TERMINATED — PID 28120 (backgroundTaskHost.exe)
2026-09-10 23:31:14 [argus.main] INFO EVENT: PROCESS_TERMINATED — PID 9048 (powershell.exe)
2026-09-10 23:31:14 [argus.main] INFO EVENT: PROCESS_TERMINATED — PID 12576 (conhost.exe)
2026-09-10 23:31:18 [argus.main] INFO EVENT: PROCESS_STARTED — PID 20736 (dllhost.exe) parent=1596
2026-09-10 23:31:28 [argus.main] INFO EVENT: PROCESS_TERMINATED — PID 24820 (WmiPrvSE.exe)
2026-09-10 23:31:34 [argus.main] INFO EVENT: PROCESS_TERMINATED — PID 20736 (dllhost.exe)
2026-09-10 23:31:36 [argus.main] INFO EVENT: PROCESS_STARTED — PID 7244 (conhost.exe) parent=12952
2026-09-10 23:31:36 [argus.main] INFO EVENT: PROCESS_STARTED — PID 12952 (powershell.exe) parent=11972
2026-09-10 23:31:39 [argus.main] INFO EVENT: PROCESS_TERMINATED — PID 7244 (conhost.exe)
2026-09-10 23:31:39 [argus.main] INFO EVENT: PROCESS_TERMINATED — PID 12952 (powershell.exe)
2026-09-10 23:31:43 [argus.main] INFO EVENT: PROCESS_STARTED — PID 17296 (conhost.exe) parent=22268
2026-09-10 23:31:43 [argus.main] INFO EVENT: PROCESS_STARTED — PID 22268 (powershell.exe) parent=19040
2026-09-10 23:31:45 [argus.main] INFO EVENT: PROCESS_TERMINATED — PID 23896 (RuntimeBroker.exe)
2026-09-10 23:31:45 [argus.main] INFO EVENT: PROCESS_TERMINATED — PID 17296 (conhost.exe)
2026-09-10 23:31:45 [argus.main] INFO EVENT: PROCESS_TERMINATED — PID 22268 (powershell.exe)
2026-09-10 23:32:05 [argus.main] INFO EVENT: PROCESS_STARTED — PID 28012 (conhost.exe) parent=28184
2026-09-10 23:32:05 [argus.main] INFO EVENT: PROCESS_STARTED — PID 28184 (powershell.exe) parent=11972
2026-09-10 23:32:07 [argus.main] INFO EVENT: PROCESS_TERMINATED — PID 28012 (conhost.exe)
2026-09-10 23:32:07 [argus.main] INFO EVENT: PROCESS_TERMINATED — PID 28184 (powershell.exe)
2026-09-10 23:32:09 [argus.main] INFO EVENT: PROCESS_STARTED — PID 17504 (powershell.exe) parent=11972
2026-09-10 23:32:09 [argus.main] INFO EVENT: PROCESS_STARTED — PID 27980 (conhost.exe) parent=17504
2026-09-10 23:32:11 [argus.main] INFO EVENT: PROCESS_TERMINATED — PID 17504 (powershell.exe)
2026-09-10 23:32:11 [argus.main] INFO EVENT: PROCESS_TERMINATED — PID 27980 (conhost.exe)
2026-09-10 23:32:13 [argus.main] INFO EVENT: PROCESS_STARTED — PID 20372 (conhost.exe) parent=25184
2026-09-10 23:32:13 [argus.main] INFO EVENT: PROCESS_STARTED — PID 25184 (powershell.exe) parent=19040
2026-09-10 23:32:15 [argus.main] INFO EVENT: PROCESS_TERMINATED — PID 20372 (conhost.exe)
2026-09-10 23:32:15 [argus.main] INFO EVENT: PROCESS_TERMINATED — PID 25184 (powershell.exe)
2026-09-10 23:32:21 [argus.main] INFO EVENT: PROCESS_TERMINATED — PID 15636 (svchost.exe)
2026-09-10 23:32:39 [argus.main] INFO EVENT: PROCESS_STARTED — PID 10824 (ROUTE.EXE) parent=19040
2026-09-10 23:32:39 [argus.main] INFO EVENT: PROCESS_STARTED — PID 15436 (powershell.exe) parent=11972
2026-09-10 23:32:39 [argus.main] INFO EVENT: PROCESS_STARTED — PID 16304 (conhost.exe) parent=15436
2026-09-10 23:32:41 [argus.main] INFO EVENT: PROCESS_TERMINATED — PID 10824 (ROUTE.EXE)
2026-09-10 23:32:41 [argus.main] INFO EVENT: PROCESS_TERMINATED — PID 15436 (powershell.exe)
2026-09-10 23:32:41 [argus.main] INFO EVENT: PROCESS_TERMINATED — PID 16304 (conhost.exe)
2026-09-10 23:32:43 [argus.main] INFO EVENT: PROCESS_STARTED — PID 14724 (ipconfig.exe) parent=11972
2026-09-10 23:32:45 [argus.main] INFO EVENT: PROCESS_TERMINATED — PID 14724 (ipconfig.exe)
2026-09-10 23:33:05 [argus.main] INFO EVENT: PROCESS_STARTED — PID 17404 (conhost.exe) parent=28412
2026-09-10 23:33:06 [argus.main] INFO EVENT: PROCESS_STARTED — PID 28412 (powershell.exe) parent=11972
2026-09-10 23:33:08 [argus.main] INFO EVENT: PROCESS_TERMINATED — PID 17404 (conhost.exe)
2026-09-10 23:33:08 [argus.main] INFO EVENT: PROCESS_TERMINATED — PID 28412 (powershell.exe)
2026-09-10 23:33:12 [argus.main] INFO EVENT: PROCESS_STARTED — PID 2844 (powershell.exe) parent=11972
2026-09-10 23:33:12 [argus.main] INFO EVENT: PROCESS_STARTED — PID 16912 (conhost.exe) parent=2844
2026-09-10 23:33:14 [argus.main] INFO EVENT: PROCESS_TERMINATED — PID 2844 (powershell.exe)
2026-09-10 23:33:14 [argus.main] INFO EVENT: PROCESS_TERMINATED — PID 16912 (conhost.exe)
2026-09-10 23:33:20 [argus.main] INFO EVENT: PROCESS_STARTED — PID 12668 (conhost.exe) parent=13404
2026-09-10 23:33:20 [argus.main] INFO EVENT: PROCESS_STARTED — PID 13404 (powershell.exe) parent=19040
2026-09-10 23:33:22 [argus.main] INFO EVENT: PROCESS_TERMINATED — PID 12668 (conhost.exe)
2026-09-10 23:33:22 [argus.main] INFO EVENT: PROCESS_TERMINATED — PID 13404 (powershell.exe)
2026-09-10 23:33:38 [argus.main] INFO EVENT: PROCESS_STARTED — PID 28648 (chrome.exe) parent=24788
2026-09-10 23:33:42 [argus.main] INFO EVENT: PROCESS_STARTED — PID 22012 (conhost.exe) parent=28168
2026-09-10 23:33:42 [argus.main] INFO EVENT: PROCESS_STARTED — PID 28168 (powershell.exe) parent=11972
2026-09-10 23:33:44 [argus.main] INFO EVENT: PROCESS_STARTED — PID 2676 (dllhost.exe) parent=1596
2026-09-10 23:33:44 [argus.main] INFO EVENT: PROCESS_TERMINATED — PID 22012 (conhost.exe)
2026-09-10 23:33:44 [argus.main] INFO EVENT: PROCESS_TERMINATED — PID 28168 (powershell.exe)
2026-09-10 23:33:46 [argus.main] INFO EVENT: PROCESS_STARTED — PID 21248 (conhost.exe) parent=28104
2026-09-10 23:33:46 [argus.main] INFO EVENT: PROCESS_STARTED — PID 28104 (<unknown-pid-28104>) parent=none
2026-09-10 23:33:48 [argus.main] INFO EVENT: PROCESS_TERMINATED — PID 28648 (chrome.exe)
2026-09-10 23:33:48 [argus.main] INFO EVENT: PROCESS_TERMINATED — PID 21248 (conhost.exe)
2026-09-10 23:33:48 [argus.main] INFO EVENT: PROCESS_TERMINATED — PID 28104 (<unknown-pid-28104>)
2026-09-10 23:33:50 [argus.main] INFO EVENT: PROCESS_STARTED — PID 13268 (conhost.exe) parent=27488
2026-09-10 23:33:50 [argus.main] INFO EVENT: PROCESS_STARTED — PID 27488 (powershell.exe) parent=19040
2026-09-10 23:33:52 [argus.main] INFO EVENT: PROCESS_TERMINATED — PID 2676 (dllhost.exe)
2026-09-10 23:33:52 [argus.main] INFO EVENT: PROCESS_TERMINATED — PID 13268 (conhost.exe)
2026-09-10 23:33:52 [argus.main] INFO EVENT: PROCESS_TERMINATED — PID 27488 (powershell.exe)
2026-09-10 23:34:08 [argus.main] INFO EVENT: PROCESS_STARTED — PID 3200 (conhost.exe) parent=19252
2026-09-10 23:34:08 [argus.main] INFO EVENT: PROCESS_STARTED — PID 19252 (powershell.exe) parent=11972
2026-09-10 23:34:10 [argus.main] INFO EVENT: PROCESS_TERMINATED — PID 3200 (conhost.exe)
2026-09-10 23:34:10 [argus.main] INFO EVENT: PROCESS_TERMINATED — PID 19252 (powershell.exe)
2026-09-10 23:34:14 [argus.main] INFO EVENT: PROCESS_STARTED — PID 13280 (powershell.exe) parent=11972
2026-09-10 23:34:15 [argus.main] INFO EVENT: PROCESS_STARTED — PID 22908 (conhost.exe) parent=13280
2026-09-10 23:34:17 [argus.main] INFO EVENT: PROCESS_TERMINATED — PID 13280 (powershell.exe)
2026-09-10 23:34:17 [argus.main] INFO EVENT: PROCESS_TERMINATED — PID 22908 (conhost.exe)
2026-09-10 23:34:21 [argus.main] INFO EVENT: PROCESS_STARTED — PID 3676 (conhost.exe) parent=5596
2026-09-10 23:34:21 [argus.main] INFO EVENT: PROCESS_STARTED — PID 5596 (powershell.exe) parent=19040
2026-09-10 23:34:23 [argus.main] INFO EVENT: PROCESS_TERMINATED — PID 3676 (conhost.exe)
2026-09-10 23:34:23 [argus.main] INFO EVENT: PROCESS_TERMINATED — PID 5596 (powershell.exe)
2026-09-10 23:34:51 [argus.main] INFO EVENT: PROCESS_STARTED — PID 27944 (powershell.exe) parent=19040
2026-09-10 23:34:51 [argus.main] INFO EVENT: PROCESS_STARTED — PID 28560 (conhost.exe) parent=27944
2026-09-10 23:34:53 [argus.main] INFO EVENT: PROCESS_TERMINATED — PID 27944 (powershell.exe)
2026-09-10 23:34:53 [argus.main] INFO EVENT: PROCESS_TERMINATED — PID 28560 (conhost.exe)
2026-09-10 23:35:09 [argus.main] INFO EVENT: PROCESS_STARTED — PID 27504 (ROUTE.EXE) parent=3532
2026-09-10 23:35:11 [argus.main] INFO EVENT: PROCESS_STARTED — PID 1632 (powershell.exe) parent=11972
2026-09-10 23:35:11 [argus.main] INFO EVENT: PROCESS_STARTED — PID 6508 (conhost.exe) parent=1632
2026-09-10 23:35:11 [argus.main] INFO EVENT: PROCESS_TERMINATED — PID 27504 (ROUTE.EXE)
2026-09-10 23:35:13 [argus.main] INFO EVENT: PROCESS_TERMINATED — PID 25936 (svchost.exe)
2026-09-10 23:35:13 [argus.main] INFO EVENT: PROCESS_TERMINATED — PID 1632 (powershell.exe)
2026-09-10 23:35:13 [argus.main] INFO EVENT: PROCESS_TERMINATED — PID 6508 (conhost.exe)
2026-09-10 23:35:47 [argus.main] INFO EVENT: PROCESS_STARTED — PID 4944 (powershell.exe) parent=11972
2026-09-10 23:35:47 [argus.main] INFO EVENT: PROCESS_STARTED — PID 16984 (conhost.exe) parent=4944
2026-09-10 23:35:49 [argus.main] INFO EVENT: PROCESS_TERMINATED — PID 4944 (powershell.exe)
2026-09-10 23:35:49 [argus.main] INFO EVENT: PROCESS_TERMINATED — PID 16984 (conhost.exe)
2026-09-10 23:35:55 [argus.main] INFO EVENT: PROCESS_STARTED — PID 1464 (conhost.exe) parent=12424
2026-09-10 23:35:55 [argus.main] INFO EVENT: PROCESS_STARTED — PID 12424 (powershell.exe) parent=19040
2026-09-10 23:35:55 [argus.main] INFO EVENT: PROCESS_STARTED — PID 14588 (opencode.exe) parent=5688
2026-09-10 23:35:57 [argus.main] INFO EVENT: PROCESS_TERMINATED — PID 1464 (conhost.exe)
2026-09-10 23:35:57 [argus.main] INFO EVENT: PROCESS_TERMINATED — PID 12424 (powershell.exe)
2026-09-10 23:36:09 [argus.main] INFO EVENT: PROCESS_STARTED — PID 1640 (conhost.exe) parent=9120
2026-09-10 23:36:09 [argus.main] INFO EVENT: PROCESS_STARTED — PID 8316 (<unknown-pid-8316>) parent=none
2026-09-10 23:36:11 [argus.main] INFO EVENT: PROCESS_TERMINATED — PID 1640 (conhost.exe)
2026-09-10 23:36:11 [argus.main] INFO EVENT: PROCESS_TERMINATED — PID 8316 (<unknown-pid-8316>)
2026-09-10 23:36:14 [argus.main] INFO EVENT: PROCESS_STARTED — PID 13228 (conhost.exe) parent=15664
2026-09-10 23:36:14 [argus.main] INFO EVENT: PROCESS_STARTED — PID 15664 (powershell.exe) parent=11972
2026-09-10 23:36:16 [argus.main] INFO EVENT: PROCESS_TERMINATED — PID 13228 (conhost.exe)
2026-09-10 23:36:16 [argus.main] INFO EVENT: PROCESS_TERMINATED — PID 15664 (powershell.exe)
2026-09-10 23:36:18 [argus.main] INFO EVENT: PROCESS_TERMINATED — PID 7880 (audiodg.exe)
2026-09-10 23:36:26 [argus.main] INFO EVENT: PROCESS_STARTED — PID 20352 (conhost.exe) parent=26988
2026-09-10 23:36:26 [argus.main] INFO EVENT: PROCESS_STARTED — PID 26988 (powershell.exe) parent=19040
2026-09-10 23:36:28 [argus.main] INFO EVENT: PROCESS_TERMINATED — PID 20352 (conhost.exe)
2026-09-10 23:36:28 [argus.main] INFO EVENT: PROCESS_TERMINATED — PID 26988 (powershell.exe)
2026-09-10 23:36:52 [argus.main] INFO EVENT: PROCESS_STARTED — PID 8712 (conhost.exe) parent=13960
2026-09-10 23:36:52 [argus.main] INFO EVENT: PROCESS_STARTED — PID 13960 (<unknown-pid-13960>) parent=none
2026-09-10 23:36:54 [argus.main] INFO EVENT: PROCESS_TERMINATED — PID 8712 (conhost.exe)
2026-09-10 23:36:54 [argus.main] INFO EVENT: PROCESS_TERMINATED — PID 13960 (<unknown-pid-13960>)
2026-09-10 23:36:58 [argus.main] INFO EVENT: PROCESS_STARTED — PID 3948 (powershell.exe) parent=19040
2026-09-10 23:36:58 [argus.main] INFO EVENT: PROCESS_STARTED — PID 28040 (conhost.exe) parent=3948
2026-09-10 23:37:00 [argus.main] INFO EVENT: PROCESS_TERMINATED — PID 3948 (powershell.exe)
2026-09-10 23:37:00 [argus.main] INFO EVENT: PROCESS_TERMINATED — PID 28040 (conhost.exe)
2026-09-10 23:37:14 [argus.main] INFO EVENT: PROCESS_STARTED — PID 8596 (powershell.exe) parent=11972
2026-09-10 23:37:14 [argus.main] INFO EVENT: PROCESS_STARTED — PID 11956 (conhost.exe) parent=8596
2026-09-10 23:37:16 [argus.main] INFO EVENT: PROCESS_TERMINATED — PID 8596 (powershell.exe)
2026-09-10 23:37:16 [argus.main] INFO EVENT: PROCESS_TERMINATED — PID 11956 (conhost.exe)
2026-09-10 23:37:22 [argus.main] INFO EVENT: PROCESS_STARTED — PID 14504 (svchost.exe) parent=1360
2026-09-10 23:37:28 [argus.main] INFO EVENT: PROCESS_STARTED — PID 3688 (powershell.exe) parent=19040
2026-09-10 23:37:28 [argus.main] INFO EVENT: PROCESS_STARTED — PID 8564 (conhost.exe) parent=3688
2026-09-10 23:37:30 [argus.main] INFO EVENT: PROCESS_TERMINATED — PID 3688 (powershell.exe)
2026-09-10 23:37:30 [argus.main] INFO EVENT: PROCESS_TERMINATED — PID 8564 (conhost.exe)
2026-09-10 23:37:32 [argus.main] INFO EVENT: PROCESS_STARTED — PID 12564 (MicrosoftEdgeUpdate.exe) parent=2996
2026-09-10 23:37:34 [argus.main] INFO EVENT: PROCESS_STARTED — PID 28312 (backgroundTaskHost.exe) parent=1596
2026-09-10 23:37:34 [argus.main] INFO EVENT: PROCESS_TERMINATED — PID 12564 (MicrosoftEdgeUpdate.exe)
2026-09-10 23:37:38 [argus.main] INFO EVENT: PROCESS_STARTED — PID 16280 (ipconfig.exe) parent=19040
2026-09-10 23:37:38 [argus.main] INFO EVENT: PROCESS_STARTED — PID 27320 (conhost.exe) parent=16280
2026-09-10 23:37:41 [argus.main] INFO EVENT: PROCESS_TERMINATED — PID 16280 (ipconfig.exe)
2026-09-10 23:37:41 [argus.main] INFO EVENT: PROCESS_TERMINATED — PID 27320 (conhost.exe)
2026-09-10 23:37:51 [argus.main] INFO EVENT: PROCESS_STARTED — PID 2832 (<unknown-pid-2832>) parent=none
2026-09-10 23:37:53 [argus.main] INFO EVENT: PROCESS_TERMINATED — PID 2832 (<unknown-pid-2832>)
2026-09-10 23:38:01 [argus.main] INFO EVENT: PROCESS_STARTED — PID 22404 (powershell.exe) parent=19040
2026-09-10 23:38:01 [argus.main] INFO EVENT: PROCESS_STARTED — PID 25792 (conhost.exe) parent=22404
2026-09-10 23:38:03 [argus.main] INFO EVENT: PROCESS_TERMINATED — PID 22404 (powershell.exe)
2026-09-10 23:38:03 [argus.main] INFO EVENT: PROCESS_TERMINATED — PID 25792 (conhost.exe)
2026-09-10 23:38:17 [argus.main] INFO EVENT: PROCESS_STARTED — PID 5652 (powershell.exe) parent=11972
2026-09-10 23:38:17 [argus.main] INFO EVENT: PROCESS_STARTED — PID 17296 (conhost.exe) parent=5652
2026-09-10 23:38:19 [argus.main] INFO EVENT: PROCESS_TERMINATED — PID 5652 (powershell.exe)
2026-09-10 23:38:19 [argus.main] INFO EVENT: PROCESS_TERMINATED — PID 17296 (conhost.exe)
2026-09-10 23:38:25 [argus.main] INFO EVENT: PROCESS_STARTED — PID 452 (conhost.exe) parent=26752
2026-09-10 23:38:25 [argus.main] INFO EVENT: PROCESS_STARTED — PID 26752 (powershell.exe) parent=11972
2026-09-10 23:38:27 [argus.main] INFO EVENT: PROCESS_TERMINATED — PID 452 (conhost.exe)
2026-09-10 23:38:27 [argus.main] INFO EVENT: PROCESS_TERMINATED — PID 26752 (powershell.exe)
2026-09-10 23:38:33 [argus.main] INFO EVENT: PROCESS_TERMINATED — PID 28312 (backgroundTaskHost.exe)
2026-09-10 23:38:47 [argus.main] INFO EVENT: PROCESS_STARTED — PID 3052 (updater.exe) parent=16072
2026-09-10 23:38:47 [argus.main] INFO EVENT: PROCESS_STARTED — PID 5332 (updater.exe) parent=21448
2026-09-10 23:38:47 [argus.main] INFO EVENT: PROCESS_STARTED — PID 13604 (updater.exe) parent=16072
2026-09-10 23:38:47 [argus.main] INFO EVENT: PROCESS_STARTED — PID 16072 (updater.exe) parent=24788
2026-09-10 23:38:47 [argus.main] INFO EVENT: PROCESS_STARTED — PID 19912 (updater.exe) parent=21616
2026-09-10 23:38:47 [argus.main] INFO EVENT: PROCESS_STARTED — PID 21448 (updater.exe) parent=1360
2026-09-10 23:38:47 [argus.main] INFO EVENT: PROCESS_STARTED — PID 21616 (updater.exe) parent=1360
2026-09-10 23:38:47 [argus.main] INFO EVENT: PROCESS_STARTED — PID 27504 (updater.exe) parent=3052
2026-09-10 23:38:57 [argus.main] INFO EVENT: PROCESS_STARTED — PID 8648 (powershell.exe) parent=11972
2026-09-10 23:38:58 [argus.main] INFO EVENT: PROCESS_STARTED — PID 23432 (updater.exe) parent=1360
2026-09-10 23:38:58 [argus.main] INFO EVENT: PROCESS_STARTED — PID 25004 (updater.exe) parent=23432
2026-09-10 23:38:58 [argus.main] INFO EVENT: PROCESS_STARTED — PID 26084 (conhost.exe) parent=8648
2026-09-10 23:38:58 [argus.main] INFO EVENT: PROCESS_TERMINATED — PID 5332 (updater.exe)
2026-09-10 23:38:58 [argus.main] INFO EVENT: PROCESS_TERMINATED — PID 21448 (updater.exe)
2026-09-10 23:39:00 [argus.main] INFO EVENT: PROCESS_TERMINATED — PID 8648 (powershell.exe)
2026-09-10 23:39:00 [argus.main] INFO EVENT: PROCESS_TERMINATED — PID 26084 (conhost.exe)
2026-09-10 23:39:02 [argus.main] INFO EVENT: PROCESS_TERMINATED — PID 3052 (updater.exe)
2026-09-10 23:39:02 [argus.main] INFO EVENT: PROCESS_TERMINATED — PID 13604 (updater.exe)
2026-09-10 23:39:02 [argus.main] INFO EVENT: PROCESS_TERMINATED — PID 16072 (updater.exe)
2026-09-10 23:39:02 [argus.main] INFO EVENT: PROCESS_TERMINATED — PID 27504 (updater.exe)
2026-09-10 23:39:04 [argus.main] INFO EVENT: PROCESS_STARTED — PID 18204 (conhost.exe) parent=24092
2026-09-10 23:39:04 [argus.main] INFO EVENT: PROCESS_STARTED — PID 24092 (powershell.exe) parent=19040
2026-09-10 23:39:06 [argus.main] INFO EVENT: PROCESS_TERMINATED — PID 18204 (conhost.exe)
2026-09-10 23:39:06 [argus.main] INFO EVENT: PROCESS_TERMINATED — PID 24092 (powershell.exe)
2026-09-10 23:39:10 [argus.main] INFO EVENT: PROCESS_TERMINATED — PID 21616 (updater.exe)
2026-09-10 23:39:10 [argus.main] INFO EVENT: PROCESS_TERMINATED — PID 23432 (updater.exe)
2026-09-10 23:39:12 [argus.main] INFO EVENT: PROCESS_TERMINATED — PID 19912 (updater.exe)
2026-09-10 23:39:12 [argus.main] INFO EVENT: PROCESS_TERMINATED — PID 25004 (updater.exe)
2026-09-10 23:39:18 [argus.main] INFO EVENT: PROCESS_STARTED — PID 9976 (powershell.exe) parent=11972
2026-09-10 23:39:18 [argus.main] INFO EVENT: PROCESS_STARTED — PID 19100 (conhost.exe) parent=9976
2026-09-10 23:39:20 [argus.main] INFO EVENT: PROCESS_TERMINATED — PID 9976 (powershell.exe)
2026-09-10 23:39:20 [argus.main] INFO EVENT: PROCESS_TERMINATED — PID 19100 (conhost.exe)
2026-09-10 23:39:30 [argus.main] INFO EVENT: PROCESS_STARTED — PID 2956 (powershell.exe) parent=11972
2026-09-10 23:39:30 [argus.main] INFO EVENT: PROCESS_STARTED — PID 3816 (conhost.exe) parent=2956
2026-09-10 23:39:32 [argus.main] INFO EVENT: PROCESS_TERMINATED — PID 2956 (powershell.exe)
2026-09-10 23:39:32 [argus.main] INFO EVENT: PROCESS_TERMINATED — PID 3816 (conhost.exe)
2026-09-10 23:39:34 [argus.main] INFO EVENT: PROCESS_STARTED — PID 16876 (conhost.exe) parent=23832
2026-09-10 23:39:34 [argus.main] INFO EVENT: PROCESS_STARTED — PID 23832 (powershell.exe) parent=19040
2026-09-10 23:39:36 [argus.main] INFO EVENT: PROCESS_TERMINATED — PID 16876 (conhost.exe)
2026-09-10 23:39:36 [argus.main] INFO EVENT: PROCESS_TERMINATED — PID 23832 (powershell.exe)
2026-09-10 23:39:56 [argus.main] INFO EVENT: PROCESS_STARTED — PID 8596 (reg.exe) parent=6236
2026-09-10 23:39:56 [argus.main] INFO EVENT: PROCESS_STARTED — PID 19204 (<unknown-pid-19204>) parent=none
2026-09-10 23:39:58 [argus.main] INFO EVENT: PROCESS_TERMINATED — PID 8596 (reg.exe)
2026-09-10 23:39:58 [argus.main] INFO EVENT: PROCESS_TERMINATED — PID 19204 (<unknown-pid-19204>)
2026-09-10 23:40:00 [argus.main] INFO EVENT: PROCESS_STARTED — PID 8900 (conhost.exe) parent=27832
2026-09-10 23:40:00 [argus.main] INFO EVENT: PROCESS_STARTED — PID 27832 (powershell.exe) parent=11972
2026-09-10 23:40:02 [argus.main] INFO EVENT: PROCESS_TERMINATED — PID 8900 (conhost.exe)
2026-09-10 23:40:02 [argus.main] INFO EVENT: PROCESS_TERMINATED — PID 27832 (powershell.exe)
2026-09-10 23:40:07 [argus.main] INFO EVENT: PROCESS_STARTED — PID 10228 (powershell.exe) parent=19040
2026-09-10 23:40:07 [argus.main] INFO EVENT: PROCESS_STARTED — PID 17632 (conhost.exe) parent=10228
2026-09-10 23:40:09 [argus.main] INFO EVENT: PROCESS_TERMINATED — PID 10228 (powershell.exe)
2026-09-10 23:40:09 [argus.main] INFO EVENT: PROCESS_TERMINATED — PID 17632 (conhost.exe)
2026-09-10 23:40:21 [argus.main] INFO EVENT: PROCESS_STARTED — PID 776 (powershell.exe) parent=11972
2026-09-10 23:40:21 [argus.main] INFO EVENT: PROCESS_STARTED — PID 8212 (conhost.exe) parent=776
2026-09-10 23:40:23 [argus.main] INFO EVENT: PROCESS_TERMINATED — PID 776 (powershell.exe)
2026-09-10 23:40:23 [argus.main] INFO EVENT: PROCESS_TERMINATED — PID 8212 (conhost.exe)
2026-09-10 23:40:55 [argus.main] INFO EVENT: PROCESS_STARTED — PID 16308 (msedgewebview2.exe) parent=1280
2026-09-10 23:41:05 [argus.main] INFO EVENT: PROCESS_STARTED — PID 23688 (powershell.exe) parent=11972
2026-09-10 23:41:05 [argus.main] INFO EVENT: PROCESS_STARTED — PID 25548 (conhost.exe) parent=23688
2026-09-10 23:41:07 [argus.main] INFO EVENT: PROCESS_TERMINATED — PID 23688 (powershell.exe)
2026-09-10 23:41:07 [argus.main] INFO EVENT: PROCESS_TERMINATED — PID 25548 (conhost.exe)
2026-09-10 23:41:11 [argus.main] INFO EVENT: PROCESS_STARTED — PID 8864 (conhost.exe) parent=11956
2026-09-10 23:41:11 [argus.main] INFO EVENT: PROCESS_STARTED — PID 11956 (ROUTE.EXE) parent=3532
2026-09-10 23:41:13 [argus.main] INFO EVENT: PROCESS_STARTED — PID 10624 (powershell.exe) parent=19040
2026-09-10 23:41:13 [argus.main] INFO EVENT: PROCESS_STARTED — PID 23696 (conhost.exe) parent=10624
2026-09-10 23:41:13 [argus.main] INFO EVENT: PROCESS_TERMINATED — PID 8864 (conhost.exe)
2026-09-10 23:41:13 [argus.main] INFO EVENT: PROCESS_TERMINATED — PID 11956 (ROUTE.EXE)
2026-09-10 23:41:15 [argus.main] INFO EVENT: PROCESS_TERMINATED — PID 10624 (powershell.exe)
2026-09-10 23:41:15 [argus.main] INFO EVENT: PROCESS_TERMINATED — PID 23696 (conhost.exe)
2026-09-10 23:41:21 [argus.main] INFO EVENT: PROCESS_STARTED — PID 12116 (powershell.exe) parent=11972
2026-09-10 23:41:21 [argus.main] INFO EVENT: PROCESS_STARTED — PID 21436 (conhost.exe) parent=12116
2026-09-10 23:41:23 [argus.main] INFO EVENT: PROCESS_TERMINATED — PID 12116 (powershell.exe)
2026-09-10 23:41:23 [argus.main] INFO EVENT: PROCESS_TERMINATED — PID 21436 (conhost.exe)
2026-09-10 23:41:25 [argus.main] INFO EVENT: PROCESS_TERMINATED — PID 16308 (msedgewebview2.exe)
2026-09-10 23:41:43 [argus.main] INFO EVENT: PROCESS_STARTED — PID 7048 (conhost.exe) parent=27596
2026-09-10 23:41:43 [argus.main] INFO EVENT: PROCESS_STARTED — PID 27596 (powershell.exe) parent=19040
2026-09-10 23:41:45 [argus.main] INFO EVENT: PROCESS_TERMINATED — PID 7048 (conhost.exe)
2026-09-10 23:41:45 [argus.main] INFO EVENT: PROCESS_TERMINATED — PID 27596 (powershell.exe)
2026-09-10 23:41:53 [argus.main] INFO EVENT: PROCESS_STARTED — PID 10988 (powershell.exe) parent=14588
2026-09-10 23:41:53 [argus.main] INFO EVENT: PROCESS_STARTED — PID 26220 (conhost.exe) parent=10988
2026-09-10 23:41:54 [argus.main] INFO EVENT: PROCESS_STARTED — PID 27980 (msedgewebview2.exe) parent=1280
2026-09-10 23:41:56 [argus.main] INFO EVENT: PROCESS_TERMINATED — PID 10988 (powershell.exe)
2026-09-10 23:41:56 [argus.main] INFO EVENT: PROCESS_TERMINATED — PID 26220 (conhost.exe)
2026-09-10 23:42:06 [argus.main] INFO EVENT: PROCESS_STARTED — PID 21916 (powershell.exe) parent=11972
2026-09-10 23:42:08 [argus.main] INFO EVENT: PROCESS_TERMINATED — PID 21916 (powershell.exe)
2026-09-10 23:42:14 [argus.main] INFO EVENT: PROCESS_STARTED — PID 15376 (conhost.exe) parent=28560
2026-09-10 23:42:16 [argus.main] INFO EVENT: PROCESS_TERMINATED — PID 15376 (conhost.exe)
2026-09-10 23:42:24 [argus.main] INFO EVENT: PROCESS_STARTED — PID 11244 (powershell.exe) parent=11972
2026-09-10 23:42:24 [argus.main] INFO EVENT: PROCESS_STARTED — PID 21688 (conhost.exe) parent=11244
2026-09-10 23:42:26 [argus.main] INFO EVENT: PROCESS_TERMINATED — PID 27980 (msedgewebview2.exe)
2026-09-10 23:42:26 [argus.main] INFO EVENT: PROCESS_TERMINATED — PID 11244 (powershell.exe)
2026-09-10 23:42:26 [argus.main] INFO EVENT: PROCESS_TERMINATED — PID 21688 (conhost.exe)
2026-09-10 23:42:34 [argus.main] INFO EVENT: PROCESS_STARTED — PID 27240 (ROUTE.EXE) parent=11972
2026-09-10 23:42:36 [argus.main] INFO EVENT: PROCESS_TERMINATED — PID 27240 (ROUTE.EXE)
2026-09-10 23:42:38 [argus.main] INFO EVENT: PROCESS_STARTED — PID 12012 (conhost.exe) parent=19356
2026-09-10 23:42:38 [argus.main] INFO EVENT: PROCESS_STARTED — PID 19356 (powershell.exe) parent=11972
2026-09-10 23:42:40 [argus.main] INFO EVENT: PROCESS_TERMINATED — PID 12012 (conhost.exe)
2026-09-10 23:42:40 [argus.main] INFO EVENT: PROCESS_TERMINATED — PID 19356 (powershell.exe)
2026-09-10 23:43:00 [argus.main] INFO EVENT: PROCESS_STARTED — PID 27908 (msedgewebview2.exe) parent=1280
2026-09-10 23:43:10 [argus.main] INFO EVENT: PROCESS_STARTED — PID 9676 (ipconfig.exe) parent=3532
2026-09-10 23:43:12 [argus.main] INFO EVENT: PROCESS_TERMINATED — PID 9676 (ipconfig.exe)
2026-09-10 23:43:22 [argus.main] INFO EVENT: PROCESS_STARTED — PID 1636 (powershell.exe) parent=19040
2026-09-10 23:43:22 [argus.main] INFO EVENT: PROCESS_STARTED — PID 5012 (conhost.exe) parent=1636
2026-09-10 23:43:24 [argus.main] INFO EVENT: PROCESS_STARTED — PID 19892 (powershell.exe) parent=11972
2026-09-10 23:43:25 [argus.main] INFO EVENT: PROCESS_STARTED — PID 22764 (conhost.exe) parent=19892
2026-09-10 23:43:25 [argus.main] INFO EVENT: PROCESS_TERMINATED — PID 1636 (powershell.exe)
2026-09-10 23:43:25 [argus.main] INFO EVENT: PROCESS_TERMINATED — PID 5012 (conhost.exe)
2026-09-10 23:43:27 [argus.main] INFO EVENT: PROCESS_TERMINATED — PID 19892 (powershell.exe)
2026-09-10 23:43:27 [argus.main] INFO EVENT: PROCESS_TERMINATED — PID 22764 (conhost.exe)
2026-09-10 23:43:31 [argus.main] INFO EVENT: PROCESS_TERMINATED — PID 27908 (msedgewebview2.exe)
2026-09-10 23:43:43 [argus.main] INFO EVENT: PROCESS_STARTED — PID 4508 (powershell.exe) parent=11972
2026-09-10 23:43:43 [argus.main] INFO EVENT: PROCESS_STARTED — PID 26084 (conhost.exe) parent=4508
2026-09-10 23:43:45 [argus.main] INFO EVENT: PROCESS_TERMINATED — PID 4508 (powershell.exe)
2026-09-10 23:43:45 [argus.main] INFO EVENT: PROCESS_TERMINATED — PID 26084 (conhost.exe)
2026-09-10 23:43:53 [argus.main] INFO EVENT: PROCESS_STARTED — PID 5368 (conhost.exe) parent=8664
2026-09-10 23:43:53 [argus.main] INFO EVENT: PROCESS_STARTED — PID 8664 (powershell.exe) parent=19040
2026-09-10 23:43:55 [argus.main] INFO EVENT: PROCESS_TERMINATED — PID 5368 (conhost.exe)
2026-09-10 23:43:55 [argus.main] INFO EVENT: PROCESS_TERMINATED — PID 8664 (powershell.exe)
2026-09-10 23:44:05 [argus.main] INFO EVENT: PROCESS_STARTED — PID 4596 (powershell.exe) parent=14588
2026-09-10 23:44:05 [argus.main] INFO EVENT: PROCESS_STARTED — PID 16388 (conhost.exe) parent=4596
2026-09-10 23:44:07 [argus.main] INFO EVENT: PROCESS_TERMINATED — PID 4596 (powershell.exe)
2026-09-10 23:44:07 [argus.main] INFO EVENT: PROCESS_TERMINATED — PID 16388 (conhost.exe)
2026-09-10 23:44:13 [argus.main] INFO EVENT: PROCESS_STARTED — PID 1640 (powershell.exe) parent=11972
2026-09-10 23:44:13 [argus.main] INFO EVENT: PROCESS_STARTED — PID 24844 (conhost.exe) parent=1640
2026-09-10 23:44:15 [argus.main] INFO EVENT: PROCESS_TERMINATED — PID 1640 (powershell.exe)
2026-09-10 23:44:15 [argus.main] INFO EVENT: PROCESS_TERMINATED — PID 24844 (conhost.exe)
2026-09-10 23:44:25 [argus.main] INFO EVENT: PROCESS_STARTED — PID 14152 (powershell.exe) parent=19040
2026-09-10 23:44:25 [argus.main] INFO EVENT: PROCESS_STARTED — PID 25072 (conhost.exe) parent=14152
2026-09-10 23:44:27 [argus.main] INFO EVENT: PROCESS_STARTED — PID 2576 (powershell.exe) parent=11972
2026-09-10 23:44:27 [argus.main] INFO EVENT: PROCESS_STARTED — PID 19136 (conhost.exe) parent=2576
2026-09-10 23:44:27 [argus.main] INFO EVENT: PROCESS_TERMINATED — PID 14152 (powershell.exe)
2026-09-10 23:44:27 [argus.main] INFO EVENT: PROCESS_TERMINATED — PID 25072 (conhost.exe)
2026-09-10 23:44:29 [argus.main] INFO EVENT: PROCESS_TERMINATED — PID 2576 (powershell.exe)
2026-09-10 23:44:29 [argus.main] INFO EVENT: PROCESS_TERMINATED — PID 19136 (conhost.exe)
2026-09-10 23:44:35 [argus.main] INFO EVENT: PROCESS_STARTED — PID 25940 (ROUTE.EXE) parent=3532
2026-09-10 23:44:37 [argus.main] INFO EVENT: PROCESS_TERMINATED — PID 25940 (ROUTE.EXE)
2026-09-10 23:44:57 [argus.main] INFO EVENT: PROCESS_STARTED — PID 24868 (powershell.exe) parent=19040
2026-09-10 23:44:57 [argus.main] INFO EVENT: PROCESS_STARTED — PID 27924 (conhost.exe) parent=24868
2026-09-10 23:44:59 [argus.main] INFO EVENT: PROCESS_TERMINATED — PID 24868 (powershell.exe)
2026-09-10 23:44:59 [argus.main] INFO EVENT: PROCESS_TERMINATED — PID 27924 (conhost.exe)
2026-09-10 23:45:18 [argus.main] INFO EVENT: PROCESS_STARTED — PID 10656 (powershell.exe) parent=11972
2026-09-10 23:45:18 [argus.main] INFO EVENT: PROCESS_STARTED — PID 26036 (conhost.exe) parent=10656
2026-09-10 23:45:20 [argus.main] INFO EVENT: PROCESS_TERMINATED — PID 10656 (powershell.exe)
2026-09-10 23:45:20 [argus.main] INFO EVENT: PROCESS_TERMINATED — PID 26036 (conhost.exe)
2026-09-10 23:45:28 [argus.main] INFO EVENT: PROCESS_STARTED — PID 12404 (conhost.exe) parent=26176
2026-09-10 23:45:28 [argus.main] INFO EVENT: PROCESS_STARTED — PID 26176 (powershell.exe) parent=11972
2026-09-10 23:45:28 [argus.main] INFO EVENT: PROCESS_STARTED — PID 28024 (msedge.exe) parent=22720
2026-09-10 23:45:28 [argus.main] INFO EVENT: PROCESS_TERMINATED — PID 18564 (SystemSettings.exe)
2026-09-10 23:45:32 [argus.main] INFO EVENT: PROCESS_STARTED — PID 2824 (conhost.exe) parent=4456
2026-09-10 23:45:32 [argus.main] INFO EVENT: PROCESS_STARTED — PID 4456 (powershell.exe) parent=19040
2026-09-10 23:45:32 [argus.main] INFO EVENT: PROCESS_TERMINATED — PID 12404 (conhost.exe)
2026-09-10 23:45:32 [argus.main] INFO EVENT: PROCESS_TERMINATED — PID 26176 (powershell.exe)
2026-09-10 23:45:34 [argus.main] INFO EVENT: PROCESS_TERMINATED — PID 2824 (conhost.exe)
2026-09-10 23:45:34 [argus.main] INFO EVENT: PROCESS_TERMINATED — PID 4456 (powershell.exe)
2026-09-10 23:45:50 [argus.main] INFO EVENT: PROCESS_STARTED — PID 2320 (conhost.exe) parent=4820
2026-09-10 23:45:50 [argus.main] INFO EVENT: PROCESS_STARTED — PID 4820 (powershell.exe) parent=11972
2026-09-10 23:45:52 [argus.main] INFO EVENT: PROCESS_STARTED — PID 13908 (<unknown-pid-13908>) parent=none
2026-09-10 23:45:52 [argus.main] INFO EVENT: PROCESS_TERMINATED — PID 2320 (conhost.exe)
2026-09-10 23:45:52 [argus.main] INFO EVENT: PROCESS_TERMINATED — PID 4820 (powershell.exe)
2026-09-10 23:45:54 [argus.main] INFO EVENT: PROCESS_TERMINATED — PID 13908 (<unknown-pid-13908>)
2026-09-10 23:46:02 [argus.main] INFO EVENT: PROCESS_STARTED — PID 18916 (powershell.exe) parent=19040
2026-09-10 23:46:03 [argus.main] INFO EVENT: PROCESS_STARTED — PID 27936 (conhost.exe) parent=18916
2026-09-10 23:46:05 [argus.main] INFO EVENT: PROCESS_TERMINATED — PID 18916 (powershell.exe)
2026-09-10 23:46:05 [argus.main] INFO EVENT: PROCESS_TERMINATED — PID 27936 (conhost.exe)
2026-09-10 23:46:31 [argus.main] INFO EVENT: PROCESS_STARTED — PID 21688 (powershell.exe) parent=11972
2026-09-10 23:46:31 [argus.main] INFO EVENT: PROCESS_STARTED — PID 28076 (conhost.exe) parent=21688
2026-09-10 23:46:33 [argus.main] INFO EVENT: PROCESS_TERMINATED — PID 21688 (powershell.exe)
2026-09-10 23:46:33 [argus.main] INFO EVENT: PROCESS_TERMINATED — PID 28076 (conhost.exe)
2026-09-10 23:46:55 [argus.main] INFO EVENT: PROCESS_STARTED — PID 7044 (conhost.exe) parent=13772
2026-09-10 23:46:55 [argus.main] INFO EVENT: PROCESS_STARTED — PID 13772 (powershell.exe) parent=11972
2026-09-10 23:46:57 [argus.main] INFO EVENT: PROCESS_TERMINATED — PID 7044 (conhost.exe)
2026-09-10 23:46:57 [argus.main] INFO EVENT: PROCESS_TERMINATED — PID 13772 (powershell.exe)
2026-09-10 23:47:05 [argus.main] INFO EVENT: PROCESS_STARTED — PID 9860 (conhost.exe) parent=15636
2026-09-10 23:47:05 [argus.main] INFO EVENT: PROCESS_STARTED — PID 15636 (powershell.exe) parent=19040
2026-09-10 23:47:07 [argus.main] INFO EVENT: PROCESS_TERMINATED — PID 9860 (conhost.exe)
2026-09-10 23:47:07 [argus.main] INFO EVENT: PROCESS_TERMINATED — PID 15636 (powershell.exe)
2026-09-10 23:47:21 [argus.main] INFO EVENT: PROCESS_TERMINATED — PID 14504 (svchost.exe)
2026-09-10 23:47:25 [argus.main] INFO EVENT: PROCESS_STARTED — PID 21272 (conhost.exe) parent=28504
2026-09-10 23:47:25 [argus.main] INFO EVENT: PROCESS_STARTED — PID 28504 (powershell.exe) parent=11972
2026-09-10 23:47:27 [argus.main] INFO EVENT: PROCESS_TERMINATED — PID 21272 (conhost.exe)
2026-09-10 23:47:27 [argus.main] INFO EVENT: PROCESS_TERMINATED — PID 28504 (powershell.exe)
2026-09-10 23:47:29 [argus.main] INFO EVENT: PROCESS_STARTED — PID 11496 (conhost.exe) parent=18448
2026-09-10 23:47:30 [argus.main] INFO EVENT: PROCESS_STARTED — PID 18448 (powershell.exe) parent=11972
2026-09-10 23:47:32 [argus.main] INFO EVENT: PROCESS_STARTED — PID 15908 (WmiPrvSE.exe) parent=1596
2026-09-10 23:47:32 [argus.main] INFO EVENT: PROCESS_TERMINATED — PID 2968 (WmiPrvSE.exe)
2026-09-10 23:47:34 [argus.main] INFO EVENT: PROCESS_TERMINATED — PID 11496 (conhost.exe)
2026-09-10 23:47:34 [argus.main] INFO EVENT: PROCESS_TERMINATED — PID 18448 (powershell.exe)
2026-09-10 23:47:36 [argus.main] INFO EVENT: PROCESS_STARTED — PID 8864 (conhost.exe) parent=15696
2026-09-10 23:47:36 [argus.main] INFO EVENT: PROCESS_STARTED — PID 15696 (powershell.exe) parent=19040
2026-09-10 23:47:38 [argus.main] INFO EVENT: PROCESS_TERMINATED — PID 8864 (conhost.exe)
2026-09-10 23:47:38 [argus.main] INFO EVENT: PROCESS_TERMINATED — PID 15696 (powershell.exe)
2026-09-10 23:47:56 [argus.main] INFO EVENT: PROCESS_STARTED — PID 3516 (powershell.exe) parent=11972
2026-09-10 23:47:56 [argus.main] INFO EVENT: PROCESS_STARTED — PID 9008 (conhost.exe) parent=3516
2026-09-10 23:47:58 [argus.main] INFO EVENT: PROCESS_TERMINATED — PID 3516 (powershell.exe)
2026-09-10 23:47:58 [argus.main] INFO EVENT: PROCESS_TERMINATED — PID 9008 (conhost.exe)
2026-09-10 23:48:06 [argus.main] INFO EVENT: PROCESS_STARTED — PID 25604 (conhost.exe) parent=27528
2026-09-10 23:48:08 [argus.main] INFO EVENT: PROCESS_TERMINATED — PID 25604 (conhost.exe)
2026-09-10 23:48:26 [argus.main] INFO EVENT: PROCESS_STARTED — PID 5748 (conhost.exe) parent=24372
2026-09-10 23:48:26 [argus.main] INFO EVENT: PROCESS_STARTED — PID 24372 (powershell.exe) parent=11972
2026-09-10 23:48:28 [argus.main] INFO EVENT: PROCESS_TERMINATED — PID 5748 (conhost.exe)
2026-09-10 23:48:28 [argus.main] INFO EVENT: PROCESS_TERMINATED — PID 24372 (powershell.exe)
2026-09-10 23:48:33 [argus.main] INFO EVENT: PROCESS_STARTED — PID 16924 (powershell.exe) parent=11972
2026-09-10 23:48:35 [argus.main] INFO EVENT: PROCESS_TERMINATED — PID 16924 (powershell.exe)
2026-09-10 23:48:37 [argus.main] INFO EVENT: PROCESS_STARTED — PID 11176 (powershell.exe) parent=19040
2026-09-10 23:48:37 [argus.main] INFO EVENT: PROCESS_STARTED — PID 28124 (conhost.exe) parent=11176
2026-09-10 23:48:39 [argus.main] INFO EVENT: PROCESS_TERMINATED — PID 11176 (powershell.exe)
2026-09-10 23:48:39 [argus.main] INFO EVENT: PROCESS_TERMINATED — PID 28124 (conhost.exe)
2026-09-10 23:48:59 [argus.main] INFO EVENT: PROCESS_STARTED — PID 15132 (powershell.exe) parent=11972
2026-09-10 23:48:59 [argus.main] INFO EVENT: PROCESS_STARTED — PID 24308 (conhost.exe) parent=15132
2026-09-10 23:49:01 [argus.main] INFO EVENT: PROCESS_TERMINATED — PID 15132 (powershell.exe)
2026-09-10 23:49:01 [argus.main] INFO EVENT: PROCESS_TERMINATED — PID 24308 (conhost.exe)
2026-09-10 23:49:07 [argus.main] INFO EVENT: PROCESS_STARTED — PID 12660 (conhost.exe) parent=24784
2026-09-10 23:49:07 [argus.main] INFO EVENT: PROCESS_STARTED — PID 24784 (powershell.exe) parent=19040
2026-09-10 23:49:09 [argus.main] INFO EVENT: PROCESS_TERMINATED — PID 12660 (conhost.exe)
2026-09-10 23:49:09 [argus.main] INFO EVENT: PROCESS_TERMINATED — PID 24784 (powershell.exe)
2026-09-10 23:49:31 [argus.main] INFO EVENT: PROCESS_STARTED — PID 5384 (conhost.exe) parent=18380
2026-09-10 23:49:31 [argus.main] INFO EVENT: PROCESS_STARTED — PID 18380 (powershell.exe) parent=11972
2026-09-10 23:49:35 [argus.main] INFO EVENT: PROCESS_TERMINATED — PID 5384 (conhost.exe)
2026-09-10 23:49:35 [argus.main] INFO EVENT: PROCESS_TERMINATED — PID 18380 (powershell.exe)
2026-09-10 23:50:07 [argus.main] INFO EVENT: PROCESS_STARTED — PID 19148 (ipconfig.exe) parent=19040
2026-09-10 23:50:07 [argus.main] INFO EVENT: PROCESS_STARTED — PID 27676 (<unknown-pid-27676>) parent=none
2026-09-10 23:50:09 [argus.main] INFO EVENT: PROCESS_TERMINATED — PID 19148 (ipconfig.exe)
2026-09-10 23:50:09 [argus.main] INFO EVENT: PROCESS_TERMINATED — PID 27676 (<unknown-pid-27676>)
2026-09-10 23:50:11 [argus.main] INFO EVENT: PROCESS_STARTED — PID 12476 (ROUTE.EXE) parent=11972
2026-09-10 23:50:11 [argus.main] INFO EVENT: PROCESS_STARTED — PID 25512 (<unknown-pid-25512>) parent=12476
2026-09-10 23:50:13 [argus.main] INFO EVENT: PROCESS_TERMINATED — PID 12476 (ROUTE.EXE)
2026-09-10 23:50:13 [argus.main] INFO EVENT: PROCESS_TERMINATED — PID 25512 (<unknown-pid-25512>)
2026-09-10 23:50:28 [argus.main] INFO EVENT: PROCESS_STARTED — PID 10628 (ROUTE.EXE) parent=3532
2026-09-10 23:50:28 [argus.main] INFO EVENT: PROCESS_STARTED — PID 14084 (conhost.exe) parent=10628
2026-09-10 23:50:30 [argus.main] INFO EVENT: PROCESS_TERMINATED — PID 10628 (ROUTE.EXE)
2026-09-10 23:50:30 [argus.main] INFO EVENT: PROCESS_TERMINATED — PID 14084 (conhost.exe)
2026-09-10 23:50:32 [argus.main] INFO EVENT: PROCESS_STARTED — PID 2696 (svchost.exe) parent=1360
2026-09-10 23:50:36 [argus.main] INFO EVENT: PROCESS_STARTED — PID 1124 (conhost.exe) parent=17588
2026-09-10 23:50:36 [argus.main] INFO EVENT: PROCESS_STARTED — PID 17588 (powershell.exe) parent=11972
2026-09-10 23:50:38 [argus.main] INFO EVENT: PROCESS_TERMINATED — PID 1124 (conhost.exe)
2026-09-10 23:50:38 [argus.main] INFO EVENT: PROCESS_TERMINATED — PID 17588 (powershell.exe)
2026-09-10 23:50:42 [argus.main] INFO EVENT: PROCESS_STARTED — PID 13716 (powershell.exe) parent=19040
2026-09-10 23:50:42 [argus.main] INFO EVENT: PROCESS_STARTED — PID 20044 (conhost.exe) parent=13716
2026-09-10 23:50:44 [argus.main] INFO EVENT: PROCESS_TERMINATED — PID 13716 (powershell.exe)
2026-09-10 23:50:44 [argus.main] INFO EVENT: PROCESS_TERMINATED — PID 20044 (conhost.exe)
2026-09-10 23:50:58 [argus.main] INFO EVENT: PROCESS_STARTED — PID 12668 (conhost.exe) parent=28240
2026-09-10 23:51:00 [argus.main] INFO EVENT: PROCESS_TERMINATED — PID 12668 (conhost.exe)
2026-09-10 23:51:06 [argus.main] INFO EVENT: PROCESS_STARTED — PID 18436 (<unknown-pid-18436>) parent=22860
2026-09-10 23:51:08 [argus.main] INFO EVENT: PROCESS_TERMINATED — PID 18436 (<unknown-pid-18436>)
2026-09-10 23:51:14 [argus.main] INFO EVENT: PROCESS_STARTED — PID 15172 (powershell.exe) parent=19040
2026-09-10 23:51:14 [argus.main] INFO EVENT: PROCESS_STARTED — PID 28156 (conhost.exe) parent=15172
2026-09-10 23:51:16 [argus.main] INFO EVENT: PROCESS_TERMINATED — PID 15172 (powershell.exe)
2026-09-10 23:51:16 [argus.main] INFO EVENT: PROCESS_TERMINATED — PID 28156 (conhost.exe)
2026-09-10 23:51:36 [argus.main] INFO EVENT: PROCESS_STARTED — PID 16988 (powershell.exe) parent=11972
2026-09-10 23:51:36 [argus.main] INFO EVENT: PROCESS_STARTED — PID 28188 (conhost.exe) parent=16988
2026-09-10 23:51:38 [argus.main] INFO EVENT: PROCESS_TERMINATED — PID 16988 (powershell.exe)
2026-09-10 23:51:38 [argus.main] INFO EVENT: PROCESS_TERMINATED — PID 28188 (conhost.exe)
2026-09-10 23:51:56 [argus.main] INFO EVENT: PROCESS_STARTED — PID 18564 (svchost.exe) parent=1360
2026-09-10 23:52:18 [argus.main] INFO EVENT: PROCESS_STARTED — PID 15144 (smartscreen.exe) parent=1596
2026-09-10 23:52:21 [argus.main] INFO EVENT: PROCESS_STARTED — PID 28244 (activate.exe) parent=6136
2026-09-10 23:52:23 [argus.main] INFO EVENT: PROCESS_STARTED — PID 6124 (svchost.exe) parent=1360
2026-09-10 23:52:25 [argus.main] INFO EVENT: PROCESS_STARTED — PID 13448 (svchost.exe) parent=1360
2026-09-10 23:52:25 [argus.main] INFO EVENT: PROCESS_TERMINATED — PID 28244 (activate.exe)
2026-09-10 23:52:41 [argus.main] INFO EVENT: PROCESS_STARTED — PID 5012 (<unknown-pid-5012>) parent=none
2026-09-10 23:52:43 [argus.main] INFO EVENT: PROCESS_TERMINATED — PID 5012 (<unknown-pid-5012>)
2026-09-10 23:52:45 [argus.main] INFO EVENT: PROCESS_STARTED — PID 14480 (powershell.exe) parent=19040
2026-09-10 23:52:45 [argus.main] INFO EVENT: PROCESS_STARTED — PID 24920 (conhost.exe) parent=14480
2026-09-10 23:52:47 [argus.main] INFO EVENT: PROCESS_TERMINATED — PID 14480 (powershell.exe)
2026-09-10 23:52:47 [argus.main] INFO EVENT: PROCESS_TERMINATED — PID 24920 (conhost.exe)
2026-09-10 23:53:15 [argus.main] INFO EVENT: PROCESS_STARTED — PID 10188 (conhost.exe) parent=26724
2026-09-10 23:53:15 [argus.main] INFO EVENT: PROCESS_STARTED — PID 26724 (powershell.exe) parent=11972
2026-09-10 23:53:17 [argus.main] INFO EVENT: PROCESS_TERMINATED — PID 10188 (conhost.exe)
2026-09-10 23:53:17 [argus.main] INFO EVENT: PROCESS_TERMINATED — PID 26724 (powershell.exe)
2026-09-10 23:53:19 [argus.main] INFO EVENT: PROCESS_STARTED — PID 21356 (<unknown-pid-21356>) parent=19040
2026-09-10 23:53:21 [argus.main] INFO EVENT: PROCESS_TERMINATED — PID 21356 (<unknown-pid-21356>)
2026-09-10 23:53:31 [argus.main] INFO EVENT: PROCESS_STARTED — PID 2944 (conhost.exe) parent=26036
2026-09-10 23:53:33 [argus.main] INFO EVENT: PROCESS_TERMINATED — PID 2944 (conhost.exe)
2026-09-10 23:53:41 [argus.main] INFO EVENT: PROCESS_STARTED — PID 17496 (powershell.exe) parent=11972
2026-09-10 23:53:41 [argus.main] INFO EVENT: PROCESS_STARTED — PID 25904 (conhost.exe) parent=17496
2026-09-10 23:53:43 [argus.main] INFO EVENT: PROCESS_TERMINATED — PID 17496 (powershell.exe)
2026-09-10 23:53:43 [argus.main] INFO EVENT: PROCESS_TERMINATED — PID 25904 (conhost.exe)
2026-09-10 23:53:49 [argus.main] INFO EVENT: PROCESS_STARTED — PID 9632 (conhost.exe) parent=28252
2026-09-10 23:53:50 [argus.main] INFO EVENT: PROCESS_STARTED — PID 16376 (conhost.exe) parent=27660
2026-09-10 23:53:50 [argus.main] INFO EVENT: PROCESS_STARTED — PID 28252 (powershell.exe) parent=19040
2026-09-10 23:53:52 [argus.main] INFO EVENT: PROCESS_TERMINATED — PID 9632 (conhost.exe)
2026-09-10 23:53:52 [argus.main] INFO EVENT: PROCESS_TERMINATED — PID 16376 (conhost.exe)
2026-09-10 23:53:52 [argus.main] INFO EVENT: PROCESS_TERMINATED — PID 28252 (powershell.exe)
2026-09-10 23:54:20 [argus.main] INFO EVENT: PROCESS_STARTED — PID 1988 (updater.exe) parent=1360
2026-09-10 23:54:20 [argus.main] INFO EVENT: PROCESS_STARTED — PID 5848 (backgroundTaskHost.exe) parent=1596
2026-09-10 23:54:20 [argus.main] INFO EVENT: PROCESS_STARTED — PID 9160 (updater.exe) parent=2996
2026-09-10 23:54:20 [argus.main] INFO EVENT: PROCESS_STARTED — PID 12828 (updater.exe) parent=9160
2026-09-10 23:54:20 [argus.main] INFO EVENT: PROCESS_STARTED — PID 19908 (updater.exe) parent=23580
2026-09-10 23:54:20 [argus.main] INFO EVENT: PROCESS_STARTED — PID 23580 (updater.exe) parent=1360
2026-09-10 23:54:20 [argus.main] INFO EVENT: PROCESS_STARTED — PID 24388 (updater.exe) parent=1988
2026-09-10 23:54:20 [argus.main] INFO EVENT: PROCESS_STARTED — PID 27796 (backgroundTaskHost.exe) parent=1596
2026-09-10 23:54:22 [argus.main] INFO EVENT: PROCESS_STARTED — PID 12900 (powershell.exe) parent=19040
2026-09-10 23:54:22 [argus.main] INFO EVENT: PROCESS_STARTED — PID 22856 (conhost.exe) parent=12900
2026-09-10 23:54:24 [argus.main] INFO EVENT: PROCESS_TERMINATED — PID 13448 (svchost.exe)
2026-09-10 23:54:24 [argus.main] INFO EVENT: PROCESS_TERMINATED — PID 9160 (updater.exe)
2026-09-10 23:54:24 [argus.main] INFO EVENT: PROCESS_TERMINATED — PID 12828 (updater.exe)
2026-09-10 23:54:24 [argus.main] INFO EVENT: PROCESS_TERMINATED — PID 12900 (powershell.exe)
2026-09-10 23:54:24 [argus.main] INFO EVENT: PROCESS_TERMINATED — PID 22856 (conhost.exe)
2026-09-10 23:54:34 [argus.main] INFO EVENT: PROCESS_TERMINATED — PID 1988 (updater.exe)
2026-09-10 23:54:34 [argus.main] INFO EVENT: PROCESS_TERMINATED — PID 19908 (updater.exe)
2026-09-10 23:54:34 [argus.main] INFO EVENT: PROCESS_TERMINATED — PID 23580 (updater.exe)
2026-09-10 23:54:34 [argus.main] INFO EVENT: PROCESS_TERMINATED — PID 24388 (updater.exe)
2026-09-10 23:54:44 [argus.main] INFO EVENT: PROCESS_STARTED — PID 2956 (conhost.exe) parent=28364
2026-09-10 23:54:44 [argus.main] INFO EVENT: PROCESS_STARTED — PID 28364 (powershell.exe) parent=11972
2026-09-10 23:54:46 [argus.main] INFO EVENT: PROCESS_TERMINATED — PID 2956 (conhost.exe)
2026-09-10 23:54:46 [argus.main] INFO EVENT: PROCESS_TERMINATED — PID 28364 (powershell.exe)
2026-09-10 23:54:48 [argus.main] INFO EVENT: PROCESS_STARTED — PID 1404 (conhost.exe) parent=9760
2026-09-10 23:54:48 [argus.main] INFO EVENT: PROCESS_STARTED — PID 9760 (powershell.exe) parent=11972
2026-09-10 23:54:50 [argus.main] INFO EVENT: PROCESS_STARTED — PID 23084 (msedgewebview2.exe) parent=1280
2026-09-10 23:54:50 [argus.main] INFO EVENT: PROCESS_TERMINATED — PID 1404 (conhost.exe)
2026-09-10 23:54:50 [argus.main] INFO EVENT: PROCESS_TERMINATED — PID 9760 (powershell.exe)
2026-09-10 23:54:55 [argus.main] INFO EVENT: PROCESS_STARTED — PID 10380 (powershell.exe) parent=19040
2026-09-10 23:54:55 [argus.main] INFO EVENT: PROCESS_STARTED — PID 25940 (conhost.exe) parent=10380
2026-09-10 23:54:57 [argus.main] INFO EVENT: PROCESS_TERMINATED — PID 10380 (powershell.exe)
2026-09-10 23:54:57 [argus.main] INFO EVENT: PROCESS_TERMINATED — PID 25940 (conhost.exe)
2026-09-10 23:55:19 [argus.main] INFO EVENT: PROCESS_TERMINATED — PID 27796 (backgroundTaskHost.exe)
2026-09-10 23:55:21 [argus.main] INFO EVENT: PROCESS_STARTED — PID 21696 (conhost.exe) parent=21740
2026-09-10 23:55:21 [argus.main] INFO EVENT: PROCESS_STARTED — PID 21740 (powershell.exe) parent=11972
2026-09-10 23:55:21 [argus.main] INFO EVENT: PROCESS_TERMINATED — PID 5848 (backgroundTaskHost.exe)
2026-09-10 23:55:21 [argus.main] INFO EVENT: PROCESS_TERMINATED — PID 23084 (msedgewebview2.exe)
2026-09-10 23:55:23 [argus.main] INFO EVENT: PROCESS_TERMINATED — PID 21696 (conhost.exe)
2026-09-10 23:55:23 [argus.main] INFO EVENT: PROCESS_TERMINATED — PID 21740 (powershell.exe)
2026-09-10 23:55:45 [argus.main] INFO EVENT: PROCESS_STARTED — PID 13448 (conhost.exe) parent=20328
2026-09-10 23:55:45 [argus.main] INFO EVENT: PROCESS_STARTED — PID 20328 (powershell.exe) parent=11972
2026-09-10 23:55:47 [argus.main] INFO EVENT: PROCESS_TERMINATED — PID 13448 (conhost.exe)
2026-09-10 23:55:47 [argus.main] INFO EVENT: PROCESS_TERMINATED — PID 20328 (powershell.exe)
2026-09-10 23:55:53 [argus.main] INFO EVENT: PROCESS_STARTED — PID 13036 (<unknown-pid-13036>) parent=20284
2026-09-10 23:55:55 [argus.main] INFO EVENT: PROCESS_TERMINATED — PID 13036 (<unknown-pid-13036>)
2026-09-10 23:55:57 [argus.main] INFO EVENT: PROCESS_STARTED — PID 16864 (<unknown-pid-16864>) parent=none
2026-09-10 23:55:59 [argus.main] INFO EVENT: PROCESS_TERMINATED — PID 16864 (<unknown-pid-16864>)
2026-09-10 23:56:23 [argus.main] INFO EVENT: PROCESS_STARTED — PID 2680 (conhost.exe) parent=20216
2026-09-10 23:56:25 [argus.main] INFO EVENT: PROCESS_STARTED — PID 25688 (msedgewebview2.exe) parent=1280
2026-09-10 23:56:25 [argus.main] INFO EVENT: PROCESS_TERMINATED — PID 2680 (conhost.exe)
2026-09-10 23:56:45 [argus.main] INFO EVENT: PROCESS_STARTED — PID 1432 (conhost.exe) parent=26592
2026-09-10 23:56:45 [argus.main] INFO EVENT: PROCESS_STARTED — PID 26592 (powershell.exe) parent=11972
2026-09-10 23:56:47 [argus.main] INFO EVENT: PROCESS_TERMINATED — PID 1432 (conhost.exe)
2026-09-10 23:56:47 [argus.main] INFO EVENT: PROCESS_TERMINATED — PID 26592 (powershell.exe)
2026-09-10 23:56:56 [argus.main] INFO EVENT: PROCESS_TERMINATED — PID 25688 (msedgewebview2.exe)
2026-09-10 23:57:04 [argus.main] INFO EVENT: PROCESS_STARTED — PID 6780 (powershell.exe) parent=19040
2026-09-10 23:57:04 [argus.main] INFO EVENT: PROCESS_STARTED — PID 8956 (conhost.exe) parent=6780
2026-09-10 23:57:06 [argus.main] INFO EVENT: PROCESS_TERMINATED — PID 6780 (powershell.exe)
2026-09-10 23:57:06 [argus.main] INFO EVENT: PROCESS_TERMINATED — PID 8956 (conhost.exe)
2026-09-10 23:57:20 [argus.main] INFO EVENT: PROCESS_STARTED — PID 11176 (wssrvc.exe) parent=1360
2026-09-10 23:57:20 [argus.main] INFO EVENT: PROCESS_TERMINATED — PID 15144 (smartscreen.exe)
2026-09-10 23:57:26 [argus.main] INFO EVENT: PROCESS_STARTED — PID 12620 (smartscreen.exe) parent=1596
2026-09-10 23:57:28 [argus.main] INFO EVENT: PROCESS_STARTED — PID 21304 (Code.exe) parent=23628
2026-09-10 23:57:30 [argus.main] INFO EVENT: PROCESS_TERMINATED — PID 21304 (Code.exe)
2026-09-10 23:57:34 [argus.main] INFO EVENT: PROCESS_STARTED — PID 7048 (powershell.exe) parent=19040
2026-09-10 23:57:34 [argus.main] INFO EVENT: PROCESS_STARTED — PID 9148 (conhost.exe) parent=7048
2026-09-10 23:57:36 [argus.main] INFO EVENT: PROCESS_TERMINATED — PID 7048 (powershell.exe)
2026-09-10 23:57:36 [argus.main] INFO EVENT: PROCESS_TERMINATED — PID 9148 (conhost.exe)
2026-09-10 23:58:28 [argus.main] INFO EVENT: PROCESS_STARTED — PID 10324 (conhost.exe) parent=19496
2026-09-10 23:58:28 [argus.main] INFO EVENT: PROCESS_STARTED — PID 19496 (powershell.exe) parent=11972
2026-09-10 23:58:30 [argus.main] INFO EVENT: PROCESS_TERMINATED — PID 10324 (conhost.exe)
2026-09-10 23:58:30 [argus.main] INFO EVENT: PROCESS_TERMINATED — PID 19496 (powershell.exe)
2026-09-10 23:58:37 [argus.main] INFO EVENT: PROCESS_STARTED — PID 22352 (conhost.exe) parent=23828
2026-09-10 23:58:37 [argus.main] INFO EVENT: PROCESS_STARTED — PID 23828 (powershell.exe) parent=19040
2026-09-10 23:58:39 [argus.main] INFO EVENT: PROCESS_TERMINATED — PID 22352 (conhost.exe)
2026-09-10 23:58:39 [argus.main] INFO EVENT: PROCESS_TERMINATED — PID 23828 (powershell.exe)
2026-09-10 23:58:53 [argus.main] INFO EVENT: PROCESS_STARTED — PID 20216 (powershell.exe) parent=11972
2026-09-10 23:58:55 [argus.main] INFO EVENT: PROCESS_TERMINATED — PID 20216 (powershell.exe)
2026-09-10 23:59:09 [argus.main] INFO EVENT: PROCESS_STARTED — PID 15792 (powershell.exe) parent=19040
2026-09-10 23:59:09 [argus.main] INFO EVENT: PROCESS_STARTED — PID 24376 (conhost.exe) parent=15792
2026-09-10 23:59:11 [argus.main] INFO EVENT: PROCESS_TERMINATED — PID 15792 (powershell.exe)
2026-09-10 23:59:11 [argus.main] INFO EVENT: PROCESS_TERMINATED — PID 24376 (conhost.exe)
2026-09-10 23:59:27 [argus.main] INFO EVENT: PROCESS_STARTED — PID 10592 (conhost.exe) parent=16912
2026-09-10 23:59:29 [argus.main] INFO EVENT: PROCESS_TERMINATED — PID 10592 (conhost.exe)
2026-09-10 23:59:33 [argus.main] INFO EVENT: PROCESS_STARTED — PID 14184 (powershell.exe) parent=11972
2026-09-10 23:59:33 [argus.main] INFO EVENT: PROCESS_STARTED — PID 21352 (conhost.exe) parent=14184
2026-09-10 23:59:35 [argus.main] INFO EVENT: PROCESS_STARTED — PID 8036 (<unknown-pid-8036>) parent=19040
2026-09-10 23:59:35 [argus.main] INFO EVENT: PROCESS_TERMINATED — PID 14184 (powershell.exe)
2026-09-10 23:59:35 [argus.main] INFO EVENT: PROCESS_TERMINATED — PID 21352 (conhost.exe)
2026-09-10 23:59:37 [argus.main] INFO EVENT: PROCESS_TERMINATED — PID 8036 (<unknown-pid-8036>)
2026-09-10 23:59:39 [argus.main] INFO EVENT: PROCESS_STARTED — PID 5440 (powershell.exe) parent=19040
2026-09-10 23:59:39 [argus.main] INFO EVENT: PROCESS_STARTED — PID 28560 (conhost.exe) parent=5440
2026-09-10 23:59:41 [argus.main] INFO EVENT: PROCESS_TERMINATED — PID 5440 (powershell.exe)
2026-09-10 23:59:41 [argus.main] INFO EVENT: PROCESS_TERMINATED — PID 28560 (conhost.exe)
2026-09-10 23:59:53 [argus.main] INFO EVENT: PROCESS_STARTED — PID 12068 (conhost.exe) parent=17016
2026-09-10 23:59:53 [argus.main] INFO EVENT: PROCESS_STARTED — PID 17016 (powershell.exe) parent=11972
2026-09-10 23:59:55 [argus.main] INFO EVENT: PROCESS_TERMINATED — PID 12068 (conhost.exe)
2026-09-10 23:59:55 [argus.main] INFO EVENT: PROCESS_TERMINATED — PID 17016 (powershell.exe)
2026-09-11 00:00:05 [argus.main] INFO EVENT: PROCESS_STARTED — PID 8572 (conhost.exe) parent=18676
2026-09-11 00:00:05 [argus.main] INFO EVENT: PROCESS_STARTED — PID 18676 (powershell.exe) parent=11972
2026-09-11 00:00:07 [argus.main] INFO EVENT: PROCESS_TERMINATED — PID 8572 (conhost.exe)
2026-09-11 00:00:07 [argus.main] INFO EVENT: PROCESS_TERMINATED — PID 18676 (powershell.exe)
2026-09-11 00:00:36 [argus.main] INFO EVENT: PROCESS_STARTED — PID 9024 (conhost.exe) parent=20108
2026-09-11 00:00:36 [argus.main] INFO EVENT: PROCESS_STARTED — PID 20108 (powershell.exe) parent=11972
2026-09-11 00:00:38 [argus.main] INFO EVENT: PROCESS_TERMINATED — PID 9024 (conhost.exe)
2026-09-11 00:00:38 [argus.main] INFO EVENT: PROCESS_TERMINATED — PID 20108 (powershell.exe)
2026-09-11 00:00:44 [argus.main] INFO EVENT: PROCESS_STARTED — PID 14088 (powershell.exe) parent=19040
2026-09-11 00:00:44 [argus.main] INFO EVENT: PROCESS_STARTED — PID 28508 (conhost.exe) parent=14088
2026-09-11 00:00:46 [argus.main] INFO EVENT: PROCESS_TERMINATED — PID 14088 (powershell.exe)
2026-09-11 00:00:46 [argus.main] INFO EVENT: PROCESS_TERMINATED — PID 28508 (conhost.exe)
2026-09-11 00:00:50 [argus.main] INFO EVENT: PROCESS_STARTED — PID 3252 (powershell.exe) parent=14588
2026-09-11 00:00:50 [argus.main] INFO EVENT: PROCESS_STARTED — PID 19520 (conhost.exe) parent=3252
2026-09-11 00:00:52 [argus.main] INFO EVENT: PROCESS_STARTED — PID 5272 (node.exe) parent=6976
2026-09-11 00:00:52 [argus.main] INFO EVENT: PROCESS_STARTED — PID 6976 (cmd.exe) parent=9112
2026-09-11 00:00:52 [argus.main] INFO EVENT: PROCESS_STARTED — PID 9112 (node.exe) parent=3252
2026-09-11 00:00:56 [argus.main] INFO EVENT: PROCESS_STARTED — PID 23436 (powershell.exe) parent=11972
2026-09-11 00:00:56 [argus.main] INFO EVENT: PROCESS_STARTED — PID 24868 (conhost.exe) parent=23436
2026-09-11 00:00:56 [argus.main] INFO EVENT: PROCESS_TERMINATED — PID 15908 (WmiPrvSE.exe)
2026-09-11 00:00:58 [argus.main] INFO EVENT: PROCESS_STARTED — PID 20668 (WmiPrvSE.exe) parent=1596
2026-09-11 00:00:58 [argus.main] INFO EVENT: PROCESS_TERMINATED — PID 23436 (powershell.exe)
2026-09-11 00:00:58 [argus.main] INFO EVENT: PROCESS_TERMINATED — PID 24868 (conhost.exe)
2026-09-11 00:01:08 [argus.main] INFO EVENT: PROCESS_STARTED — PID 5976 (powershell.exe) parent=11972
2026-09-11 00:01:08 [argus.main] INFO EVENT: PROCESS_STARTED — PID 13644 (conhost.exe) parent=5976
2026-09-11 00:01:08 [argus.main] INFO EVENT: PROCESS_TERMINATED — PID 3252 (powershell.exe)
2026-09-11 00:01:08 [argus.main] INFO EVENT: PROCESS_TERMINATED — PID 19520 (conhost.exe)
2026-09-11 00:01:08 [argus.main] INFO EVENT: PROCESS_TERMINATED — PID 5272 (node.exe)
2026-09-11 00:01:08 [argus.main] INFO EVENT: PROCESS_TERMINATED — PID 6976 (cmd.exe)
2026-09-11 00:01:08 [argus.main] INFO EVENT: PROCESS_TERMINATED — PID 9112 (node.exe)
2026-09-11 00:01:10 [argus.main] INFO EVENT: PROCESS_TERMINATED — PID 5976 (powershell.exe)
2026-09-11 00:01:10 [argus.main] INFO EVENT: PROCESS_TERMINATED — PID 13644 (conhost.exe)
2026-09-11 00:01:16 [argus.main] INFO EVENT: PROCESS_STARTED — PID 5728 (powershell.exe) parent=19040
2026-09-11 00:01:16 [argus.main] INFO EVENT: PROCESS_STARTED — PID 27908 (conhost.exe) parent=5728
2026-09-11 00:01:18 [argus.main] INFO EVENT: PROCESS_STARTED — PID 924 (powershell.exe) parent=14588
2026-09-11 00:01:19 [argus.main] INFO EVENT: PROCESS_STARTED — PID 1668 (conhost.exe) parent=28000
2026-09-11 00:01:19 [argus.main] INFO EVENT: PROCESS_STARTED — PID 23024 (conhost.exe) parent=924
2026-09-11 00:01:19 [argus.main] INFO EVENT: PROCESS_STARTED — PID 27524 (node.exe) parent=924
2026-09-11 00:01:19 [argus.main] INFO EVENT: PROCESS_TERMINATED — PID 5728 (powershell.exe)
2026-09-11 00:01:19 [argus.main] INFO EVENT: PROCESS_TERMINATED — PID 27908 (conhost.exe)
2026-09-11 00:01:21 [argus.main] INFO EVENT: PROCESS_STARTED — PID 17808 (node.exe) parent=22736
2026-09-11 00:01:21 [argus.main] INFO EVENT: PROCESS_STARTED — PID 22736 (cmd.exe) parent=27524
2026-09-11 00:01:21 [argus.main] INFO EVENT: PROCESS_TERMINATED — PID 1668 (conhost.exe)
2026-09-11 00:01:25 [argus.main] INFO EVENT: PROCESS_STARTED — PID 11164 (<unknown-pid-11164>) parent=none
2026-09-11 00:01:27 [argus.main] INFO EVENT: PROCESS_TERMINATED — PID 11164 (<unknown-pid-11164>)
2026-09-11 00:01:29 [argus.main] INFO EVENT: PROCESS_TERMINATED — PID 924 (powershell.exe)
2026-09-11 00:01:29 [argus.main] INFO EVENT: PROCESS_TERMINATED — PID 23024 (conhost.exe)
2026-09-11 00:01:29 [argus.main] INFO EVENT: PROCESS_TERMINATED — PID 27524 (node.exe)
2026-09-11 00:01:29 [argus.main] INFO EVENT: PROCESS_TERMINATED — PID 17808 (node.exe)
2026-09-11 00:01:29 [argus.main] INFO EVENT: PROCESS_TERMINATED — PID 22736 (cmd.exe)
2026-09-11 00:01:31 [argus.main] INFO EVENT: PROCESS_STARTED — PID 6660 (conhost.exe) parent=11328
2026-09-11 00:01:31 [argus.main] INFO EVENT: PROCESS_STARTED — PID 11328 (powershell.exe) parent=14588
2026-09-11 00:01:31 [argus.main] INFO EVENT: PROCESS_STARTED — PID 28536 (node.exe) parent=11328
2026-09-11 00:01:31 [argus.main] INFO EVENT: PROCESS_TERMINATED — PID 2696 (svchost.exe)
2026-09-11 00:01:33 [argus.main] INFO EVENT: PROCESS_STARTED — PID 6860 (node.exe) parent=9640
2026-09-11 00:01:33 [argus.main] INFO EVENT: PROCESS_STARTED — PID 9640 (cmd.exe) parent=28536
2026-09-11 00:01:33 [argus.main] INFO EVENT: PROCESS_STARTED — PID 17660 (node.exe) parent=6860
2026-09-11 00:01:35 [argus.main] INFO EVENT: PROCESS_STARTED — PID 11744 (esbuild.exe) parent=6860
2026-09-11 00:01:35 [argus.main] INFO EVENT: PROCESS_TERMINATED — PID 17660 (node.exe)
2026-09-11 00:01:39 [argus.main] INFO EVENT: PROCESS_STARTED — PID 27872 (conhost.exe) parent=28276
2026-09-11 00:01:39 [argus.main] INFO EVENT: PROCESS_STARTED — PID 28276 (powershell.exe) parent=11972
2026-09-11 00:01:41 [argus.main] INFO EVENT: PROCESS_TERMINATED — PID 27872 (conhost.exe)
2026-09-11 00:01:42 [argus.main] INFO EVENT: PROCESS_TERMINATED — PID 28276 (powershell.exe)
2026-09-11 00:01:44 [argus.main] INFO EVENT: PROCESS_STARTED — PID 8948 (StoreDesktopExtension.exe) parent=1596
2026-09-11 00:01:44 [argus.main] INFO EVENT: PROCESS_STARTED — PID 17588 (backgroundTaskHost.exe) parent=1596
2026-09-11 00:01:48 [argus.main] INFO EVENT: PROCESS_STARTED — PID 13128 (powershell.exe) parent=19040
2026-09-11 00:01:48 [argus.main] INFO EVENT: PROCESS_STARTED — PID 26064 (conhost.exe) parent=13128
2026-09-11 00:01:50 [argus.main] INFO EVENT: PROCESS_TERMINATED — PID 13128 (powershell.exe)
2026-09-11 00:01:50 [argus.main] INFO EVENT: PROCESS_TERMINATED — PID 26064 (conhost.exe)
2026-09-11 00:01:52 [argus.main] INFO EVENT: PROCESS_TERMINATED — PID 6660 (conhost.exe)
2026-09-11 00:01:52 [argus.main] INFO EVENT: PROCESS_TERMINATED — PID 11328 (powershell.exe)
2026-09-11 00:01:52 [argus.main] INFO EVENT: PROCESS_TERMINATED — PID 28536 (node.exe)
2026-09-11 00:01:52 [argus.main] INFO EVENT: PROCESS_TERMINATED — PID 6860 (node.exe)
2026-09-11 00:01:52 [argus.main] INFO EVENT: PROCESS_TERMINATED — PID 9640 (cmd.exe)
2026-09-11 00:01:52 [argus.main] INFO EVENT: PROCESS_TERMINATED — PID 11744 (esbuild.exe)
2026-09-11 00:01:56 [argus.main] INFO EVENT: PROCESS_STARTED — PID 4368 (conhost.exe) parent=7076
2026-09-11 00:01:56 [argus.main] INFO EVENT: PROCESS_STARTED — PID 7076 (powershell.exe) parent=11972
2026-09-11 00:02:00 [argus.main] INFO EVENT: PROCESS_TERMINATED — PID 4368 (conhost.exe)
2026-09-11 00:02:00 [argus.main] INFO EVENT: PROCESS_TERMINATED — PID 7076 (powershell.exe)
2026-09-11 00:02:14 [argus.main] INFO EVENT: PROCESS_TERMINATED — PID 14588 (opencode.exe)
2026-09-11 00:02:18 [argus.main] INFO EVENT: PROCESS_STARTED — PID 16404 (conhost.exe) parent=26016
2026-09-11 00:02:18 [argus.main] INFO EVENT: PROCESS_STARTED — PID 26016 (powershell.exe) parent=19040
2026-09-11 00:02:20 [argus.main] INFO EVENT: PROCESS_TERMINATED — PID 16404 (conhost.exe)
2026-09-11 00:02:20 [argus.main] INFO EVENT: PROCESS_TERMINATED — PID 26016 (powershell.exe)
2026-09-11 00:02:22 [argus.main] INFO EVENT: PROCESS_TERMINATED — PID 6124 (svchost.exe)
2026-09-11 00:02:26 [argus.main] INFO EVENT: PROCESS_TERMINATED — PID 4504 (OpenConsole.exe)
2026-09-11 00:02:26 [argus.main] INFO EVENT: PROCESS_TERMINATED — PID 5688 (powershell.exe)
2026-09-11 00:02:26 [argus.main] INFO EVENT: PROCESS_TERMINATED — PID 12620 (smartscreen.exe)
2026-09-11 00:02:34 [argus.main] INFO EVENT: PROCESS_STARTED — PID 28092 (rundll32.exe) parent=1596
2026-09-11 00:02:36 [argus.main] INFO EVENT: PROCESS_STARTED — PID 3708 (dllhost.exe) parent=1596
2026-09-11 00:02:36 [argus.main] INFO EVENT: PROCESS_STARTED — PID 7660 (dllhost.exe) parent=1596
2026-09-11 00:02:36 [argus.main] INFO EVENT: PROCESS_STARTED — PID 11336 (dllhost.exe) parent=1596
2026-09-11 00:02:37 [argus.main] INFO EVENT: PROCESS_STARTED — PID 27284 (dllhost.exe) parent=1596
2026-09-11 00:02:37 [argus.main] INFO EVENT: PROCESS_STARTED — PID 28580 (mscopilot_proxy.exe) parent=1596
2026-09-11 00:02:37 [argus.main] INFO EVENT: PROCESS_TERMINATED — PID 28092 (rundll32.exe)
2026-09-11 00:02:39 [argus.main] INFO EVENT: PROCESS_STARTED — PID 10708 (audiodg.exe) parent=3388
2026-09-11 00:02:39 [argus.main] INFO EVENT: PROCESS_STARTED — PID 14904 (ctfmon.exe) parent=5052
2026-09-11 00:02:39 [argus.main] INFO EVENT: PROCESS_STARTED — PID 23084 (smartscreen.exe) parent=1596
2026-09-11 00:02:41 [argus.main] INFO EVENT: PROCESS_STARTED — PID 2988 (conhost.exe) parent=18196
2026-09-11 00:02:41 [argus.main] INFO EVENT: PROCESS_STARTED — PID 18196 (powershell.exe) parent=11972
2026-09-11 00:02:41 [argus.main] INFO EVENT: PROCESS_STARTED — PID 25796 (powershell.exe) parent=10872
2026-09-11 00:02:41 [argus.main] INFO EVENT: PROCESS_STARTED — PID 27872 (conhost.exe) parent=25796
2026-09-11 00:02:43 [argus.main] INFO EVENT: PROCESS_TERMINATED — PID 8948 (StoreDesktopExtension.exe)
2026-09-11 00:02:43 [argus.main] INFO EVENT: PROCESS_TERMINATED — PID 17588 (backgroundTaskHost.exe)
2026-09-11 00:02:43 [argus.main] INFO EVENT: PROCESS_TERMINATED — PID 14904 (ctfmon.exe)
2026-09-11 00:02:43 [argus.main] INFO EVENT: PROCESS_TERMINATED — PID 2988 (conhost.exe)
2026-09-11 00:02:43 [argus.main] INFO EVENT: PROCESS_TERMINATED — PID 18196 (powershell.exe)
2026-09-11 00:02:49 [argus.main] INFO EVENT: PROCESS_STARTED — PID 8204 (powershell.exe) parent=19040
2026-09-11 00:02:49 [argus.main] INFO EVENT: PROCESS_STARTED — PID 9184 (conhost.exe) parent=8204
2026-09-11 00:02:51 [argus.main] INFO EVENT: PROCESS_TERMINATED — PID 8204 (powershell.exe)
2026-09-11 00:02:51 [argus.main] INFO EVENT: PROCESS_TERMINATED — PID 9184 (conhost.exe)
2026-09-11 00:02:55 [argus.main] INFO EVENT: PROCESS_STARTED — PID 6228 (opencode.exe) parent=25796
2026-09-11 00:03:00 [argus.main] INFO EVENT: PROCESS_STARTED — PID 17860 (powershell.exe) parent=11972
2026-09-11 00:03:00 [argus.main] INFO EVENT: PROCESS_STARTED — PID 26392 (conhost.exe) parent=17860
2026-09-11 00:03:02 [argus.main] INFO EVENT: PROCESS_TERMINATED — PID 17860 (powershell.exe)
2026-09-11 00:03:02 [argus.main] INFO EVENT: PROCESS_TERMINATED — PID 26392 (conhost.exe)
2026-09-11 00:03:10 [argus.main] INFO EVENT: PROCESS_STARTED — PID 2496 (taskkill.exe) parent=27980
2026-09-11 00:03:10 [argus.main] INFO EVENT: PROCESS_STARTED — PID 13448 (conhost.exe) parent=27980
2026-09-11 00:03:10 [argus.main] INFO EVENT: PROCESS_STARTED — PID 27980 (cmd.exe) parent=6228
2026-09-11 00:03:12 [argus.main] INFO EVENT: PROCESS_TERMINATED — PID 2496 (taskkill.exe)
2026-09-11 00:03:12 [argus.main] INFO EVENT: PROCESS_TERMINATED — PID 13448 (conhost.exe)
2026-09-11 00:03:12 [argus.main] INFO EVENT: PROCESS_TERMINATED — PID 27980 (cmd.exe)
2026-09-11 00:03:16 [argus.main] INFO EVENT: PROCESS_STARTED — PID 15892 (conhost.exe) parent=25244
2026-09-11 00:03:16 [argus.main] INFO EVENT: PROCESS_STARTED — PID 25244 (<unknown-pid-25244>) parent=none
2026-09-11 00:03:18 [argus.main] INFO EVENT: PROCESS_TERMINATED — PID 15892 (conhost.exe)
2026-09-11 00:03:18 [argus.main] INFO EVENT: PROCESS_TERMINATED — PID 25244 (<unknown-pid-25244>)
2026-09-11 00:03:20 [argus.main] INFO EVENT: PROCESS_STARTED — PID 22580 (powershell.exe) parent=19040
2026-09-11 00:03:20 [argus.main] INFO EVENT: PROCESS_STARTED — PID 23128 (conhost.exe) parent=22580
2026-09-11 00:03:22 [argus.main] INFO EVENT: PROCESS_TERMINATED — PID 22580 (powershell.exe)
2026-09-11 00:03:22 [argus.main] INFO EVENT: PROCESS_TERMINATED — PID 23128 (conhost.exe)
2026-09-11 00:03:28 [argus.main] INFO EVENT: PROCESS_STARTED — PID 23220 (cmd.exe) parent=6228
2026-09-11 00:03:29 [argus.main] INFO EVENT: PROCESS_STARTED — PID 27748 (taskkill.exe) parent=23220
2026-09-11 00:03:29 [argus.main] INFO EVENT: PROCESS_STARTED — PID 28240 (conhost.exe) parent=23220
2026-09-11 00:03:31 [argus.main] INFO EVENT: PROCESS_TERMINATED — PID 23220 (cmd.exe)
2026-09-11 00:03:31 [argus.main] INFO EVENT: PROCESS_TERMINATED — PID 27748 (taskkill.exe)
2026-09-11 00:03:31 [argus.main] INFO EVENT: PROCESS_TERMINATED — PID 28240 (conhost.exe)
2026-09-11 00:03:43 [argus.main] INFO EVENT: PROCESS_STARTED — PID 12732 (powershell.exe) parent=11972
2026-09-11 00:03:43 [argus.main] INFO EVENT: PROCESS_STARTED — PID 19136 (conhost.exe) parent=12732
2026-09-11 00:03:45 [argus.main] INFO EVENT: PROCESS_TERMINATED — PID 12732 (powershell.exe)
2026-09-11 00:03:45 [argus.main] INFO EVENT: PROCESS_TERMINATED — PID 19136 (conhost.exe)
2026-09-11 00:03:53 [argus.main] INFO EVENT: PROCESS_STARTED — PID 1800 (powershell.exe) parent=19040
2026-09-11 00:03:53 [argus.main] INFO EVENT: PROCESS_STARTED — PID 10324 (conhost.exe) parent=1800
2026-09-11 00:03:55 [argus.main] INFO EVENT: PROCESS_TERMINATED — PID 1800 (powershell.exe)
2026-09-11 00:03:55 [argus.main] INFO EVENT: PROCESS_TERMINATED — PID 10324 (conhost.exe)
2026-09-11 00:04:01 [argus.main] INFO EVENT: PROCESS_STARTED — PID 416 (powershell.exe) parent=11972
2026-09-11 00:04:01 [argus.main] INFO EVENT: PROCESS_STARTED — PID 27900 (conhost.exe) parent=416
2026-09-11 00:04:01 [argus.main] INFO EVENT: PROCESS_TERMINATED — PID 20668 (WmiPrvSE.exe)
2026-09-11 00:04:03 [argus.main] INFO EVENT: PROCESS_STARTED — PID 7456 (WmiPrvSE.exe) parent=1596
2026-09-11 00:04:03 [argus.main] INFO EVENT: PROCESS_TERMINATED — PID 416 (powershell.exe)
2026-09-11 00:04:03 [argus.main] INFO EVENT: PROCESS_TERMINATED — PID 27900 (conhost.exe)
2026-09-11 00:04:09 [argus.main] INFO EVENT: PROCESS_STARTED — PID 10516 (conhost.exe) parent=14872
2026-09-11 00:04:09 [argus.main] INFO EVENT: PROCESS_STARTED — PID 14872 (<unknown-pid-14872>) parent=3532
2026-09-11 00:04:11 [argus.main] INFO EVENT: PROCESS_TERMINATED — PID 10516 (conhost.exe)
2026-09-11 00:04:11 [argus.main] INFO EVENT: PROCESS_TERMINATED — PID 14872 (<unknown-pid-14872>)
2026-09-11 00:04:13 [argus.main] INFO EVENT: PROCESS_STARTED — PID 14380 (conhost.exe) parent=22212
2026-09-11 00:04:14 [argus.main] INFO EVENT: PROCESS_STARTED — PID 22212 (powershell.exe) parent=11972
2026-09-11 00:04:16 [argus.main] INFO EVENT: PROCESS_TERMINATED — PID 14380 (conhost.exe)
2026-09-11 00:04:16 [argus.main] INFO EVENT: PROCESS_TERMINATED — PID 22212 (powershell.exe)
2026-09-11 00:04:24 [argus.main] INFO EVENT: PROCESS_STARTED — PID 3676 (powershell.exe) parent=19040
2026-09-11 00:04:24 [argus.main] INFO EVENT: PROCESS_STARTED — PID 28628 (conhost.exe) parent=3676
2026-09-11 00:04:26 [argus.main] INFO EVENT: PROCESS_STARTED — PID 13028 (ipconfig.exe) parent=3532
2026-09-11 00:04:26 [argus.main] INFO EVENT: PROCESS_STARTED — PID 14968 (<unknown-pid-14968>) parent=13028
2026-09-11 00:04:26 [argus.main] INFO EVENT: PROCESS_TERMINATED — PID 3676 (powershell.exe)
2026-09-11 00:04:26 [argus.main] INFO EVENT: PROCESS_TERMINATED — PID 28628 (conhost.exe)
2026-09-11 00:04:28 [argus.main] INFO EVENT: PROCESS_TERMINATED — PID 13028 (ipconfig.exe)
2026-09-11 00:04:28 [argus.main] INFO EVENT: PROCESS_TERMINATED — PID 14968 (<unknown-pid-14968>)
2026-09-11 00:04:44 [argus.main] INFO EVENT: PROCESS_STARTED — PID 22428 (conhost.exe) parent=25444
2026-09-11 00:04:44 [argus.main] INFO EVENT: PROCESS_STARTED — PID 25444 (powershell.exe) parent=11972
2026-09-11 00:04:46 [argus.main] INFO EVENT: PROCESS_TERMINATED — PID 22428 (conhost.exe)
2026-09-11 00:04:46 [argus.main] INFO EVENT: PROCESS_TERMINATED — PID 25444 (powershell.exe)
2026-09-11 00:05:02 [argus.main] INFO EVENT: PROCESS_STARTED — PID 18596 (conhost.exe) parent=19604
2026-09-11 00:05:02 [argus.main] INFO EVENT: PROCESS_STARTED — PID 19604 (powershell.exe) parent=11972
2026-09-11 00:05:04 [argus.main] INFO EVENT: PROCESS_TERMINATED — PID 18596 (conhost.exe)
2026-09-11 00:05:04 [argus.main] INFO EVENT: PROCESS_TERMINATED — PID 19604 (powershell.exe)
2026-09-11 00:05:26 [argus.main] INFO EVENT: PROCESS_STARTED — PID 12456 (conhost.exe) parent=25548
2026-09-11 00:05:26 [argus.main] INFO EVENT: PROCESS_STARTED — PID 25548 (powershell.exe) parent=19040
2026-09-11 00:05:28 [argus.main] INFO EVENT: PROCESS_TERMINATED — PID 12456 (conhost.exe)
2026-09-11 00:05:28 [argus.main] INFO EVENT: PROCESS_TERMINATED — PID 25548 (powershell.exe)
2026-09-11 00:05:48 [argus.main] INFO EVENT: PROCESS_STARTED — PID 1640 (conhost.exe) parent=20240
2026-09-11 00:05:49 [argus.main] INFO EVENT: PROCESS_STARTED — PID 20240 (powershell.exe) parent=11972
2026-09-11 00:05:51 [argus.main] INFO EVENT: PROCESS_TERMINATED — PID 1640 (conhost.exe)
2026-09-11 00:05:51 [argus.main] INFO EVENT: PROCESS_TERMINATED — PID 20240 (powershell.exe)
2026-09-11 00:06:03 [argus.main] INFO EVENT: PROCESS_STARTED — PID 8892 (powershell.exe) parent=11972
2026-09-11 00:06:03 [argus.main] INFO EVENT: PROCESS_STARTED — PID 24412 (conhost.exe) parent=8892
2026-09-11 00:06:05 [argus.main] INFO EVENT: PROCESS_TERMINATED — PID 8892 (powershell.exe)
2026-09-11 00:06:05 [argus.main] INFO EVENT: PROCESS_TERMINATED — PID 24412 (conhost.exe)
2026-09-11 00:06:09 [argus.main] INFO EVENT: PROCESS_STARTED — PID 19756 (<unknown-pid-19756>) parent=none
2026-09-11 00:06:11 [argus.main] INFO EVENT: PROCESS_TERMINATED — PID 19756 (<unknown-pid-19756>)
2026-09-11 00:06:19 [argus.main] INFO EVENT: PROCESS_STARTED — PID 9104 (powershell.exe) parent=11972
2026-09-11 00:06:19 [argus.main] INFO EVENT: PROCESS_STARTED — PID 27940 (conhost.exe) parent=9104
2026-09-11 00:06:21 [argus.main] INFO EVENT: PROCESS_TERMINATED — PID 9104 (powershell.exe)
2026-09-11 00:06:21 [argus.main] INFO EVENT: PROCESS_TERMINATED — PID 27940 (conhost.exe)
2026-09-11 00:06:49 [argus.main] INFO EVENT: PROCESS_STARTED — PID 10304 (conhost.exe) parent=16340
2026-09-11 00:06:49 [argus.main] INFO EVENT: PROCESS_STARTED — PID 16340 (powershell.exe) parent=11972
2026-09-11 00:06:51 [argus.main] INFO EVENT: PROCESS_TERMINATED — PID 10304 (conhost.exe)
2026-09-11 00:06:51 [argus.main] INFO EVENT: PROCESS_TERMINATED — PID 16340 (powershell.exe)
2026-09-11 00:06:57 [argus.main] INFO EVENT: PROCESS_TERMINATED — PID 18564 (svchost.exe)
2026-09-11 00:06:59 [argus.main] INFO EVENT: PROCESS_STARTED — PID 4332 (conhost.exe) parent=8872
2026-09-11 00:06:59 [argus.main] INFO EVENT: PROCESS_STARTED — PID 8872 (powershell.exe) parent=19040
2026-09-11 00:07:01 [argus.main] INFO EVENT: PROCESS_TERMINATED — PID 4332 (conhost.exe)
2026-09-11 00:07:01 [argus.main] INFO EVENT: PROCESS_TERMINATED — PID 8872 (powershell.exe)
2026-09-11 00:07:03 [argus.main] INFO EVENT: PROCESS_STARTED — PID 16844 (powershell.exe) parent=11972
2026-09-11 00:07:04 [argus.main] INFO EVENT: PROCESS_STARTED — PID 19448 (conhost.exe) parent=16844
2026-09-11 00:07:06 [argus.main] INFO EVENT: PROCESS_TERMINATED — PID 16844 (powershell.exe)
2026-09-11 00:07:06 [argus.main] INFO EVENT: PROCESS_TERMINATED — PID 19448 (conhost.exe)
2026-09-11 00:07:22 [argus.main] INFO EVENT: PROCESS_STARTED — PID 17184 (svchost.exe) parent=1360
2026-09-11 00:07:22 [argus.main] INFO EVENT: PROCESS_STARTED — PID 27760 (conhost.exe) parent=28288
2026-09-11 00:07:22 [argus.main] INFO EVENT: PROCESS_STARTED — PID 28288 (powershell.exe) parent=11972
2026-09-11 00:07:24 [argus.main] INFO EVENT: PROCESS_TERMINATED — PID 27760 (conhost.exe)
2026-09-11 00:07:24 [argus.main] INFO EVENT: PROCESS_TERMINATED — PID 28288 (powershell.exe)
2026-09-11 00:07:34 [argus.main] INFO EVENT: PROCESS_TERMINATED — PID 6228 (opencode.exe)
2026-09-11 00:07:38 [argus.main] INFO EVENT: PROCESS_TERMINATED — PID 23084 (smartscreen.exe)
2026-09-11 00:07:44 [argus.main] INFO EVENT: PROCESS_STARTED — PID 19704 (msedgewebview2.exe) parent=1280
2026-09-11 00:07:52 [argus.main] INFO EVENT: PROCESS_STARTED — PID 17040 (powershell.exe) parent=11972
2026-09-11 00:07:52 [argus.main] INFO EVENT: PROCESS_STARTED — PID 18588 (conhost.exe) parent=17040
2026-09-11 00:07:54 [argus.main] INFO EVENT: PROCESS_STARTED — PID 10252 (opencode.exe) parent=25796
2026-09-11 00:07:54 [argus.main] INFO EVENT: PROCESS_TERMINATED — PID 17040 (powershell.exe)
2026-09-11 00:07:54 [argus.main] INFO EVENT: PROCESS_TERMINATED — PID 18588 (conhost.exe)
2026-09-11 00:08:00 [argus.main] INFO EVENT: PROCESS_STARTED — PID 14176 (conhost.exe) parent=27264
2026-09-11 00:08:00 [argus.main] INFO EVENT: PROCESS_STARTED — PID 27264 (powershell.exe) parent=19040
2026-09-11 00:08:02 [argus.main] INFO EVENT: PROCESS_TERMINATED — PID 14176 (conhost.exe)
2026-09-11 00:08:02 [argus.main] INFO EVENT: PROCESS_TERMINATED — PID 27264 (powershell.exe)
2026-09-11 00:08:06 [argus.main] INFO EVENT: PROCESS_STARTED — PID 23488 (conhost.exe) parent=25832
2026-09-11 00:08:06 [argus.main] INFO EVENT: PROCESS_STARTED — PID 25832 (powershell.exe) parent=11972
2026-09-11 00:08:08 [argus.main] INFO EVENT: PROCESS_TERMINATED — PID 23488 (conhost.exe)
2026-09-11 00:08:08 [argus.main] INFO EVENT: PROCESS_TERMINATED — PID 25832 (powershell.exe)
2026-09-11 00:08:10 [argus.main] INFO EVENT: PROCESS_STARTED — PID 5332 (rg.exe) parent=10252
2026-09-11 00:08:12 [argus.main] INFO EVENT: PROCESS_TERMINATED — PID 5332 (rg.exe)
2026-09-11 00:08:15 [argus.main] INFO EVENT: PROCESS_STARTED — PID 17944 (conhost.exe) parent=27356
2026-09-11 00:08:15 [argus.main] INFO EVENT: PROCESS_STARTED — PID 27356 (cmd.exe) parent=10252
2026-09-11 00:08:15 [argus.main] INFO EVENT: PROCESS_TERMINATED — PID 19704 (msedgewebview2.exe)
2026-09-11 00:08:17 [argus.main] INFO EVENT: PROCESS_TERMINATED — PID 17944 (conhost.exe)
2026-09-11 00:08:17 [argus.main] INFO EVENT: PROCESS_TERMINATED — PID 27356 (cmd.exe)
2026-09-11 00:08:19 [argus.main] INFO EVENT: PROCESS_STARTED — PID 24780 (<unknown-pid-24780>) parent=10252
2026-09-11 00:08:21 [argus.main] INFO EVENT: PROCESS_TERMINATED — PID 24780 (<unknown-pid-24780>)
2026-09-11 00:08:23 [argus.main] INFO EVENT: PROCESS_STARTED — PID 17576 (conhost.exe) parent=28652
2026-09-11 00:08:23 [argus.main] INFO EVENT: PROCESS_STARTED — PID 24952 (taskkill.exe) parent=28652
2026-09-11 00:08:23 [argus.main] INFO EVENT: PROCESS_STARTED — PID 28652 (cmd.exe) parent=10252
2026-09-11 00:08:25 [argus.main] INFO EVENT: PROCESS_STARTED — PID 21960 (conhost.exe) parent=27528
2026-09-11 00:08:25 [argus.main] INFO EVENT: PROCESS_STARTED — PID 27528 (powershell.exe) parent=11972
2026-09-11 00:08:25 [argus.main] INFO EVENT: PROCESS_TERMINATED — PID 17576 (conhost.exe)
2026-09-11 00:08:25 [argus.main] INFO EVENT: PROCESS_TERMINATED — PID 24952 (taskkill.exe)
2026-09-11 00:08:25 [argus.main] INFO EVENT: PROCESS_TERMINATED — PID 28652 (cmd.exe)
2026-09-11 00:08:27 [argus.main] INFO EVENT: PROCESS_TERMINATED — PID 21960 (conhost.exe)
2026-09-11 00:08:27 [argus.main] INFO EVENT: PROCESS_TERMINATED — PID 27528 (powershell.exe)
2026-09-11 00:08:47 [argus.main] INFO EVENT: PROCESS_STARTED — PID 16492 (ROUTE.EXE) parent=3532
2026-09-11 00:08:47 [argus.main] INFO EVENT: PROCESS_STARTED — PID 25604 (<unknown-pid-25604>) parent=none
2026-09-11 00:08:49 [argus.main] INFO EVENT: PROCESS_TERMINATED — PID 16492 (ROUTE.EXE)
2026-09-11 00:08:49 [argus.main] INFO EVENT: PROCESS_TERMINATED — PID 25604 (<unknown-pid-25604>)
2026-09-11 00:08:57 [argus.main] INFO EVENT: PROCESS_STARTED — PID 18844 (powershell.exe) parent=11972
2026-09-11 00:08:57 [argus.main] INFO EVENT: PROCESS_STARTED — PID 27696 (conhost.exe) parent=18844
2026-09-11 00:08:59 [argus.main] INFO EVENT: PROCESS_TERMINATED — PID 18844 (powershell.exe)
2026-09-11 00:08:59 [argus.main] INFO EVENT: PROCESS_TERMINATED — PID 27696 (conhost.exe)
2026-09-11 00:09:01 [argus.main] INFO EVENT: PROCESS_STARTED — PID 9768 (conhost.exe) parent=28068
2026-09-11 00:09:04 [argus.main] INFO EVENT: PROCESS_STARTED — PID 15420 (powershell.exe) parent=19040
2026-09-11 00:09:04 [argus.main] INFO EVENT: PROCESS_STARTED — PID 18836 (conhost.exe) parent=15420
2026-09-11 00:09:04 [argus.main] INFO EVENT: PROCESS_TERMINATED — PID 9768 (conhost.exe)
2026-09-11 00:09:06 [argus.main] INFO EVENT: PROCESS_TERMINATED — PID 15420 (powershell.exe)
2026-09-11 00:09:06 [argus.main] INFO EVENT: PROCESS_TERMINATED — PID 18836 (conhost.exe)
2026-09-11 00:09:10 [argus.main] INFO EVENT: PROCESS_STARTED — PID 17736 (conhost.exe) parent=28044
2026-09-11 00:09:10 [argus.main] INFO EVENT: PROCESS_STARTED — PID 28044 (powershell.exe) parent=11972
2026-09-11 00:09:12 [argus.main] INFO EVENT: PROCESS_TERMINATED — PID 17736 (conhost.exe)
2026-09-11 00:09:12 [argus.main] INFO EVENT: PROCESS_TERMINATED — PID 28044 (powershell.exe)
2026-09-11 00:09:20 [argus.main] INFO EVENT: PROCESS_STARTED — PID 2940 (backgroundTaskHost.exe) parent=1596
2026-09-11 00:09:30 [argus.main] INFO EVENT: PROCESS_STARTED — PID 10164 (powershell.exe) parent=11972
2026-09-11 00:09:30 [argus.main] INFO EVENT: PROCESS_STARTED — PID 13960 (conhost.exe) parent=10164
2026-09-11 00:09:32 [argus.main] INFO EVENT: PROCESS_TERMINATED — PID 10164 (powershell.exe)
2026-09-11 00:09:32 [argus.main] INFO EVENT: PROCESS_TERMINATED — PID 13960 (conhost.exe)
2026-09-11 00:09:34 [argus.main] INFO EVENT: PROCESS_STARTED — PID 27916 (powershell.exe) parent=19040
2026-09-11 00:09:34 [argus.main] INFO EVENT: PROCESS_STARTED — PID 28276 (conhost.exe) parent=27916
2026-09-11 00:09:36 [argus.main] INFO EVENT: PROCESS_TERMINATED — PID 27916 (powershell.exe)
2026-09-11 00:09:36 [argus.main] INFO EVENT: PROCESS_TERMINATED — PID 28276 (conhost.exe)
2026-09-11 00:10:02 [argus.main] INFO EVENT: PROCESS_STARTED — PID 2424 (powershell.exe) parent=11972
2026-09-11 00:10:02 [argus.main] INFO EVENT: PROCESS_STARTED — PID 9208 (conhost.exe) parent=2424
2026-09-11 00:10:04 [argus.main] INFO EVENT: PROCESS_STARTED — PID 5652 (conhost.exe) parent=12020
2026-09-11 00:10:04 [argus.main] INFO EVENT: PROCESS_STARTED — PID 12020 (powershell.exe) parent=19040
2026-09-11 00:10:04 [argus.main] INFO EVENT: PROCESS_TERMINATED — PID 2424 (powershell.exe)
2026-09-11 00:10:04 [argus.main] INFO EVENT: PROCESS_TERMINATED — PID 9208 (conhost.exe)
2026-09-11 00:10:06 [argus.main] INFO EVENT: PROCESS_TERMINATED — PID 5652 (conhost.exe)
2026-09-11 00:10:06 [argus.main] INFO EVENT: PROCESS_TERMINATED — PID 12020 (powershell.exe)
2026-09-11 00:10:11 [argus.main] INFO EVENT: PROCESS_STARTED — PID 13140 (conhost.exe) parent=27940
2026-09-11 00:10:11 [argus.main] INFO EVENT: PROCESS_STARTED — PID 27940 (powershell.exe) parent=11972
2026-09-11 00:10:13 [argus.main] INFO EVENT: PROCESS_TERMINATED — PID 13140 (conhost.exe)
2026-09-11 00:10:13 [argus.main] INFO EVENT: PROCESS_TERMINATED — PID 27940 (powershell.exe)
2026-09-11 00:10:21 [argus.main] INFO EVENT: PROCESS_TERMINATED — PID 2940 (backgroundTaskHost.exe)
2026-09-11 00:10:37 [argus.main] INFO EVENT: PROCESS_STARTED — PID 13728 (ROUTE.EXE) parent=19040
2026-09-11 00:10:37 [argus.main] INFO EVENT: PROCESS_STARTED — PID 21764 (<unknown-pid-21764>) parent=13728
2026-09-11 00:10:39 [argus.main] INFO EVENT: PROCESS_TERMINATED — PID 13728 (ROUTE.EXE)
2026-09-11 00:10:39 [argus.main] INFO EVENT: PROCESS_TERMINATED — PID 21764 (<unknown-pid-21764>)
2026-09-11 00:10:51 [argus.main] INFO EVENT: PROCESS_STARTED — PID 5112 (RuntimeBroker.exe) parent=1596
2026-09-11 00:10:51 [argus.main] INFO EVENT: PROCESS_STARTED — PID 20772 (taskhostw.exe) parent=2996
2026-09-11 00:10:59 [argus.main] INFO EVENT: PROCESS_STARTED — PID 13128 (sppsvc.exe) parent=1360
2026-09-11 00:11:03 [argus.main] INFO EVENT: PROCESS_TERMINATED — PID 20772 (taskhostw.exe)
2026-09-11 00:11:09 [argus.main] INFO EVENT: PROCESS_STARTED — PID 3912 (powershell.exe) parent=11972
2026-09-11 00:11:11 [argus.main] INFO EVENT: PROCESS_STARTED — PID 9432 (conhost.exe) parent=18856
2026-09-11 00:11:11 [argus.main] INFO EVENT: PROCESS_STARTED — PID 18856 (powershell.exe) parent=19040
2026-09-11 00:11:11 [argus.main] INFO EVENT: PROCESS_TERMINATED — PID 3912 (powershell.exe)
2026-09-11 00:11:13 [argus.main] INFO EVENT: PROCESS_STARTED — PID 664 (conhost.exe) parent=28312
2026-09-11 00:11:13 [argus.main] INFO EVENT: PROCESS_STARTED — PID 28312 (powershell.exe) parent=11972
2026-09-11 00:11:13 [argus.main] INFO EVENT: PROCESS_TERMINATED — PID 9432 (conhost.exe)
2026-09-11 00:11:13 [argus.main] INFO EVENT: PROCESS_TERMINATED — PID 18856 (powershell.exe)
2026-09-11 00:11:15 [argus.main] INFO EVENT: PROCESS_TERMINATED — PID 664 (conhost.exe)
2026-09-11 00:11:15 [argus.main] INFO EVENT: PROCESS_TERMINATED — PID 28312 (powershell.exe)
2026-09-11 00:11:17 [argus.main] INFO EVENT: PROCESS_STARTED — PID 1316 (conhost.exe) parent=7884
2026-09-11 00:11:19 [argus.main] INFO EVENT: PROCESS_TERMINATED — PID 1316 (conhost.exe)
2026-09-11 00:11:30 [argus.main] INFO EVENT: PROCESS_TERMINATED — PID 13128 (sppsvc.exe)
2026-09-11 00:11:32 [argus.main] INFO EVENT: PROCESS_TERMINATED — PID 5112 (RuntimeBroker.exe)
2026-09-11 00:11:44 [argus.main] INFO EVENT: PROCESS_STARTED — PID 17012 (powershell.exe) parent=19040
2026-09-11 00:11:44 [argus.main] INFO EVENT: PROCESS_STARTED — PID 27016 (conhost.exe) parent=17012
2026-09-11 00:11:46 [argus.main] INFO EVENT: PROCESS_TERMINATED — PID 17012 (powershell.exe)
2026-09-11 00:11:46 [argus.main] INFO EVENT: PROCESS_TERMINATED — PID 27016 (conhost.exe)
2026-09-11 00:11:54 [argus.main] INFO EVENT: PROCESS_TERMINATED — PID 10708 (audiodg.exe)
2026-09-11 00:11:58 [argus.main] INFO EVENT: PROCESS_STARTED — PID 13032 (MoUsoCoreWorker.exe) parent=2476
2026-09-11 00:12:00 [argus.main] INFO EVENT: PROCESS_STARTED — PID 13036 (taskhostw.exe) parent=2996
2026-09-11 00:12:00 [argus.main] INFO EVENT: PROCESS_STARTED — PID 21732 (svchost.exe) parent=1360
2026-09-11 00:12:00 [argus.main] INFO EVENT: PROCESS_STARTED — PID 25492 (svchost.exe) parent=1360
2026-09-11 00:12:00 [argus.main] INFO EVENT: PROCESS_STARTED — PID 27032 (sppsvc.exe) parent=1360
2026-09-11 00:12:02 [argus.main] INFO EVENT: PROCESS_STARTED — PID 21440 (TiWorker.exe) parent=1596
2026-09-11 00:12:02 [argus.main] INFO EVENT: PROCESS_STARTED — PID 25684 (TrustedInstaller.exe) parent=1360
2026-09-11 00:12:02 [argus.main] INFO EVENT: PROCESS_TERMINATED — PID 13036 (taskhostw.exe)
2026-09-11 00:12:08 [argus.main] INFO EVENT: PROCESS_STARTED — PID 28608 (svchost.exe) parent=1360
2026-09-11 00:12:10 [argus.main] INFO EVENT: PROCESS_STARTED — PID 2616 (conhost.exe) parent=27944
2026-09-11 00:12:10 [argus.main] INFO EVENT: PROCESS_STARTED — PID 27944 (powershell.exe) parent=11972
2026-09-11 00:12:12 [argus.main] INFO EVENT: PROCESS_TERMINATED — PID 2616 (conhost.exe)
2026-09-11 00:12:12 [argus.main] INFO EVENT: PROCESS_TERMINATED — PID 27944 (powershell.exe)
2026-09-11 00:12:14 [argus.main] INFO EVENT: PROCESS_STARTED — PID 2400 (conhost.exe) parent=15512
2026-09-11 00:12:15 [argus.main] INFO EVENT: PROCESS_STARTED — PID 2764 (powershell.exe) parent=11972
2026-09-11 00:12:15 [argus.main] INFO EVENT: PROCESS_STARTED — PID 15140 (conhost.exe) parent=2764
2026-09-11 00:12:15 [argus.main] INFO EVENT: PROCESS_STARTED — PID 15512 (powershell.exe) parent=19040
2026-09-11 00:12:17 [argus.main] INFO EVENT: PROCESS_TERMINATED — PID 2400 (conhost.exe)
2026-09-11 00:12:17 [argus.main] INFO EVENT: PROCESS_TERMINATED — PID 2764 (powershell.exe)
2026-09-11 00:12:17 [argus.main] INFO EVENT: PROCESS_TERMINATED — PID 15140 (conhost.exe)
2026-09-11 00:12:17 [argus.main] INFO EVENT: PROCESS_TERMINATED — PID 15512 (powershell.exe)
2026-09-11 00:12:39 [argus.main] INFO EVENT: PROCESS_TERMINATED — PID 27032 (sppsvc.exe)
2026-09-11 00:12:43 [argus.main] INFO EVENT: PROCESS_STARTED — PID 21104 (msedgewebview2.exe) parent=1280
2026-09-11 00:12:43 [argus.main] INFO EVENT: PROCESS_STARTED — PID 26332 (powershell.exe) parent=11972
2026-09-11 00:12:43 [argus.main] INFO EVENT: PROCESS_STARTED — PID 27840 (conhost.exe) parent=26332
2026-09-11 00:12:45 [argus.main] INFO EVENT: PROCESS_TERMINATED — PID 26332 (powershell.exe)
2026-09-11 00:12:45 [argus.main] INFO EVENT: PROCESS_TERMINATED — PID 27840 (conhost.exe)
2026-09-11 00:12:57 [argus.main] INFO EVENT: PROCESS_STARTED — PID 6544 (OfficeC2RClient.exe) parent=2996
2026-09-11 00:12:59 [argus.main] INFO EVENT: PROCESS_TERMINATED — PID 25492 (svchost.exe)
2026-09-11 00:12:59 [argus.main] INFO EVENT: PROCESS_TERMINATED — PID 6544 (OfficeC2RClient.exe)
2026-09-11 00:13:07 [argus.main] INFO EVENT: PROCESS_STARTED — PID 19112 (ROUTE.EXE) parent=19040
2026-09-11 00:13:09 [argus.main] INFO EVENT: PROCESS_TERMINATED — PID 19112 (ROUTE.EXE)
2026-09-11 00:13:13 [argus.main] INFO EVENT: PROCESS_TERMINATED — PID 21104 (msedgewebview2.exe)
2026-09-11 00:13:15 [argus.main] INFO EVENT: PROCESS_STARTED — PID 7036 (conhost.exe) parent=9936
2026-09-11 00:13:15 [argus.main] INFO EVENT: PROCESS_STARTED — PID 9936 (powershell.exe) parent=11972
2026-09-11 00:13:15 [argus.main] INFO EVENT: PROCESS_TERMINATED — PID 13032 (MoUsoCoreWorker.exe)
2026-09-11 00:13:17 [argus.main] INFO EVENT: PROCESS_STARTED — PID 10920 (<unknown-pid-10920>) parent=12764
2026-09-11 00:13:17 [argus.main] INFO EVENT: PROCESS_STARTED — PID 17956 (powershell.exe) parent=11972
2026-09-11 00:13:18 [argus.main] INFO EVENT: PROCESS_STARTED — PID 20308 (conhost.exe) parent=17956
2026-09-11 00:13:18 [argus.main] INFO EVENT: PROCESS_TERMINATED — PID 7036 (conhost.exe)
2026-09-11 00:13:18 [argus.main] INFO EVENT: PROCESS_TERMINATED — PID 9936 (powershell.exe)
2026-09-11 00:13:20 [argus.main] INFO EVENT: PROCESS_TERMINATED — PID 10920 (<unknown-pid-10920>)
2026-09-11 00:13:20 [argus.main] INFO EVENT: PROCESS_TERMINATED — PID 17956 (powershell.exe)
2026-09-11 00:13:20 [argus.main] INFO EVENT: PROCESS_TERMINATED — PID 20308 (conhost.exe)
2026-09-11 00:14:06 [argus.main] INFO EVENT: PROCESS_TERMINATED — PID 21440 (TiWorker.exe)
2026-09-11 00:14:06 [argus.main] INFO EVENT: PROCESS_TERMINATED — PID 25684 (TrustedInstaller.exe)
2026-09-11 00:14:16 [argus.main] INFO EVENT: PROCESS_STARTED — PID 9760 (powershell.exe) parent=19040
2026-09-11 00:14:16 [argus.main] INFO EVENT: PROCESS_STARTED — PID 13716 (conhost.exe) parent=9760
2026-09-11 00:14:18 [argus.main] INFO EVENT: PROCESS_STARTED — PID 5616 (powershell.exe) parent=11972
2026-09-11 00:14:18 [argus.main] INFO EVENT: PROCESS_STARTED — PID 25320 (conhost.exe) parent=5616
2026-09-11 00:14:18 [argus.main] INFO EVENT: PROCESS_TERMINATED — PID 9760 (powershell.exe)
2026-09-11 00:14:18 [argus.main] INFO EVENT: PROCESS_TERMINATED — PID 13716 (conhost.exe)
2026-09-11 00:14:20 [argus.main] INFO EVENT: PROCESS_TERMINATED — PID 5616 (powershell.exe)
2026-09-11 00:14:20 [argus.main] INFO EVENT: PROCESS_TERMINATED — PID 25320 (conhost.exe)
2026-09-11 00:14:24 [argus.main] INFO EVENT: PROCESS_STARTED — PID 10304 (powershell.exe) parent=11972
2026-09-11 00:14:24 [argus.main] INFO EVENT: PROCESS_STARTED — PID 18260 (conhost.exe) parent=10304
2026-09-11 00:14:26 [argus.main] INFO EVENT: PROCESS_TERMINATED — PID 10304 (powershell.exe)
2026-09-11 00:14:26 [argus.main] INFO EVENT: PROCESS_TERMINATED — PID 18260 (conhost.exe)
2026-09-11 00:14:32 [argus.main] INFO EVENT: PROCESS_STARTED — PID 11380 (<unknown-pid-11380>) parent=none
2026-09-11 00:14:34 [argus.main] INFO EVENT: PROCESS_TERMINATED — PID 11380 (<unknown-pid-11380>)
2026-09-11 00:14:46 [argus.main] INFO EVENT: PROCESS_STARTED — PID 1436 (powershell.exe) parent=19040
2026-09-11 00:14:46 [argus.main] INFO EVENT: PROCESS_STARTED — PID 25652 (conhost.exe) parent=1436
2026-09-11 00:14:48 [argus.main] INFO EVENT: PROCESS_TERMINATED — PID 1436 (powershell.exe)
2026-09-11 00:14:48 [argus.main] INFO EVENT: PROCESS_TERMINATED — PID 25652 (conhost.exe)
2026-09-11 00:14:56 [argus.main] INFO EVENT: PROCESS_STARTED — PID 26664 (conhost.exe) parent=27988
2026-09-11 00:14:56 [argus.main] INFO EVENT: PROCESS_STARTED — PID 27988 (powershell.exe) parent=11972
2026-09-11 00:14:58 [argus.main] INFO EVENT: PROCESS_TERMINATED — PID 26664 (conhost.exe)
2026-09-11 00:14:58 [argus.main] INFO EVENT: PROCESS_TERMINATED — PID 27988 (powershell.exe)
2026-09-11 00:15:19 [argus.main] INFO EVENT: PROCESS_STARTED — PID 21696 (conhost.exe) parent=25688
2026-09-11 00:15:19 [argus.main] INFO EVENT: PROCESS_STARTED — PID 25688 (powershell.exe) parent=19040
2026-09-11 00:15:21 [argus.main] INFO EVENT: PROCESS_STARTED — PID 15796 (powershell.exe) parent=11972
2026-09-11 00:15:21 [argus.main] INFO EVENT: PROCESS_STARTED — PID 25640 (conhost.exe) parent=15796
2026-09-11 00:15:21 [argus.main] INFO EVENT: PROCESS_TERMINATED — PID 21696 (conhost.exe)
2026-09-11 00:15:21 [argus.main] INFO EVENT: PROCESS_TERMINATED — PID 25688 (powershell.exe)
2026-09-11 00:15:23 [argus.main] INFO EVENT: PROCESS_TERMINATED — PID 15796 (powershell.exe)
2026-09-11 00:15:23 [argus.main] INFO EVENT: PROCESS_TERMINATED — PID 25640 (conhost.exe)
2026-09-11 00:15:29 [argus.main] INFO EVENT: PROCESS_STARTED — PID 13584 (conhost.exe) parent=15636
2026-09-11 00:15:29 [argus.main] INFO EVENT: PROCESS_STARTED — PID 15636 (powershell.exe) parent=11972
2026-09-11 00:15:31 [argus.main] INFO EVENT: PROCESS_TERMINATED — PID 13584 (conhost.exe)
2026-09-11 00:15:31 [argus.main] INFO EVENT: PROCESS_TERMINATED — PID 15636 (powershell.exe)
2026-09-11 00:15:37 [argus.main] INFO EVENT: PROCESS_STARTED — PID 20588 (msedgewebview2.exe) parent=1280
2026-09-11 00:15:45 [argus.main] INFO EVENT: PROCESS_STARTED — PID 20840 (ROUTE.EXE) parent=11972
2026-09-11 00:15:47 [argus.main] INFO EVENT: PROCESS_TERMINATED — PID 20840 (ROUTE.EXE)
2026-09-11 00:16:01 [argus.main] INFO EVENT: PROCESS_STARTED — PID 13672 (conhost.exe) parent=20160
2026-09-11 00:16:01 [argus.main] INFO EVENT: PROCESS_STARTED — PID 20160 (powershell.exe) parent=11972
2026-09-11 00:16:03 [argus.main] INFO EVENT: PROCESS_TERMINATED — PID 13672 (conhost.exe)
2026-09-11 00:16:03 [argus.main] INFO EVENT: PROCESS_TERMINATED — PID 20160 (powershell.exe)
2026-09-11 00:16:07 [argus.main] INFO EVENT: PROCESS_TERMINATED — PID 20588 (msedgewebview2.exe)
2026-09-11 00:16:21 [argus.main] INFO EVENT: PROCESS_STARTED — PID 9648 (powershell.exe) parent=11972
2026-09-11 00:16:22 [argus.main] INFO EVENT: PROCESS_STARTED — PID 21932 (conhost.exe) parent=9648
2026-09-11 00:16:24 [argus.main] INFO EVENT: PROCESS_TERMINATED — PID 9648 (powershell.exe)
2026-09-11 00:16:24 [argus.main] INFO EVENT: PROCESS_TERMINATED — PID 21932 (conhost.exe)
2026-09-11 00:16:34 [argus.main] INFO EVENT: PROCESS_STARTED — PID 19076 (<unknown-pid-19076>) parent=11972
2026-09-11 00:16:36 [argus.main] INFO EVENT: PROCESS_TERMINATED — PID 19076 (<unknown-pid-19076>)
2026-09-11 00:16:44 [argus.main] INFO EVENT: PROCESS_STARTED — PID 26280 (msedgewebview2.exe) parent=1280
2026-09-11 00:16:52 [argus.main] INFO EVENT: PROCESS_STARTED — PID 6860 (ARP.EXE) parent=19040
2026-09-11 00:16:54 [argus.main] INFO EVENT: PROCESS_TERMINATED — PID 6860 (ARP.EXE)
2026-09-11 00:17:08 [argus.main] INFO EVENT: PROCESS_STARTED — PID 18448 (conhost.exe) parent=28256
2026-09-11 00:17:08 [argus.main] INFO EVENT: PROCESS_STARTED — PID 28256 (powershell.exe) parent=11972
2026-09-11 00:17:10 [argus.main] INFO EVENT: PROCESS_TERMINATED — PID 18448 (conhost.exe)
2026-09-11 00:17:10 [argus.main] INFO EVENT: PROCESS_TERMINATED — PID 28256 (powershell.exe)
2026-09-11 00:17:14 [argus.main] INFO EVENT: PROCESS_TERMINATED — PID 26280 (msedgewebview2.exe)
2026-09-11 00:17:22 [argus.main] INFO EVENT: PROCESS_TERMINATED — PID 17184 (svchost.exe)
2026-09-11 00:17:24 [argus.main] INFO EVENT: PROCESS_STARTED — PID 15184 (conhost.exe) parent=20964
2026-09-11 00:17:24 [argus.main] INFO EVENT: PROCESS_STARTED — PID 20964 (powershell.exe) parent=11972
2026-09-11 00:17:26 [argus.main] INFO EVENT: PROCESS_STARTED — PID 25264 (<unknown-pid-25264>) parent=none
2026-09-11 00:17:26 [argus.main] INFO EVENT: PROCESS_TERMINATED — PID 15184 (conhost.exe)
2026-09-11 00:17:26 [argus.main] INFO EVENT: PROCESS_TERMINATED — PID 20964 (powershell.exe)
2026-09-11 00:17:28 [argus.main] INFO EVENT: PROCESS_TERMINATED — PID 25264 (<unknown-pid-25264>)
2026-09-11 00:17:38 [argus.main] INFO EVENT: PROCESS_TERMINATED — PID 28608 (svchost.exe)
2026-09-11 00:17:52 [argus.main] INFO EVENT: PROCESS_STARTED — PID 8164 (ipconfig.exe) parent=19040
2026-09-11 00:17:54 [argus.main] INFO EVENT: PROCESS_TERMINATED — PID 8164 (ipconfig.exe)
2026-09-11 00:17:56 [argus.main] INFO EVENT: PROCESS_STARTED — PID 12116 (conhost.exe) parent=16988
2026-09-11 00:17:57 [argus.main] INFO EVENT: PROCESS_STARTED — PID 16988 (powershell.exe) parent=19040
2026-09-11 00:17:59 [argus.main] INFO EVENT: PROCESS_TERMINATED — PID 12116 (conhost.exe)
2026-09-11 00:17:59 [argus.main] INFO EVENT: PROCESS_TERMINATED — PID 16988 (powershell.exe)
2026-09-11 00:18:27 [argus.main] INFO EVENT: PROCESS_STARTED — PID 2832 (powershell.exe) parent=11972
2026-09-11 00:18:27 [argus.main] INFO EVENT: PROCESS_STARTED — PID 13176 (conhost.exe) parent=16220
2026-09-11 00:18:27 [argus.main] INFO EVENT: PROCESS_STARTED — PID 16220 (powershell.exe) parent=19040
2026-09-11 00:18:27 [argus.main] INFO EVENT: PROCESS_STARTED — PID 27224 (conhost.exe) parent=2832
2026-09-11 00:18:29 [argus.main] INFO EVENT: PROCESS_TERMINATED — PID 2832 (powershell.exe)
2026-09-11 00:18:29 [argus.main] INFO EVENT: PROCESS_TERMINATED — PID 13176 (conhost.exe)
2026-09-11 00:18:29 [argus.main] INFO EVENT: PROCESS_TERMINATED — PID 16220 (powershell.exe)
2026-09-11 00:18:29 [argus.main] INFO EVENT: PROCESS_TERMINATED — PID 27224 (conhost.exe)
2026-09-11 00:18:43 [argus.main] INFO EVENT: PROCESS_STARTED — PID 19596 (conhost.exe) parent=20052
2026-09-11 00:18:43 [argus.main] INFO EVENT: PROCESS_STARTED — PID 20052 (powershell.exe) parent=11972
2026-09-11 00:18:45 [argus.main] INFO EVENT: PROCESS_TERMINATED — PID 19596 (conhost.exe)
2026-09-11 00:18:45 [argus.main] INFO EVENT: PROCESS_TERMINATED — PID 20052 (powershell.exe)
2026-09-11 00:18:53 [argus.main] INFO EVENT: PROCESS_STARTED — PID 3052 (svchost.exe) parent=1360
2026-09-11 00:18:53 [argus.main] INFO EVENT: PROCESS_STARTED — PID 7916 (msedgewebview2.exe) parent=1280
2026-09-11 00:18:53 [argus.main] INFO EVENT: PROCESS_STARTED — PID 8864 (svchost.exe) parent=1360
2026-09-11 00:19:05 [argus.main] INFO EVENT: PROCESS_STARTED — PID 2936 (ipconfig.exe) parent=11972
2026-09-11 00:19:05 [argus.main] INFO EVENT: PROCESS_STARTED — PID 14040 (<unknown-pid-14040>) parent=none
2026-09-11 00:19:07 [argus.main] INFO EVENT: PROCESS_TERMINATED — PID 2936 (ipconfig.exe)
2026-09-11 00:19:07 [argus.main] INFO EVENT: PROCESS_TERMINATED — PID 14040 (<unknown-pid-14040>)
2026-09-11 00:19:13 [argus.main] INFO EVENT: PROCESS_TERMINATED — PID 3052 (svchost.exe)
2026-09-11 00:19:23 [argus.main] INFO EVENT: PROCESS_TERMINATED — PID 7916 (msedgewebview2.exe)
2026-09-11 00:19:28 [argus.main] INFO EVENT: PROCESS_STARTED — PID 12412 (powershell.exe) parent=11972
2026-09-11 00:19:28 [argus.main] INFO EVENT: PROCESS_STARTED — PID 26432 (powershell.exe) parent=19040
2026-09-11 00:19:28 [argus.main] INFO EVENT: PROCESS_STARTED — PID 27224 (conhost.exe) parent=12412
2026-09-11 00:19:28 [argus.main] INFO EVENT: PROCESS_STARTED — PID 27992 (conhost.exe) parent=26432
2026-09-11 00:19:30 [argus.main] INFO EVENT: PROCESS_STARTED — PID 16124 (UIEOrchestratorStub.exe) parent=2996
2026-09-11 00:19:30 [argus.main] INFO EVENT: PROCESS_TERMINATED — PID 12412 (powershell.exe)
2026-09-11 00:19:30 [argus.main] INFO EVENT: PROCESS_TERMINATED — PID 26432 (powershell.exe)
2026-09-11 00:19:30 [argus.main] INFO EVENT: PROCESS_TERMINATED — PID 27224 (conhost.exe)
2026-09-11 00:19:30 [argus.main] INFO EVENT: PROCESS_TERMINATED — PID 27992 (conhost.exe)
2026-09-11 00:19:32 [argus.main] INFO EVENT: PROCESS_STARTED — PID 18864 (MoUsoCoreWorker.exe) parent=2476
2026-09-11 00:19:32 [argus.main] INFO EVENT: PROCESS_STARTED — PID 28152 (UIEOrchestrator.exe) parent=16124
2026-09-11 00:19:36 [argus.main] INFO EVENT: PROCESS_TERMINATED — PID 16124 (UIEOrchestratorStub.exe)
2026-09-11 00:19:36 [argus.main] INFO EVENT: PROCESS_TERMINATED — PID 28152 (UIEOrchestrator.exe)
2026-09-11 00:19:58 [argus.main] INFO EVENT: PROCESS_STARTED — PID 7552 (conhost.exe) parent=21120
2026-09-11 00:19:58 [argus.main] INFO EVENT: PROCESS_STARTED — PID 21120 (powershell.exe) parent=19040
2026-09-11 00:20:00 [argus.main] INFO EVENT: PROCESS_TERMINATED — PID 7552 (conhost.exe)
2026-09-11 00:20:00 [argus.main] INFO EVENT: PROCESS_TERMINATED — PID 21120 (powershell.exe)
2026-09-11 00:20:16 [argus.main] INFO EVENT: PROCESS_STARTED — PID 7664 (conhost.exe) parent=27832
2026-09-11 00:20:16 [argus.main] INFO EVENT: PROCESS_STARTED — PID 27832 (powershell.exe) parent=11972
2026-09-11 00:20:18 [argus.main] INFO EVENT: PROCESS_TERMINATED — PID 7664 (conhost.exe)
2026-09-11 00:20:18 [argus.main] INFO EVENT: PROCESS_TERMINATED — PID 27832 (powershell.exe)
2026-09-11 00:20:28 [argus.main] INFO EVENT: PROCESS_STARTED — PID 18564 (conhost.exe) parent=21012
2026-09-11 00:20:28 [argus.main] INFO EVENT: PROCESS_STARTED — PID 21012 (powershell.exe) parent=19040
2026-09-11 00:20:30 [argus.main] INFO EVENT: PROCESS_STARTED — PID 16340 (conhost.exe) parent=26480
2026-09-11 00:20:30 [argus.main] INFO EVENT: PROCESS_STARTED — PID 26480 (powershell.exe) parent=11972
2026-09-11 00:20:30 [argus.main] INFO EVENT: PROCESS_TERMINATED — PID 18564 (conhost.exe)
2026-09-11 00:20:30 [argus.main] INFO EVENT: PROCESS_TERMINATED — PID 21012 (powershell.exe)
2026-09-11 00:20:32 [argus.main] INFO EVENT: PROCESS_TERMINATED — PID 18864 (MoUsoCoreWorker.exe)
2026-09-11 00:20:33 [argus.main] INFO EVENT: PROCESS_TERMINATED — PID 16340 (conhost.exe)
2026-09-11 00:20:33 [argus.main] INFO EVENT: PROCESS_TERMINATED — PID 26480 (powershell.exe)
2026-09-11 00:20:49 [argus.main] INFO EVENT: PROCESS_STARTED — PID 20196 (<unknown-pid-20196>) parent=23696
2026-09-11 00:20:51 [argus.main] INFO EVENT: PROCESS_TERMINATED — PID 20196 (<unknown-pid-20196>)
2026-09-11 00:20:59 [argus.main] INFO EVENT: PROCESS_STARTED — PID 14184 (conhost.exe) parent=27656
2026-09-11 00:20:59 [argus.main] INFO EVENT: PROCESS_STARTED — PID 27656 (powershell.exe) parent=19040
2026-09-11 00:21:01 [argus.main] INFO EVENT: PROCESS_TERMINATED — PID 14184 (conhost.exe)
2026-09-11 00:21:01 [argus.main] INFO EVENT: PROCESS_TERMINATED — PID 27656 (powershell.exe)
2026-09-11 00:21:25 [argus.main] INFO EVENT: PROCESS_STARTED — PID 5200 (conhost.exe) parent=19992
2026-09-11 00:21:27 [argus.main] INFO EVENT: PROCESS_TERMINATED — PID 5200 (conhost.exe)
2026-09-11 00:21:29 [argus.main] INFO EVENT: PROCESS_STARTED — PID 8488 (ROUTE.EXE) parent=11972
2026-09-11 00:21:29 [argus.main] INFO EVENT: PROCESS_STARTED — PID 9836 (conhost.exe) parent=21012
2026-09-11 00:21:29 [argus.main] INFO EVENT: PROCESS_STARTED — PID 21012 (powershell.exe) parent=19040
2026-09-11 00:21:31 [argus.main] INFO EVENT: PROCESS_TERMINATED — PID 8488 (ROUTE.EXE)
2026-09-11 00:21:31 [argus.main] INFO EVENT: PROCESS_TERMINATED — PID 9836 (conhost.exe)
2026-09-11 00:21:31 [argus.main] INFO EVENT: PROCESS_TERMINATED — PID 21012 (powershell.exe)
2026-09-11 00:21:33 [argus.main] INFO EVENT: PROCESS_STARTED — PID 4856 (conhost.exe) parent=28368
2026-09-11 00:21:33 [argus.main] INFO EVENT: PROCESS_STARTED — PID 28368 (powershell.exe) parent=11972
2026-09-11 00:21:35 [argus.main] INFO EVENT: PROCESS_TERMINATED — PID 4856 (conhost.exe)
2026-09-11 00:21:35 [argus.main] INFO EVENT: PROCESS_TERMINATED — PID 28368 (powershell.exe)
2026-09-11 00:21:47 [argus.main] INFO EVENT: PROCESS_STARTED — PID 14416 (conhost.exe) parent=16296
2026-09-11 00:21:49 [argus.main] INFO EVENT: PROCESS_STARTED — PID 9632 (ipconfig.exe) parent=19040
2026-09-11 00:21:49 [argus.main] INFO EVENT: PROCESS_TERMINATED — PID 14416 (conhost.exe)
2026-09-11 00:21:51 [argus.main] INFO EVENT: PROCESS_STARTED — PID 10244 (conhost.exe) parent=11132
2026-09-11 00:21:51 [argus.main] INFO EVENT: PROCESS_STARTED — PID 11132 (powershell.exe) parent=11972
2026-09-11 00:21:51 [argus.main] INFO EVENT: PROCESS_TERMINATED — PID 9632 (ipconfig.exe)
2026-09-11 00:21:54 [argus.main] INFO EVENT: PROCESS_TERMINATED — PID 10244 (conhost.exe)
2026-09-11 00:21:54 [argus.main] INFO EVENT: PROCESS_TERMINATED — PID 11132 (powershell.exe)
2026-09-11 00:22:00 [argus.main] INFO EVENT: PROCESS_STARTED — PID 10228 (conhost.exe) parent=23380
2026-09-11 00:22:00 [argus.main] INFO EVENT: PROCESS_STARTED — PID 23380 (powershell.exe) parent=19040
2026-09-11 00:22:02 [argus.main] INFO EVENT: PROCESS_TERMINATED — PID 10228 (conhost.exe)
2026-09-11 00:22:02 [argus.main] INFO EVENT: PROCESS_TERMINATED — PID 23380 (powershell.exe)
2026-09-11 00:22:20 [argus.main] INFO EVENT: PROCESS_TERMINATED — PID 21732 (svchost.exe)
2026-09-11 00:22:22 [argus.main] INFO EVENT: PROCESS_STARTED — PID 16280 (powershell.exe) parent=11972
2026-09-11 00:22:22 [argus.main] INFO EVENT: PROCESS_STARTED — PID 22404 (conhost.exe) parent=16280
2026-09-11 00:22:24 [argus.main] INFO EVENT: PROCESS_TERMINATED — PID 16280 (powershell.exe)
2026-09-11 00:22:24 [argus.main] INFO EVENT: PROCESS_TERMINATED — PID 22404 (conhost.exe)
2026-09-11 00:22:26 [argus.main] INFO EVENT: PROCESS_STARTED — PID 8988 (<unknown-pid-8988>) parent=27912
2026-09-11 00:22:28 [argus.main] INFO EVENT: PROCESS_TERMINATED — PID 8988 (<unknown-pid-8988>)
2026-09-11 00:22:30 [argus.main] INFO EVENT: PROCESS_STARTED — PID 10804 (powershell.exe) parent=19040
2026-09-11 00:22:30 [argus.main] INFO EVENT: PROCESS_STARTED — PID 24744 (conhost.exe) parent=10804
2026-09-11 00:22:32 [argus.main] INFO EVENT: PROCESS_TERMINATED — PID 10804 (powershell.exe)
2026-09-11 00:22:32 [argus.main] INFO EVENT: PROCESS_TERMINATED — PID 24744 (conhost.exe)
2026-09-11 00:22:36 [argus.main] INFO EVENT: PROCESS_STARTED — PID 2832 (conhost.exe) parent=27824
2026-09-11 00:22:36 [argus.main] INFO EVENT: PROCESS_STARTED — PID 27824 (powershell.exe) parent=11972
2026-09-11 00:22:38 [argus.main] INFO EVENT: PROCESS_TERMINATED — PID 2832 (conhost.exe)
2026-09-11 00:22:38 [argus.main] INFO EVENT: PROCESS_TERMINATED — PID 27824 (powershell.exe)
2026-09-11 00:22:54 [argus.main] INFO EVENT: PROCESS_STARTED — PID 16844 (powershell.exe) parent=11972
2026-09-11 00:22:54 [argus.main] INFO EVENT: PROCESS_STARTED — PID 21660 (conhost.exe) parent=16844
2026-09-11 00:22:56 [argus.main] INFO EVENT: PROCESS_STARTED — PID 13280 (conhost.exe) parent=17284
2026-09-11 00:22:56 [argus.main] INFO EVENT: PROCESS_TERMINATED — PID 16844 (powershell.exe)
2026-09-11 00:22:56 [argus.main] INFO EVENT: PROCESS_TERMINATED — PID 21660 (conhost.exe)
2026-09-11 00:22:58 [argus.main] INFO EVENT: PROCESS_TERMINATED — PID 13280 (conhost.exe)
2026-09-11 00:23:00 [argus.main] INFO EVENT: PROCESS_STARTED — PID 25104 (powershell.exe) parent=19040
2026-09-11 00:23:00 [argus.main] INFO EVENT: PROCESS_STARTED — PID 28244 (conhost.exe) parent=25104
2026-09-11 00:23:02 [argus.main] INFO EVENT: PROCESS_TERMINATED — PID 25104 (powershell.exe)
2026-09-11 00:23:02 [argus.main] INFO EVENT: PROCESS_TERMINATED — PID 28244 (conhost.exe)
2026-09-11 00:23:17 [argus.main] INFO EVENT: PROCESS_STARTED — PID 10456 (conhost.exe) parent=27952
2026-09-11 00:23:19 [argus.main] INFO EVENT: PROCESS_TERMINATED — PID 10456 (conhost.exe)
2026-09-11 00:23:31 [argus.main] INFO EVENT: PROCESS_STARTED — PID 3772 (conhost.exe) parent=12652
2026-09-11 00:23:31 [argus.main] INFO EVENT: PROCESS_STARTED — PID 12652 (powershell.exe) parent=19040
2026-09-11 00:23:33 [argus.main] INFO EVENT: PROCESS_TERMINATED — PID 3772 (conhost.exe)
2026-09-11 00:23:33 [argus.main] INFO EVENT: PROCESS_TERMINATED — PID 12652 (powershell.exe)
2026-09-11 00:23:39 [argus.main] INFO EVENT: PROCESS_STARTED — PID 4596 (conhost.exe) parent=21952
2026-09-11 00:23:39 [argus.main] INFO EVENT: PROCESS_STARTED — PID 21952 (powershell.exe) parent=11972
2026-09-11 00:23:41 [argus.main] INFO EVENT: PROCESS_TERMINATED — PID 4596 (conhost.exe)
2026-09-11 00:23:41 [argus.main] INFO EVENT: PROCESS_TERMINATED — PID 21952 (powershell.exe)
2026-09-11 00:24:01 [argus.main] INFO EVENT: PROCESS_STARTED — PID 18380 (powershell.exe) parent=19040
2026-09-11 00:24:01 [argus.main] INFO EVENT: PROCESS_STARTED — PID 28156 (conhost.exe) parent=18380
2026-09-11 00:24:03 [argus.main] INFO EVENT: PROCESS_TERMINATED — PID 18380 (powershell.exe)
2026-09-11 00:24:03 [argus.main] INFO EVENT: PROCESS_TERMINATED — PID 28156 (conhost.exe)
2026-09-11 00:24:13 [argus.main] INFO EVENT: PROCESS_STARTED — PID 24292 (svchost.exe) parent=1360
2026-09-11 00:24:17 [argus.main] INFO EVENT: PROCESS_STARTED — PID 8752 (svchost.exe) parent=1360
2026-09-11 00:24:25 [argus.main] INFO EVENT: PROCESS_STARTED — PID 8256 (<unknown-pid-8256>) parent=11972
2026-09-11 00:24:27 [argus.main] INFO EVENT: PROCESS_STARTED — PID 11100 (conhost.exe) parent=24844
2026-09-11 00:24:27 [argus.main] INFO EVENT: PROCESS_TERMINATED — PID 8256 (<unknown-pid-8256>)
2026-09-11 00:24:29 [argus.main] INFO EVENT: PROCESS_TERMINATED — PID 11100 (conhost.exe)
2026-09-11 00:24:31 [argus.main] INFO EVENT: PROCESS_STARTED — PID 17288 (powershell.exe) parent=19040
2026-09-11 00:24:31 [argus.main] INFO EVENT: PROCESS_STARTED — PID 18460 (conhost.exe) parent=17288
2026-09-11 00:24:33 [argus.main] INFO EVENT: PROCESS_TERMINATED — PID 17288 (powershell.exe)
2026-09-11 00:24:33 [argus.main] INFO EVENT: PROCESS_TERMINATED — PID 18460 (conhost.exe)
2026-09-11 00:24:39 [argus.main] INFO EVENT: PROCESS_STARTED — PID 13620 (powershell.exe) parent=11972
2026-09-11 00:24:39 [argus.main] INFO EVENT: PROCESS_STARTED — PID 27504 (conhost.exe) parent=13620
2026-09-11 00:24:41 [argus.main] INFO EVENT: PROCESS_TERMINATED — PID 13620 (powershell.exe)
2026-09-11 00:24:41 [argus.main] INFO EVENT: PROCESS_TERMINATED — PID 27504 (conhost.exe)
2026-09-11 00:24:58 [argus.main] INFO EVENT: PROCESS_STARTED — PID 13140 (conhost.exe) parent=19852
2026-09-11 00:24:58 [argus.main] INFO EVENT: PROCESS_STARTED — PID 19852 (powershell.exe) parent=11972
2026-09-11 00:25:00 [argus.main] INFO EVENT: PROCESS_TERMINATED — PID 13140 (conhost.exe)
2026-09-11 00:25:00 [argus.main] INFO EVENT: PROCESS_TERMINATED — PID 19852 (powershell.exe)
2026-09-11 00:25:18 [argus.main] INFO EVENT: PROCESS_STARTED — PID 14088 (conhost.exe) parent=18348
2026-09-11 00:25:20 [argus.main] INFO EVENT: PROCESS_TERMINATED — PID 14088 (conhost.exe)
2026-09-11 00:25:28 [argus.main] INFO EVENT: PROCESS_STARTED — PID 17820 (conhost.exe) parent=23224
2026-09-11 00:25:28 [argus.main] INFO EVENT: PROCESS_STARTED — PID 23224 (powershell.exe) parent=11972
2026-09-11 00:25:30 [argus.main] INFO EVENT: PROCESS_TERMINATED — PID 17820 (conhost.exe)
2026-09-11 00:25:30 [argus.main] INFO EVENT: PROCESS_TERMINATED — PID 23224 (powershell.exe)
2026-09-11 00:25:32 [argus.main] INFO EVENT: PROCESS_STARTED — PID 13636 (conhost.exe) parent=27852
2026-09-11 00:25:32 [argus.main] INFO EVENT: PROCESS_STARTED — PID 27852 (powershell.exe) parent=19040
2026-09-11 00:25:34 [argus.main] INFO EVENT: PROCESS_STARTED — PID 9180 (conhost.exe) parent=23848
2026-09-11 00:25:34 [argus.main] INFO EVENT: PROCESS_STARTED — PID 23848 (<unknown-pid-23848>) parent=none
2026-09-11 00:25:34 [argus.main] INFO EVENT: PROCESS_TERMINATED — PID 8752 (svchost.exe)
2026-09-11 00:25:34 [argus.main] INFO EVENT: PROCESS_TERMINATED — PID 13636 (conhost.exe)
2026-09-11 00:25:34 [argus.main] INFO EVENT: PROCESS_TERMINATED — PID 27852 (powershell.exe)
2026-09-11 00:25:36 [argus.main] INFO EVENT: PROCESS_TERMINATED — PID 9180 (conhost.exe)
2026-09-11 00:25:36 [argus.main] INFO EVENT: PROCESS_TERMINATED — PID 23848 (<unknown-pid-23848>)
2026-09-11 00:25:42 [argus.main] INFO EVENT: PROCESS_STARTED — PID 19992 (conhost.exe) parent=21352
2026-09-11 00:25:42 [argus.main] INFO EVENT: PROCESS_STARTED — PID 21352 (powershell.exe) parent=11972
2026-09-11 00:25:44 [argus.main] INFO EVENT: PROCESS_TERMINATED — PID 19992 (conhost.exe)
2026-09-11 00:25:44 [argus.main] INFO EVENT: PROCESS_TERMINATED — PID 21352 (powershell.exe)
2026-09-11 00:25:46 [argus.main] INFO EVENT: PROCESS_STARTED — PID 9184 (ROUTE.EXE) parent=11972
2026-09-11 00:25:48 [argus.main] INFO EVENT: PROCESS_STARTED — PID 21616 (svchost.exe) parent=1360
2026-09-11 00:25:48 [argus.main] INFO EVENT: PROCESS_STARTED — PID 22380 (backgroundTaskHost.exe) parent=1596
2026-09-11 00:25:48 [argus.main] INFO EVENT: PROCESS_STARTED — PID 22748 (RuntimeBroker.exe) parent=1596
2026-09-11 00:25:48 [argus.main] INFO EVENT: PROCESS_STARTED — PID 27528 (WindowsPackageManagerServer.exe) parent=1596
2026-09-11 00:25:48 [argus.main] INFO EVENT: PROCESS_TERMINATED — PID 9184 (ROUTE.EXE)
2026-09-11 00:25:52 [argus.main] INFO EVENT: PROCESS_STARTED — PID 14080 (ROUTE.EXE) parent=19040
2026-09-11 00:25:53 [argus.main] INFO EVENT: PROCESS_STARTED — PID 23208 (audiodg.exe) parent=3388
2026-09-11 00:25:53 [argus.main] INFO EVENT: PROCESS_STARTED — PID 23648 (conhost.exe) parent=14080
2026-09-11 00:25:53 [argus.main] INFO EVENT: PROCESS_STARTED — PID 27904 (svchost.exe) parent=1360
2026-09-11 00:25:53 [argus.main] INFO EVENT: PROCESS_STARTED — PID 28616 (backgroundTaskHost.exe) parent=1596
2026-09-11 00:25:55 [argus.main] INFO EVENT: PROCESS_STARTED — PID 4492 (RuntimeBroker.exe) parent=1596
2026-09-11 00:25:55 [argus.main] INFO EVENT: PROCESS_STARTED — PID 8416 (taskhostw.exe) parent=2996
2026-09-11 00:25:55 [argus.main] INFO EVENT: PROCESS_STARTED — PID 27852 (svchost.exe) parent=1360
2026-09-11 00:25:55 [argus.main] INFO EVENT: PROCESS_TERMINATED — PID 14080 (ROUTE.EXE)
2026-09-11 00:25:55 [argus.main] INFO EVENT: PROCESS_TERMINATED — PID 23648 (conhost.exe)
2026-09-11 00:25:55 [argus.main] INFO EVENT: PROCESS_TERMINATED — PID 28616 (backgroundTaskHost.exe)
2026-09-11 00:25:57 [argus.main] INFO EVENT: PROCESS_STARTED — PID 8100 (sppsvc.exe) parent=1360
2026-09-11 00:25:57 [argus.main] INFO EVENT: PROCESS_TERMINATED — PID 8416 (taskhostw.exe)
2026-09-11 00:26:01 [argus.main] INFO EVENT: PROCESS_STARTED — PID 2832 (powershell.exe) parent=11972
2026-09-11 00:26:01 [argus.main] INFO EVENT: PROCESS_STARTED — PID 25392 (conhost.exe) parent=2832
2026-09-11 00:26:03 [argus.main] INFO EVENT: PROCESS_TERMINATED — PID 2832 (powershell.exe)
2026-09-11 00:26:03 [argus.main] INFO EVENT: PROCESS_TERMINATED — PID 25392 (conhost.exe)
2026-09-11 00:26:05 [argus.main] INFO EVENT: PROCESS_STARTED — PID 14656 (conhost.exe) parent=22764
2026-09-11 00:26:05 [argus.main] INFO EVENT: PROCESS_STARTED — PID 22764 (powershell.exe) parent=19040
2026-09-11 00:26:07 [argus.main] INFO EVENT: PROCESS_STARTED — PID 5020 (wermgr.exe) parent=2996
2026-09-11 00:26:08 [argus.main] INFO EVENT: PROCESS_STARTED — PID 25492 (svchost.exe) parent=1360
2026-09-11 00:26:08 [argus.main] INFO EVENT: PROCESS_STARTED — PID 28688 (MoUsoCoreWorker.exe) parent=2476
2026-09-11 00:26:08 [argus.main] INFO EVENT: PROCESS_STARTED — PID 28860 (backgroundTaskHost.exe) parent=1596
2026-09-11 00:26:08 [argus.main] INFO EVENT: PROCESS_STARTED — PID 28912 (backgroundTaskHost.exe) parent=1596
2026-09-11 00:26:08 [argus.main] INFO EVENT: PROCESS_TERMINATED — PID 14656 (conhost.exe)
2026-09-11 00:26:08 [argus.main] INFO EVENT: PROCESS_TERMINATED — PID 22764 (powershell.exe)
2026-09-11 00:26:10 [argus.main] INFO EVENT: PROCESS_STARTED — PID 28764 (RuntimeBroker.exe) parent=1596
2026-09-11 00:26:10 [argus.main] INFO EVENT: PROCESS_STARTED — PID 28944 (svchost.exe) parent=1360
2026-09-11 00:26:10 [argus.main] INFO EVENT: PROCESS_STARTED — PID 28952 (msedgewebview2.exe) parent=1280
2026-09-11 00:26:10 [argus.main] INFO EVENT: PROCESS_STARTED — PID 29292 (backgroundTaskHost.exe) parent=1596
2026-09-11 00:26:10 [argus.main] INFO EVENT: PROCESS_TERMINATED — PID 5020 (wermgr.exe)
2026-09-11 00:26:14 [argus.main] INFO EVENT: PROCESS_STARTED — PID 2396 (RuntimeBroker.exe) parent=1596
2026-09-11 00:26:14 [argus.main] INFO EVENT: PROCESS_STARTED — PID 29404 (WmiPrvSE.exe) parent=1596
2026-09-11 00:26:16 [argus.main] INFO EVENT: PROCESS_STARTED — PID 26276 (quickup.exe) parent=5600
2026-09-11 00:26:22 [argus.main] INFO EVENT: PROCESS_STARTED — PID 28756 (quickup.exe) parent=26276
2026-09-11 00:26:22 [argus.main] INFO EVENT: PROCESS_TERMINATED — PID 26276 (quickup.exe)
2026-09-11 00:26:24 [argus.main] INFO EVENT: PROCESS_TERMINATED — PID 28756 (quickup.exe)
2026-09-11 00:26:27 [argus.main] INFO EVENT: PROCESS_TERMINATED — PID 8100 (sppsvc.exe)
2026-09-11 00:26:29 [argus.main] INFO EVENT: PROCESS_TERMINATED — PID 25492 (svchost.exe)
2026-09-11 00:26:35 [argus.main] INFO EVENT: PROCESS_STARTED — PID 11244 (conhost.exe) parent=16604
2026-09-11 00:26:35 [argus.main] INFO EVENT: PROCESS_STARTED — PID 16604 (powershell.exe) parent=19040
2026-09-11 00:26:35 [argus.main] INFO EVENT: PROCESS_TERMINATED — PID 4492 (RuntimeBroker.exe)
2026-09-11 00:26:37 [argus.main] INFO EVENT: PROCESS_STARTED — PID 25684 (<unknown-pid-25684>) parent=none
2026-09-11 00:26:37 [argus.main] INFO EVENT: PROCESS_TERMINATED — PID 11244 (conhost.exe)
2026-09-11 00:26:37 [argus.main] INFO EVENT: PROCESS_TERMINATED — PID 16604 (powershell.exe)
2026-09-11 00:26:39 [argus.main] INFO EVENT: PROCESS_TERMINATED — PID 25684 (<unknown-pid-25684>)
2026-09-11 00:26:43 [argus.main] INFO EVENT: PROCESS_STARTED — PID 12108 (powershell.exe) parent=11972
2026-09-11 00:26:43 [argus.main] INFO EVENT: PROCESS_STARTED — PID 23432 (conhost.exe) parent=12108
2026-09-11 00:26:43 [argus.main] INFO EVENT: PROCESS_TERMINATED — PID 28952 (msedgewebview2.exe)
2026-09-11 00:26:45 [argus.main] INFO EVENT: PROCESS_TERMINATED — PID 12108 (powershell.exe)
2026-09-11 00:26:45 [argus.main] INFO EVENT: PROCESS_TERMINATED — PID 23432 (conhost.exe)
2026-09-11 00:26:51 [argus.main] INFO EVENT: PROCESS_TERMINATED — PID 22380 (backgroundTaskHost.exe)
2026-09-11 00:26:51 [argus.main] INFO EVENT: PROCESS_TERMINATED — PID 27528 (WindowsPackageManagerServer.exe)
2026-09-11 00:26:55 [argus.main] INFO EVENT: PROCESS_TERMINATED — PID 27904 (svchost.exe)
2026-09-11 00:27:03 [argus.main] INFO EVENT: PROCESS_STARTED — PID 25792 (powershell.exe) parent=11972
2026-09-11 00:27:03 [argus.main] INFO EVENT: PROCESS_STARTED — PID 25892 (conhost.exe) parent=25792
2026-09-11 00:27:05 [argus.main] INFO EVENT: PROCESS_STARTED — PID 2824 (powershell.exe) parent=19040
2026-09-11 00:27:05 [argus.main] INFO EVENT: PROCESS_STARTED — PID 24540 (conhost.exe) parent=2824
2026-09-11 00:27:05 [argus.main] INFO EVENT: PROCESS_TERMINATED — PID 25792 (powershell.exe)
2026-09-11 00:27:05 [argus.main] INFO EVENT: PROCESS_TERMINATED — PID 25892 (conhost.exe)
2026-09-11 00:27:07 [argus.main] INFO EVENT: PROCESS_TERMINATED — PID 2824 (powershell.exe)
2026-09-11 00:27:07 [argus.main] INFO EVENT: PROCESS_TERMINATED — PID 24540 (conhost.exe)
2026-09-11 00:27:09 [argus.main] INFO EVENT: PROCESS_TERMINATED — PID 29292 (backgroundTaskHost.exe)
2026-09-11 00:27:11 [argus.main] INFO EVENT: PROCESS_STARTED — PID 28744 (msedgewebview2.exe) parent=1280
2026-09-11 00:27:11 [argus.main] INFO EVENT: PROCESS_TERMINATED — PID 28688 (MoUsoCoreWorker.exe)
2026-09-11 00:27:13 [argus.main] INFO EVENT: PROCESS_TERMINATED — PID 24292 (svchost.exe)
2026-09-11 00:27:13 [argus.main] INFO EVENT: PROCESS_TERMINATED — PID 28912 (backgroundTaskHost.exe)
2026-09-11 00:27:15 [argus.main] INFO EVENT: PROCESS_TERMINATED — PID 28860 (backgroundTaskHost.exe)
2026-09-11 00:27:15 [argus.main] INFO EVENT: PROCESS_TERMINATED — PID 29404 (WmiPrvSE.exe)
2026-09-11 00:27:21 [argus.main] INFO EVENT: PROCESS_TERMINATED — PID 22748 (RuntimeBroker.exe)
2026-09-11 00:27:34 [argus.main] INFO EVENT: PROCESS_STARTED — PID 10748 (conhost.exe) parent=29516
2026-09-11 00:27:34 [argus.main] INFO EVENT: PROCESS_STARTED — PID 29516 (powershell.exe) parent=11972
2026-09-11 00:27:36 [argus.main] INFO EVENT: PROCESS_TERMINATED — PID 10748 (conhost.exe)
2026-09-11 00:27:36 [argus.main] INFO EVENT: PROCESS_TERMINATED — PID 29516 (powershell.exe)
2026-09-11 00:27:38 [argus.main] INFO EVENT: PROCESS_STARTED — PID 8232 (<unknown-pid-8232>) parent=none
2026-09-11 00:27:40 [argus.main] INFO EVENT: PROCESS_TERMINATED — PID 8232 (<unknown-pid-8232>)
2026-09-11 00:27:42 [argus.main] INFO EVENT: PROCESS_STARTED — PID 25264 (ipconfig.exe) parent=3532
2026-09-11 00:27:42 [argus.main] INFO EVENT: PROCESS_TERMINATED — PID 28744 (msedgewebview2.exe)
2026-09-11 00:27:44 [argus.main] INFO EVENT: PROCESS_STARTED — PID 2576 (conhost.exe) parent=28844
2026-09-11 00:27:44 [argus.main] INFO EVENT: PROCESS_STARTED — PID 28844 (powershell.exe) parent=11972
2026-09-11 00:27:44 [argus.main] INFO EVENT: PROCESS_TERMINATED — PID 28764 (RuntimeBroker.exe)
2026-09-11 00:27:44 [argus.main] INFO EVENT: PROCESS_TERMINATED — PID 25264 (ipconfig.exe)
2026-09-11 00:27:46 [argus.main] INFO EVENT: PROCESS_TERMINATED — PID 2396 (RuntimeBroker.exe)
2026-09-11 00:27:46 [argus.main] INFO EVENT: PROCESS_TERMINATED — PID 2576 (conhost.exe)
2026-09-11 00:27:46 [argus.main] INFO EVENT: PROCESS_TERMINATED — PID 28844 (powershell.exe)
2026-09-11 00:28:08 [argus.main] INFO EVENT: PROCESS_STARTED — PID 2252 (powershell.exe) parent=19040
2026-09-11 00:28:08 [argus.main] INFO EVENT: PROCESS_STARTED — PID 26960 (conhost.exe) parent=2252
2026-09-11 00:28:10 [argus.main] INFO EVENT: PROCESS_TERMINATED — PID 2252 (powershell.exe)
2026-09-11 00:28:10 [argus.main] INFO EVENT: PROCESS_TERMINATED — PID 26960 (conhost.exe)
2026-09-11 00:28:36 [argus.main] INFO EVENT: PROCESS_STARTED — PID 19208 (conhost.exe) parent=29568
2026-09-11 00:28:36 [argus.main] INFO EVENT: PROCESS_STARTED — PID 29568 (powershell.exe) parent=11972
2026-09-11 00:28:38 [argus.main] INFO EVENT: PROCESS_STARTED — PID 24056 (powershell.exe) parent=19040
2026-09-11 00:28:38 [argus.main] INFO EVENT: PROCESS_STARTED — PID 28220 (conhost.exe) parent=24056
2026-09-11 00:28:38 [argus.main] INFO EVENT: PROCESS_TERMINATED — PID 19208 (conhost.exe)
2026-09-11 00:28:38 [argus.main] INFO EVENT: PROCESS_TERMINATED — PID 29568 (powershell.exe)
2026-09-11 00:28:40 [argus.main] INFO EVENT: PROCESS_TERMINATED — PID 24056 (powershell.exe)
2026-09-11 00:28:40 [argus.main] INFO EVENT: PROCESS_TERMINATED — PID 28220 (conhost.exe)
2026-09-11 00:28:46 [argus.main] INFO EVENT: PROCESS_STARTED — PID 20736 (conhost.exe) parent=25512
2026-09-11 00:28:46 [argus.main] INFO EVENT: PROCESS_STARTED — PID 25512 (powershell.exe) parent=11972
2026-09-11 00:28:48 [argus.main] INFO EVENT: PROCESS_TERMINATED — PID 20736 (conhost.exe)
2026-09-11 00:28:48 [argus.main] INFO EVENT: PROCESS_TERMINATED — PID 25512 (powershell.exe)
2026-09-11 00:28:52 [argus.main] INFO EVENT: PROCESS_TERMINATED — PID 8864 (svchost.exe)
2026-09-11 00:29:13 [argus.main] INFO EVENT: PROCESS_STARTED — PID 15884 (powershell.exe) parent=19040
2026-09-11 00:29:15 [argus.main] INFO EVENT: PROCESS_TERMINATED — PID 15884 (powershell.exe)
2026-09-11 00:29:35 [argus.main] INFO EVENT: PROCESS_STARTED — PID 2532 (<unknown-pid-2532>) parent=none
2026-09-11 00:29:37 [argus.main] INFO EVENT: PROCESS_TERMINATED — PID 2532 (<unknown-pid-2532>)
2026-09-11 00:29:45 [argus.main] INFO EVENT: PROCESS_STARTED — PID 16844 (powershell.exe) parent=19040
2026-09-11 00:29:45 [argus.main] INFO EVENT: PROCESS_STARTED — PID 26168 (conhost.exe) parent=16844
2026-09-11 00:29:47 [argus.main] INFO EVENT: PROCESS_TERMINATED — PID 16844 (powershell.exe)
2026-09-11 00:29:47 [argus.main] INFO EVENT: PROCESS_TERMINATED — PID 26168 (conhost.exe)
2026-09-11 00:29:49 [argus.main] INFO EVENT: PROCESS_STARTED — PID 21252 (conhost.exe) parent=29356
2026-09-11 00:29:49 [argus.main] INFO EVENT: PROCESS_STARTED — PID 29356 (powershell.exe) parent=11972
2026-09-11 00:29:51 [argus.main] INFO EVENT: PROCESS_TERMINATED — PID 21252 (conhost.exe)
2026-09-11 00:29:51 [argus.main] INFO EVENT: PROCESS_TERMINATED — PID 29356 (powershell.exe)
2026-09-11 00:29:53 [argus.main] INFO EVENT: PROCESS_STARTED — PID 29280 (ROUTE.EXE) parent=11972
2026-09-11 00:29:53 [argus.main] INFO EVENT: PROCESS_STARTED — PID 29636 (conhost.exe) parent=29280
2026-09-11 00:29:55 [argus.main] INFO EVENT: PROCESS_TERMINATED — PID 29280 (ROUTE.EXE)
2026-09-11 00:29:55 [argus.main] INFO EVENT: PROCESS_TERMINATED — PID 29636 (conhost.exe)
2026-09-11 00:30:09 [argus.main] INFO EVENT: PROCESS_STARTED — PID 13904 (powershell.exe) parent=11972
2026-09-11 00:30:09 [argus.main] INFO EVENT: PROCESS_STARTED — PID 29656 (conhost.exe) parent=13904
2026-09-11 00:30:11 [argus.main] INFO EVENT: PROCESS_STARTED — PID 2248 (<unknown-pid-2248>) parent=none
2026-09-11 00:30:12 [argus.main] INFO EVENT: PROCESS_TERMINATED — PID 13904 (powershell.exe)
2026-09-11 00:30:12 [argus.main] INFO EVENT: PROCESS_TERMINATED — PID 29656 (conhost.exe)
2026-09-11 00:30:14 [argus.main] INFO EVENT: PROCESS_TERMINATED — PID 2248 (<unknown-pid-2248>)
2026-09-11 00:30:16 [argus.main] INFO EVENT: PROCESS_STARTED — PID 2008 (powershell.exe) parent=19040
2026-09-11 00:30:16 [argus.main] INFO EVENT: PROCESS_STARTED — PID 2212 (conhost.exe) parent=2008
2026-09-11 00:30:18 [argus.main] INFO EVENT: PROCESS_TERMINATED — PID 10252 (opencode.exe)
2026-09-11 00:30:18 [argus.main] INFO EVENT: PROCESS_TERMINATED — PID 2008 (powershell.exe)
2026-09-11 00:30:18 [argus.main] INFO EVENT: PROCESS_TERMINATED — PID 2212 (conhost.exe)
2026-09-11 00:30:28 [argus.main] INFO EVENT: PROCESS_STARTED — PID 12660 (opencode.exe) parent=25796
2026-09-11 00:30:40 [argus.main] INFO EVENT: PROCESS_STARTED — PID 7076 (conhost.exe) parent=20540
2026-09-11 00:30:40 [argus.main] INFO EVENT: PROCESS_STARTED — PID 20540 (powershell.exe) parent=11972
2026-09-11 00:30:42 [argus.main] INFO EVENT: PROCESS_TERMINATED — PID 7076 (conhost.exe)
2026-09-11 00:30:42 [argus.main] INFO EVENT: PROCESS_TERMINATED — PID 20540 (powershell.exe)
2026-09-11 00:30:44 [argus.main] INFO EVENT: PROCESS_STARTED — PID 5332 (conhost.exe) parent=21104
2026-09-11 00:30:46 [argus.main] INFO EVENT: PROCESS_STARTED — PID 8712 (powershell.exe) parent=19040
2026-09-11 00:30:46 [argus.main] INFO EVENT: PROCESS_STARTED — PID 11132 (taskkill.exe) parent=24424
2026-09-11 00:30:46 [argus.main] INFO EVENT: PROCESS_STARTED — PID 14528 (conhost.exe) parent=17860
2026-09-11 00:30:46 [argus.main] INFO EVENT: PROCESS_STARTED — PID 17860 (cmd.exe) parent=12660
2026-09-11 00:30:46 [argus.main] INFO EVENT: PROCESS_STARTED — PID 18024 (conhost.exe) parent=24424
2026-09-11 00:30:47 [argus.main] INFO EVENT: PROCESS_STARTED — PID 20084 (conhost.exe) parent=8712
2026-09-11 00:30:47 [argus.main] INFO EVENT: PROCESS_STARTED — PID 24424 (cmd.exe) parent=12660
2026-09-11 00:30:47 [argus.main] INFO EVENT: PROCESS_STARTED — PID 29532 (taskkill.exe) parent=17860
2026-09-11 00:30:47 [argus.main] INFO EVENT: PROCESS_TERMINATED — PID 5332 (conhost.exe)
2026-09-11 00:30:49 [argus.main] INFO EVENT: PROCESS_TERMINATED — PID 8712 (powershell.exe)
2026-09-11 00:30:49 [argus.main] INFO EVENT: PROCESS_TERMINATED — PID 11132 (taskkill.exe)
2026-09-11 00:30:49 [argus.main] INFO EVENT: PROCESS_TERMINATED — PID 14528 (conhost.exe)
2026-09-11 00:30:49 [argus.main] INFO EVENT: PROCESS_TERMINATED — PID 17860 (cmd.exe)
2026-09-11 00:30:49 [argus.main] INFO EVENT: PROCESS_TERMINATED — PID 18024 (conhost.exe)
2026-09-11 00:30:49 [argus.main] INFO EVENT: PROCESS_TERMINATED — PID 20084 (conhost.exe)
2026-09-11 00:30:49 [argus.main] INFO EVENT: PROCESS_TERMINATED — PID 24424 (cmd.exe)
2026-09-11 00:30:49 [argus.main] INFO EVENT: PROCESS_TERMINATED — PID 29532 (taskkill.exe)
2026-09-11 00:30:51 [argus.main] INFO EVENT: PROCESS_STARTED — PID 5248 (conhost.exe) parent=8928
2026-09-11 00:30:51 [argus.main] INFO EVENT: PROCESS_STARTED — PID 8928 (powershell.exe) parent=11972
2026-09-11 00:30:53 [argus.main] INFO EVENT: PROCESS_TERMINATED — PID 5248 (conhost.exe)
2026-09-11 00:30:53 [argus.main] INFO EVENT: PROCESS_TERMINATED — PID 8928 (powershell.exe)
2026-09-11 00:31:13 [argus.main] INFO EVENT: PROCESS_STARTED — PID 404 (powershell.exe) parent=11972
2026-09-11 00:31:13 [argus.main] INFO EVENT: PROCESS_STARTED — PID 28120 (conhost.exe) parent=404
2026-09-11 00:31:15 [argus.main] INFO EVENT: PROCESS_TERMINATED — PID 404 (powershell.exe)
2026-09-11 00:31:15 [argus.main] INFO EVENT: PROCESS_TERMINATED — PID 28120 (conhost.exe)
2026-09-11 00:31:17 [argus.main] INFO EVENT: PROCESS_TERMINATED — PID 28944 (svchost.exe)
2026-09-11 00:31:29 [argus.main] INFO EVENT: PROCESS_TERMINATED — PID 23208 (audiodg.exe)
2026-09-11 00:31:49 [argus.main] INFO EVENT: PROCESS_STARTED — PID 22428 (conhost.exe) parent=26984
2026-09-11 00:31:49 [argus.main] INFO EVENT: PROCESS_STARTED — PID 26984 (powershell.exe) parent=19040
2026-09-11 00:31:51 [argus.main] INFO EVENT: PROCESS_TERMINATED — PID 22428 (conhost.exe)
2026-09-11 00:31:51 [argus.main] INFO EVENT: PROCESS_TERMINATED — PID 26984 (powershell.exe)
2026-09-11 00:31:53 [argus.main] INFO EVENT: PROCESS_STARTED — PID 5396 (powershell.exe) parent=11972
2026-09-11 00:31:53 [argus.main] INFO EVENT: PROCESS_STARTED — PID 25832 (conhost.exe) parent=5396
2026-09-11 00:31:55 [argus.main] INFO EVENT: PROCESS_TERMINATED — PID 5396 (powershell.exe)
2026-09-11 00:31:55 [argus.main] INFO EVENT: PROCESS_TERMINATED — PID 25832 (conhost.exe)
2026-09-11 00:32:09 [argus.main] INFO EVENT: PROCESS_STARTED — PID 9068 (<unknown-pid-9068>) parent=none
2026-09-11 00:32:11 [argus.main] INFO EVENT: PROCESS_TERMINATED — PID 9068 (<unknown-pid-9068>)
2026-09-11 00:32:20 [argus.main] INFO EVENT: PROCESS_STARTED — PID 2644 (conhost.exe) parent=25512
2026-09-11 00:32:20 [argus.main] INFO EVENT: PROCESS_STARTED — PID 25512 (powershell.exe) parent=19040
2026-09-11 00:32:22 [argus.main] INFO EVENT: PROCESS_TERMINATED — PID 2644 (conhost.exe)
2026-09-11 00:32:22 [argus.main] INFO EVENT: PROCESS_TERMINATED — PID 25512 (powershell.exe)
2026-09-11 00:32:32 [argus.main] INFO EVENT: PROCESS_STARTED — PID 17004 (reg.exe) parent=6236
2026-09-11 00:32:34 [argus.main] INFO EVENT: PROCESS_TERMINATED — PID 17004 (reg.exe)
2026-09-11 00:32:56 [argus.main] INFO EVENT: PROCESS_STARTED — PID 8872 (powershell.exe) parent=11972
2026-09-11 00:32:56 [argus.main] INFO EVENT: PROCESS_STARTED — PID 29244 (conhost.exe) parent=8872
2026-09-11 00:32:58 [argus.main] INFO EVENT: PROCESS_TERMINATED — PID 8872 (powershell.exe)
2026-09-11 00:32:58 [argus.main] INFO EVENT: PROCESS_TERMINATED — PID 29244 (conhost.exe)
2026-09-11 00:33:00 [argus.main] INFO EVENT: PROCESS_STARTED — PID 24372 (conhost.exe) parent=29472
2026-09-11 00:33:02 [argus.main] INFO EVENT: PROCESS_TERMINATED — PID 24372 (conhost.exe)
2026-09-11 00:33:16 [argus.main] INFO EVENT: PROCESS_STARTED — PID 15184 (conhost.exe) parent=28632
2026-09-11 00:33:16 [argus.main] INFO EVENT: PROCESS_STARTED — PID 28632 (powershell.exe) parent=11972
2026-09-11 00:33:18 [argus.main] INFO EVENT: PROCESS_TERMINATED — PID 15184 (conhost.exe)
2026-09-11 00:33:18 [argus.main] INFO EVENT: PROCESS_TERMINATED — PID 28632 (powershell.exe)
2026-09-11 00:33:52 [argus.main] INFO EVENT: PROCESS_STARTED — PID 10516 (ARP.EXE) parent=19040
2026-09-11 00:33:52 [argus.main] INFO EVENT: PROCESS_STARTED — PID 11692 (<unknown-pid-11692>) parent=none
2026-09-11 00:33:54 [argus.main] INFO EVENT: PROCESS_TERMINATED — PID 10516 (ARP.EXE)
2026-09-11 00:33:54 [argus.main] INFO EVENT: PROCESS_TERMINATED — PID 11692 (<unknown-pid-11692>)
2026-09-11 00:33:56 [argus.main] INFO EVENT: PROCESS_STARTED — PID 12732 (conhost.exe) parent=29424
2026-09-11 00:33:56 [argus.main] INFO EVENT: PROCESS_STARTED — PID 29424 (powershell.exe) parent=11972
2026-09-11 00:33:58 [argus.main] INFO EVENT: PROCESS_TERMINATED — PID 12732 (conhost.exe)
2026-09-11 00:33:58 [argus.main] INFO EVENT: PROCESS_TERMINATED — PID 29424 (powershell.exe)
2026-09-11 00:34:33 [argus.main] INFO EVENT: PROCESS_STARTED — PID 3912 (MoUsoCoreWorker.exe) parent=2476
2026-09-11 00:34:55 [argus.main] INFO EVENT: PROCESS_STARTED — PID 10136 (conhost.exe) parent=11132
2026-09-11 00:34:55 [argus.main] INFO EVENT: PROCESS_STARTED — PID 11132 (powershell.exe) parent=11972
2026-09-11 00:34:57 [argus.main] INFO EVENT: PROCESS_STARTED — PID 8904 (powershell.exe) parent=19040
2026-09-11 00:34:57 [argus.main] INFO EVENT: PROCESS_STARTED — PID 11328 (conhost.exe) parent=8904
2026-09-11 00:34:57 [argus.main] INFO EVENT: PROCESS_TERMINATED — PID 10136 (conhost.exe)
2026-09-11 00:34:57 [argus.main] INFO EVENT: PROCESS_TERMINATED — PID 11132 (powershell.exe)
2026-09-11 00:34:59 [argus.main] INFO EVENT: PROCESS_STARTED — PID 19780 (powershell.exe) parent=11972
2026-09-11 00:34:59 [argus.main] INFO EVENT: PROCESS_STARTED — PID 27528 (conhost.exe) parent=19780
2026-09-11 00:34:59 [argus.main] INFO EVENT: PROCESS_TERMINATED — PID 8904 (powershell.exe)
2026-09-11 00:34:59 [argus.main] INFO EVENT: PROCESS_TERMINATED — PID 11328 (conhost.exe)
2026-09-11 00:35:01 [argus.main] INFO EVENT: PROCESS_TERMINATED — PID 19780 (powershell.exe)
2026-09-11 00:35:01 [argus.main] INFO EVENT: PROCESS_TERMINATED — PID 27528 (conhost.exe)
2026-09-11 00:35:21 [argus.main] INFO EVENT: PROCESS_STARTED — PID 4944 (svchost.exe) parent=1360
2026-09-11 00:35:29 [argus.main] INFO EVENT: PROCESS_STARTED — PID 5440 (conhost.exe) parent=20912
2026-09-11 00:35:29 [argus.main] INFO EVENT: PROCESS_STARTED — PID 20912 (powershell.exe) parent=19040
2026-09-11 00:35:31 [argus.main] INFO EVENT: PROCESS_TERMINATED — PID 5440 (conhost.exe)
2026-09-11 00:35:31 [argus.main] INFO EVENT: PROCESS_TERMINATED — PID 20912 (powershell.exe)
2026-09-11 00:35:33 [argus.main] INFO EVENT: PROCESS_STARTED — PID 24736 (OfficeC2RClient.exe) parent=2996
2026-09-11 00:35:33 [argus.main] INFO EVENT: PROCESS_TERMINATED — PID 3912 (MoUsoCoreWorker.exe)
2026-09-11 00:35:35 [argus.main] INFO EVENT: PROCESS_TERMINATED — PID 24736 (OfficeC2RClient.exe)
2026-09-11 00:35:59 [argus.main] INFO EVENT: PROCESS_STARTED — PID 3948 (conhost.exe) parent=16288
2026-09-11 00:35:59 [argus.main] INFO EVENT: PROCESS_STARTED — PID 16288 (powershell.exe) parent=11972
2026-09-11 00:35:59 [argus.main] INFO EVENT: PROCESS_STARTED — PID 26220 (conhost.exe) parent=27848
2026-09-11 00:36:00 [argus.main] INFO EVENT: PROCESS_STARTED — PID 27848 (powershell.exe) parent=19040
2026-09-11 00:36:02 [argus.main] INFO EVENT: PROCESS_TERMINATED — PID 3948 (conhost.exe)
2026-09-11 00:36:02 [argus.main] INFO EVENT: PROCESS_TERMINATED — PID 16288 (powershell.exe)
2026-09-11 00:36:02 [argus.main] INFO EVENT: PROCESS_TERMINATED — PID 26220 (conhost.exe)
2026-09-11 00:36:02 [argus.main] INFO EVENT: PROCESS_TERMINATED — PID 27848 (powershell.exe)
2026-09-11 00:36:04 [argus.main] INFO EVENT: PROCESS_STARTED — PID 14584 (conhost.exe) parent=29132
2026-09-11 00:36:04 [argus.main] INFO EVENT: PROCESS_STARTED — PID 29132 (powershell.exe) parent=11972
2026-09-11 00:36:06 [argus.main] INFO EVENT: PROCESS_STARTED — PID 25864 (WmiPrvSE.exe) parent=1596
2026-09-11 00:36:06 [argus.main] INFO EVENT: PROCESS_TERMINATED — PID 7456 (WmiPrvSE.exe)
2026-09-11 00:36:06 [argus.main] INFO EVENT: PROCESS_TERMINATED — PID 14584 (conhost.exe)
2026-09-11 00:36:06 [argus.main] INFO EVENT: PROCESS_TERMINATED — PID 29132 (powershell.exe)
2026-09-11 00:36:30 [argus.main] INFO EVENT: PROCESS_STARTED — PID 19812 (rg.exe) parent=12660
2026-09-11 00:36:30 [argus.main] INFO EVENT: PROCESS_STARTED — PID 26140 (powershell.exe) parent=19040
2026-09-11 00:36:30 [argus.main] INFO EVENT: PROCESS_STARTED — PID 27528 (conhost.exe) parent=26140
2026-09-11 00:36:32 [argus.main] INFO EVENT: PROCESS_STARTED — PID 13528 (conhost.exe) parent=19448
2026-09-11 00:36:32 [argus.main] INFO EVENT: PROCESS_STARTED — PID 19448 (powershell.exe) parent=11972
2026-09-11 00:36:32 [argus.main] INFO EVENT: PROCESS_TERMINATED — PID 19812 (rg.exe)
2026-09-11 00:36:32 [argus.main] INFO EVENT: PROCESS_TERMINATED — PID 26140 (powershell.exe)
2026-09-11 00:36:32 [argus.main] INFO EVENT: PROCESS_TERMINATED — PID 27528 (conhost.exe)
2026-09-11 00:36:34 [argus.main] INFO EVENT: PROCESS_TERMINATED — PID 13528 (conhost.exe)
2026-09-11 00:36:34 [argus.main] INFO EVENT: PROCESS_TERMINATED — PID 19448 (powershell.exe)
2026-09-11 00:36:48 [argus.main] INFO EVENT: PROCESS_TERMINATED — PID 21616 (svchost.exe)
2026-09-11 00:36:50 [argus.main] INFO EVENT: PROCESS_STARTED — PID 9672 (msedgewebview2.exe) parent=1280
2026-09-11 00:36:52 [argus.main] INFO EVENT: PROCESS_STARTED — PID 20376 (ROUTE.EXE) parent=3532
2026-09-11 00:36:52 [argus.main] INFO EVENT: PROCESS_STARTED — PID 21436 (<unknown-pid-21436>) parent=none
2026-09-11 00:36:54 [argus.main] INFO EVENT: PROCESS_TERMINATED — PID 20376 (ROUTE.EXE)
2026-09-11 00:36:54 [argus.main] INFO EVENT: PROCESS_TERMINATED — PID 21436 (<unknown-pid-21436>)
2026-09-11 00:37:00 [argus.main] INFO EVENT: PROCESS_STARTED — PID 8960 (backgroundTaskHost.exe) parent=1596
2026-09-11 00:37:02 [argus.main] INFO EVENT: PROCESS_STARTED — PID 3228 (conhost.exe) parent=29500
2026-09-11 00:37:08 [argus.main] INFO EVENT: PROCESS_STARTED — PID 15016 (svchost.exe) parent=1360
2026-09-11 00:37:08 [argus.main] INFO EVENT: PROCESS_STARTED — PID 18916 (WmiPrvSE.exe) parent=1596
2026-09-11 00:37:08 [argus.main] INFO EVENT: PROCESS_STARTED — PID 23712 (RuntimeBroker.exe) parent=1596
2026-09-11 00:37:10 [argus.main] INFO EVENT: PROCESS_TERMINATED — PID 8960 (backgroundTaskHost.exe)
2026-09-11 00:37:10 [argus.main] INFO EVENT: PROCESS_TERMINATED — PID 3228 (conhost.exe)
2026-09-11 00:37:22 [argus.main] INFO EVENT: PROCESS_STARTED — PID 17768 (svchost.exe) parent=1360
2026-09-11 00:37:22 [argus.main] INFO EVENT: PROCESS_TERMINATED — PID 9672 (msedgewebview2.exe)
2026-09-11 00:37:34 [argus.main] INFO EVENT: PROCESS_STARTED — PID 27324 (conhost.exe) parent=28036
2026-09-11 00:37:34 [argus.main] INFO EVENT: PROCESS_STARTED — PID 28036 (powershell.exe) parent=19040
2026-09-11 00:37:36 [argus.main] INFO EVENT: PROCESS_TERMINATED — PID 27324 (conhost.exe)
2026-09-11 00:37:36 [argus.main] INFO EVENT: PROCESS_TERMINATED — PID 28036 (powershell.exe)
2026-09-11 00:37:38 [argus.main] INFO EVENT: PROCESS_STARTED — PID 28688 (conhost.exe) parent=28844
2026-09-11 00:37:38 [argus.main] INFO EVENT: PROCESS_STARTED — PID 28844 (powershell.exe) parent=11972
2026-09-11 00:37:40 [argus.main] INFO EVENT: PROCESS_TERMINATED — PID 28688 (conhost.exe)
2026-09-11 00:37:40 [argus.main] INFO EVENT: PROCESS_TERMINATED — PID 28844 (powershell.exe)
2026-09-11 00:37:44 [argus.main] INFO EVENT: PROCESS_TERMINATED — PID 23712 (RuntimeBroker.exe)
2026-09-11 00:37:58 [argus.main] INFO EVENT: PROCESS_STARTED — PID 19704 (ipconfig.exe) parent=3532
2026-09-11 00:38:00 [argus.main] INFO EVENT: PROCESS_TERMINATED — PID 19704 (ipconfig.exe)
2026-09-11 00:38:04 [argus.main] INFO EVENT: PROCESS_TERMINATED — PID 18916 (WmiPrvSE.exe)
2026-09-11 00:38:06 [argus.main] INFO EVENT: PROCESS_STARTED — PID 6556 (conhost.exe) parent=23688
2026-09-11 00:38:06 [argus.main] INFO EVENT: PROCESS_STARTED — PID 23688 (powershell.exe) parent=11972
2026-09-11 00:38:08 [argus.main] INFO EVENT: PROCESS_TERMINATED — PID 6556 (conhost.exe)
2026-09-11 00:38:08 [argus.main] INFO EVENT: PROCESS_TERMINATED — PID 23688 (powershell.exe)
2026-09-11 00:38:13 [argus.main] INFO EVENT: PROCESS_STARTED — PID 20828 (powershell.exe) parent=11972
2026-09-11 00:38:15 [argus.main] INFO EVENT: PROCESS_TERMINATED — PID 20828 (powershell.exe)
2026-09-11 00:38:21 [argus.main] INFO EVENT: PROCESS_TERMINATED — PID 4944 (svchost.exe)
2026-09-11 00:38:37 [argus.main] INFO EVENT: PROCESS_STARTED — PID 3440 (conhost.exe) parent=15884
2026-09-11 00:38:37 [argus.main] INFO EVENT: PROCESS_STARTED — PID 15884 (powershell.exe) parent=19040
2026-09-11 00:38:39 [argus.main] INFO EVENT: PROCESS_TERMINATED — PID 3440 (conhost.exe)
2026-09-11 00:38:39 [argus.main] INFO EVENT: PROCESS_TERMINATED — PID 15884 (powershell.exe)
2026-09-11 00:38:43 [argus.main] INFO EVENT: PROCESS_STARTED — PID 8008 (conhost.exe) parent=8152
2026-09-11 00:38:43 [argus.main] INFO EVENT: PROCESS_STARTED — PID 8152 (powershell.exe) parent=11972
2026-09-11 00:38:45 [argus.main] INFO EVENT: PROCESS_TERMINATED — PID 8008 (conhost.exe)
2026-09-11 00:38:45 [argus.main] INFO EVENT: PROCESS_TERMINATED — PID 8152 (powershell.exe)
2026-09-11 00:39:03 [argus.main] INFO EVENT: PROCESS_STARTED — PID 9672 (conhost.exe) parent=13960
2026-09-11 00:39:05 [argus.main] INFO EVENT: PROCESS_TERMINATED — PID 9672 (conhost.exe)
2026-09-11 00:39:07 [argus.main] INFO EVENT: PROCESS_STARTED — PID 652 (powershell.exe) parent=19040
2026-09-11 00:39:07 [argus.main] INFO EVENT: PROCESS_STARTED — PID 4508 (conhost.exe) parent=652
2026-09-11 00:39:07 [argus.main] INFO EVENT: PROCESS_STARTED — PID 25908 (powershell.exe) parent=11972
2026-09-11 00:39:07 [argus.main] INFO EVENT: PROCESS_STARTED — PID 25996 (conhost.exe) parent=25908
2026-09-11 00:39:09 [argus.main] INFO EVENT: PROCESS_TERMINATED — PID 652 (powershell.exe)
2026-09-11 00:39:09 [argus.main] INFO EVENT: PROCESS_TERMINATED — PID 4508 (conhost.exe)
2026-09-11 00:39:09 [argus.main] INFO EVENT: PROCESS_TERMINATED — PID 25908 (powershell.exe)
2026-09-11 00:39:09 [argus.main] INFO EVENT: PROCESS_TERMINATED — PID 25996 (conhost.exe)
2026-09-11 00:39:15 [argus.main] INFO EVENT: PROCESS_STARTED — PID 17940 (conhost.exe) parent=29656
2026-09-11 00:39:15 [argus.main] INFO EVENT: PROCESS_STARTED — PID 29656 (powershell.exe) parent=11972
2026-09-11 00:39:17 [argus.main] INFO EVENT: PROCESS_TERMINATED — PID 17940 (conhost.exe)
2026-09-11 00:39:17 [argus.main] INFO EVENT: PROCESS_TERMINATED — PID 29656 (powershell.exe)
2026-09-11 00:39:40 [argus.main] INFO EVENT: PROCESS_STARTED — PID 11380 (node.exe) parent=28876
2026-09-11 00:39:40 [argus.main] INFO EVENT: PROCESS_STARTED — PID 28160 (conhost.exe) parent=28876
2026-09-11 00:39:40 [argus.main] INFO EVENT: PROCESS_STARTED — PID 28876 (powershell.exe) parent=12660
2026-09-11 00:39:42 [argus.main] INFO EVENT: PROCESS_STARTED — PID 14096 (node.exe) parent=28680
2026-09-11 00:39:42 [argus.main] INFO EVENT: PROCESS_STARTED — PID 28680 (cmd.exe) parent=11380
2026-09-11 00:39:46 [argus.main] INFO EVENT: PROCESS_STARTED — PID 15748 (ShellHost.exe) parent=10888
2026-09-11 00:39:46 [argus.main] INFO EVENT: PROCESS_TERMINATED — PID 28668 (ShellHost.exe)
2026-09-11 00:39:56 [argus.main] INFO EVENT: PROCESS_TERMINATED — PID 11380 (node.exe)
2026-09-11 00:39:56 [argus.main] INFO EVENT: PROCESS_TERMINATED — PID 28160 (conhost.exe)
2026-09-11 00:39:56 [argus.main] INFO EVENT: PROCESS_TERMINATED — PID 28876 (powershell.exe)
2026-09-11 00:39:56 [argus.main] INFO EVENT: PROCESS_TERMINATED — PID 14096 (node.exe)
2026-09-11 00:39:56 [argus.main] INFO EVENT: PROCESS_TERMINATED — PID 28680 (cmd.exe)
2026-09-11 00:40:08 [argus.main] INFO EVENT: PROCESS_STARTED — PID 2968 (powershell.exe) parent=11972
2026-09-11 00:40:08 [argus.main] INFO EVENT: PROCESS_STARTED — PID 17692 (conhost.exe) parent=2968
2026-09-11 00:40:10 [argus.main] INFO EVENT: PROCESS_STARTED — PID 4280 (conhost.exe) parent=23132
2026-09-11 00:40:10 [argus.main] INFO EVENT: PROCESS_STARTED — PID 23132 (powershell.exe) parent=19040
2026-09-11 00:40:10 [argus.main] INFO EVENT: PROCESS_TERMINATED — PID 2968 (powershell.exe)
2026-09-11 00:40:10 [argus.main] INFO EVENT: PROCESS_TERMINATED — PID 17692 (conhost.exe)
2026-09-11 00:40:12 [argus.main] INFO EVENT: PROCESS_TERMINATED — PID 4280 (conhost.exe)
2026-09-11 00:40:12 [argus.main] INFO EVENT: PROCESS_TERMINATED — PID 23132 (powershell.exe)
2026-09-11 00:40:16 [argus.main] INFO EVENT: PROCESS_STARTED — PID 13672 (powershell.exe) parent=11972
2026-09-11 00:40:16 [argus.main] INFO EVENT: PROCESS_STARTED — PID 27784 (conhost.exe) parent=13672
2026-09-11 00:40:18 [argus.main] INFO EVENT: PROCESS_TERMINATED — PID 13672 (powershell.exe)
2026-09-11 00:40:18 [argus.main] INFO EVENT: PROCESS_TERMINATED — PID 27784 (conhost.exe)
2026-09-11 00:40:28 [argus.main] INFO EVENT: PROCESS_STARTED — PID 15128 (node.exe) parent=20876
2026-09-11 00:40:28 [argus.main] INFO EVENT: PROCESS_STARTED — PID 20876 (powershell.exe) parent=12660
2026-09-11 00:40:29 [argus.main] INFO EVENT: PROCESS_STARTED — PID 29140 (conhost.exe) parent=20876
2026-09-11 00:40:31 [argus.main] INFO EVENT: PROCESS_STARTED — PID 12000 (node.exe) parent=21484
2026-09-11 00:40:31 [argus.main] INFO EVENT: PROCESS_STARTED — PID 21484 (cmd.exe) parent=15128
2026-09-11 00:40:41 [argus.main] INFO EVENT: PROCESS_TERMINATED — PID 15128 (node.exe)
2026-09-11 00:40:41 [argus.main] INFO EVENT: PROCESS_TERMINATED — PID 20876 (powershell.exe)
2026-09-11 00:40:41 [argus.main] INFO EVENT: PROCESS_TERMINATED — PID 29140 (conhost.exe)
2026-09-11 00:40:41 [argus.main] INFO EVENT: PROCESS_TERMINATED — PID 12000 (node.exe)
2026-09-11 00:40:41 [argus.main] INFO EVENT: PROCESS_TERMINATED — PID 21484 (cmd.exe)
2026-09-11 00:40:45 [argus.main] INFO EVENT: PROCESS_STARTED — PID 11724 (conhost.exe) parent=28036
2026-09-11 00:40:45 [argus.main] INFO EVENT: PROCESS_STARTED — PID 28036 (powershell.exe) parent=12660
2026-09-11 00:40:47 [argus.main] INFO EVENT: PROCESS_STARTED — PID 3080 (cmd.exe) parent=29260
2026-09-11 00:40:47 [argus.main] INFO EVENT: PROCESS_STARTED — PID 29232 (node.exe) parent=3080
2026-09-11 00:40:47 [argus.main] INFO EVENT: PROCESS_STARTED — PID 29260 (node.exe) parent=28036
2026-09-11 00:40:49 [argus.main] INFO EVENT: PROCESS_STARTED — PID 5896 (conhost.exe) parent=17664
2026-09-11 00:40:49 [argus.main] INFO EVENT: PROCESS_STARTED — PID 17664 (powershell.exe) parent=11972
2026-09-11 00:40:49 [argus.main] INFO EVENT: PROCESS_STARTED — PID 28480 (esbuild.exe) parent=29232
2026-09-11 00:40:51 [argus.main] INFO EVENT: PROCESS_TERMINATED — PID 5896 (conhost.exe)
2026-09-11 00:40:51 [argus.main] INFO EVENT: PROCESS_TERMINATED — PID 17664 (powershell.exe)
2026-09-11 00:40:55 [argus.main] INFO EVENT: PROCESS_STARTED — PID 22956 (msedgewebview2.exe) parent=1280
2026-09-11 00:41:04 [argus.main] INFO EVENT: PROCESS_TERMINATED — PID 11724 (conhost.exe)
2026-09-11 00:41:04 [argus.main] INFO EVENT: PROCESS_TERMINATED — PID 28036 (powershell.exe)
2026-09-11 00:41:04 [argus.main] INFO EVENT: PROCESS_TERMINATED — PID 3080 (cmd.exe)
2026-09-11 00:41:04 [argus.main] INFO EVENT: PROCESS_TERMINATED — PID 29232 (node.exe)
2026-09-11 00:41:04 [argus.main] INFO EVENT: PROCESS_TERMINATED — PID 29260 (node.exe)
2026-09-11 00:41:04 [argus.main] INFO EVENT: PROCESS_TERMINATED — PID 28480 (esbuild.exe)
2026-09-11 00:41:10 [argus.main] INFO EVENT: PROCESS_STARTED — PID 3496 (powershell.exe) parent=11972
2026-09-11 00:41:10 [argus.main] INFO EVENT: PROCESS_STARTED — PID 12456 (conhost.exe) parent=3496
2026-09-11 00:41:12 [argus.main] INFO EVENT: PROCESS_TERMINATED — PID 3496 (powershell.exe)
2026-09-11 00:41:12 [argus.main] INFO EVENT: PROCESS_TERMINATED — PID 12456 (conhost.exe)
2026-09-11 00:41:14 [argus.main] INFO EVENT: PROCESS_STARTED — PID 5728 (conhost.exe) parent=24424
2026-09-11 00:41:14 [argus.main] INFO EVENT: PROCESS_STARTED — PID 6032 (node.exe) parent=24716
2026-09-11 00:41:14 [argus.main] INFO EVENT: PROCESS_STARTED — PID 6624 (cmd.exe) parent=28684
2026-09-11 00:41:14 [argus.main] INFO EVENT: PROCESS_STARTED — PID 8712 (conhost.exe) parent=28684
2026-09-11 00:41:14 [argus.main] INFO EVENT: PROCESS_STARTED — PID 24424 (powershell.exe) parent=19040
2026-09-11 00:41:14 [argus.main] INFO EVENT: PROCESS_STARTED — PID 28684 (powershell.exe) parent=12660
2026-09-11 00:41:16 [argus.main] INFO EVENT: PROCESS_STARTED — PID 27128 (node.exe) parent=6624
2026-09-11 00:41:16 [argus.main] INFO EVENT: PROCESS_TERMINATED — PID 5728 (conhost.exe)
2026-09-11 00:41:16 [argus.main] INFO EVENT: PROCESS_TERMINATED — PID 6032 (node.exe)
2026-09-11 00:41:16 [argus.main] INFO EVENT: PROCESS_TERMINATED — PID 24424 (powershell.exe)
2026-09-11 00:41:18 [argus.main] INFO EVENT: PROCESS_STARTED — PID 27056 (<unknown-pid-27056>) parent=none
2026-09-11 00:41:20 [argus.main] INFO EVENT: PROCESS_TERMINATED — PID 27056 (<unknown-pid-27056>)
2026-09-11 00:41:22 [argus.main] INFO EVENT: PROCESS_STARTED — PID 2020 (node.exe) parent=27104
2026-09-11 00:41:22 [argus.main] INFO EVENT: PROCESS_STARTED — PID 27104 (cmd.exe) parent=27128
2026-09-11 00:41:26 [argus.main] INFO EVENT: PROCESS_TERMINATED — PID 22956 (msedgewebview2.exe)
2026-09-11 00:41:26 [argus.main] INFO EVENT: PROCESS_TERMINATED — PID 6624 (cmd.exe)
2026-09-11 00:41:26 [argus.main] INFO EVENT: PROCESS_TERMINATED — PID 8712 (conhost.exe)
2026-09-11 00:41:26 [argus.main] INFO EVENT: PROCESS_TERMINATED — PID 28684 (powershell.exe)
2026-09-11 00:41:26 [argus.main] INFO EVENT: PROCESS_TERMINATED — PID 27128 (node.exe)
2026-09-11 00:41:26 [argus.main] INFO EVENT: PROCESS_TERMINATED — PID 2020 (node.exe)
2026-09-11 00:41:26 [argus.main] INFO EVENT: PROCESS_TERMINATED — PID 27104 (cmd.exe)
2026-09-11 00:41:28 [argus.main] INFO EVENT: PROCESS_STARTED — PID 2788 (conhost.exe) parent=13448
2026-09-11 00:41:28 [argus.main] INFO EVENT: PROCESS_STARTED — PID 13448 (powershell.exe) parent=12660
2026-09-11 00:41:34 [argus.main] INFO EVENT: PROCESS_TERMINATED — PID 2788 (conhost.exe)
2026-09-11 00:41:34 [argus.main] INFO EVENT: PROCESS_TERMINATED — PID 13448 (powershell.exe)
2026-09-11 00:41:41 [argus.main] INFO EVENT: PROCESS_STARTED — PID 8216 (node.exe) parent=21772
2026-09-11 00:41:41 [argus.main] INFO EVENT: PROCESS_STARTED — PID 19912 (conhost.exe) parent=27488
2026-09-11 00:41:41 [argus.main] INFO EVENT: PROCESS_STARTED — PID 21772 (cmd.exe) parent=27488
2026-09-11 00:41:41 [argus.main] INFO EVENT: PROCESS_STARTED — PID 22736 (conhost.exe) parent=21772
2026-09-11 00:41:41 [argus.main] INFO EVENT: PROCESS_STARTED — PID 27488 (powershell.exe) parent=12660
2026-09-11 00:41:43 [argus.main] INFO EVENT: PROCESS_STARTED — PID 14780 (node.exe) parent=16172
2026-09-11 00:41:43 [argus.main] INFO EVENT: PROCESS_STARTED — PID 16172 (cmd.exe) parent=8216
2026-09-11 00:41:45 [argus.main] INFO EVENT: PROCESS_STARTED — PID 4676 (conhost.exe) parent=12052
2026-09-11 00:41:45 [argus.main] INFO EVENT: PROCESS_STARTED — PID 12052 (powershell.exe) parent=19040
2026-09-11 00:41:45 [argus.main] INFO EVENT: PROCESS_TERMINATED — PID 8216 (node.exe)
2026-09-11 00:41:45 [argus.main] INFO EVENT: PROCESS_TERMINATED — PID 21772 (cmd.exe)
2026-09-11 00:41:45 [argus.main] INFO EVENT: PROCESS_TERMINATED — PID 22736 (conhost.exe)
2026-09-11 00:41:45 [argus.main] INFO EVENT: PROCESS_TERMINATED — PID 14780 (node.exe)
2026-09-11 00:41:45 [argus.main] INFO EVENT: PROCESS_TERMINATED — PID 16172 (cmd.exe)
2026-09-11 00:41:47 [argus.main] INFO EVENT: PROCESS_TERMINATED — PID 4676 (conhost.exe)
2026-09-11 00:41:47 [argus.main] INFO EVENT: PROCESS_TERMINATED — PID 12052 (powershell.exe)
2026-09-11 00:41:49 [argus.main] INFO EVENT: PROCESS_STARTED — PID 4336 (conhost.exe) parent=28564
2026-09-11 00:41:49 [argus.main] INFO EVENT: PROCESS_STARTED — PID 28564 (powershell.exe) parent=11972
2026-09-11 00:41:49 [argus.main] INFO EVENT: PROCESS_TERMINATED — PID 19912 (conhost.exe)
2026-09-11 00:41:49 [argus.main] INFO EVENT: PROCESS_TERMINATED — PID 27488 (powershell.exe)
2026-09-11 00:41:51 [argus.main] INFO EVENT: PROCESS_STARTED — PID 4268 (conhost.exe) parent=27716
2026-09-11 00:41:51 [argus.main] INFO EVENT: PROCESS_STARTED — PID 25996 (node.exe) parent=27716
2026-09-11 00:41:51 [argus.main] INFO EVENT: PROCESS_STARTED — PID 27716 (powershell.exe) parent=12660
2026-09-11 00:41:51 [argus.main] INFO EVENT: PROCESS_TERMINATED — PID 4336 (conhost.exe)
2026-09-11 00:41:51 [argus.main] INFO EVENT: PROCESS_TERMINATED — PID 28564 (powershell.exe)
2026-09-11 00:41:53 [argus.main] INFO EVENT: PROCESS_TERMINATED — PID 4268 (conhost.exe)
2026-09-11 00:41:53 [argus.main] INFO EVENT: PROCESS_TERMINATED — PID 25996 (node.exe)
2026-09-11 00:41:53 [argus.main] INFO EVENT: PROCESS_TERMINATED — PID 27716 (powershell.exe)
2026-09-11 00:41:59 [argus.main] INFO EVENT: PROCESS_STARTED — PID 14732 (powershell.exe) parent=12660
2026-09-11 00:41:59 [argus.main] INFO EVENT: PROCESS_STARTED — PID 14868 (conhost.exe) parent=14732
2026-09-11 00:41:59 [argus.main] INFO EVENT: PROCESS_STARTED — PID 29604 (node.exe) parent=14732
2026-09-11 00:42:11 [argus.main] INFO EVENT: PROCESS_STARTED — PID 4332 (powershell.exe) parent=11972
2026-09-11 00:42:11 [argus.main] INFO EVENT: PROCESS_STARTED — PID 9048 (conhost.exe) parent=4332
2026-09-11 00:42:14 [argus.main] INFO EVENT: PROCESS_TERMINATED — PID 14732 (powershell.exe)
2026-09-11 00:42:14 [argus.main] INFO EVENT: PROCESS_TERMINATED — PID 14868 (conhost.exe)
2026-09-11 00:42:14 [argus.main] INFO EVENT: PROCESS_TERMINATED — PID 29604 (node.exe)
2026-09-11 00:42:14 [argus.main] INFO EVENT: PROCESS_TERMINATED — PID 4332 (powershell.exe)
2026-09-11 00:42:14 [argus.main] INFO EVENT: PROCESS_TERMINATED — PID 9048 (conhost.exe)
2026-09-11 00:42:16 [argus.main] INFO EVENT: PROCESS_STARTED — PID 17228 (powershell.exe) parent=19040
2026-09-11 00:42:16 [argus.main] INFO EVENT: PROCESS_STARTED — PID 21244 (conhost.exe) parent=17228
2026-09-11 00:42:18 [argus.main] INFO EVENT: PROCESS_TERMINATED — PID 17228 (powershell.exe)
2026-09-11 00:42:18 [argus.main] INFO EVENT: PROCESS_TERMINATED — PID 21244 (conhost.exe)
2026-09-11 00:42:22 [argus.main] INFO EVENT: PROCESS_STARTED — PID 9000 (node.exe) parent=12424
2026-09-11 00:42:22 [argus.main] INFO EVENT: PROCESS_STARTED — PID 12424 (powershell.exe) parent=12660
2026-09-11 00:42:22 [argus.main] INFO EVENT: PROCESS_STARTED — PID 15796 (conhost.exe) parent=12424
2026-09-11 00:42:24 [argus.main] INFO EVENT: PROCESS_STARTED — PID 22212 (headless_shell.exe) parent=9000
2026-09-11 00:42:28 [argus.main] INFO EVENT: PROCESS_STARTED — PID 27004 (headless_shell.exe) parent=22212
2026-09-11 00:42:30 [argus.main] INFO EVENT: PROCESS_STARTED — PID 22536 (headless_shell.exe) parent=22212
2026-09-11 00:42:32 [argus.main] INFO EVENT: PROCESS_TERMINATED — PID 15016 (svchost.exe)
2026-09-11 00:42:34 [argus.main] INFO EVENT: PROCESS_STARTED — PID 26960 (headless_shell.exe) parent=22212
2026-09-11 00:42:40 [argus.main] INFO EVENT: PROCESS_STARTED — PID 27140 (headless_shell.exe) parent=22212
2026-09-11 00:42:48 [argus.main] INFO EVENT: PROCESS_STARTED — PID 15664 (conhost.exe) parent=23516
2026-09-11 00:42:48 [argus.main] INFO EVENT: PROCESS_STARTED — PID 23516 (powershell.exe) parent=19040
2026-09-11 00:42:50 [argus.main] INFO EVENT: PROCESS_TERMINATED — PID 15664 (conhost.exe)
2026-09-11 00:42:50 [argus.main] INFO EVENT: PROCESS_TERMINATED — PID 23516 (powershell.exe)
2026-09-11 00:42:54 [argus.main] INFO EVENT: PROCESS_STARTED — PID 19012 (conhost.exe) parent=25112
2026-09-11 00:42:55 [argus.main] INFO EVENT: PROCESS_STARTED — PID 25112 (powershell.exe) parent=11972
2026-09-11 00:42:57 [argus.main] INFO EVENT: PROCESS_TERMINATED — PID 19012 (conhost.exe)
2026-09-11 00:42:57 [argus.main] INFO EVENT: PROCESS_TERMINATED — PID 25112 (powershell.exe)
2026-09-11 00:43:09 [argus.main] INFO EVENT: PROCESS_STARTED — PID 12052 (ROUTE.EXE) parent=11972
2026-09-11 00:43:09 [argus.main] INFO EVENT: PROCESS_TERMINATED — PID 22212 (headless_shell.exe)
2026-09-11 00:43:09 [argus.main] INFO EVENT: PROCESS_TERMINATED — PID 22536 (headless_shell.exe)
2026-09-11 00:43:09 [argus.main] INFO EVENT: PROCESS_TERMINATED — PID 26960 (headless_shell.exe)
2026-09-11 00:43:09 [argus.main] INFO EVENT: PROCESS_TERMINATED — PID 27140 (headless_shell.exe)
2026-09-11 00:43:11 [argus.main] INFO EVENT: PROCESS_TERMINATED — PID 9000 (node.exe)
2026-09-11 00:43:11 [argus.main] INFO EVENT: PROCESS_TERMINATED — PID 12424 (powershell.exe)
2026-09-11 00:43:11 [argus.main] INFO EVENT: PROCESS_TERMINATED — PID 15796 (conhost.exe)
2026-09-11 00:43:11 [argus.main] INFO EVENT: PROCESS_TERMINATED — PID 27004 (headless_shell.exe)
2026-09-11 00:43:11 [argus.main] INFO EVENT: PROCESS_TERMINATED — PID 12052 (ROUTE.EXE)
2026-09-11 00:43:13 [argus.main] INFO EVENT: PROCESS_STARTED — PID 17060 (powershell.exe) parent=11972
2026-09-11 00:43:13 [argus.main] INFO EVENT: PROCESS_STARTED — PID 29548 (conhost.exe) parent=17060
2026-09-11 00:43:13 [argus.main] INFO EVENT: PROCESS_TERMINATED — PID 25864 (WmiPrvSE.exe)
2026-09-11 00:43:15 [argus.main] INFO EVENT: PROCESS_STARTED — PID 13620 (WmiPrvSE.exe) parent=1596
2026-09-11 00:43:15 [argus.main] INFO EVENT: PROCESS_TERMINATED — PID 17060 (powershell.exe)
2026-09-11 00:43:15 [argus.main] INFO EVENT: PROCESS_TERMINATED — PID 29548 (conhost.exe)
2026-09-11 00:43:17 [argus.main] INFO EVENT: PROCESS_STARTED — PID 15856 (powershell.exe) parent=12660
2026-09-11 00:43:17 [argus.main] INFO EVENT: PROCESS_STARTED — PID 28272 (conhost.exe) parent=15856
2026-09-11 00:43:19 [argus.main] INFO EVENT: PROCESS_TERMINATED — PID 15856 (powershell.exe)
2026-09-11 00:43:19 [argus.main] INFO EVENT: PROCESS_TERMINATED — PID 28272 (conhost.exe)
2026-09-11 00:43:25 [argus.main] INFO EVENT: PROCESS_STARTED — PID 17080 (powershell.exe) parent=11972
2026-09-11 00:43:25 [argus.main] INFO EVENT: PROCESS_STARTED — PID 29660 (conhost.exe) parent=17080
2026-09-11 00:43:27 [argus.main] INFO EVENT: PROCESS_TERMINATED — PID 17080 (powershell.exe)
2026-09-11 00:43:27 [argus.main] INFO EVENT: PROCESS_TERMINATED — PID 29660 (conhost.exe)
2026-09-11 00:43:51 [argus.main] INFO EVENT: PROCESS_STARTED — PID 21660 (<unknown-pid-21660>) parent=none
2026-09-11 00:43:53 [argus.main] INFO EVENT: PROCESS_TERMINATED — PID 21660 (<unknown-pid-21660>)
2026-09-11 00:43:56 [argus.main] INFO EVENT: PROCESS_STARTED — PID 20284 (conhost.exe) parent=29116
2026-09-11 00:43:56 [argus.main] INFO EVENT: PROCESS_STARTED — PID 23476 (headless_shell.exe) parent=28964
2026-09-11 00:43:56 [argus.main] INFO EVENT: PROCESS_STARTED — PID 27696 (powershell.exe) parent=11972
2026-09-11 00:43:56 [argus.main] INFO EVENT: PROCESS_STARTED — PID 28964 (node.exe) parent=29116
2026-09-11 00:43:56 [argus.main] INFO EVENT: PROCESS_STARTED — PID 29076 (conhost.exe) parent=27696
2026-09-11 00:43:56 [argus.main] INFO EVENT: PROCESS_STARTED — PID 29116 (powershell.exe) parent=12660
2026-09-11 00:43:58 [argus.main] INFO EVENT: PROCESS_TERMINATED — PID 27696 (powershell.exe)
2026-09-11 00:43:58 [argus.main] INFO EVENT: PROCESS_TERMINATED — PID 29076 (conhost.exe)
2026-09-11 00:44:00 [argus.main] INFO EVENT: PROCESS_STARTED — PID 16848 (headless_shell.exe) parent=23476
2026-09-11 00:44:04 [argus.main] INFO EVENT: PROCESS_STARTED — PID 13256 (headless_shell.exe) parent=23476
2026-09-11 00:44:08 [argus.main] INFO EVENT: PROCESS_STARTED — PID 22420 (headless_shell.exe) parent=23476
2026-09-11 00:44:12 [argus.main] INFO EVENT: PROCESS_STARTED — PID 2760 (headless_shell.exe) parent=23476
2026-09-11 00:44:16 [argus.main] INFO EVENT: PROCESS_STARTED — PID 2068 (conhost.exe) parent=25376
2026-09-11 00:44:16 [argus.main] INFO EVENT: PROCESS_STARTED — PID 25376 (powershell.exe) parent=11972
2026-09-11 00:44:18 [argus.main] INFO EVENT: PROCESS_TERMINATED — PID 2068 (conhost.exe)
2026-09-11 00:44:18 [argus.main] INFO EVENT: PROCESS_TERMINATED — PID 25376 (powershell.exe)
2026-09-11 00:44:22 [argus.main] INFO EVENT: PROCESS_STARTED — PID 18296 (conhost.exe) parent=25244
2026-09-11 00:44:22 [argus.main] INFO EVENT: PROCESS_STARTED — PID 25244 (powershell.exe) parent=19040
2026-09-11 00:44:24 [argus.main] INFO EVENT: PROCESS_TERMINATED — PID 18296 (conhost.exe)
2026-09-11 00:44:24 [argus.main] INFO EVENT: PROCESS_TERMINATED — PID 25244 (powershell.exe)
2026-09-11 00:44:26 [argus.main] INFO EVENT: PROCESS_STARTED — PID 10228 (powershell.exe) parent=11972
2026-09-11 00:44:26 [argus.main] INFO EVENT: PROCESS_STARTED — PID 19288 (conhost.exe) parent=10228
2026-09-11 00:44:28 [argus.main] INFO EVENT: PROCESS_TERMINATED — PID 10228 (powershell.exe)
2026-09-11 00:44:28 [argus.main] INFO EVENT: PROCESS_TERMINATED — PID 19288 (conhost.exe)
2026-09-11 00:44:42 [argus.main] INFO EVENT: PROCESS_TERMINATED — PID 23476 (headless_shell.exe)
2026-09-11 00:44:42 [argus.main] INFO EVENT: PROCESS_TERMINATED — PID 13256 (headless_shell.exe)
2026-09-11 00:44:42 [argus.main] INFO EVENT: PROCESS_TERMINATED — PID 22420 (headless_shell.exe)
2026-09-11 00:44:42 [argus.main] INFO EVENT: PROCESS_TERMINATED — PID 2760 (headless_shell.exe)
2026-09-11 00:44:44 [argus.main] INFO EVENT: PROCESS_TERMINATED — PID 20284 (conhost.exe)
2026-09-11 00:44:44 [argus.main] INFO EVENT: PROCESS_TERMINATED — PID 28964 (node.exe)
2026-09-11 00:44:44 [argus.main] INFO EVENT: PROCESS_TERMINATED — PID 29116 (powershell.exe)
2026-09-11 00:44:45 [argus.main] INFO EVENT: PROCESS_TERMINATED — PID 16848 (headless_shell.exe)
2026-09-11 00:44:55 [argus.main] INFO EVENT: PROCESS_STARTED — PID 13280 (powershell.exe) parent=19040
2026-09-11 00:44:55 [argus.main] INFO EVENT: PROCESS_STARTED — PID 28004 (conhost.exe) parent=13280
2026-09-11 00:44:57 [argus.main] INFO EVENT: PROCESS_STARTED — PID 9576 (conhost.exe) parent=11420
2026-09-11 00:44:57 [argus.main] INFO EVENT: PROCESS_STARTED — PID 11420 (powershell.exe) parent=11972
2026-09-11 00:44:57 [argus.main] INFO EVENT: PROCESS_TERMINATED — PID 13280 (powershell.exe)
2026-09-11 00:44:57 [argus.main] INFO EVENT: PROCESS_TERMINATED — PID 28004 (conhost.exe)
2026-09-11 00:44:59 [argus.main] INFO EVENT: PROCESS_STARTED — PID 10244 (conhost.exe) parent=27332
2026-09-11 00:44:59 [argus.main] INFO EVENT: PROCESS_STARTED — PID 23396 (node.exe) parent=27332
2026-09-11 00:44:59 [argus.main] INFO EVENT: PROCESS_STARTED — PID 27332 (powershell.exe) parent=12660
2026-09-11 00:44:59 [argus.main] INFO EVENT: PROCESS_STARTED — PID 28180 (headless_shell.exe) parent=23396
2026-09-11 00:44:59 [argus.main] INFO EVENT: PROCESS_TERMINATED — PID 9576 (conhost.exe)
2026-09-11 00:44:59 [argus.main] INFO EVENT: PROCESS_TERMINATED — PID 11420 (powershell.exe)
2026-09-11 00:45:03 [argus.main] INFO EVENT: PROCESS_STARTED — PID 19272 (headless_shell.exe) parent=28180
2026-09-11 00:45:07 [argus.main] INFO EVENT: PROCESS_STARTED — PID 19304 (headless_shell.exe) parent=28180
2026-09-11 00:45:11 [argus.main] INFO EVENT: PROCESS_STARTED — PID 10180 (conhost.exe) parent=27324
2026-09-11 00:45:11 [argus.main] INFO EVENT: PROCESS_STARTED — PID 15892 (headless_shell.exe) parent=28180
2026-09-11 00:45:13 [argus.main] INFO EVENT: PROCESS_TERMINATED — PID 10180 (conhost.exe)
2026-09-11 00:45:15 [argus.main] INFO EVENT: PROCESS_STARTED — PID 17468 (headless_shell.exe) parent=28180
2026-09-11 00:45:19 [argus.main] INFO EVENT: PROCESS_STARTED — PID 28096 (powershell.exe) parent=11972
2026-09-11 00:45:19 [argus.main] INFO EVENT: PROCESS_STARTED — PID 28400 (conhost.exe) parent=28096
2026-09-11 00:45:19 [argus.main] INFO EVENT: PROCESS_TERMINATED — PID 19304 (headless_shell.exe)
2026-09-11 00:45:19 [argus.main] INFO EVENT: PROCESS_TERMINATED — PID 15892 (headless_shell.exe)
2026-09-11 00:45:19 [argus.main] INFO EVENT: PROCESS_TERMINATED — PID 17468 (headless_shell.exe)
2026-09-11 00:45:21 [argus.main] INFO EVENT: PROCESS_TERMINATED — PID 10244 (conhost.exe)
2026-09-11 00:45:21 [argus.main] INFO EVENT: PROCESS_TERMINATED — PID 23396 (node.exe)
2026-09-11 00:45:21 [argus.main] INFO EVENT: PROCESS_TERMINATED — PID 27332 (powershell.exe)
2026-09-11 00:45:21 [argus.main] INFO EVENT: PROCESS_TERMINATED — PID 28180 (headless_shell.exe)
2026-09-11 00:45:21 [argus.main] INFO EVENT: PROCESS_TERMINATED — PID 19272 (headless_shell.exe)
2026-09-11 00:45:21 [argus.main] INFO EVENT: PROCESS_TERMINATED — PID 28096 (powershell.exe)
2026-09-11 00:45:21 [argus.main] INFO EVENT: PROCESS_TERMINATED — PID 28400 (conhost.exe)
2026-09-11 00:45:25 [argus.main] INFO EVENT: PROCESS_STARTED — PID 20732 (conhost.exe) parent=29236
2026-09-11 00:45:25 [argus.main] INFO EVENT: PROCESS_STARTED — PID 29236 (powershell.exe) parent=19040
2026-09-11 00:45:27 [argus.main] INFO EVENT: PROCESS_TERMINATED — PID 20732 (conhost.exe)
2026-09-11 00:45:27 [argus.main] INFO EVENT: PROCESS_TERMINATED — PID 29236 (powershell.exe)
2026-09-11 00:45:46 [argus.main] INFO EVENT: PROCESS_STARTED — PID 22576 (ipconfig.exe) parent=19040
2026-09-11 00:45:46 [argus.main] INFO EVENT: PROCESS_STARTED — PID 24620 (MoUsoCoreWorker.exe) parent=2476
2026-09-11 00:45:48 [argus.main] INFO EVENT: PROCESS_TERMINATED — PID 22576 (ipconfig.exe)
2026-09-11 00:45:56 [argus.main] INFO EVENT: PROCESS_STARTED — PID 2988 (powershell.exe) parent=19040
2026-09-11 00:45:56 [argus.main] INFO EVENT: PROCESS_STARTED — PID 29192 (conhost.exe) parent=2988
2026-09-11 00:45:58 [argus.main] INFO EVENT: PROCESS_TERMINATED — PID 2988 (powershell.exe)
2026-09-11 00:45:58 [argus.main] INFO EVENT: PROCESS_TERMINATED — PID 29192 (conhost.exe)
2026-09-11 00:46:12 [argus.main] INFO EVENT: PROCESS_STARTED — PID 12292 (conhost.exe) parent=17656
2026-09-11 00:46:12 [argus.main] INFO EVENT: PROCESS_STARTED — PID 14532 (node.exe) parent=17656
2026-09-11 00:46:12 [argus.main] INFO EVENT: PROCESS_STARTED — PID 17656 (powershell.exe) parent=12660
2026-09-11 00:46:14 [argus.main] INFO EVENT: PROCESS_STARTED — PID 6660 (headless_shell.exe) parent=14532
2026-09-11 00:46:18 [argus.main] INFO EVENT: PROCESS_STARTED — PID 7916 (powershell.exe) parent=11972
2026-09-11 00:46:18 [argus.main] INFO EVENT: PROCESS_STARTED — PID 20240 (conhost.exe) parent=7916
2026-09-11 00:46:18 [argus.main] INFO EVENT: PROCESS_STARTED — PID 27824 (headless_shell.exe) parent=6660
2026-09-11 00:46:20 [argus.main] INFO EVENT: PROCESS_STARTED — PID 12004 (headless_shell.exe) parent=6660
2026-09-11 00:46:20 [argus.main] INFO EVENT: PROCESS_TERMINATED — PID 7916 (powershell.exe)
2026-09-11 00:46:20 [argus.main] INFO EVENT: PROCESS_TERMINATED — PID 20240 (conhost.exe)
2026-09-11 00:46:22 [argus.main] INFO EVENT: PROCESS_STARTED — PID 15792 (svchost.exe) parent=1360
2026-09-11 00:46:22 [argus.main] INFO EVENT: PROCESS_STARTED — PID 17496 (backgroundTaskHost.exe) parent=1596
2026-09-11 00:46:24 [argus.main] INFO EVENT: PROCESS_STARTED — PID 4456 (headless_shell.exe) parent=6660
2026-09-11 00:46:27 [argus.main] INFO EVENT: PROCESS_STARTED — PID 3052 (powershell.exe) parent=19040
2026-09-11 00:46:27 [argus.main] INFO EVENT: PROCESS_STARTED — PID 20272 (conhost.exe) parent=3052
2026-09-11 00:46:29 [argus.main] INFO EVENT: PROCESS_STARTED — PID 2732 (headless_shell.exe) parent=6660
2026-09-11 00:46:29 [argus.main] INFO EVENT: PROCESS_TERMINATED — PID 3052 (powershell.exe)
2026-09-11 00:46:29 [argus.main] INFO EVENT: PROCESS_TERMINATED — PID 20272 (conhost.exe)
2026-09-11 00:46:35 [argus.main] INFO EVENT: PROCESS_STARTED — PID 3524 (ROUTE.EXE) parent=3532
2026-09-11 00:46:35 [argus.main] INFO EVENT: PROCESS_STARTED — PID 9824 (conhost.exe) parent=28188
2026-09-11 00:46:35 [argus.main] INFO EVENT: PROCESS_STARTED — PID 28188 (powershell.exe) parent=11972
2026-09-11 00:46:35 [argus.main] INFO EVENT: PROCESS_TERMINATED — PID 12004 (headless_shell.exe)
2026-09-11 00:46:35 [argus.main] INFO EVENT: PROCESS_TERMINATED — PID 4456 (headless_shell.exe)
2026-09-11 00:46:35 [argus.main] INFO EVENT: PROCESS_TERMINATED — PID 2732 (headless_shell.exe)
2026-09-11 00:46:37 [argus.main] INFO EVENT: PROCESS_TERMINATED — PID 12292 (conhost.exe)
2026-09-11 00:46:37 [argus.main] INFO EVENT: PROCESS_TERMINATED — PID 14532 (node.exe)
2026-09-11 00:46:37 [argus.main] INFO EVENT: PROCESS_TERMINATED — PID 17656 (powershell.exe)
2026-09-11 00:46:37 [argus.main] INFO EVENT: PROCESS_TERMINATED — PID 6660 (headless_shell.exe)
2026-09-11 00:46:37 [argus.main] INFO EVENT: PROCESS_TERMINATED — PID 27824 (headless_shell.exe)
2026-09-11 00:46:37 [argus.main] INFO EVENT: PROCESS_TERMINATED — PID 3524 (ROUTE.EXE)
2026-09-11 00:46:37 [argus.main] INFO EVENT: PROCESS_TERMINATED — PID 9824 (conhost.exe)
2026-09-11 00:46:37 [argus.main] INFO EVENT: PROCESS_TERMINATED — PID 28188 (powershell.exe)
2026-09-11 00:46:41 [argus.main] INFO EVENT: PROCESS_STARTED — PID 1188 (powershell.exe) parent=12660
2026-09-11 00:46:41 [argus.main] INFO EVENT: PROCESS_STARTED — PID 23712 (conhost.exe) parent=1188
2026-09-11 00:46:41 [argus.main] INFO EVENT: PROCESS_STARTED — PID 29312 (node.exe) parent=1188
2026-09-11 00:46:41 [argus.main] INFO EVENT: PROCESS_STARTED — PID 29536 (headless_shell.exe) parent=29312
2026-09-11 00:46:45 [argus.main] INFO EVENT: PROCESS_STARTED — PID 2968 (headless_shell.exe) parent=29536
2026-09-11 00:46:45 [argus.main] INFO EVENT: PROCESS_TERMINATED — PID 24620 (MoUsoCoreWorker.exe)
2026-09-11 00:46:48 [argus.main] INFO EVENT: PROCESS_TERMINATED — PID 27852 (svchost.exe)
2026-09-11 00:46:50 [argus.main] INFO EVENT: PROCESS_STARTED — PID 2944 (headless_shell.exe) parent=29536
2026-09-11 00:46:54 [argus.main] INFO EVENT: PROCESS_STARTED — PID 12424 (headless_shell.exe) parent=29536
2026-09-11 00:46:58 [argus.main] INFO EVENT: PROCESS_STARTED — PID 9648 (headless_shell.exe) parent=29536
2026-09-11 00:47:00 [argus.main] INFO EVENT: PROCESS_STARTED — PID 448 (conhost.exe) parent=25940
2026-09-11 00:47:00 [argus.main] INFO EVENT: PROCESS_STARTED — PID 25940 (powershell.exe) parent=19040
2026-09-11 00:47:02 [argus.main] INFO EVENT: PROCESS_TERMINATED — PID 448 (conhost.exe)
2026-09-11 00:47:02 [argus.main] INFO EVENT: PROCESS_TERMINATED — PID 25940 (powershell.exe)
2026-09-11 00:47:06 [argus.main] INFO EVENT: PROCESS_STARTED — PID 8088 (powershell.exe) parent=11972
2026-09-11 00:47:06 [argus.main] INFO EVENT: PROCESS_STARTED — PID 26872 (conhost.exe) parent=8088
2026-09-11 00:47:08 [argus.main] INFO EVENT: PROCESS_TERMINATED — PID 8088 (powershell.exe)
2026-09-11 00:47:08 [argus.main] INFO EVENT: PROCESS_TERMINATED — PID 26872 (conhost.exe)
2026-09-11 00:47:10 [argus.main] INFO EVENT: PROCESS_TERMINATED — PID 29536 (headless_shell.exe)
2026-09-11 00:47:10 [argus.main] INFO EVENT: PROCESS_TERMINATED — PID 2944 (headless_shell.exe)
2026-09-11 00:47:10 [argus.main] INFO EVENT: PROCESS_TERMINATED — PID 12424 (headless_shell.exe)
2026-09-11 00:47:10 [argus.main] INFO EVENT: PROCESS_TERMINATED — PID 9648 (headless_shell.exe)
2026-09-11 00:47:12 [argus.main] INFO EVENT: PROCESS_TERMINATED — PID 1188 (powershell.exe)
2026-09-11 00:47:12 [argus.main] INFO EVENT: PROCESS_TERMINATED — PID 23712 (conhost.exe)
2026-09-11 00:47:12 [argus.main] INFO EVENT: PROCESS_TERMINATED — PID 29312 (node.exe)
2026-09-11 00:47:12 [argus.main] INFO EVENT: PROCESS_TERMINATED — PID 2968 (headless_shell.exe)
2026-09-11 00:47:16 [argus.main] INFO EVENT: PROCESS_STARTED — PID 11692 (powershell.exe) parent=12660
2026-09-11 00:47:16 [argus.main] INFO EVENT: PROCESS_STARTED — PID 13080 (conhost.exe) parent=11692
2026-09-11 00:47:16 [argus.main] INFO EVENT: PROCESS_STARTED — PID 25696 (node.exe) parent=11692
2026-09-11 00:47:16 [argus.main] INFO EVENT: PROCESS_STARTED — PID 27104 (headless_shell.exe) parent=25696
2026-09-11 00:47:21 [argus.main] INFO EVENT: PROCESS_STARTED — PID 21528 (conhost.exe) parent=29368
2026-09-11 00:47:21 [argus.main] INFO EVENT: PROCESS_STARTED — PID 25832 (headless_shell.exe) parent=27104
2026-09-11 00:47:21 [argus.main] INFO EVENT: PROCESS_STARTED — PID 29368 (powershell.exe) parent=11972
2026-09-11 00:47:23 [argus.main] INFO EVENT: PROCESS_TERMINATED — PID 17768 (svchost.exe)
2026-09-11 00:47:23 [argus.main] INFO EVENT: PROCESS_TERMINATED — PID 21528 (conhost.exe)
2026-09-11 00:47:23 [argus.main] INFO EVENT: PROCESS_TERMINATED — PID 29368 (powershell.exe)
2026-09-11 00:47:25 [argus.main] INFO EVENT: PROCESS_STARTED — PID 12940 (headless_shell.exe) parent=27104
2026-09-11 00:47:25 [argus.main] INFO EVENT: PROCESS_TERMINATED — PID 17496 (backgroundTaskHost.exe)
2026-09-11 00:47:29 [argus.main] INFO EVENT: PROCESS_STARTED — PID 6248 (headless_shell.exe) parent=27104
2026-09-11 00:47:31 [argus.main] INFO EVENT: PROCESS_STARTED — PID 4308 (powershell.exe) parent=19040
2026-09-11 00:47:31 [argus.main] INFO EVENT: PROCESS_STARTED — PID 9108 (conhost.exe) parent=4308
2026-09-11 00:47:33 [argus.main] INFO EVENT: PROCESS_STARTED — PID 17184 (headless_shell.exe) parent=27104
2026-09-11 00:47:33 [argus.main] INFO EVENT: PROCESS_TERMINATED — PID 4308 (powershell.exe)
2026-09-11 00:47:33 [argus.main] INFO EVENT: PROCESS_TERMINATED — PID 9108 (conhost.exe)
2026-09-11 00:47:39 [argus.main] INFO EVENT: PROCESS_STARTED — PID 15800 (powershell.exe) parent=11972
2026-09-11 00:47:39 [argus.main] INFO EVENT: PROCESS_STARTED — PID 28560 (conhost.exe) parent=15800
2026-09-11 00:47:41 [argus.main] INFO EVENT: PROCESS_TERMINATED — PID 15800 (powershell.exe)
2026-09-11 00:47:41 [argus.main] INFO EVENT: PROCESS_TERMINATED — PID 28560 (conhost.exe)
2026-09-11 00:48:01 [argus.main] INFO EVENT: PROCESS_STARTED — PID 4596 (backgroundTaskHost.exe) parent=1596
2026-09-11 00:48:03 [argus.main] INFO EVENT: PROCESS_STARTED — PID 11188 (svchost.exe) parent=1360
2026-09-11 00:48:04 [argus.main] INFO EVENT: PROCESS_STARTED — PID 23132 (powershell.exe) parent=19040
2026-09-11 00:48:06 [argus.main] INFO EVENT: PROCESS_TERMINATED — PID 23132 (powershell.exe)
2026-09-11 00:48:12 [argus.main] INFO EVENT: PROCESS_STARTED — PID 17692 (powershell.exe) parent=11972
2026-09-11 00:48:12 [argus.main] INFO EVENT: PROCESS_STARTED — PID 26732 (conhost.exe) parent=17692
2026-09-11 00:48:14 [argus.main] INFO EVENT: PROCESS_TERMINATED — PID 17692 (powershell.exe)
2026-09-11 00:48:14 [argus.main] INFO EVENT: PROCESS_TERMINATED — PID 26732 (conhost.exe)
2026-09-11 00:48:20 [argus.main] INFO EVENT: PROCESS_TERMINATED — PID 12940 (headless_shell.exe)
2026-09-11 00:48:20 [argus.main] INFO EVENT: PROCESS_TERMINATED — PID 17184 (headless_shell.exe)
2026-09-11 00:48:22 [argus.main] INFO EVENT: PROCESS_TERMINATED — PID 6248 (headless_shell.exe)
2026-09-11 00:48:24 [argus.main] INFO EVENT: PROCESS_STARTED — PID 29504 (conhost.exe) parent=29608
2026-09-11 00:48:24 [argus.main] INFO EVENT: PROCESS_STARTED — PID 29608 (powershell.exe) parent=11972
2026-09-11 00:48:24 [argus.main] INFO EVENT: PROCESS_TERMINATED — PID 11692 (powershell.exe)
2026-09-11 00:48:24 [argus.main] INFO EVENT: PROCESS_TERMINATED — PID 13080 (conhost.exe)
2026-09-11 00:48:24 [argus.main] INFO EVENT: PROCESS_TERMINATED — PID 25696 (node.exe)
2026-09-11 00:48:24 [argus.main] INFO EVENT: PROCESS_TERMINATED — PID 27104 (headless_shell.exe)
2026-09-11 00:48:24 [argus.main] INFO EVENT: PROCESS_TERMINATED — PID 25832 (headless_shell.exe)
2026-09-11 00:48:26 [argus.main] INFO EVENT: PROCESS_TERMINATED — PID 29504 (conhost.exe)
2026-09-11 00:48:26 [argus.main] INFO EVENT: PROCESS_TERMINATED — PID 29608 (powershell.exe)
2026-09-11 00:48:34 [argus.main] INFO EVENT: PROCESS_STARTED — PID 15908 (powershell.exe) parent=19040
2026-09-11 00:48:34 [argus.main] INFO EVENT: PROCESS_STARTED — PID 28128 (conhost.exe) parent=15908
2026-09-11 00:48:36 [argus.main] INFO EVENT: PROCESS_TERMINATED — PID 15908 (powershell.exe)
2026-09-11 00:48:36 [argus.main] INFO EVENT: PROCESS_TERMINATED — PID 28128 (conhost.exe)
2026-09-11 00:48:42 [argus.main] INFO EVENT: PROCESS_STARTED — PID 652 (powershell.exe) parent=11972
2026-09-11 00:48:42 [argus.main] INFO EVENT: PROCESS_STARTED — PID 28848 (conhost.exe) parent=652
2026-09-11 00:48:44 [argus.main] INFO EVENT: PROCESS_TERMINATED — PID 652 (powershell.exe)
2026-09-11 00:48:44 [argus.main] INFO EVENT: PROCESS_TERMINATED — PID 28848 (conhost.exe)
2026-09-11 00:49:00 [argus.main] INFO EVENT: PROCESS_STARTED — PID 8312 (ROUTE.EXE) parent=3532
2026-09-11 00:49:02 [argus.main] INFO EVENT: PROCESS_TERMINATED — PID 8312 (ROUTE.EXE)
2026-09-11 00:49:04 [argus.main] INFO EVENT: PROCESS_TERMINATED — PID 4596 (backgroundTaskHost.exe)
2026-09-11 00:49:07 [argus.main] INFO EVENT: PROCESS_STARTED — PID 11028 (powershell.exe) parent=19040
2026-09-11 00:49:07 [argus.main] INFO EVENT: PROCESS_STARTED — PID 29208 (conhost.exe) parent=11028
2026-09-11 00:49:09 [argus.main] INFO EVENT: PROCESS_TERMINATED — PID 11028 (powershell.exe)
2026-09-11 00:49:09 [argus.main] INFO EVENT: PROCESS_TERMINATED — PID 29208 (conhost.exe)
2026-09-11 00:49:13 [argus.main] INFO EVENT: PROCESS_STARTED — PID 2804 (powershell.exe) parent=11972
2026-09-11 00:49:13 [argus.main] INFO EVENT: PROCESS_STARTED — PID 15468 (conhost.exe) parent=2804
2026-09-11 00:49:15 [argus.main] INFO EVENT: PROCESS_TERMINATED — PID 2804 (powershell.exe)
2026-09-11 00:49:15 [argus.main] INFO EVENT: PROCESS_TERMINATED — PID 15468 (conhost.exe)
2026-09-11 00:49:23 [argus.main] INFO EVENT: PROCESS_TERMINATED — PID 15792 (svchost.exe)
2026-09-11 00:49:25 [argus.main] INFO EVENT: PROCESS_STARTED — PID 4020 (backgroundTaskHost.exe) parent=1596
2026-09-11 00:49:25 [argus.main] INFO EVENT: PROCESS_STARTED — PID 18876 (powershell.exe) parent=11972
2026-09-11 00:49:25 [argus.main] INFO EVENT: PROCESS_STARTED — PID 27508 (conhost.exe) parent=18876
2026-09-11 00:49:27 [argus.main] INFO EVENT: PROCESS_STARTED — PID 9768 (WmiPrvSE.exe) parent=1596
2026-09-11 00:49:27 [argus.main] INFO EVENT: PROCESS_STARTED — PID 25808 (RuntimeBroker.exe) parent=1596
2026-09-11 00:49:27 [argus.main] INFO EVENT: PROCESS_TERMINATED — PID 18876 (powershell.exe)
2026-09-11 00:49:27 [argus.main] INFO EVENT: PROCESS_TERMINATED — PID 27508 (conhost.exe)
2026-09-11 00:49:37 [argus.main] INFO EVENT: PROCESS_STARTED — PID 9280 (conhost.exe) parent=29228
2026-09-11 00:49:37 [argus.main] INFO EVENT: PROCESS_STARTED — PID 29228 (powershell.exe) parent=19040
2026-09-11 00:49:39 [argus.main] INFO EVENT: PROCESS_TERMINATED — PID 9280 (conhost.exe)
2026-09-11 00:49:39 [argus.main] INFO EVENT: PROCESS_TERMINATED — PID 29228 (powershell.exe)
2026-09-11 00:50:01 [argus.main] INFO EVENT: PROCESS_STARTED — PID 8088 (conhost.exe) parent=16144
2026-09-11 00:50:01 [argus.main] INFO EVENT: PROCESS_STARTED — PID 16144 (powershell.exe) parent=12660
2026-09-11 00:50:01 [argus.main] INFO EVENT: PROCESS_STARTED — PID 26436 (node.exe) parent=16144
2026-09-11 00:50:04 [argus.main] INFO EVENT: PROCESS_STARTED — PID 15996 (node.exe) parent=29608
2026-09-11 00:50:04 [argus.main] INFO EVENT: PROCESS_STARTED — PID 29608 (cmd.exe) parent=26436
2026-09-11 00:50:08 [argus.main] INFO EVENT: PROCESS_STARTED — PID 18528 (powershell.exe) parent=19040
2026-09-11 00:50:08 [argus.main] INFO EVENT: PROCESS_STARTED — PID 24436 (conhost.exe) parent=18528
2026-09-11 00:50:10 [argus.main] INFO EVENT: PROCESS_TERMINATED — PID 18528 (powershell.exe)
2026-09-11 00:50:10 [argus.main] INFO EVENT: PROCESS_TERMINATED — PID 24436 (conhost.exe)
2026-09-11 00:50:16 [argus.main] INFO EVENT: PROCESS_TERMINATED — PID 8088 (conhost.exe)
2026-09-11 00:50:16 [argus.main] INFO EVENT: PROCESS_TERMINATED — PID 16144 (powershell.exe)
2026-09-11 00:50:16 [argus.main] INFO EVENT: PROCESS_TERMINATED — PID 26436 (node.exe)
2026-09-11 00:50:16 [argus.main] INFO EVENT: PROCESS_TERMINATED — PID 15996 (node.exe)
2026-09-11 00:50:16 [argus.main] INFO EVENT: PROCESS_TERMINATED — PID 29608 (cmd.exe)
2026-09-11 00:50:18 [argus.main] INFO EVENT: PROCESS_STARTED — PID 4656 (conhost.exe) parent=23056
2026-09-11 00:50:18 [argus.main] INFO EVENT: PROCESS_STARTED — PID 23056 (powershell.exe) parent=11972
2026-09-11 00:50:20 [argus.main] INFO EVENT: PROCESS_TERMINATED — PID 4656 (conhost.exe)
2026-09-11 00:50:20 [argus.main] INFO EVENT: PROCESS_TERMINATED — PID 23056 (powershell.exe)
2026-09-11 00:50:26 [argus.main] INFO EVENT: PROCESS_STARTED — PID 14048 (conhost.exe) parent=19284
2026-09-11 00:50:26 [argus.main] INFO EVENT: PROCESS_STARTED — PID 19284 (powershell.exe) parent=11972
2026-09-11 00:50:28 [argus.main] INFO EVENT: PROCESS_STARTED — PID 22180 (conhost.exe) parent=27304
2026-09-11 00:50:28 [argus.main] INFO EVENT: PROCESS_STARTED — PID 27304 (powershell.exe) parent=12660
2026-09-11 00:50:28 [argus.main] INFO EVENT: PROCESS_TERMINATED — PID 4020 (backgroundTaskHost.exe)
2026-09-11 00:50:28 [argus.main] INFO EVENT: PROCESS_TERMINATED — PID 9768 (WmiPrvSE.exe)
2026-09-11 00:50:28 [argus.main] INFO EVENT: PROCESS_TERMINATED — PID 14048 (conhost.exe)
2026-09-11 00:50:28 [argus.main] INFO EVENT: PROCESS_TERMINATED — PID 19284 (powershell.exe)
2026-09-11 00:50:30 [argus.main] INFO EVENT: PROCESS_STARTED — PID 9108 (headless_shell.exe) parent=16300
2026-09-11 00:50:30 [argus.main] INFO EVENT: PROCESS_STARTED — PID 16300 (node.exe) parent=27304
2026-09-11 00:50:34 [argus.main] INFO EVENT: PROCESS_STARTED — PID 8904 (headless_shell.exe) parent=9108
2026-09-11 00:50:37 [argus.main] INFO EVENT: PROCESS_STARTED — PID 6008 (ipconfig.exe) parent=3532
2026-09-11 00:50:37 [argus.main] INFO EVENT: PROCESS_STARTED — PID 28008 (conhost.exe) parent=6008
2026-09-11 00:50:39 [argus.main] INFO EVENT: PROCESS_STARTED — PID 8056 (powershell.exe) parent=19040
2026-09-11 00:50:39 [argus.main] INFO EVENT: PROCESS_STARTED — PID 14052 (conhost.exe) parent=8056
2026-09-11 00:50:39 [argus.main] INFO EVENT: PROCESS_STARTED — PID 27904 (headless_shell.exe) parent=9108
2026-09-11 00:50:39 [argus.main] INFO EVENT: PROCESS_TERMINATED — PID 6008 (ipconfig.exe)
2026-09-11 00:50:39 [argus.main] INFO EVENT: PROCESS_TERMINATED — PID 28008 (conhost.exe)
2026-09-11 00:50:41 [argus.main] INFO EVENT: PROCESS_STARTED — PID 8952 (headless_shell.exe) parent=9108
2026-09-11 00:50:41 [argus.main] INFO EVENT: PROCESS_TERMINATED — PID 8056 (powershell.exe)
2026-09-11 00:50:41 [argus.main] INFO EVENT: PROCESS_TERMINATED — PID 14052 (conhost.exe)
2026-09-11 00:50:47 [argus.main] INFO EVENT: PROCESS_STARTED — PID 14420 (headless_shell.exe) parent=9108
2026-09-11 00:50:51 [argus.main] INFO EVENT: PROCESS_STARTED — PID 5652 (powershell.exe) parent=11972
2026-09-11 00:50:51 [argus.main] INFO EVENT: PROCESS_STARTED — PID 25612 (conhost.exe) parent=5652
2026-09-11 00:50:53 [argus.main] INFO EVENT: PROCESS_STARTED — PID 5372 (conhost.exe) parent=24164
2026-09-11 00:50:53 [argus.main] INFO EVENT: PROCESS_STARTED — PID 24164 (<unknown-pid-24164>) parent=none
2026-09-11 00:50:53 [argus.main] INFO EVENT: PROCESS_TERMINATED — PID 5652 (powershell.exe)
2026-09-11 00:50:53 [argus.main] INFO EVENT: PROCESS_TERMINATED — PID 25612 (conhost.exe)
2026-09-11 00:50:55 [argus.main] INFO EVENT: PROCESS_TERMINATED — PID 5372 (conhost.exe)
2026-09-11 00:50:55 [argus.main] INFO EVENT: PROCESS_TERMINATED — PID 24164 (<unknown-pid-24164>)
2026-09-11 00:50:59 [argus.main] INFO EVENT: PROCESS_TERMINATED — PID 25808 (RuntimeBroker.exe)
2026-09-11 00:51:01 [argus.main] INFO EVENT: PROCESS_STARTED — PID 12068 (taskhostw.exe) parent=2996
2026-09-11 00:51:01 [argus.main] INFO EVENT: PROCESS_STARTED — PID 12732 (SoftLandingTask.exe) parent=1596
2026-09-11 00:51:03 [argus.main] INFO EVENT: PROCESS_TERMINATED — PID 12068 (taskhostw.exe)
2026-09-11 00:51:03 [argus.main] INFO EVENT: PROCESS_TERMINATED — PID 12732 (SoftLandingTask.exe)
2026-09-11 00:51:05 [argus.main] INFO EVENT: PROCESS_TERMINATED — PID 23176 (msedge.exe)
2026-09-11 00:51:11 [argus.main] INFO EVENT: PROCESS_STARTED — PID 13736 (conhost.exe) parent=19072
2026-09-11 00:51:12 [argus.main] INFO EVENT: PROCESS_STARTED — PID 19072 (powershell.exe) parent=19040
2026-09-11 00:51:14 [argus.main] INFO EVENT: PROCESS_TERMINATED — PID 13736 (conhost.exe)
2026-09-11 00:51:14 [argus.main] INFO EVENT: PROCESS_TERMINATED — PID 19072 (powershell.exe)
2026-09-11 00:51:22 [argus.main] INFO EVENT: PROCESS_STARTED — PID 8984 (conhost.exe) parent=14464
2026-09-11 00:51:22 [argus.main] INFO EVENT: PROCESS_STARTED — PID 14464 (powershell.exe) parent=11972
2026-09-11 00:51:24 [argus.main] INFO EVENT: PROCESS_TERMINATED — PID 8984 (conhost.exe)
2026-09-11 00:51:24 [argus.main] INFO EVENT: PROCESS_TERMINATED — PID 14464 (powershell.exe)
2026-09-11 00:51:28 [argus.main] INFO EVENT: PROCESS_STARTED — PID 8552 (conhost.exe) parent=27524
2026-09-11 00:51:28 [argus.main] INFO EVENT: PROCESS_STARTED — PID 27524 (powershell.exe) parent=11972
2026-09-11 00:51:30 [argus.main] INFO EVENT: PROCESS_STARTED — PID 29656 (WmiPrvSE.exe) parent=1596
2026-09-11 00:51:30 [argus.main] INFO EVENT: PROCESS_TERMINATED — PID 13620 (WmiPrvSE.exe)
2026-09-11 00:51:30 [argus.main] INFO EVENT: PROCESS_TERMINATED — PID 8552 (conhost.exe)
2026-09-11 00:51:30 [argus.main] INFO EVENT: PROCESS_TERMINATED — PID 27524 (powershell.exe)
2026-09-11 00:51:34 [argus.main] INFO EVENT: PROCESS_STARTED — PID 4384 (msedge.exe) parent=22720
2026-09-11 00:51:34 [argus.main] INFO EVENT: PROCESS_TERMINATED — PID 28024 (msedge.exe)
2026-09-11 00:51:34 [argus.main] INFO EVENT: PROCESS_TERMINATED — PID 27904 (headless_shell.exe)
2026-09-11 00:51:34 [argus.main] INFO EVENT: PROCESS_TERMINATED — PID 8952 (headless_shell.exe)
2026-09-11 00:51:34 [argus.main] INFO EVENT: PROCESS_TERMINATED — PID 14420 (headless_shell.exe)
2026-09-11 00:51:36 [argus.main] INFO EVENT: PROCESS_STARTED — PID 1472 (svchost.exe) parent=1360
2026-09-11 00:51:36 [argus.main] INFO EVENT: PROCESS_TERMINATED — PID 22180 (conhost.exe)
2026-09-11 00:51:36 [argus.main] INFO EVENT: PROCESS_TERMINATED — PID 27304 (powershell.exe)
2026-09-11 00:51:36 [argus.main] INFO EVENT: PROCESS_TERMINATED — PID 9108 (headless_shell.exe)
2026-09-11 00:51:36 [argus.main] INFO EVENT: PROCESS_TERMINATED — PID 16300 (node.exe)
2026-09-11 00:51:36 [argus.main] INFO EVENT: PROCESS_TERMINATED — PID 8904 (headless_shell.exe)
2026-09-11 00:51:40 [argus.main] INFO EVENT: PROCESS_STARTED — PID 19780 (powershell.exe) parent=12660
2026-09-11 00:51:40 [argus.main] INFO EVENT: PROCESS_STARTED — PID 24000 (node.exe) parent=19780
2026-09-11 00:51:40 [argus.main] INFO EVENT: PROCESS_STARTED — PID 25788 (conhost.exe) parent=19780
2026-09-11 00:51:42 [argus.main] INFO EVENT: PROCESS_STARTED — PID 7728 (cmd.exe) parent=24000
2026-09-11 00:51:42 [argus.main] INFO EVENT: PROCESS_STARTED — PID 8084 (<unknown-pid-8084>) parent=12700
2026-09-11 00:51:42 [argus.main] INFO EVENT: PROCESS_STARTED — PID 10984 (node.exe) parent=7728
2026-09-11 00:51:42 [argus.main] INFO EVENT: PROCESS_STARTED — PID 24924 (node.exe) parent=10984
2026-09-11 00:51:45 [argus.main] INFO EVENT: PROCESS_STARTED — PID 24760 (esbuild.exe) parent=10984
2026-09-11 00:51:45 [argus.main] INFO EVENT: PROCESS_TERMINATED — PID 8084 (<unknown-pid-8084>)
2026-09-11 00:51:45 [argus.main] INFO EVENT: PROCESS_TERMINATED — PID 24924 (node.exe)
2026-09-11 00:51:55 [argus.main] INFO EVENT: PROCESS_TERMINATED — PID 4384 (msedge.exe)
2026-09-11 00:51:59 [argus.main] INFO EVENT: PROCESS_TERMINATED — PID 19780 (powershell.exe)
2026-09-11 00:51:59 [argus.main] INFO EVENT: PROCESS_TERMINATED — PID 24000 (node.exe)
2026-09-11 00:51:59 [argus.main] INFO EVENT: PROCESS_TERMINATED — PID 25788 (conhost.exe)
2026-09-11 00:51:59 [argus.main] INFO EVENT: PROCESS_TERMINATED — PID 7728 (cmd.exe)
2026-09-11 00:51:59 [argus.main] INFO EVENT: PROCESS_TERMINATED — PID 10984 (node.exe)
2026-09-11 00:51:59 [argus.main] INFO EVENT: PROCESS_TERMINATED — PID 24760 (esbuild.exe)
2026-09-11 00:52:01 [argus.main] INFO EVENT: PROCESS_STARTED — PID 4712 (msedge.exe) parent=22720
2026-09-11 00:52:01 [argus.main] INFO EVENT: PROCESS_STARTED — PID 16288 (msedge.exe) parent=22720
2026-09-11 00:52:15 [argus.main] INFO EVENT: PROCESS_STARTED — PID 8212 (powershell.exe) parent=19040
2026-09-11 00:52:15 [argus.main] INFO EVENT: PROCESS_STARTED — PID 24048 (conhost.exe) parent=8212
2026-09-11 00:52:15 [argus.main] INFO EVENT: PROCESS_TERMINATED — PID 12660 (opencode.exe)
2026-09-11 00:52:17 [argus.main] INFO EVENT: PROCESS_TERMINATED — PID 8212 (powershell.exe)
2026-09-11 00:52:17 [argus.main] INFO EVENT: PROCESS_TERMINATED — PID 24048 (conhost.exe)
2026-09-11 00:52:19 [argus.main] INFO EVENT: PROCESS_STARTED — PID 28316 (smartscreen.exe) parent=1596
2026-09-11 00:52:19 [argus.main] INFO EVENT: PROCESS_STARTED — PID 29228 (activate.exe) parent=6136
2026-09-11 00:52:21 [argus.main] INFO EVENT: PROCESS_STARTED — PID 2500 (svchost.exe) parent=1360
2026-09-11 00:52:24 [argus.main] INFO EVENT: PROCESS_STARTED — PID 27848 (svchost.exe) parent=1360
2026-09-11 00:52:24 [argus.main] INFO EVENT: PROCESS_TERMINATED — PID 29228 (activate.exe)
2026-09-11 00:52:26 [argus.main] INFO EVENT: PROCESS_STARTED — PID 14428 (powershell.exe) parent=11972
2026-09-11 00:52:26 [argus.main] INFO EVENT: PROCESS_STARTED — PID 28012 (<unknown-pid-28012>) parent=none
2026-09-11 00:52:28 [argus.main] INFO EVENT: PROCESS_TERMINATED — PID 14428 (powershell.exe)
2026-09-11 00:52:28 [argus.main] INFO EVENT: PROCESS_TERMINATED — PID 28012 (<unknown-pid-28012>)
2026-09-11 00:52:30 [argus.main] INFO EVENT: PROCESS_STARTED — PID 8100 (conhost.exe) parent=14180
2026-09-11 00:52:30 [argus.main] INFO EVENT: PROCESS_STARTED — PID 14180 (powershell.exe) parent=11972
2026-09-11 00:52:32 [argus.main] INFO EVENT: PROCESS_TERMINATED — PID 8100 (conhost.exe)
2026-09-11 00:52:32 [argus.main] INFO EVENT: PROCESS_TERMINATED — PID 14180 (powershell.exe)
2026-09-11 00:52:46 [argus.main] INFO EVENT: PROCESS_STARTED — PID 14868 (powershell.exe) parent=19040
2026-09-11 00:52:46 [argus.main] INFO EVENT: PROCESS_STARTED — PID 22736 (conhost.exe) parent=14868
2026-09-11 00:52:48 [argus.main] INFO EVENT: PROCESS_TERMINATED — PID 14868 (powershell.exe)
2026-09-11 00:52:48 [argus.main] INFO EVENT: PROCESS_TERMINATED — PID 22736 (conhost.exe)
2026-09-11 00:52:54 [argus.main] INFO EVENT: PROCESS_STARTED — PID 6364 (ipconfig.exe) parent=11972
2026-09-11 00:52:54 [argus.main] INFO EVENT: PROCESS_STARTED — PID 8980 (<unknown-pid-8980>) parent=6364
2026-09-11 00:52:56 [argus.main] INFO EVENT: PROCESS_TERMINATED — PID 6364 (ipconfig.exe)
2026-09-11 00:52:56 [argus.main] INFO EVENT: PROCESS_TERMINATED — PID 8980 (<unknown-pid-8980>)
2026-09-11 00:53:12 [argus.main] INFO EVENT: PROCESS_STARTED — PID 20876 (msedgewebview2.exe) parent=1280
2026-09-11 00:53:30 [argus.main] INFO EVENT: PROCESS_STARTED — PID 14088 (powershell.exe) parent=11972
2026-09-11 00:53:30 [argus.main] INFO EVENT: PROCESS_STARTED — PID 26904 (conhost.exe) parent=14088
2026-09-11 00:53:33 [argus.main] INFO EVENT: PROCESS_TERMINATED — PID 14088 (powershell.exe)
2026-09-11 00:53:33 [argus.main] INFO EVENT: PROCESS_TERMINATED — PID 26904 (conhost.exe)
2026-09-11 00:53:43 [argus.main] INFO EVENT: PROCESS_TERMINATED — PID 20876 (msedgewebview2.exe)
2026-09-11 00:53:49 [argus.main] INFO EVENT: PROCESS_STARTED — PID 19268 (conhost.exe) parent=19780
2026-09-11 00:53:49 [argus.main] INFO EVENT: PROCESS_STARTED — PID 19780 (powershell.exe) parent=19040
2026-09-11 00:53:51 [argus.main] INFO EVENT: PROCESS_TERMINATED — PID 19268 (conhost.exe)
2026-09-11 00:53:51 [argus.main] INFO EVENT: PROCESS_TERMINATED — PID 19780 (powershell.exe)
2026-09-11 00:53:55 [argus.main] INFO EVENT: PROCESS_STARTED — PID 4336 (msedgewebview2.exe) parent=1280
2026-09-11 00:53:59 [argus.main] INFO EVENT: PROCESS_STARTED — PID 14812 (conhost.exe) parent=18872
2026-09-11 00:53:59 [argus.main] INFO EVENT: PROCESS_STARTED — PID 18872 (powershell.exe) parent=11972
2026-09-11 00:54:01 [argus.main] INFO EVENT: PROCESS_TERMINATED — PID 14812 (conhost.exe)
2026-09-11 00:54:01 [argus.main] INFO EVENT: PROCESS_TERMINATED — PID 18872 (powershell.exe)
2026-09-11 00:54:19 [argus.main] INFO EVENT: PROCESS_STARTED — PID 3108 (updater.exe) parent=2996
2026-09-11 00:54:19 [argus.main] INFO EVENT: PROCESS_STARTED — PID 8508 (updater.exe) parent=3108
2026-09-11 00:54:19 [argus.main] INFO EVENT: PROCESS_STARTED — PID 14428 (updater.exe) parent=1360
2026-09-11 00:54:19 [argus.main] INFO EVENT: PROCESS_STARTED — PID 16912 (powershell.exe) parent=19040
2026-09-11 00:54:20 [argus.main] INFO EVENT: PROCESS_STARTED — PID 18344 (updater.exe) parent=14428
2026-09-11 00:54:20 [argus.main] INFO EVENT: PROCESS_STARTED — PID 19140 (updater.exe) parent=1360
2026-09-11 00:54:20 [argus.main] INFO EVENT: PROCESS_STARTED — PID 24132 (conhost.exe) parent=16912
2026-09-11 00:54:20 [argus.main] INFO EVENT: PROCESS_STARTED — PID 27852 (updater.exe) parent=19140
2026-09-11 00:54:22 [argus.main] INFO EVENT: PROCESS_STARTED — PID 916 (ipconfig.exe) parent=11972
2026-09-11 00:54:22 [argus.main] INFO EVENT: PROCESS_STARTED — PID 13568 (ROUTE.EXE) parent=3532
2026-09-11 00:54:22 [argus.main] INFO EVENT: PROCESS_TERMINATED — PID 16912 (powershell.exe)
2026-09-11 00:54:22 [argus.main] INFO EVENT: PROCESS_TERMINATED — PID 24132 (conhost.exe)
2026-09-11 00:54:24 [argus.main] INFO EVENT: PROCESS_TERMINATED — PID 27848 (svchost.exe)
2026-09-11 00:54:24 [argus.main] INFO EVENT: PROCESS_TERMINATED — PID 4336 (msedgewebview2.exe)
2026-09-11 00:54:24 [argus.main] INFO EVENT: PROCESS_TERMINATED — PID 3108 (updater.exe)
2026-09-11 00:54:24 [argus.main] INFO EVENT: PROCESS_TERMINATED — PID 8508 (updater.exe)
2026-09-11 00:54:24 [argus.main] INFO EVENT: PROCESS_TERMINATED — PID 916 (ipconfig.exe)
2026-09-11 00:54:24 [argus.main] INFO EVENT: PROCESS_TERMINATED — PID 13568 (ROUTE.EXE)
2026-09-11 00:54:30 [argus.main] INFO EVENT: PROCESS_STARTED — PID 20736 (conhost.exe) parent=25304
2026-09-11 00:54:30 [argus.main] INFO EVENT: PROCESS_STARTED — PID 25304 (powershell.exe) parent=11972
2026-09-11 00:54:32 [argus.main] INFO EVENT: PROCESS_TERMINATED — PID 20736 (conhost.exe)
2026-09-11 00:54:32 [argus.main] INFO EVENT: PROCESS_TERMINATED — PID 25304 (powershell.exe)
2026-09-11 00:54:34 [argus.main] INFO EVENT: PROCESS_STARTED — PID 5012 (conhost.exe) parent=11172
2026-09-11 00:54:34 [argus.main] INFO EVENT: PROCESS_STARTED — PID 11172 (powershell.exe) parent=11972
2026-09-11 00:54:34 [argus.main] INFO EVENT: PROCESS_TERMINATED — PID 14428 (updater.exe)
2026-09-11 00:54:34 [argus.main] INFO EVENT: PROCESS_TERMINATED — PID 18344 (updater.exe)
2026-09-11 00:54:34 [argus.main] INFO EVENT: PROCESS_TERMINATED — PID 19140 (updater.exe)
2026-09-11 00:54:34 [argus.main] INFO EVENT: PROCESS_TERMINATED — PID 27852 (updater.exe)
2026-09-11 00:54:36 [argus.main] INFO EVENT: PROCESS_TERMINATED — PID 1472 (svchost.exe)
2026-09-11 00:54:36 [argus.main] INFO EVENT: PROCESS_TERMINATED — PID 5012 (conhost.exe)
2026-09-11 00:54:36 [argus.main] INFO EVENT: PROCESS_TERMINATED — PID 11172 (powershell.exe)
2026-09-11 00:54:50 [argus.main] INFO EVENT: PROCESS_STARTED — PID 6064 (conhost.exe) parent=28540
2026-09-11 00:54:50 [argus.main] INFO EVENT: PROCESS_STARTED — PID 28540 (powershell.exe) parent=19040
2026-09-11 00:54:52 [argus.main] INFO EVENT: PROCESS_TERMINATED — PID 6064 (conhost.exe)
2026-09-11 00:54:52 [argus.main] INFO EVENT: PROCESS_TERMINATED — PID 28540 (powershell.exe)
2026-09-11 00:55:21 [argus.main] INFO EVENT: PROCESS_STARTED — PID 18664 (conhost.exe) parent=26460
2026-09-11 00:55:21 [argus.main] INFO EVENT: PROCESS_STARTED — PID 26460 (powershell.exe) parent=19040
2026-09-11 00:55:23 [argus.main] INFO EVENT: PROCESS_TERMINATED — PID 18664 (conhost.exe)
2026-09-11 00:55:23 [argus.main] INFO EVENT: PROCESS_TERMINATED — PID 26460 (powershell.exe)
2026-09-11 00:55:37 [argus.main] INFO EVENT: PROCESS_STARTED — PID 5368 (conhost.exe) parent=18700
2026-09-11 00:55:37 [argus.main] INFO EVENT: PROCESS_STARTED — PID 18700 (powershell.exe) parent=11972
2026-09-11 00:55:39 [argus.main] INFO EVENT: PROCESS_TERMINATED — PID 5368 (conhost.exe)
2026-09-11 00:55:39 [argus.main] INFO EVENT: PROCESS_TERMINATED — PID 18700 (powershell.exe)
2026-09-11 00:55:51 [argus.main] INFO EVENT: PROCESS_STARTED — PID 2680 (conhost.exe) parent=24264
2026-09-11 00:55:51 [argus.main] INFO EVENT: PROCESS_STARTED — PID 24264 (powershell.exe) parent=19040
2026-09-11 00:55:53 [argus.main] INFO EVENT: PROCESS_TERMINATED — PID 2680 (conhost.exe)
2026-09-11 00:55:53 [argus.main] INFO EVENT: PROCESS_TERMINATED — PID 24264 (powershell.exe)
2026-09-11 00:56:01 [argus.main] INFO EVENT: PROCESS_STARTED — PID 6248 (conhost.exe) parent=9664
2026-09-11 00:56:01 [argus.main] INFO EVENT: PROCESS_STARTED — PID 9664 (powershell.exe) parent=11972
2026-09-11 00:56:03 [argus.main] INFO EVENT: PROCESS_TERMINATED — PID 6248 (conhost.exe)
2026-09-11 00:56:03 [argus.main] INFO EVENT: PROCESS_TERMINATED — PID 9664 (powershell.exe)
2026-09-11 00:56:21 [argus.main] INFO EVENT: PROCESS_STARTED — PID 5332 (conhost.exe) parent=26320
2026-09-11 00:56:21 [argus.main] INFO EVENT: PROCESS_STARTED — PID 26320 (powershell.exe) parent=19040
2026-09-11 00:56:23 [argus.main] INFO EVENT: PROCESS_TERMINATED — PID 5332 (conhost.exe)
2026-09-11 00:56:23 [argus.main] INFO EVENT: PROCESS_TERMINATED — PID 26320 (powershell.exe)
2026-09-11 00:56:31 [argus.main] INFO EVENT: PROCESS_STARTED — PID 11172 (conhost.exe) parent=29332
2026-09-11 00:56:32 [argus.main] INFO EVENT: PROCESS_STARTED — PID 29332 (powershell.exe) parent=11972
2026-09-11 00:56:34 [argus.main] INFO EVENT: PROCESS_TERMINATED — PID 11172 (conhost.exe)
2026-09-11 00:56:34 [argus.main] INFO EVENT: PROCESS_TERMINATED — PID 29332 (powershell.exe)
2026-09-11 00:56:36 [argus.main] INFO EVENT: PROCESS_STARTED — PID 13080 (ROUTE.EXE) parent=11972
2026-09-11 00:56:38 [argus.main] INFO EVENT: PROCESS_TERMINATED — PID 13080 (ROUTE.EXE)
2026-09-11 00:56:40 [argus.main] INFO EVENT: PROCESS_STARTED — PID 17620 (conhost.exe) parent=28392
2026-09-11 00:56:40 [argus.main] INFO EVENT: PROCESS_STARTED — PID 28392 (powershell.exe) parent=11972
2026-09-11 00:56:42 [argus.main] INFO EVENT: PROCESS_STARTED — PID 6064 (ipconfig.exe) parent=19040
2026-09-11 00:56:42 [argus.main] INFO EVENT: PROCESS_TERMINATED — PID 17620 (conhost.exe)
2026-09-11 00:56:42 [argus.main] INFO EVENT: PROCESS_TERMINATED — PID 28392 (powershell.exe)
2026-09-11 00:56:44 [argus.main] INFO EVENT: PROCESS_TERMINATED — PID 6064 (ipconfig.exe)
2026-09-11 00:56:52 [argus.main] INFO EVENT: PROCESS_STARTED — PID 2616 (powershell.exe) parent=19040
2026-09-11 00:56:52 [argus.main] INFO EVENT: PROCESS_STARTED — PID 14748 (conhost.exe) parent=2616
2026-09-11 00:56:54 [argus.main] INFO EVENT: PROCESS_TERMINATED — PID 2616 (powershell.exe)
2026-09-11 00:56:54 [argus.main] INFO EVENT: PROCESS_TERMINATED — PID 14748 (conhost.exe)
2026-09-11 00:57:04 [argus.main] INFO EVENT: PROCESS_STARTED — PID 14972 (conhost.exe) parent=29580
2026-09-11 00:57:04 [argus.main] INFO EVENT: PROCESS_STARTED — PID 29580 (powershell.exe) parent=11972
2026-09-11 00:57:06 [argus.main] INFO EVENT: PROCESS_TERMINATED — PID 14972 (conhost.exe)
2026-09-11 00:57:06 [argus.main] INFO EVENT: PROCESS_TERMINATED — PID 29580 (powershell.exe)
2026-09-11 00:57:20 [argus.main] INFO EVENT: PROCESS_TERMINATED — PID 28316 (smartscreen.exe)
2026-09-11 00:57:22 [argus.main] INFO EVENT: PROCESS_STARTED — PID 4916 (conhost.exe) parent=26120
2026-09-11 00:57:22 [argus.main] INFO EVENT: PROCESS_STARTED — PID 16452 (smartscreen.exe) parent=1596
2026-09-11 00:57:22 [argus.main] INFO EVENT: PROCESS_STARTED — PID 26120 (powershell.exe) parent=19040
2026-09-11 00:57:24 [argus.main] INFO EVENT: PROCESS_STARTED — PID 9484 (conhost.exe) parent=27644
2026-09-11 00:57:24 [argus.main] INFO EVENT: PROCESS_STARTED — PID 27644 (<unknown-pid-27644>) parent=none
2026-09-11 00:57:24 [argus.main] INFO EVENT: PROCESS_TERMINATED — PID 4916 (conhost.exe)
2026-09-11 00:57:24 [argus.main] INFO EVENT: PROCESS_TERMINATED — PID 26120 (powershell.exe)
2026-09-11 00:57:26 [argus.main] INFO EVENT: PROCESS_TERMINATED — PID 9484 (conhost.exe)
2026-09-11 00:57:26 [argus.main] INFO EVENT: PROCESS_TERMINATED — PID 27644 (<unknown-pid-27644>)
2026-09-11 00:57:35 [argus.main] INFO EVENT: PROCESS_STARTED — PID 24164 (conhost.exe) parent=29024
2026-09-11 00:57:35 [argus.main] INFO EVENT: PROCESS_STARTED — PID 29024 (powershell.exe) parent=11972
2026-09-11 00:57:37 [argus.main] INFO EVENT: PROCESS_TERMINATED — PID 24164 (conhost.exe)
2026-09-11 00:57:37 [argus.main] INFO EVENT: PROCESS_TERMINATED — PID 29024 (powershell.exe)
2026-09-11 00:57:43 [argus.main] INFO EVENT: PROCESS_STARTED — PID 14572 (powershell.exe) parent=11972
2026-09-11 00:57:43 [argus.main] INFO EVENT: PROCESS_STARTED — PID 24188 (conhost.exe) parent=14572
2026-09-11 00:57:45 [argus.main] INFO EVENT: PROCESS_TERMINATED — PID 14572 (powershell.exe)
2026-09-11 00:57:45 [argus.main] INFO EVENT: PROCESS_TERMINATED — PID 24188 (conhost.exe)
2026-09-11 00:57:53 [argus.main] INFO EVENT: PROCESS_STARTED — PID 13736 (powershell.exe) parent=19040
2026-09-11 00:57:53 [argus.main] INFO EVENT: PROCESS_STARTED — PID 20700 (conhost.exe) parent=13736
2026-09-11 00:57:55 [argus.main] INFO EVENT: PROCESS_TERMINATED — PID 13736 (powershell.exe)
2026-09-11 00:57:55 [argus.main] INFO EVENT: PROCESS_TERMINATED — PID 20700 (conhost.exe)
2026-09-11 00:58:07 [argus.main] INFO EVENT: PROCESS_STARTED — PID 18596 (conhost.exe) parent=28856
2026-09-11 00:58:07 [argus.main] INFO EVENT: PROCESS_STARTED — PID 28856 (powershell.exe) parent=11972
2026-09-11 00:58:09 [argus.main] INFO EVENT: PROCESS_TERMINATED — PID 18596 (conhost.exe)
2026-09-11 00:58:09 [argus.main] INFO EVENT: PROCESS_TERMINATED — PID 28856 (powershell.exe)
2026-09-11 00:58:23 [argus.main] INFO EVENT: PROCESS_STARTED — PID 13228 (powershell.exe) parent=19040
2026-09-11 00:58:23 [argus.main] INFO EVENT: PROCESS_STARTED — PID 14420 (conhost.exe) parent=13228
2026-09-11 00:58:25 [argus.main] INFO EVENT: PROCESS_TERMINATED — PID 13228 (powershell.exe)
2026-09-11 00:58:25 [argus.main] INFO EVENT: PROCESS_TERMINATED — PID 14420 (conhost.exe)
2026-09-11 00:58:39 [argus.main] INFO EVENT: PROCESS_STARTED — PID 20820 (powershell.exe) parent=11972
2026-09-11 00:58:39 [argus.main] INFO EVENT: PROCESS_STARTED — PID 27356 (conhost.exe) parent=20820
2026-09-11 00:58:41 [argus.main] INFO EVENT: PROCESS_TERMINATED — PID 20820 (powershell.exe)
2026-09-11 00:58:41 [argus.main] INFO EVENT: PROCESS_TERMINATED — PID 27356 (conhost.exe)
2026-09-11 00:58:45 [argus.main] INFO EVENT: PROCESS_STARTED — PID 2916 (powershell.exe) parent=11972
2026-09-11 00:58:45 [argus.main] INFO EVENT: PROCESS_STARTED — PID 22376 (conhost.exe) parent=2916
2026-09-11 00:58:48 [argus.main] INFO EVENT: PROCESS_TERMINATED — PID 2916 (powershell.exe)
2026-09-11 00:58:48 [argus.main] INFO EVENT: PROCESS_TERMINATED — PID 22376 (conhost.exe)
2026-09-11 00:58:54 [argus.main] INFO EVENT: PROCESS_STARTED — PID 16912 (powershell.exe) parent=19040
2026-09-11 00:58:54 [argus.main] INFO EVENT: PROCESS_STARTED — PID 27016 (conhost.exe) parent=16912
2026-09-11 00:58:56 [argus.main] INFO EVENT: PROCESS_TERMINATED — PID 16912 (powershell.exe)
2026-09-11 00:58:56 [argus.main] INFO EVENT: PROCESS_TERMINATED — PID 27016 (conhost.exe)
2026-09-11 00:59:04 [argus.main] INFO EVENT: PROCESS_TERMINATED — PID 11188 (svchost.exe)
2026-09-11 00:59:12 [argus.main] INFO EVENT: PROCESS_STARTED — PID 19232 (powershell.exe) parent=11972
2026-09-11 00:59:12 [argus.main] INFO EVENT: PROCESS_STARTED — PID 27824 (conhost.exe) parent=19232
2026-09-11 00:59:14 [argus.main] INFO EVENT: PROCESS_TERMINATED — PID 19232 (powershell.exe)
2026-09-11 00:59:14 [argus.main] INFO EVENT: PROCESS_TERMINATED — PID 27824 (conhost.exe)
2026-09-11 00:59:22 [argus.main] INFO EVENT: PROCESS_STARTED — PID 11692 (<unknown-pid-11692>) parent=none
2026-09-11 00:59:22 [argus.main] INFO EVENT: PROCESS_STARTED — PID 14788 (<unknown-pid-14788>) parent=none
2026-09-11 00:59:24 [argus.main] INFO EVENT: PROCESS_STARTED — PID 8752 (conhost.exe) parent=26992
2026-09-11 00:59:24 [argus.main] INFO EVENT: PROCESS_STARTED — PID 26992 (powershell.exe) parent=19040
2026-09-11 00:59:24 [argus.main] INFO EVENT: PROCESS_TERMINATED — PID 11692 (<unknown-pid-11692>)
2026-09-11 00:59:24 [argus.main] INFO EVENT: PROCESS_TERMINATED — PID 14788 (<unknown-pid-14788>)
2026-09-11 00:59:26 [argus.main] INFO EVENT: PROCESS_STARTED — PID 8312 (opencode.exe) parent=25796
2026-09-11 00:59:26 [argus.main] INFO EVENT: PROCESS_TERMINATED — PID 8752 (conhost.exe)
2026-09-11 00:59:26 [argus.main] INFO EVENT: PROCESS_TERMINATED — PID 26992 (powershell.exe)
2026-09-11 00:59:38 [argus.main] INFO EVENT: PROCESS_STARTED — PID 25204 (rg.exe) parent=8312
2026-09-11 00:59:40 [argus.main] INFO EVENT: PROCESS_TERMINATED — PID 25204 (rg.exe)
2026-09-11 00:59:44 [argus.main] INFO EVENT: PROCESS_STARTED — PID 13568 (powershell.exe) parent=11972
2026-09-11 00:59:44 [argus.main] INFO EVENT: PROCESS_STARTED — PID 22604 (conhost.exe) parent=13568
2026-09-11 00:59:46 [argus.main] INFO EVENT: PROCESS_STARTED — PID 24992 (powershell.exe) parent=11972
2026-09-11 00:59:46 [argus.main] INFO EVENT: PROCESS_STARTED — PID 25552 (conhost.exe) parent=24992
2026-09-11 00:59:46 [argus.main] INFO EVENT: PROCESS_TERMINATED — PID 13568 (powershell.exe)
2026-09-11 00:59:46 [argus.main] INFO EVENT: PROCESS_TERMINATED — PID 22604 (conhost.exe)
2026-09-11 00:59:48 [argus.main] INFO EVENT: PROCESS_TERMINATED — PID 24992 (powershell.exe)
2026-09-11 00:59:49 [argus.main] INFO EVENT: PROCESS_TERMINATED — PID 25552 (conhost.exe)
2026-09-11 00:59:59 [argus.main] INFO EVENT: PROCESS_STARTED — PID 24224 (rg.exe) parent=8312
2026-09-11 00:59:59 [argus.main] INFO EVENT: PROCESS_STARTED — PID 26796 (<unknown-pid-26796>) parent=24224
2026-09-11 01:00:01 [argus.main] INFO EVENT: PROCESS_TERMINATED — PID 24224 (rg.exe)
2026-09-11 01:00:01 [argus.main] INFO EVENT: PROCESS_TERMINATED — PID 26796 (<unknown-pid-26796>)
2026-09-11 01:00:07 [argus.main] INFO EVENT: PROCESS_STARTED — PID 8988 (taskkill.exe) parent=10516
2026-09-11 01:00:07 [argus.main] INFO EVENT: PROCESS_STARTED — PID 10516 (cmd.exe) parent=8312
2026-09-11 01:00:07 [argus.main] INFO EVENT: PROCESS_STARTED — PID 15436 (cmd.exe) parent=8312
2026-09-11 01:00:07 [argus.main] INFO EVENT: PROCESS_STARTED — PID 28812 (conhost.exe) parent=15436
2026-09-11 01:00:07 [argus.main] INFO EVENT: PROCESS_STARTED — PID 29440 (taskkill.exe) parent=15436
2026-09-11 01:00:09 [argus.main] INFO EVENT: PROCESS_STARTED — PID 2768 (rg.exe) parent=8312
2026-09-11 01:00:09 [argus.main] INFO EVENT: PROCESS_STARTED — PID 15248 (rg.exe) parent=8312
2026-09-11 01:00:09 [argus.main] INFO EVENT: PROCESS_STARTED — PID 22208 (rg.exe) parent=8312
2026-09-11 01:00:09 [argus.main] INFO EVENT: PROCESS_STARTED — PID 28232 (conhost.exe) parent=2768
2026-09-11 01:00:09 [argus.main] INFO EVENT: PROCESS_STARTED — PID 28532 (conhost.exe) parent=22208
2026-09-11 01:00:09 [argus.main] INFO EVENT: PROCESS_TERMINATED — PID 8988 (taskkill.exe)
2026-09-11 01:00:09 [argus.main] INFO EVENT: PROCESS_TERMINATED — PID 10516 (cmd.exe)
2026-09-11 01:00:09 [argus.main] INFO EVENT: PROCESS_TERMINATED — PID 15436 (cmd.exe)
2026-09-11 01:00:09 [argus.main] INFO EVENT: PROCESS_TERMINATED — PID 28812 (conhost.exe)
2026-09-11 01:00:09 [argus.main] INFO EVENT: PROCESS_TERMINATED — PID 29440 (taskkill.exe)
2026-09-11 01:00:11 [argus.main] INFO EVENT: PROCESS_STARTED — PID 3252 (rg.exe) parent=8312
2026-09-11 01:00:12 [argus.main] INFO EVENT: PROCESS_STARTED — PID 14052 (conhost.exe) parent=3252
2026-09-11 01:00:12 [argus.main] INFO EVENT: PROCESS_STARTED — PID 15468 (rg.exe) parent=8312
2026-09-11 01:00:12 [argus.main] INFO EVENT: PROCESS_STARTED — PID 17716 (conhost.exe) parent=26600
2026-09-11 01:00:12 [argus.main] INFO EVENT: PROCESS_STARTED — PID 25200 (conhost.exe) parent=29500
2026-09-11 01:00:12 [argus.main] INFO EVENT: PROCESS_STARTED — PID 26600 (<unknown-pid-26600>) parent=8312
2026-09-11 01:00:12 [argus.main] INFO EVENT: PROCESS_STARTED — PID 28480 (conhost.exe) parent=15248
2026-09-11 01:00:12 [argus.main] INFO EVENT: PROCESS_STARTED — PID 29028 (conhost.exe) parent=15468
2026-09-11 01:00:12 [argus.main] INFO EVENT: PROCESS_STARTED — PID 29500 (cmd.exe) parent=8312
2026-09-11 01:00:12 [argus.main] INFO EVENT: PROCESS_TERMINATED — PID 2768 (rg.exe)
2026-09-11 01:00:12 [argus.main] INFO EVENT: PROCESS_TERMINATED — PID 28232 (conhost.exe)
2026-09-11 01:00:15 [argus.main] INFO EVENT: PROCESS_STARTED — PID 11072 (<unknown-pid-11072>) parent=none
2026-09-11 01:00:15 [argus.main] INFO EVENT: PROCESS_TERMINATED — PID 15248 (rg.exe)
2026-09-11 01:00:15 [argus.main] INFO EVENT: PROCESS_TERMINATED — PID 22208 (rg.exe)
2026-09-11 01:00:15 [argus.main] INFO EVENT: PROCESS_TERMINATED — PID 28532 (conhost.exe)
2026-09-11 01:00:15 [argus.main] INFO EVENT: PROCESS_TERMINATED — PID 15468 (rg.exe)
2026-09-11 01:00:15 [argus.main] INFO EVENT: PROCESS_TERMINATED — PID 17716 (conhost.exe)
2026-09-11 01:00:15 [argus.main] INFO EVENT: PROCESS_TERMINATED — PID 25200 (conhost.exe)
2026-09-11 01:00:15 [argus.main] INFO EVENT: PROCESS_TERMINATED — PID 26600 (<unknown-pid-26600>)
2026-09-11 01:00:15 [argus.main] INFO EVENT: PROCESS_TERMINATED — PID 28480 (conhost.exe)
2026-09-11 01:00:15 [argus.main] INFO EVENT: PROCESS_TERMINATED — PID 29028 (conhost.exe)
2026-09-11 01:00:15 [argus.main] INFO EVENT: PROCESS_TERMINATED — PID 29500 (cmd.exe)
2026-09-11 01:00:17 [argus.main] INFO EVENT: PROCESS_TERMINATED — PID 14052 (conhost.exe)
2026-09-11 01:00:17 [argus.main] INFO EVENT: PROCESS_TERMINATED — PID 11072 (<unknown-pid-11072>)
2026-09-11 01:00:19 [argus.main] INFO EVENT: PROCESS_STARTED — PID 18596 (powershell.exe) parent=11972
2026-09-11 01:00:19 [argus.main] INFO EVENT: PROCESS_STARTED — PID 29336 (conhost.exe) parent=18596
2026-09-11 01:00:19 [argus.main] INFO EVENT: PROCESS_TERMINATED — PID 3252 (rg.exe)
2026-09-11 01:00:21 [argus.main] INFO EVENT: PROCESS_TERMINATED — PID 18596 (powershell.exe)
2026-09-11 01:00:21 [argus.main] INFO EVENT: PROCESS_TERMINATED — PID 29336 (conhost.exe)
2026-09-11 01:00:25 [argus.main] INFO EVENT: PROCESS_STARTED — PID 9044 (conhost.exe) parent=23476
2026-09-11 01:00:25 [argus.main] INFO EVENT: PROCESS_STARTED — PID 17540 (conhost.exe) parent=20028
2026-09-11 01:00:25 [argus.main] INFO EVENT: PROCESS_STARTED — PID 20028 (cmd.exe) parent=8312
2026-09-11 01:00:25 [argus.main] INFO EVENT: PROCESS_STARTED — PID 23476 (powershell.exe) parent=19040
2026-09-11 01:00:25 [argus.main] INFO EVENT: PROCESS_STARTED — PID 28524 (taskkill.exe) parent=20028
2026-09-11 01:00:27 [argus.main] INFO EVENT: PROCESS_TERMINATED — PID 9044 (conhost.exe)
2026-09-11 01:00:27 [argus.main] INFO EVENT: PROCESS_TERMINATED — PID 17540 (conhost.exe)
2026-09-11 01:00:27 [argus.main] INFO EVENT: PROCESS_TERMINATED — PID 20028 (cmd.exe)
2026-09-11 01:00:27 [argus.main] INFO EVENT: PROCESS_TERMINATED — PID 23476 (powershell.exe)
2026-09-11 01:00:27 [argus.main] INFO EVENT: PROCESS_TERMINATED — PID 28524 (taskkill.exe)
2026-09-11 01:00:29 [argus.main] INFO EVENT: PROCESS_STARTED — PID 5072 (conhost.exe) parent=28444
2026-09-11 01:00:29 [argus.main] INFO EVENT: PROCESS_STARTED — PID 28444 (<unknown-pid-28444>) parent=none
2026-09-11 01:00:31 [argus.main] INFO EVENT: PROCESS_STARTED — PID 9608 (conhost.exe) parent=27520
2026-09-11 01:00:31 [argus.main] INFO EVENT: PROCESS_STARTED — PID 21428 (taskkill.exe) parent=27520
2026-09-11 01:00:31 [argus.main] INFO EVENT: PROCESS_STARTED — PID 27520 (cmd.exe) parent=8312
2026-09-11 01:00:31 [argus.main] INFO EVENT: PROCESS_TERMINATED — PID 5072 (conhost.exe)
2026-09-11 01:00:31 [argus.main] INFO EVENT: PROCESS_TERMINATED — PID 28444 (<unknown-pid-28444>)
2026-09-11 01:00:33 [argus.main] INFO EVENT: PROCESS_TERMINATED — PID 9608 (conhost.exe)
2026-09-11 01:00:33 [argus.main] INFO EVENT: PROCESS_TERMINATED — PID 21428 (taskkill.exe)
2026-09-11 01:00:33 [argus.main] INFO EVENT: PROCESS_TERMINATED — PID 27520 (cmd.exe)
2026-09-11 01:00:41 [argus.main] INFO EVENT: PROCESS_STARTED — PID 9584 (<unknown-pid-9584>) parent=none
2026-09-11 01:00:44 [argus.main] INFO EVENT: PROCESS_TERMINATED — PID 9584 (<unknown-pid-9584>)
2026-09-11 01:00:52 [argus.main] INFO EVENT: PROCESS_STARTED — PID 5340 (conhost.exe) parent=8600
2026-09-11 01:00:52 [argus.main] INFO EVENT: PROCESS_STARTED — PID 8600 (powershell.exe) parent=11972
2026-09-11 01:00:54 [argus.main] INFO EVENT: PROCESS_TERMINATED — PID 5340 (conhost.exe)
2026-09-11 01:00:54 [argus.main] INFO EVENT: PROCESS_TERMINATED — PID 8600 (powershell.exe)
2026-09-11 01:00:56 [argus.main] INFO EVENT: PROCESS_STARTED — PID 6128 (powershell.exe) parent=19040
2026-09-11 01:00:56 [argus.main] INFO EVENT: PROCESS_STARTED — PID 29660 (conhost.exe) parent=6128
2026-09-11 01:00:58 [argus.main] INFO EVENT: PROCESS_TERMINATED — PID 6128 (powershell.exe)
2026-09-11 01:00:58 [argus.main] INFO EVENT: PROCESS_TERMINATED — PID 29660 (conhost.exe)
2026-09-11 01:01:24 [argus.main] INFO EVENT: PROCESS_STARTED — PID 26724 (conhost.exe) parent=29100
2026-09-11 01:01:24 [argus.main] INFO EVENT: PROCESS_STARTED — PID 29100 (powershell.exe) parent=11972
2026-09-11 01:01:24 [argus.main] INFO EVENT: PROCESS_STARTED — PID 29688 (rg.exe) parent=8312
2026-09-11 01:01:26 [argus.main] INFO EVENT: PROCESS_STARTED — PID 25352 (powershell.exe) parent=19040
2026-09-11 01:01:26 [argus.main] INFO EVENT: PROCESS_STARTED — PID 26104 (conhost.exe) parent=25352
2026-09-11 01:01:26 [argus.main] INFO EVENT: PROCESS_TERMINATED — PID 26724 (conhost.exe)
2026-09-11 01:01:26 [argus.main] INFO EVENT: PROCESS_TERMINATED — PID 29100 (powershell.exe)
2026-09-11 01:01:26 [argus.main] INFO EVENT: PROCESS_TERMINATED — PID 29688 (rg.exe)
2026-09-11 01:01:28 [argus.main] INFO EVENT: PROCESS_TERMINATED — PID 25352 (powershell.exe)
2026-09-11 01:01:28 [argus.main] INFO EVENT: PROCESS_TERMINATED — PID 26104 (conhost.exe)
2026-09-11 01:01:44 [argus.main] INFO EVENT: PROCESS_STARTED — PID 2424 (backgroundTaskHost.exe) parent=1596
2026-09-11 01:01:44 [argus.main] INFO EVENT: PROCESS_STARTED — PID 8968 (backgroundTaskHost.exe) parent=1596
2026-09-11 01:01:44 [argus.main] INFO EVENT: PROCESS_STARTED — PID 19992 (svchost.exe) parent=1360
2026-09-11 01:01:46 [argus.main] INFO EVENT: PROCESS_STARTED — PID 15288 (conhost.exe) parent=20732
2026-09-11 01:01:47 [argus.main] INFO EVENT: PROCESS_STARTED — PID 20732 (ipconfig.exe) parent=19040
2026-09-11 01:01:49 [argus.main] INFO EVENT: PROCESS_STARTED — PID 3516 (powershell.exe) parent=11972
2026-09-11 01:01:49 [argus.main] INFO EVENT: PROCESS_STARTED — PID 15840 (conhost.exe) parent=3516
2026-09-11 01:01:49 [argus.main] INFO EVENT: PROCESS_TERMINATED — PID 15288 (conhost.exe)
2026-09-11 01:01:49 [argus.main] INFO EVENT: PROCESS_TERMINATED — PID 20732 (ipconfig.exe)
2026-09-11 01:01:51 [argus.main] INFO EVENT: PROCESS_TERMINATED — PID 3516 (powershell.exe)
2026-09-11 01:01:51 [argus.main] INFO EVENT: PROCESS_TERMINATED — PID 15840 (conhost.exe)
2026-09-11 01:01:57 [argus.main] INFO EVENT: PROCESS_STARTED — PID 4916 (powershell.exe) parent=19040
2026-09-11 01:01:57 [argus.main] INFO EVENT: PROCESS_STARTED — PID 13548 (conhost.exe) parent=14532
2026-09-11 01:01:57 [argus.main] INFO EVENT: PROCESS_STARTED — PID 14532 (powershell.exe) parent=11972
2026-09-11 01:01:57 [argus.main] INFO EVENT: PROCESS_STARTED — PID 16320 (conhost.exe) parent=4916
2026-09-11 01:01:59 [argus.main] INFO EVENT: PROCESS_TERMINATED — PID 4916 (powershell.exe)
2026-09-11 01:01:59 [argus.main] INFO EVENT: PROCESS_TERMINATED — PID 13548 (conhost.exe)
2026-09-11 01:01:59 [argus.main] INFO EVENT: PROCESS_TERMINATED — PID 14532 (powershell.exe)
2026-09-11 01:01:59 [argus.main] INFO EVENT: PROCESS_TERMINATED — PID 16320 (conhost.exe)
2026-09-11 01:02:23 [argus.main] INFO EVENT: PROCESS_TERMINATED — PID 2500 (svchost.exe)
2026-09-11 01:02:23 [argus.main] INFO EVENT: PROCESS_TERMINATED — PID 16452 (smartscreen.exe)
2026-09-11 01:02:27 [argus.main] INFO EVENT: PROCESS_STARTED — PID 12444 (powershell.exe) parent=19040
2026-09-11 01:02:27 [argus.main] INFO EVENT: PROCESS_STARTED — PID 22908 (conhost.exe) parent=12444
2026-09-11 01:02:29 [argus.main] INFO EVENT: PROCESS_TERMINATED — PID 12444 (powershell.exe)
2026-09-11 01:02:29 [argus.main] INFO EVENT: PROCESS_TERMINATED — PID 22908 (conhost.exe)
2026-09-11 01:02:37 [argus.main] INFO EVENT: PROCESS_STARTED — PID 3632 (conhost.exe) parent=26828
2026-09-11 01:02:37 [argus.main] INFO EVENT: PROCESS_STARTED — PID 26828 (ROUTE.EXE) parent=19040
2026-09-11 01:02:39 [argus.main] INFO EVENT: PROCESS_TERMINATED — PID 3632 (conhost.exe)
2026-09-11 01:02:39 [argus.main] INFO EVENT: PROCESS_TERMINATED — PID 26828 (ROUTE.EXE)
2026-09-11 01:02:45 [argus.main] INFO EVENT: PROCESS_TERMINATED — PID 2424 (backgroundTaskHost.exe)
2026-09-11 01:02:45 [argus.main] INFO EVENT: PROCESS_TERMINATED — PID 8968 (backgroundTaskHost.exe)
2026-09-11 01:02:49 [argus.main] INFO EVENT: PROCESS_STARTED — PID 8232 (conhost.exe) parent=21620
2026-09-11 01:02:49 [argus.main] INFO EVENT: PROCESS_STARTED — PID 16148 (conhost.exe) parent=28248
2026-09-11 01:02:49 [argus.main] INFO EVENT: PROCESS_STARTED — PID 21620 (powershell.exe) parent=11972
2026-09-11 01:02:51 [argus.main] INFO EVENT: PROCESS_TERMINATED — PID 8232 (conhost.exe)
2026-09-11 01:02:51 [argus.main] INFO EVENT: PROCESS_TERMINATED — PID 16148 (conhost.exe)
2026-09-11 01:02:52 [argus.main] INFO EVENT: PROCESS_TERMINATED — PID 21620 (powershell.exe)
2026-09-11 01:03:12 [argus.main] INFO EVENT: PROCESS_STARTED — PID 24204 (conhost.exe) parent=27400
2026-09-11 01:03:12 [argus.main] INFO EVENT: PROCESS_STARTED — PID 27400 (<unknown-pid-27400>) parent=none
2026-09-11 01:03:14 [argus.main] INFO EVENT: PROCESS_TERMINATED — PID 24204 (conhost.exe)
2026-09-11 01:03:14 [argus.main] INFO EVENT: PROCESS_TERMINATED — PID 27400 (<unknown-pid-27400>)
2026-09-11 01:03:28 [argus.main] INFO EVENT: PROCESS_STARTED — PID 24168 (MoUsoCoreWorker.exe) parent=2476
2026-09-11 01:03:32 [argus.main] INFO EVENT: PROCESS_STARTED — PID 14380 (powershell.exe) parent=19040
2026-09-11 01:03:32 [argus.main] INFO EVENT: PROCESS_STARTED — PID 25108 (conhost.exe) parent=14380
2026-09-11 01:03:34 [argus.main] INFO EVENT: PROCESS_STARTED — PID 4240 (powershell.exe) parent=11972
2026-09-11 01:03:34 [argus.main] INFO EVENT: PROCESS_STARTED — PID 23712 (conhost.exe) parent=4240
2026-09-11 01:03:34 [argus.main] INFO EVENT: PROCESS_TERMINATED — PID 14380 (powershell.exe)
2026-09-11 01:03:34 [argus.main] INFO EVENT: PROCESS_TERMINATED — PID 25108 (conhost.exe)
2026-09-11 01:03:36 [argus.main] INFO EVENT: PROCESS_TERMINATED — PID 4240 (powershell.exe)
2026-09-11 01:03:36 [argus.main] INFO EVENT: PROCESS_TERMINATED — PID 23712 (conhost.exe)
2026-09-11 01:03:50 [argus.main] INFO EVENT: PROCESS_STARTED — PID 28896 (conhost.exe) parent=29020
2026-09-11 01:03:50 [argus.main] INFO EVENT: PROCESS_STARTED — PID 29020 (powershell.exe) parent=11972
2026-09-11 01:03:52 [argus.main] INFO EVENT: PROCESS_TERMINATED — PID 28896 (conhost.exe)
2026-09-11 01:03:52 [argus.main] INFO EVENT: PROCESS_TERMINATED — PID 29020 (powershell.exe)
2026-09-11 01:03:56 [argus.main] INFO EVENT: PROCESS_STARTED — PID 27784 (conhost.exe) parent=28308
2026-09-11 01:03:56 [argus.main] INFO EVENT: PROCESS_STARTED — PID 28308 (cmd.exe) parent=8312
2026-09-11 01:03:58 [argus.main] INFO EVENT: PROCESS_TERMINATED — PID 27784 (conhost.exe)
2026-09-11 01:03:58 [argus.main] INFO EVENT: PROCESS_TERMINATED — PID 28308 (cmd.exe)
2026-09-11 01:04:02 [argus.main] INFO EVENT: PROCESS_STARTED — PID 2968 (powershell.exe) parent=19040
2026-09-11 01:04:04 [argus.main] INFO EVENT: PROCESS_TERMINATED — PID 2968 (powershell.exe)
2026-09-11 01:04:28 [argus.main] INFO EVENT: PROCESS_TERMINATED — PID 24168 (MoUsoCoreWorker.exe)
2026-09-11 01:04:34 [argus.main] INFO EVENT: PROCESS_STARTED — PID 13952 (conhost.exe) parent=20224
2026-09-11 01:04:35 [argus.main] INFO EVENT: PROCESS_STARTED — PID 20224 (powershell.exe) parent=19040
2026-09-11 01:04:37 [argus.main] INFO EVENT: PROCESS_TERMINATED — PID 13952 (conhost.exe)
2026-09-11 01:04:37 [argus.main] INFO EVENT: PROCESS_TERMINATED — PID 20224 (powershell.exe)
2026-09-11 01:04:39 [argus.main] INFO EVENT: PROCESS_STARTED — PID 22376 (conhost.exe) parent=23768
2026-09-11 01:04:39 [argus.main] INFO EVENT: PROCESS_STARTED — PID 23768 (powershell.exe) parent=11972
2026-09-11 01:04:41 [argus.main] INFO EVENT: PROCESS_TERMINATED — PID 22376 (conhost.exe)
2026-09-11 01:04:41 [argus.main] INFO EVENT: PROCESS_TERMINATED — PID 23768 (powershell.exe)
2026-09-11 01:04:53 [argus.main] INFO EVENT: PROCESS_STARTED — PID 3676 (powershell.exe) parent=11972
2026-09-11 01:04:53 [argus.main] INFO EVENT: PROCESS_STARTED — PID 16172 (conhost.exe) parent=3676
2026-09-11 01:04:55 [argus.main] INFO EVENT: PROCESS_STARTED — PID 15664 (backgroundTaskHost.exe) parent=1596
2026-09-11 01:04:55 [argus.main] INFO EVENT: PROCESS_TERMINATED — PID 3676 (powershell.exe)
2026-09-11 01:04:55 [argus.main] INFO EVENT: PROCESS_TERMINATED — PID 16172 (conhost.exe)
2026-09-11 01:04:57 [argus.main] INFO EVENT: PROCESS_STARTED — PID 1404 (RuntimeBroker.exe) parent=1596
2026-09-11 01:04:57 [argus.main] INFO EVENT: PROCESS_STARTED — PID 18592 (WmiPrvSE.exe) parent=1596
2026-09-11 01:05:05 [argus.main] INFO EVENT: PROCESS_STARTED — PID 14532 (powershell.exe) parent=19040
2026-09-11 01:05:05 [argus.main] INFO EVENT: PROCESS_STARTED — PID 24612 (conhost.exe) parent=14532
2026-09-11 01:05:07 [argus.main] INFO EVENT: PROCESS_TERMINATED — PID 14532 (powershell.exe)
2026-09-11 01:05:07 [argus.main] INFO EVENT: PROCESS_TERMINATED — PID 24612 (conhost.exe)
2026-09-11 01:05:11 [argus.main] INFO EVENT: PROCESS_STARTED — PID 8100 (powershell.exe) parent=11972
2026-09-11 01:05:11 [argus.main] INFO EVENT: PROCESS_STARTED — PID 25604 (conhost.exe) parent=8100
2026-09-11 01:05:13 [argus.main] INFO EVENT: PROCESS_TERMINATED — PID 8100 (powershell.exe)
2026-09-11 01:05:13 [argus.main] INFO EVENT: PROCESS_TERMINATED — PID 25604 (conhost.exe)
2026-09-11 01:05:37 [argus.main] INFO EVENT: PROCESS_STARTED — PID 6856 (conhost.exe) parent=25312
2026-09-11 01:05:37 [argus.main] INFO EVENT: PROCESS_STARTED — PID 25312 (powershell.exe) parent=19040
2026-09-11 01:05:39 [argus.main] INFO EVENT: PROCESS_TERMINATED — PID 6856 (conhost.exe)
2026-09-11 01:05:39 [argus.main] INFO EVENT: PROCESS_TERMINATED — PID 25312 (powershell.exe)
2026-09-11 01:05:44 [argus.main] INFO EVENT: PROCESS_STARTED — PID 21592 (conhost.exe) parent=29556
2026-09-11 01:05:44 [argus.main] INFO EVENT: PROCESS_STARTED — PID 29556 (powershell.exe) parent=11972
2026-09-11 01:05:46 [argus.main] INFO EVENT: PROCESS_TERMINATED — PID 21592 (conhost.exe)
2026-09-11 01:05:46 [argus.main] INFO EVENT: PROCESS_TERMINATED — PID 29556 (powershell.exe)
2026-09-11 01:05:54 [argus.main] INFO EVENT: PROCESS_STARTED — PID 5296 (conhost.exe) parent=27788
2026-09-11 01:05:54 [argus.main] INFO EVENT: PROCESS_STARTED — PID 27788 (powershell.exe) parent=11972
2026-09-11 01:05:56 [argus.main] INFO EVENT: PROCESS_TERMINATED — PID 5296 (conhost.exe)
2026-09-11 01:05:56 [argus.main] INFO EVENT: PROCESS_TERMINATED — PID 27788 (powershell.exe)
2026-09-11 01:06:00 [argus.main] INFO EVENT: PROCESS_TERMINATED — PID 15664 (backgroundTaskHost.exe)
2026-09-11 01:06:00 [argus.main] INFO EVENT: PROCESS_TERMINATED — PID 18592 (WmiPrvSE.exe)
2026-09-11 01:06:06 [argus.main] INFO EVENT: PROCESS_TERMINATED — PID 8312 (opencode.exe)
2026-09-11 01:06:16 [argus.main] INFO EVENT: PROCESS_STARTED — PID 2916 (powershell.exe) parent=11972
2026-09-11 01:06:16 [argus.main] INFO EVENT: PROCESS_STARTED — PID 24204 (<unknown-pid-24204>) parent=none
2026-09-11 01:06:18 [argus.main] INFO EVENT: PROCESS_TERMINATED — PID 2916 (powershell.exe)
2026-09-11 01:06:18 [argus.main] INFO EVENT: PROCESS_TERMINATED — PID 24204 (<unknown-pid-24204>)
2026-09-11 01:06:28 [argus.main] INFO EVENT: PROCESS_TERMINATED — PID 1404 (RuntimeBroker.exe)
2026-09-11 01:06:44 [argus.main] INFO EVENT: PROCESS_STARTED — PID 26888 (powershell.exe) parent=19040
2026-09-11 01:06:44 [argus.main] INFO EVENT: PROCESS_STARTED — PID 29148 (conhost.exe) parent=26888
2026-09-11 01:06:46 [argus.main] INFO EVENT: PROCESS_TERMINATED — PID 26888 (powershell.exe)
2026-09-11 01:06:46 [argus.main] INFO EVENT: PROCESS_TERMINATED — PID 29148 (conhost.exe)
2026-09-11 01:06:48 [argus.main] INFO EVENT: PROCESS_STARTED — PID 22580 (powershell.exe) parent=11972
2026-09-11 01:06:48 [argus.main] INFO EVENT: PROCESS_STARTED — PID 24780 (conhost.exe) parent=22580
2026-09-11 01:06:50 [argus.main] INFO EVENT: PROCESS_TERMINATED — PID 22580 (powershell.exe)
2026-09-11 01:06:50 [argus.main] INFO EVENT: PROCESS_TERMINATED — PID 24780 (conhost.exe)
2026-09-11 01:06:56 [argus.main] INFO EVENT: PROCESS_STARTED — PID 3680 (powershell.exe) parent=11972
2026-09-11 01:06:56 [argus.main] INFO EVENT: PROCESS_STARTED — PID 23736 (conhost.exe) parent=3680
2026-09-11 01:06:58 [argus.main] INFO EVENT: PROCESS_TERMINATED — PID 3680 (powershell.exe)
2026-09-11 01:06:58 [argus.main] INFO EVENT: PROCESS_TERMINATED — PID 23736 (conhost.exe)
2026-09-11 01:07:15 [argus.main] INFO EVENT: PROCESS_STARTED — PID 18844 (powershell.exe) parent=19040
2026-09-11 01:07:15 [argus.main] INFO EVENT: PROCESS_STARTED — PID 28220 (conhost.exe) parent=18844
2026-09-11 01:07:17 [argus.main] INFO EVENT: PROCESS_TERMINATED — PID 18844 (powershell.exe)
2026-09-11 01:07:17 [argus.main] INFO EVENT: PROCESS_TERMINATED — PID 28220 (conhost.exe)
2026-09-11 01:07:21 [argus.main] INFO EVENT: PROCESS_STARTED — PID 3212 (powershell.exe) parent=11972
2026-09-11 01:07:21 [argus.main] INFO EVENT: PROCESS_STARTED — PID 19128 (conhost.exe) parent=3212
2026-09-11 01:07:23 [argus.main] INFO EVENT: PROCESS_STARTED — PID 920 (svchost.exe) parent=1360
2026-09-11 01:07:23 [argus.main] INFO EVENT: PROCESS_TERMINATED — PID 3212 (powershell.exe)
2026-09-11 01:07:23 [argus.main] INFO EVENT: PROCESS_TERMINATED — PID 19128 (conhost.exe)
2026-09-11 01:07:37 [argus.main] INFO EVENT: PROCESS_STARTED — PID 8232 (<unknown-pid-8232>) parent=21772
2026-09-11 01:07:39 [argus.main] INFO EVENT: PROCESS_TERMINATED — PID 8232 (<unknown-pid-8232>)
2026-09-11 01:07:45 [argus.main] INFO EVENT: PROCESS_STARTED — PID 24024 (powershell.exe) parent=19040
2026-09-11 01:07:45 [argus.main] INFO EVENT: PROCESS_STARTED — PID 28240 (conhost.exe) parent=24024
2026-09-11 01:07:47 [argus.main] INFO EVENT: PROCESS_TERMINATED — PID 24024 (powershell.exe)
2026-09-11 01:07:47 [argus.main] INFO EVENT: PROCESS_TERMINATED — PID 28240 (conhost.exe)
2026-09-11 01:07:53 [argus.main] INFO EVENT: PROCESS_STARTED — PID 18460 (powershell.exe) parent=11972
2026-09-11 01:07:53 [argus.main] INFO EVENT: PROCESS_STARTED — PID 29560 (conhost.exe) parent=18460
2026-09-11 01:07:55 [argus.main] INFO EVENT: PROCESS_TERMINATED — PID 18460 (powershell.exe)
2026-09-11 01:07:55 [argus.main] INFO EVENT: PROCESS_TERMINATED — PID 29560 (conhost.exe)
2026-09-11 01:07:59 [argus.main] INFO EVENT: PROCESS_STARTED — PID 18260 (powershell.exe) parent=11972
2026-09-11 01:07:59 [argus.main] INFO EVENT: PROCESS_STARTED — PID 20160 (conhost.exe) parent=18260
2026-09-11 01:07:59 [argus.main] INFO EVENT: PROCESS_STARTED — PID 28588 (WmiPrvSE.exe) parent=1596
2026-09-11 01:07:59 [argus.main] INFO EVENT: PROCESS_TERMINATED — PID 29656 (WmiPrvSE.exe)
2026-09-11 01:08:01 [argus.main] INFO EVENT: PROCESS_TERMINATED — PID 18260 (powershell.exe)
2026-09-11 01:08:01 [argus.main] INFO EVENT: PROCESS_TERMINATED — PID 20160 (conhost.exe)
2026-09-11 01:08:17 [argus.main] INFO EVENT: PROCESS_STARTED — PID 18100 (powershell.exe) parent=19040
2026-09-11 01:08:17 [argus.main] INFO EVENT: PROCESS_STARTED — PID 19812 (conhost.exe) parent=18100
2026-09-11 01:08:19 [argus.main] INFO EVENT: PROCESS_TERMINATED — PID 18100 (powershell.exe)
2026-09-11 01:08:20 [argus.main] INFO EVENT: PROCESS_TERMINATED — PID 19812 (conhost.exe)
2026-09-11 01:08:26 [argus.main] INFO EVENT: PROCESS_STARTED — PID 12700 (powershell.exe) parent=11972
2026-09-11 01:08:26 [argus.main] INFO EVENT: PROCESS_STARTED — PID 14464 (conhost.exe) parent=12700
2026-09-11 01:08:28 [argus.main] INFO EVENT: PROCESS_TERMINATED — PID 12700 (powershell.exe)
2026-09-11 01:08:28 [argus.main] INFO EVENT: PROCESS_TERMINATED — PID 14464 (conhost.exe)
2026-09-11 01:08:48 [argus.main] INFO EVENT: PROCESS_STARTED — PID 20348 (conhost.exe) parent=24372
2026-09-11 01:08:48 [argus.main] INFO EVENT: PROCESS_STARTED — PID 24372 (powershell.exe) parent=19040
2026-09-11 01:08:50 [argus.main] INFO EVENT: PROCESS_TERMINATED — PID 20348 (conhost.exe)
2026-09-11 01:08:50 [argus.main] INFO EVENT: PROCESS_TERMINATED — PID 24372 (powershell.exe)
2026-09-11 01:08:58 [argus.main] INFO EVENT: PROCESS_STARTED — PID 9480 (powershell.exe) parent=11972
2026-09-11 01:08:58 [argus.main] INFO EVENT: PROCESS_STARTED — PID 24736 (conhost.exe) parent=9480
2026-09-11 01:09:00 [argus.main] INFO EVENT: PROCESS_TERMINATED — PID 9480 (powershell.exe)
2026-09-11 01:09:00 [argus.main] INFO EVENT: PROCESS_TERMINATED — PID 24736 (conhost.exe)
2026-09-11 01:09:02 [argus.main] INFO EVENT: PROCESS_STARTED — PID 9584 (powershell.exe) parent=11972
2026-09-11 01:09:02 [argus.main] INFO EVENT: PROCESS_STARTED — PID 29156 (conhost.exe) parent=9584
2026-09-11 01:09:04 [argus.main] INFO EVENT: PROCESS_TERMINATED — PID 9584 (powershell.exe)
2026-09-11 01:09:04 [argus.main] INFO EVENT: PROCESS_TERMINATED — PID 29156 (conhost.exe)
2026-09-11 01:09:18 [argus.main] INFO EVENT: PROCESS_STARTED — PID 21592 (powershell.exe) parent=19040
2026-09-11 01:09:18 [argus.main] INFO EVENT: PROCESS_STARTED — PID 26480 (conhost.exe) parent=21592
2026-09-11 01:09:20 [argus.main] INFO EVENT: PROCESS_TERMINATED — PID 21592 (powershell.exe)
2026-09-11 01:09:20 [argus.main] INFO EVENT: PROCESS_TERMINATED — PID 26480 (conhost.exe)
2026-09-11 01:09:52 [argus.main] INFO EVENT: PROCESS_STARTED — PID 16504 (conhost.exe) parent=22816
2026-09-11 01:09:52 [argus.main] INFO EVENT: PROCESS_STARTED — PID 22816 (powershell.exe) parent=19040
2026-09-11 01:09:54 [argus.main] INFO EVENT: PROCESS_TERMINATED — PID 16504 (conhost.exe)
2026-09-11 01:09:55 [argus.main] INFO EVENT: PROCESS_TERMINATED — PID 22816 (powershell.exe)
2026-09-11 01:10:03 [argus.main] INFO EVENT: PROCESS_STARTED — PID 1636 (conhost.exe) parent=29184
2026-09-11 01:10:03 [argus.main] INFO EVENT: PROCESS_STARTED — PID 29184 (powershell.exe) parent=11972
2026-09-11 01:10:05 [argus.main] INFO EVENT: PROCESS_STARTED — PID 21948 (conhost.exe) parent=27924
2026-09-11 01:10:05 [argus.main] INFO EVENT: PROCESS_STARTED — PID 27924 (powershell.exe) parent=11972
2026-09-11 01:10:05 [argus.main] INFO EVENT: PROCESS_TERMINATED — PID 1636 (conhost.exe)
2026-09-11 01:10:05 [argus.main] INFO EVENT: PROCESS_TERMINATED — PID 29184 (powershell.exe)
2026-09-11 01:10:07 [argus.main] INFO EVENT: PROCESS_TERMINATED — PID 21948 (conhost.exe)
2026-09-11 01:10:07 [argus.main] INFO EVENT: PROCESS_TERMINATED — PID 27924 (powershell.exe)
2026-09-11 01:10:35 [argus.main] INFO EVENT: PROCESS_STARTED — PID 6716 (powershell.exe) parent=11972
2026-09-11 01:10:35 [argus.main] INFO EVENT: PROCESS_STARTED — PID 17056 (conhost.exe) parent=6716
2026-09-11 01:10:37 [argus.main] INFO EVENT: PROCESS_TERMINATED — PID 6716 (powershell.exe)
2026-09-11 01:10:37 [argus.main] INFO EVENT: PROCESS_TERMINATED — PID 17056 (conhost.exe)
2026-09-11 01:11:05 [argus.main] INFO EVENT: PROCESS_STARTED — PID 20352 (powershell.exe) parent=11972
2026-09-11 01:11:05 [argus.main] INFO EVENT: PROCESS_STARTED — PID 27016 (conhost.exe) parent=20352
2026-09-11 01:11:07 [argus.main] INFO EVENT: PROCESS_STARTED — PID 8928 (conhost.exe) parent=24456
2026-09-11 01:11:07 [argus.main] INFO EVENT: PROCESS_STARTED — PID 24456 (powershell.exe) parent=11972
2026-09-11 01:11:07 [argus.main] INFO EVENT: PROCESS_TERMINATED — PID 20352 (powershell.exe)
2026-09-11 01:11:07 [argus.main] INFO EVENT: PROCESS_TERMINATED — PID 27016 (conhost.exe)
2026-09-11 01:11:09 [argus.main] INFO EVENT: PROCESS_TERMINATED — PID 8928 (conhost.exe)
2026-09-11 01:11:09 [argus.main] INFO EVENT: PROCESS_TERMINATED — PID 24456 (powershell.exe)
2026-09-11 01:11:23 [argus.main] INFO EVENT: PROCESS_STARTED — PID 16852 (conhost.exe) parent=20452
2026-09-11 01:11:23 [argus.main] INFO EVENT: PROCESS_STARTED — PID 20452 (powershell.exe) parent=19040
2026-09-11 01:11:25 [argus.main] INFO EVENT: PROCESS_TERMINATED — PID 16852 (conhost.exe)
2026-09-11 01:11:25 [argus.main] INFO EVENT: PROCESS_TERMINATED — PID 20452 (powershell.exe)
2026-09-11 01:11:37 [argus.main] INFO EVENT: PROCESS_STARTED — PID 2616 (powershell.exe) parent=11972
2026-09-11 01:11:37 [argus.main] INFO EVENT: PROCESS_STARTED — PID 22592 (conhost.exe) parent=2616
2026-09-11 01:11:40 [argus.main] INFO EVENT: PROCESS_TERMINATED — PID 2616 (powershell.exe)
2026-09-11 01:11:40 [argus.main] INFO EVENT: PROCESS_TERMINATED — PID 22592 (conhost.exe)
2026-09-11 01:12:08 [argus.main] INFO EVENT: PROCESS_STARTED — PID 18632 (powershell.exe) parent=11972
2026-09-11 01:12:08 [argus.main] INFO EVENT: PROCESS_STARTED — PID 28156 (conhost.exe) parent=18632
2026-09-11 01:12:10 [argus.main] INFO EVENT: PROCESS_STARTED — PID 12632 (powershell.exe) parent=11972
2026-09-11 01:12:10 [argus.main] INFO EVENT: PROCESS_STARTED — PID 28028 (conhost.exe) parent=12632
2026-09-11 01:12:10 [argus.main] INFO EVENT: PROCESS_TERMINATED — PID 18632 (powershell.exe)
2026-09-11 01:12:10 [argus.main] INFO EVENT: PROCESS_TERMINATED — PID 28156 (conhost.exe)
2026-09-11 01:12:12 [argus.main] INFO EVENT: PROCESS_TERMINATED — PID 12632 (powershell.exe)
2026-09-11 01:12:12 [argus.main] INFO EVENT: PROCESS_TERMINATED — PID 28028 (conhost.exe)
2026-09-11 01:12:26 [argus.main] INFO EVENT: PROCESS_STARTED — PID 10384 (conhost.exe) parent=29176
2026-09-11 01:12:26 [argus.main] INFO EVENT: PROCESS_STARTED — PID 29176 (powershell.exe) parent=19040
2026-09-11 01:12:28 [argus.main] INFO EVENT: PROCESS_TERMINATED — PID 10384 (conhost.exe)
2026-09-11 01:12:28 [argus.main] INFO EVENT: PROCESS_TERMINATED — PID 29176 (powershell.exe)
2026-09-11 01:12:40 [argus.main] INFO EVENT: PROCESS_STARTED — PID 2500 (powershell.exe) parent=11972
2026-09-11 01:12:40 [argus.main] INFO EVENT: PROCESS_STARTED — PID 25792 (conhost.exe) parent=2500
2026-09-11 01:12:42 [argus.main] INFO EVENT: PROCESS_TERMINATED — PID 2500 (powershell.exe)
2026-09-11 01:12:42 [argus.main] INFO EVENT: PROCESS_TERMINATED — PID 25792 (conhost.exe)
2026-09-11 01:12:46 [argus.main] INFO EVENT: PROCESS_TERMINATED — PID 19992 (svchost.exe)
2026-09-11 01:12:56 [argus.main] INFO EVENT: PROCESS_STARTED — PID 1416 (powershell.exe) parent=19040
2026-09-11 01:12:56 [argus.main] INFO EVENT: PROCESS_STARTED — PID 26460 (conhost.exe) parent=1416
2026-09-11 01:12:58 [argus.main] INFO EVENT: PROCESS_TERMINATED — PID 1416 (powershell.exe)
2026-09-11 01:12:58 [argus.main] INFO EVENT: PROCESS_TERMINATED — PID 26460 (conhost.exe)
2026-09-11 01:13:10 [argus.main] INFO EVENT: PROCESS_STARTED — PID 7932 (conhost.exe) parent=29088
2026-09-11 01:13:10 [argus.main] INFO EVENT: PROCESS_STARTED — PID 29088 (powershell.exe) parent=11972
2026-09-11 01:13:12 [argus.main] INFO EVENT: PROCESS_STARTED — PID 16220 (conhost.exe) parent=28524
2026-09-11 01:13:12 [argus.main] INFO EVENT: PROCESS_STARTED — PID 28524 (powershell.exe) parent=11972
2026-09-11 01:13:12 [argus.main] INFO EVENT: PROCESS_TERMINATED — PID 7932 (conhost.exe)
2026-09-11 01:13:13 [argus.main] INFO EVENT: PROCESS_TERMINATED — PID 29088 (powershell.exe)
2026-09-11 01:13:15 [argus.main] INFO EVENT: PROCESS_TERMINATED — PID 16220 (conhost.exe)
2026-09-11 01:13:15 [argus.main] INFO EVENT: PROCESS_TERMINATED — PID 28524 (powershell.exe)
2026-09-11 01:13:27 [argus.main] INFO EVENT: PROCESS_STARTED — PID 17452 (conhost.exe) parent=28492
2026-09-11 01:13:27 [argus.main] INFO EVENT: PROCESS_STARTED — PID 28492 (powershell.exe) parent=19040
2026-09-11 01:13:29 [argus.main] INFO EVENT: PROCESS_TERMINATED — PID 17452 (conhost.exe)
2026-09-11 01:13:29 [argus.main] INFO EVENT: PROCESS_TERMINATED — PID 28492 (powershell.exe)
2026-09-11 01:13:45 [argus.main] INFO EVENT: PROCESS_STARTED — PID 13332 (powershell.exe) parent=11972
2026-09-11 01:13:45 [argus.main] INFO EVENT: PROCESS_STARTED — PID 22112 (conhost.exe) parent=13332
2026-09-11 01:13:47 [argus.main] INFO EVENT: PROCESS_TERMINATED — PID 13332 (powershell.exe)
2026-09-11 01:13:47 [argus.main] INFO EVENT: PROCESS_TERMINATED — PID 22112 (conhost.exe)
2026-09-11 01:13:57 [argus.main] INFO EVENT: PROCESS_STARTED — PID 16376 (conhost.exe) parent=28120
2026-09-11 01:13:57 [argus.main] INFO EVENT: PROCESS_STARTED — PID 28120 (powershell.exe) parent=19040
2026-09-11 01:13:59 [argus.main] INFO EVENT: PROCESS_TERMINATED — PID 16376 (conhost.exe)
2026-09-11 01:13:59 [argus.main] INFO EVENT: PROCESS_TERMINATED — PID 28120 (powershell.exe)
2026-09-11 01:14:11 [argus.main] INFO EVENT: PROCESS_STARTED — PID 25708 (conhost.exe) parent=27940
2026-09-11 01:14:11 [argus.main] INFO EVENT: PROCESS_STARTED — PID 27940 (powershell.exe) parent=11972
2026-09-11 01:14:13 [argus.main] INFO EVENT: PROCESS_TERMINATED — PID 25708 (conhost.exe)
2026-09-11 01:14:13 [argus.main] INFO EVENT: PROCESS_TERMINATED — PID 27940 (powershell.exe)
2026-09-11 01:14:17 [argus.main] INFO EVENT: PROCESS_STARTED — PID 15608 (conhost.exe) parent=21992
2026-09-11 01:14:17 [argus.main] INFO EVENT: PROCESS_STARTED — PID 21992 (powershell.exe) parent=11972
2026-09-11 01:14:19 [argus.main] INFO EVENT: PROCESS_TERMINATED — PID 15608 (conhost.exe)
2026-09-11 01:14:19 [argus.main] INFO EVENT: PROCESS_TERMINATED — PID 21992 (powershell.exe)
2026-09-11 01:14:48 [argus.main] INFO EVENT: PROCESS_STARTED — PID 4920 (conhost.exe) parent=29688
2026-09-11 01:14:48 [argus.main] INFO EVENT: PROCESS_STARTED — PID 29688 (powershell.exe) parent=11972
2026-09-11 01:14:50 [argus.main] INFO EVENT: PROCESS_TERMINATED — PID 4920 (conhost.exe)
2026-09-11 01:14:50 [argus.main] INFO EVENT: PROCESS_TERMINATED — PID 29688 (powershell.exe)
2026-09-11 01:15:00 [argus.main] INFO EVENT: PROCESS_TERMINATED — PID 1684 (chrome.exe)
2026-09-11 01:15:00 [argus.main] INFO EVENT: PROCESS_TERMINATED — PID 3308 (chrome.exe)
2026-09-11 01:15:00 [argus.main] INFO EVENT: PROCESS_TERMINATED — PID 7160 (chrome.exe)
2026-09-11 01:15:00 [argus.main] INFO EVENT: PROCESS_TERMINATED — PID 10040 (chrome.exe)
2026-09-11 01:15:00 [argus.main] INFO EVENT: PROCESS_TERMINATED — PID 11236 (chrome.exe)
2026-09-11 01:15:00 [argus.main] INFO EVENT: PROCESS_TERMINATED — PID 11656 (chrome.exe)
2026-09-11 01:15:00 [argus.main] INFO EVENT: PROCESS_TERMINATED — PID 22176 (chrome.exe)
2026-09-11 01:15:00 [argus.main] INFO EVENT: PROCESS_TERMINATED — PID 24160 (chrome.exe)
2026-09-11 01:15:00 [argus.main] INFO EVENT: PROCESS_TERMINATED — PID 24788 (chrome.exe)
2026-09-11 01:15:00 [argus.main] INFO EVENT: PROCESS_TERMINATED — PID 25380 (chrome.exe)
2026-09-11 01:15:00 [argus.main] INFO EVENT: PROCESS_TERMINATED — PID 25984 (chrome.exe)
2026-09-11 01:15:02 [argus.main] INFO EVENT: PROCESS_STARTED — PID 1940 (msedge.exe) parent=23368
2026-09-11 01:15:02 [argus.main] INFO EVENT: PROCESS_STARTED — PID 23368 (msedge.exe) parent=22720
2026-09-11 01:15:02 [argus.main] INFO EVENT: PROCESS_STARTED — PID 23508 (msedge.exe) parent=23368
2026-09-11 01:15:02 [argus.main] INFO EVENT: PROCESS_STARTED — PID 29152 (msedge.exe) parent=23368
2026-09-11 01:15:02 [argus.main] INFO EVENT: PROCESS_STARTED — PID 29372 (msedge.exe) parent=23368
2026-09-11 01:15:02 [argus.main] INFO EVENT: PROCESS_STARTED — PID 29564 (smartscreen.exe) parent=1596
2026-09-11 01:15:02 [argus.main] INFO EVENT: PROCESS_STARTED — PID 29616 (msedge.exe) parent=23368
2026-09-11 01:15:02 [argus.main] INFO EVENT: PROCESS_TERMINATED — PID 3400 (msedge.exe)
2026-09-11 01:15:02 [argus.main] INFO EVENT: PROCESS_TERMINATED — PID 10032 (msedge.exe)
2026-09-11 01:15:02 [argus.main] INFO EVENT: PROCESS_TERMINATED — PID 16200 (msedge.exe)
2026-09-11 01:15:02 [argus.main] INFO EVENT: PROCESS_TERMINATED — PID 21396 (msedge.exe)
2026-09-11 01:15:02 [argus.main] INFO EVENT: PROCESS_TERMINATED — PID 22720 (msedge.exe)
2026-09-11 01:15:02 [argus.main] INFO EVENT: PROCESS_TERMINATED — PID 2856 (msedge.exe)
2026-09-11 01:15:02 [argus.main] INFO EVENT: PROCESS_TERMINATED — PID 27468 (msedge.exe)
2026-09-11 01:15:02 [argus.main] INFO EVENT: PROCESS_TERMINATED — PID 6524 (msedge.exe)
2026-09-11 01:15:02 [argus.main] INFO EVENT: PROCESS_TERMINATED — PID 20456 (msedge.exe)
2026-09-11 01:15:02 [argus.main] INFO EVENT: PROCESS_TERMINATED — PID 24416 (msedge.exe)
2026-09-11 01:15:02 [argus.main] INFO EVENT: PROCESS_TERMINATED — PID 21328 (msedge.exe)
2026-09-11 01:15:02 [argus.main] INFO EVENT: PROCESS_TERMINATED — PID 4712 (msedge.exe)
2026-09-11 01:15:02 [argus.main] INFO EVENT: PROCESS_TERMINATED — PID 16288 (msedge.exe)
2026-09-11 01:15:04 [argus.main] INFO EVENT: PROCESS_STARTED — PID 1464 (svchost.exe) parent=1360
2026-09-11 01:15:05 [argus.main] INFO EVENT: PROCESS_STARTED — PID 11956 (identity_helper.exe) parent=23368
2026-09-11 01:15:05 [argus.main] INFO EVENT: PROCESS_STARTED — PID 26756 (elevation_service.exe) parent=1360
2026-09-11 01:15:05 [argus.main] INFO EVENT: PROCESS_STARTED — PID 28436 (svchost.exe) parent=1360
2026-09-11 01:15:05 [argus.main] INFO EVENT: PROCESS_TERMINATED — PID 25796 (powershell.exe)
2026-09-11 01:15:05 [argus.main] INFO EVENT: PROCESS_TERMINATED — PID 27872 (conhost.exe)
2026-09-11 01:15:07 [argus.main] INFO EVENT: PROCESS_TERMINATED — PID 7608 (node.exe)
2026-09-11 01:15:07 [argus.main] INFO EVENT: PROCESS_TERMINATED — PID 12484 (node.exe)
2026-09-11 01:15:07 [argus.main] INFO EVENT: PROCESS_TERMINATED — PID 14256 (esbuild.exe)
2026-09-11 01:15:07 [argus.main] INFO EVENT: PROCESS_TERMINATED — PID 17176 (OpenConsole.exe)
2026-09-11 01:15:07 [argus.main] INFO EVENT: PROCESS_TERMINATED — PID 22960 (powershell.exe)
2026-09-11 01:15:07 [argus.main] INFO EVENT: PROCESS_TERMINATED — PID 24864 (conhost.exe)
2026-09-11 01:15:07 [argus.main] INFO EVENT: PROCESS_TERMINATED — PID 27608 (cmd.exe)
2026-09-11 01:15:09 [argus.main] INFO EVENT: PROCESS_TERMINATED — PID 9980 (Notepad.exe)
2026-09-11 01:15:11 [argus.main] INFO EVENT: PROCESS_STARTED — PID 16724 (ROUTE.EXE) parent=19040
2026-09-11 01:15:11 [argus.main] INFO EVENT: PROCESS_STARTED — PID 23072 (git.exe) parent=16596
2026-09-11 01:15:11 [argus.main] INFO EVENT: PROCESS_TERMINATED — PID 5980 (Code.exe)
2026-09-11 01:15:11 [argus.main] INFO EVENT: PROCESS_TERMINATED — PID 7460 (Code.exe)
2026-09-11 01:15:11 [argus.main] INFO EVENT: PROCESS_TERMINATED — PID 14984 (Code.exe)
2026-09-11 01:15:11 [argus.main] INFO EVENT: PROCESS_TERMINATED — PID 23336 (Code.exe)
2026-09-11 01:15:11 [argus.main] INFO EVENT: PROCESS_TERMINATED — PID 4900 (kilo.exe)
2026-09-11 01:15:11 [argus.main] INFO EVENT: PROCESS_TERMINATED — PID 17196 (kilo.exe)
2026-09-11 01:15:13 [argus.main] INFO EVENT: PROCESS_STARTED — PID 26560 (inno_updater.exe) parent=27192
2026-09-11 01:15:13 [argus.main] INFO EVENT: PROCESS_TERMINATED — PID 3532 (python.exe)
2026-09-11 01:15:13 [argus.main] INFO EVENT: PROCESS_TERMINATED — PID 13040 (OpenConsole.exe)
2026-09-11 01:15:13 [argus.main] INFO EVENT: PROCESS_TERMINATED — PID 17828 (python.exe)
2026-09-11 01:15:13 [argus.main] INFO EVENT: PROCESS_TERMINATED — PID 20148 (WindowsTerminal.exe)
2026-09-11 01:15:13 [argus.main] INFO EVENT: PROCESS_TERMINATED — PID 22684 (conhost.exe)
2026-09-11 01:15:13 [argus.main] INFO EVENT: PROCESS_TERMINATED — PID 8652 (Code.exe)
2026-09-11 01:15:13 [argus.main] INFO EVENT: PROCESS_TERMINATED — PID 12124 (Code.exe)
2026-09-11 01:15:13 [argus.main] INFO EVENT: PROCESS_TERMINATED — PID 26272 (Code.exe)
2026-09-11 01:15:13 [argus.main] INFO EVENT: PROCESS_TERMINATED — PID 7976 (Code.exe)
2026-09-11 01:15:13 [argus.main] INFO EVENT: PROCESS_TERMINATED — PID 27460 (Code.exe)
2026-09-11 01:15:13 [argus.main] INFO EVENT: PROCESS_TERMINATED — PID 16596 (Code.exe)
2026-09-11 01:15:13 [argus.main] INFO EVENT: PROCESS_TERMINATED — PID 18704 (Code.exe)
2026-09-11 01:15:13 [argus.main] INFO EVENT: PROCESS_TERMINATED — PID 24480 (Code.exe)
2026-09-11 01:15:13 [argus.main] INFO EVENT: PROCESS_TERMINATED — PID 11368 (OpenConsole.exe)
2026-09-11 01:15:13 [argus.main] INFO EVENT: PROCESS_TERMINATED — PID 13684 (powershell.exe)
2026-09-11 01:15:13 [argus.main] INFO EVENT: PROCESS_TERMINATED — PID 24116 (pet.exe)
2026-09-11 01:15:13 [argus.main] INFO EVENT: PROCESS_TERMINATED — PID 25780 (conhost.exe)
2026-09-11 01:15:13 [argus.main] INFO EVENT: PROCESS_TERMINATED — PID 26948 (OpenConsole.exe)
2026-09-11 01:15:13 [argus.main] INFO EVENT: PROCESS_TERMINATED — PID 27548 (powershell.exe)
2026-09-11 01:15:13 [argus.main] INFO EVENT: PROCESS_TERMINATED — PID 9140 (Code.exe)
2026-09-11 01:15:13 [argus.main] INFO EVENT: PROCESS_TERMINATED — PID 25296 (Code.exe)
2026-09-11 01:15:13 [argus.main] INFO EVENT: PROCESS_TERMINATED — PID 27292 (python.exe)
2026-09-11 01:15:13 [argus.main] INFO EVENT: PROCESS_TERMINATED — PID 4844 (conhost.exe)
2026-09-11 01:15:13 [argus.main] INFO EVENT: PROCESS_TERMINATED — PID 26132 (python.exe)
2026-09-11 01:15:13 [argus.main] INFO EVENT: PROCESS_TERMINATED — PID 23628 (Code.exe)
2026-09-11 01:15:13 [argus.main] INFO EVENT: PROCESS_TERMINATED — PID 16724 (ROUTE.EXE)
2026-09-11 01:15:13 [argus.main] INFO EVENT: PROCESS_TERMINATED — PID 23072 (git.exe)
2026-09-11 01:15:15 [argus.main] INFO EVENT: PROCESS_STARTED — PID 10560 (powershell.exe) parent=11972
2026-09-11 01:15:15 [argus.main] INFO EVENT: PROCESS_STARTED — PID 20772 (conhost.exe) parent=10560
2026-09-11 01:15:15 [argus.main] INFO EVENT: PROCESS_STARTED — PID 22912 (msedgewebview2.exe) parent=1280
2026-09-11 01:15:15 [argus.main] INFO EVENT: PROCESS_TERMINATED — PID 11096 (Code.exe)
2026-09-11 01:15:15 [argus.main] INFO EVENT: PROCESS_TERMINATED — PID 25952 (Code.exe)
2026-09-11 01:15:15 [argus.main] INFO EVENT: PROCESS_TERMINATED — PID 8300 (Code.exe)
2026-09-11 01:15:15 [argus.main] INFO EVENT: PROCESS_TERMINATED — PID 22148 (CodeSetup-stable-645f29cc3176500b4b5762ba887cf2a7f0ffdf2c.exe)
2026-09-11 01:15:15 [argus.main] INFO EVENT: PROCESS_TERMINATED — PID 27192 (CodeSetup-stable-645f29cc3176500b4b5762ba887cf2a7f0ffdf2c.tmp)
2026-09-11 01:15:15 [argus.main] INFO EVENT: PROCESS_TERMINATED — PID 11956 (identity_helper.exe)
2026-09-11 01:15:15 [argus.main] INFO EVENT: PROCESS_TERMINATED — PID 26560 (inno_updater.exe)
2026-09-11 01:15:17 [argus.main] INFO EVENT: PROCESS_TERMINATED — PID 10560 (powershell.exe)
2026-09-11 01:15:17 [argus.main] INFO EVENT: PROCESS_TERMINATED — PID 20772 (conhost.exe)
2026-09-11 01:15:19 [argus.main] INFO EVENT: PROCESS_STARTED — PID 28720 (<unknown-pid-28720>) parent=none
2026-09-11 01:15:22 [argus.main] INFO EVENT: PROCESS_TERMINATED — PID 10152 (VirtualBoxVM.exe)
2026-09-11 01:15:22 [argus.main] INFO EVENT: PROCESS_TERMINATED — PID 13652 (VirtualBoxVM.exe)
2026-09-11 01:15:22 [argus.main] INFO EVENT: PROCESS_TERMINATED — PID 16140 (VirtualBoxVM.exe)
2026-09-11 01:15:22 [argus.main] INFO EVENT: PROCESS_TERMINATED — PID 28720 (<unknown-pid-28720>)
2026-09-11 01:15:24 [argus.main] INFO EVENT: PROCESS_STARTED — PID 16752 (msedge.exe) parent=23368
2026-09-11 01:15:24 [argus.main] INFO EVENT: PROCESS_STARTED — PID 18144 (msedge.exe) parent=23368
2026-09-11 01:15:24 [argus.main] INFO EVENT: PROCESS_STARTED — PID 26208 (msedge.exe) parent=23368
2026-09-11 01:15:24 [argus.main] INFO EVENT: PROCESS_TERMINATED — PID 18224 (VirtualBox.exe)
2026-09-11 01:15:28 [argus.main] INFO EVENT: PROCESS_STARTED — PID 4104 (ROUTE.EXE) parent=19040
2026-09-11 01:15:28 [argus.main] INFO EVENT: PROCESS_STARTED — PID 10244 (winlogon.exe) parent=7036
